==============================================================================================================
BidiagonalSVD evaluation -- suite=synth  solver=selfcontained  norms=paper  synth-mode=paper
==============================================================================================================
Solver:     self-contained-fortran-bidiagsvd / mr3gk_run (lab)
Source:     python_fortran/self-contained-fortran-bidiagsvd/
Metric:     Willems-Lang 2012 paper-norm (res=per-triplet 2-norm)
Generator:  generate_synth  (self-contained-fortran-bidiagsvd/test_synth_pract.py:268)
Thresholds: res<=7 n.eps,  ortU/ortV<=5 n.eps
Timeout:    600.0s/matrix
==============================================================================================================

Matrix                                                      n        res       ortU       ortV    dt(s)  status  note
----------------------------------------------------------------------------------------------------------------------------------

=== Adversarial Matrices (n=10) ===
  exponential_graded                  n=  10  res=   0.754  ortU=   0.226  ortV=   0.100  t=0.0072s  PASS
  glued_repeated                      n=  10  res=   0.800  ortU=   0.484  ortV=   0.479  t=0.0066s  PASS
  saw_tooth                           n=  10  res=   0.784  ortU=   0.206  ortV=   0.195  t=0.0062s  PASS
  stemr_killer                        n=  10  res=   0.754  ortU=   0.100  ortV=   0.450  t=0.0059s  PASS
  huge_condition                      n=  10  res=   0.778  ortU=   0.400  ortV=   0.200  t=0.0059s  PASS
  spike                               n=  10  res=   0.768  ortU=   0.296  ortV=   0.300  t=0.0059s  PASS
  wilkinson_like                      n=  10  res=   0.600  ortU=   0.337  ortV=   0.364  t=0.0059s  PASS
  two_clusters                        n=  10  res=   0.750  ortU=   0.154  ortV=   0.101  t=0.0055s  PASS
  random_uniform                      n=  10  res=   0.743  ortU=   0.200  ortV=   0.250  t=0.0059s  PASS
  diagonal_only                       n=  10  res=   0.000  ortU=   0.000  ortV=   0.000  t=0.0050s  PASS
  constant                            n=  10  res=   0.000  ortU=   0.000  ortV=   0.000  t=0.0050s  PASS
  all_equal_nontrivial                n=  10  res=   0.950  ortU=   0.571  ortV=   0.552  t=0.0060s  PASS
  one_big_cluster                     n=  10  res=   1.100  ortU=   0.728  ortV=   0.801  t=0.0051s  PASS
  arithmetic_progression              n=  10  res=   0.537  ortU=   0.270  ortV=   0.300  t=0.0057s  PASS
  many_near_zero                      n=  10  res=   0.607  ortU=   0.150  ortV=   0.150  t=0.0053s  PASS
  random_dense_clusters               n=  10  res=   0.905  ortU=   0.201  ortV=   0.300  t=0.0056s  PASS
  constant_d_graded_e                 n=  10  res=   0.750  ortU=   0.150  ortV=   0.100  t=0.0057s  PASS
  random_clustered_5                  n=  10  res=   0.707  ortU=   0.200  ortV=   0.150  t=0.0058s  PASS
  alternating_sign                    n=  10  res=   1.150  ortU=   1.135  ortV=   1.139  t=0.0057s  PASS
  step_function                       n=  10  res=   1.353  ortU=   0.986  ortV=   0.970  t=0.0058s  PASS
  three_clusters                      n=  10  res=   0.795  ortU=   5.083  ortV=   5.078  t=0.0057s  FAIL
  random_sparse_e                     n=  10  res=   0.799  ortU=   0.150  ortV=   0.200  t=0.0059s  PASS
  chkbd                               n=  10  res=   0.754  ortU=   0.100  ortV=   0.450  t=0.0049s  PASS
  marques_graded                      n=  10  res=   0.754  ortU=   0.100  ortV=   0.200  t=0.0055s  PASS
  gl_abcon0                           n=  10  res=   0.800  ortU=   0.484  ortV=   0.479  t=0.0055s  PASS
  gl_abcon1                           n=  10  res=   0.850  ortU=   1.186  ortV=   1.095  t=0.0055s  PASS
  gl_abcon2                           n=  10  res=   0.640  ortU=   0.188  ortV=   0.154  t=0.0054s  PASS
  gl_abcon3                           n=  10  res=   0.850  ortU=   1.207  ortV=   1.204  t=0.0054s  PASS
  gl_random                           n=  10  res=   0.603  ortU=   0.103  ortV=   0.250  t=0.0054s  PASS
  gl_gradp                            n=  10  res=   0.725  ortU=   0.200  ortV=   0.200  t=0.0054s  PASS
  gl_gradm                            n=  10  res=   0.753  ortU=   0.200  ortV=   0.150  t=0.0052s  PASS
  gl_wilkp                            n=  10  res=   0.550  ortU=   0.250  ortV=   0.200  t=0.0051s  PASS
  gl_wilkm                            n=  10  res=   0.578  ortU=   0.667  ortV=   0.698  t=0.0050s  PASS
  gl_wilkw                            n=  10  res=   0.960  ortU=   0.664  ortV=   0.696  t=0.0053s  PASS
  gl_wilk2w                           n=  10  res=   0.674  ortU=   0.143  ortV=   0.150  t=0.0053s  PASS
  gl_clement                          n=  10  res=   0.040  ortU=   0.000  ortV=   0.000  t=0.0047s  PASS
  gl_gro0                             n=  10  res=   0.700  ortU=   0.300  ortV=   0.194  t=0.0053s  PASS
  gl_gro1                             n=  10  res=   0.750  ortU=   0.205  ortV=   0.383  t=0.0052s  PASS
  gl_gro2                             n=  10  res=   0.600  ortU=   0.150  ortV=   0.102  t=0.0051s  PASS
  gl_gro3                             n=  10  res=   0.754  ortU=   0.150  ortV=   0.200  t=0.0051s  PASS
  gl_bwilkp                           n=  10  res=   0.480  ortU=   0.462  ortV=   0.510  t=0.0050s  PASS
  gl_ones                             n=  10  res=   0.000  ortU=   0.000  ortV=   0.000  t=0.0047s  PASS
  gl_uniform_eps                      n=  10  res=   0.000  ortU=   0.000  ortV=   0.000  t=0.0046s  PASS
  gl_uniform_sqrteps                  n=  10  res=   0.000  ortU=   0.000  ortV=   0.000  t=0.0047s  PASS
  gl_uniform_eps_to_1                 n=  10  res=   0.000  ortU=   0.000  ortV=   0.000  t=0.0046s  PASS
  gl_geometric_eps_to_1               n=  10  res=   0.000  ortU=   0.000  ortV=   0.000  t=0.0047s  PASS
  gl_random_spectrum                  n=  10  res=   0.746  ortU=   0.250  ortV=   0.300  t=0.0052s  PASS
  gl_clustered_at_1                   n=  10  res=   0.000  ortU=   0.000  ortV=   0.000  t=0.0047s  PASS
  gl_clustered_at_pm1                 n=  10  res=   0.000  ortU=   0.000  ortV=   0.000  t=0.0046s  PASS
  gl_clustered_at_eps                 n=  10  res=   0.000  ortU=   0.000  ortV=   0.000  t=0.0047s  PASS
  gl_clustered_at_pmeps               n=  10  res=   0.000  ortU=   0.000  ortV=   0.000  t=0.0050s  PASS
  demmel_S1pe                         n=  10  res=   0.010  ortU=   0.000  ortV=   0.000  t=0.0047s  PASS
  demmel_S1ps                         n=  10  res=   0.754  ortU=   1.473  ortV=   1.489  t=0.0051s  PASS
  demmel_S2pe                         n=  10  res=   0.963  ortU=   1.010  ortV=   0.942  t=0.0049s  PASS
  demmel_S2ps                         n=  10  res=   0.754  ortU=   0.829  ortV=   0.777  t=0.0052s  PASS
  demmel_W1                           n=  10  res=   0.702  ortU=   0.000  ortV=   0.000  t=0.0048s  PASS
  demmel_W2                           n=  10  res=   0.754  ortU=   0.190  ortV=   0.150  t=0.0054s  PASS
  demmel_W3                           n=  10  res=   0.684  ortU=   0.218  ortV=   0.248  t=0.0053s  PASS
  demmel_G1                           n=  10  res=   0.754  ortU=   0.200  ortV=   0.250  t=0.0050s  PASS
  demmel_G1s                          n=  10  res=   0.754  ortU=   0.200  ortV=   0.100  t=0.0051s  PASS
  demmel_U1                           n=  10  res=   0.597  ortU=   0.200  ortV=   0.350  t=0.0053s  PASS
  demmel_U1s                          n=  10  res=   0.806  ortU=   0.150  ortV=   0.200  t=0.0052s  PASS
  wilkinson_exact                     n=  10  res=   0.400  ortU=   0.150  ortV=   0.250  t=0.0051s  PASS
  glued_wilkinson                     n=  10  res=   0.533  ortU=   0.104  ortV=   0.150  t=0.0052s  PASS
  glued_wilkinson_tight               n=  10  res=   0.600  ortU=   0.104  ortV=   0.147  t=0.0050s  PASS
  wl_example48                        n=  10  res=   0.742  ortU=   0.273  ortV=   0.224  t=0.0052s  PASS
  pd_T0                               n=  10  res=   1.800  ortU=   1.266  ortV=   1.293  t=0.0053s  PASS
  pd_T1                               n=  10  res=   0.450  ortU=   0.150  ortV=   0.150  t=0.0052s  PASS
  zero_diagonal                       n=  10  res=   0.000  ortU=   0.000  ortV=   0.000  t=0.0050s  PASS
  single_element                      n=   1  res=   0.000  ortU=   0.000  ortV=   0.000  t=0.0046s  PASS
  near_overflow                       n=  10  res=   0.573  ortU=   0.225  ortV=   0.233  t=0.0052s  PASS
  near_underflow                      n=  10  res=   0.726  ortU=   0.292  ortV=   0.324  t=0.0053s  PASS
  mixed_signs                         n=  10  res=   0.912  ortU=   0.274  ortV=   0.295  t=0.0052s  PASS
  checkerboard                        n=  10  res=   0.100  ortU=   0.200  ortV=   0.300  t=0.0048s  PASS
  exponential_graded_k4               n=  10  res=   0.754  ortU=   0.104  ortV=   0.150  t=0.0052s  PASS
  exponential_graded_k8               n=  10  res=   0.754  ortU=   0.200  ortV=   0.150  t=0.0053s  PASS
  exponential_graded_k12              n=  10  res=   0.754  ortU=   0.200  ortV=   0.101  t=0.0051s  PASS
  stemr_killer_k5                     n=  10  res=   0.754  ortU=   0.200  ortV=   0.100  t=0.0051s  PASS
  stemr_killer_k10                    n=  10  res=   0.754  ortU=   0.150  ortV=   0.150  t=0.0052s  PASS
  huge_condition_k5                   n=  10  res=   0.754  ortU=   0.200  ortV=   0.200  t=0.0052s  PASS
  huge_condition_k10                  n=  10  res=   0.754  ortU=   0.150  ortV=   0.250  t=0.0052s  PASS
  demmel_G1_k4                        n=  10  res=   0.754  ortU=   0.200  ortV=   0.526  t=0.0052s  PASS
  demmel_G1_k8                        n=  10  res=   0.754  ortU=   0.100  ortV=   0.100  t=0.0051s  PASS
  demmel_G1_k12                       n=  10  res=   0.754  ortU=   0.200  ortV=   0.100  t=0.0053s  PASS
  demmel_S1pe_k4                      n=  10  res=   0.754  ortU=   1.744  ortV=   1.765  t=0.0051s  PASS
  demmel_S1pe_k8                      n=  10  res=   0.754  ortU=   2.454  ortV=   2.478  t=0.0052s  PASS
  chkbd_4                             n=   4  res=   1.567  ortU=   0.250  ortV=   0.250  t=0.0047s  PASS
  chkbd_16                            n=  16  res=   0.471  ortU=   0.062  ortV=   0.281  t=0.0051s  PASS
  marques_graded_k4                   n=  10  res=   0.754  ortU=   0.200  ortV=   0.200  t=0.0052s  PASS
  marques_graded_k8                   n=  10  res=   0.754  ortU=   0.200  ortV=   0.250  t=0.0052s  PASS

=== Adversarial Matrices (n=100) ===
  exponential_graded                  n= 100  res=   1.182  ortU=   0.181  ortV=   0.305  t=0.0258s  PASS
  glued_repeated                      n= 100  res=   0.150  ortU=   0.117  ortV=   0.116  t=0.0127s  PASS
  saw_tooth                           n= 100  res=   0.120  ortU=   0.654  ortV=   0.662  t=0.0393s  PASS
  stemr_killer                        n= 100  res=   1.424  ortU=   0.028  ortV=   0.055  t=0.0269s  PASS
  huge_condition                      n= 100  res=   1.580  ortU=   0.355  ortV=   0.279  t=0.0243s  PASS
  spike                               n= 100  res=   0.080  ortU=   0.432  ortV=   0.431  t=0.0316s  PASS
  wilkinson_like                      n= 100  res=   0.107  ortU=   0.364  ortV=   0.357  t=0.0316s  PASS
  two_clusters                        n= 100  res=   0.160  ortU=   0.617  ortV=   0.616  t=0.0155s  PASS
  random_uniform                      n= 100  res=   0.079  ortU=   0.096  ortV=   0.092  t=0.0585s  PASS
  diagonal_only                       n= 100  res=   0.000  ortU=   0.000  ortV=   0.000  t=0.0075s  PASS
  constant                            n= 100  res=   0.000  ortU=   0.000  ortV=   0.000  t=0.0115s  PASS
  all_equal_nontrivial                n= 100  res=   0.334  ortU=   0.942  ortV=   0.929  t=0.0332s  PASS
  one_big_cluster                     n= 100  res=   0.398  ortU=   0.420  ortV=   0.423  t=0.0159s  PASS
  arithmetic_progression              n= 100  res=   0.098  ortU=   0.257  ortV=   0.256  t=0.0569s  PASS
  many_near_zero                      n= 100  res=   0.061  ortU=   0.015  ortV=   0.015  t=0.0099s  PASS
  random_dense_clusters               n= 100  res=   0.854  ortU=   3.302  ortV=   3.312  t=0.0362s  PASS
  constant_d_graded_e                 n= 100  res=   1.735  ortU=   1.581  ortV=   1.583  t=0.0215s  PASS
  random_clustered_5                  n= 100  res=   0.113  ortU=   0.256  ortV=   0.259  t=0.0176s  PASS
  alternating_sign                    n= 100  res=   0.418  ortU=   2.410  ortV=   2.398  t=0.0580s  PASS
  step_function                       n= 100  res=   0.744  ortU=   2.536  ortV=   2.540  t=0.0587s  PASS
  three_clusters                      n= 100  res=   0.105  ortU=   0.301  ortV=   0.294  t=0.0251s  PASS
  random_sparse_e                     n= 100  res=   0.066  ortU=   0.013  ortV=   0.020  t=0.0082s  PASS
  chkbd                               n= 100  res=   0.077  ortU=   0.025  ortV=   0.020  t=0.0061s  PASS
  marques_graded                      n= 100  res=   0.108  ortU=   0.182  ortV=   0.214  t=0.0223s  PASS
  gl_abcon0                           n= 100  res=   0.583  ortU=   3.691  ortV=   3.696  t=0.0271s  PASS
  gl_abcon1                           n= 100  res=   0.410  ortU=   1.729  ortV=   1.745  t=0.0265s  PASS
  gl_abcon2                           n= 100  res=   0.279  ortU=   0.439  ortV=   0.445  t=0.0243s  PASS
  gl_abcon3                           n= 100  res=   0.504  ortU=   1.309  ortV=   1.313  t=0.0261s  PASS
  gl_random                           n= 100  res=   0.115  ortU=   0.115  ortV=   0.091  t=0.0283s  PASS
  gl_gradp                            n= 100  res=   0.640  ortU=   0.084  ortV=   0.020  t=0.0209s  PASS
  gl_gradm                            n= 100  res=   1.280  ortU=   0.030  ortV=   0.091  t=0.0166s  PASS
  gl_wilkp                            n= 100  res=   0.150  ortU=   0.179  ortV=   0.177  t=0.0279s  PASS
  gl_wilkm                            n= 100  res=   0.229  ortU=   1.056  ortV=   1.047  t=0.0252s  PASS
  gl_wilkw                            n= 100  res=   0.525  ortU=   2.716  ortV=   2.705  t=0.0316s  PASS
  gl_wilk2w                           n= 100  res=   0.264  ortU=   0.546  ortV=   0.545  t=0.0293s  PASS
  gl_clement                          n= 100  res=   0.003  ortU=   0.000  ortV=   0.000  t=0.0077s  PASS
  gl_gro0                             n= 100  res=   0.578  ortU=   1.171  ortV=   1.165  t=0.0576s  PASS
  gl_gro1                             n= 100  res=   0.120  ortU=   0.185  ortV=   0.181  t=0.0426s  PASS
  gl_gro2                             n= 100  res=   0.060  ortU=   0.015  ortV=   0.010  t=0.0071s  PASS
  gl_gro3                             n= 100  res=   1.412  ortU=   0.297  ortV=   0.201  t=0.0167s  PASS
  gl_bwilkp                           n= 100  res=   0.571  ortU=   1.436  ortV=   1.440  t=0.0175s  PASS
  gl_ones                             n= 100  res=   0.000  ortU=   0.000  ortV=   0.000  t=0.0065s  PASS
  gl_uniform_eps                      n= 100  res=   0.000  ortU=   0.000  ortV=   0.000  t=0.0063s  PASS
  gl_uniform_sqrteps                  n= 100  res=   0.000  ortU=   0.000  ortV=   0.000  t=0.0067s  PASS
  gl_uniform_eps_to_1                 n= 100  res=   0.005  ortU=   0.000  ortV=   0.000  t=0.0072s  PASS
  gl_geometric_eps_to_1               n= 100  res=   0.000  ortU=   0.000  ortV=   0.000  t=0.0069s  PASS
  gl_random_spectrum                  n= 100  res=   0.081  ortU=   0.098  ortV=   0.096  t=0.0312s  PASS
  gl_clustered_at_1                   n= 100  res=   0.000  ortU=   0.000  ortV=   0.000  t=0.0074s  PASS
  gl_clustered_at_pm1                 n= 100  res=   0.000  ortU=   0.000  ortV=   0.000  t=0.0067s  PASS
  gl_clustered_at_eps                 n= 100  res=   0.003  ortU=   0.000  ortV=   0.000  t=0.0065s  PASS
  gl_clustered_at_pmeps               n= 100  res=   0.003  ortU=   0.000  ortV=   0.000  t=0.0065s  PASS
  demmel_S1pe                         n= 100  res=   0.001  ortU=   0.000  ortV=   0.000  t=0.0100s  PASS
  demmel_S1ps                         n= 100  res=   0.080  ortU=   5.608  ortV=   5.620  t=0.0198s  FAIL
  demmel_S2pe                         n= 100  res=   0.754  ortU=   3.961  ortV=   3.969  t=0.0180s  PASS
  demmel_S2ps                         n= 100  res=   0.500  ortU=   1.461  ortV=   1.477  t=0.0421s  PASS
  demmel_W1                           n= 100  res=   0.098  ortU=   0.010  ortV=   0.000  t=0.0094s  PASS
  demmel_W2                           n= 100  res=   0.080  ortU=   0.648  ortV=   0.643  t=0.0303s  PASS
  demmel_W3                           n= 100  res=   0.107  ortU=   0.402  ortV=   0.401  t=0.0348s  PASS
  demmel_G1                           n= 100  res=   0.842  ortU=   0.070  ortV=   0.030  t=0.0205s  PASS
  demmel_G1s                          n= 100  res=   0.110  ortU=   0.185  ortV=   0.159  t=0.0229s  PASS
  demmel_U1                           n= 100  res=   0.183  ortU=   0.564  ortV=   0.572  t=0.0254s  PASS
  demmel_U1s                          n= 100  res=   0.145  ortU=   0.398  ortV=   0.419  t=0.0255s  PASS
  wilkinson_exact                     n= 100  res=   0.173  ortU=   0.185  ortV=   0.193  t=0.0317s  PASS
  glued_wilkinson                     n= 100  res=   0.176  ortU=   0.154  ortV=   0.156  t=0.0417s  PASS
  glued_wilkinson_tight               n= 100  res=   0.137  ortU=   0.175  ortV=   0.173  t=0.0217s  PASS
  wl_example48                        n= 100  res=   0.216  ortU=   0.320  ortV=   0.315  t=0.0340s  PASS
  pd_T0                               n= 100  res=   0.529  ortU=   1.156  ortV=   1.155  t=0.0267s  PASS
  pd_T1                               n= 100  res=   0.271  ortU=   0.300  ortV=   0.305  t=0.0255s  PASS
  zero_diagonal                       n= 100  res=   0.000  ortU=   0.000  ortV=   0.000  t=0.0074s  PASS
  single_element                      n=   1  res=   0.000  ortU=   0.000  ortV=   0.000  t=0.0048s  PASS
  near_overflow                       n= 100  res=   0.080  ortU=   0.053  ortV=   0.048  t=0.0230s  PASS
  near_underflow                      n= 100  res=   0.079  ortU=   0.060  ortV=   0.064  t=0.0239s  PASS
  mixed_signs                         n= 100  res=   0.313  ortU=   0.588  ortV=   0.580  t=0.0287s  PASS
  checkerboard                        n= 100  res=   0.279  ortU=   0.050  ortV=   0.095  t=0.0123s  PASS
  exponential_graded_k4               n= 100  res=   0.080  ortU=   0.059  ortV=   0.064  t=0.0236s  PASS
  exponential_graded_k8               n= 100  res=   0.080  ortU=   0.034  ortV=   0.036  t=0.0225s  PASS
  exponential_graded_k12              n= 100  res=   0.080  ortU=   0.080  ortV=   0.051  t=0.0202s  PASS
  stemr_killer_k5                     n= 100  res=   0.099  ortU=   0.045  ortV=   0.046  t=0.0478s  PASS
  stemr_killer_k10                    n= 100  res=   0.128  ortU=   1.193  ortV=   0.734  t=0.0340s  PASS
  huge_condition_k5                   n= 100  res=   0.080  ortU=   0.192  ortV=   0.212  t=0.0325s  PASS
  huge_condition_k10                  n= 100  res=   0.080  ortU=   0.108  ortV=   0.085  t=0.0492s  PASS
  demmel_G1_k4                        n= 100  res=   0.080  ortU=   0.069  ortV=   0.067  t=0.0549s  PASS
  demmel_G1_k8                        n= 100  res=   0.080  ortU=   0.257  ortV=   0.226  t=0.0379s  PASS
  demmel_G1_k12                       n= 100  res=   0.112  ortU=   0.213  ortV=   0.160  t=0.0253s  PASS
  demmel_S1pe_k4                      n= 100  res=   0.080  ortU=   2.966  ortV=   2.952  t=0.0249s  PASS
  demmel_S1pe_k8                      n= 100  res=   0.080  ortU=   3.372  ortV=   3.383  t=0.0192s  PASS
  chkbd_4                             n=   4  res=   1.567  ortU=   0.250  ortV=   0.250  t=0.0050s  PASS
  chkbd_16                            n=  16  res=   0.471  ortU=   0.062  ortV=   0.281  t=0.0043s  PASS
  marques_graded_k4                   n= 100  res=   0.082  ortU=   0.333  ortV=   0.307  t=0.0231s  PASS
  marques_graded_k8                   n= 100  res=   0.080  ortU=   0.053  ortV=   0.043  t=0.0222s  PASS

=== Adversarial Matrices (n=200) ===
  exponential_graded                  n= 200  res=   1.484  ortU=   0.301  ortV=   0.362  t=0.0464s  PASS
  glued_repeated                      n= 200  res=   0.065  ortU=   0.067  ortV=   0.069  t=0.0201s  PASS
  saw_tooth                           n= 200  res=   0.082  ortU=   0.962  ortV=   0.962  t=0.0575s  PASS
  stemr_killer                        n= 200  res=   1.594  ortU=   0.210  ortV=   0.259  t=0.0363s  PASS
  huge_condition                      n= 200  res=   1.694  ortU=   0.370  ortV=   0.307  t=0.0533s  PASS
  spike                               n= 200  res=   0.040  ortU=   0.369  ortV=   0.370  t=0.0779s  PASS
  wilkinson_like                      n= 200  res=   0.136  ortU=   0.150  ortV=   0.152  t=0.0837s  PASS
  two_clusters                        n= 200  res=   0.063  ortU=   0.512  ortV=   0.509  t=0.0412s  PASS
  random_uniform                      n= 200  res=   0.114  ortU=   0.206  ortV=   0.210  t=0.0971s  PASS
  diagonal_only                       n= 200  res=   0.000  ortU=   0.000  ortV=   0.000  t=0.0138s  PASS
  constant                            n= 200  res=   0.000  ortU=   0.000  ortV=   0.000  t=0.0137s  PASS
  all_equal_nontrivial                n= 200  res=   0.258  ortU=   2.426  ortV=   2.431  t=0.0899s  PASS
  one_big_cluster                     n= 200  res=   0.856  ortU=   0.593  ortV=   0.589  t=0.0235s  PASS
  arithmetic_progression              n= 200  res=   0.058  ortU=   0.456  ortV=   0.482  t=0.0893s  PASS
  many_near_zero                      n= 200  res=   0.030  ortU=   0.007  ortV=   0.007  t=0.0143s  PASS
  random_dense_clusters               n= 200  res=   0.560  ortU=   1.251  ortV=   1.255  t=0.1487s  PASS
  constant_d_graded_e                 n= 200  res=   1.766  ortU=   0.656  ortV=   0.655  t=0.0807s  PASS
  random_clustered_5                  n= 200  res=   0.952  ortU=   0.487  ortV=   0.489  t=0.0418s  PASS
  alternating_sign                    n= 200  res=   0.231  ortU=   1.807  ortV=   1.816  t=0.1387s  PASS
  step_function                       n= 200  res=   0.449  ortU=   2.998  ortV=   2.994  t=0.0886s  PASS
  three_clusters                      n= 200  res=   0.080  ortU=   0.491  ortV=   0.491  t=0.0515s  PASS
  random_sparse_e                     n= 200  res=   0.040  ortU=   0.007  ortV=   0.010  t=0.0137s  PASS
  chkbd                               n= 200  res=   0.038  ortU=   0.013  ortV=   0.010  t=0.0129s  PASS
  marques_graded                      n= 200  res=   0.041  ortU=   0.441  ortV=   0.400  t=0.0725s  PASS
  gl_abcon0                           n= 200  res=   0.215  ortU=   1.457  ortV=   1.463  t=0.1198s  PASS
  gl_abcon1                           n= 200  res=   0.249  ortU=   3.041  ortV=   3.037  t=0.1247s  PASS
  gl_abcon2                           n= 200  res=   0.612  ortU=   1.044  ortV=   1.047  t=0.0843s  PASS
  gl_abcon3                           n= 200  res=   0.313  ortU=   0.905  ortV=   0.902  t=0.0859s  PASS
  gl_random                           n= 200  res=   0.100  ortU=   0.147  ortV=   0.144  t=0.0992s  PASS
  gl_gradp                            n= 200  res=   0.640  ortU=   0.064  ortV=   0.118  t=0.0163s  PASS
  gl_gradm                            n= 200  res=   1.280  ortU=   0.015  ortV=   0.046  t=0.0161s  PASS
  gl_wilkp                            n= 200  res=   0.281  ortU=   0.367  ortV=   0.367  t=0.0508s  PASS
  gl_wilkm                            n= 200  res=   0.143  ortU=   1.038  ortV=   1.043  t=0.0551s  PASS
  gl_wilkw                            n= 200  res=   0.166  ortU=22517998136852.480  ortV=   1.690  t=0.0927s  FAIL
  gl_wilk2w                           n= 200  res=   0.876  ortU=22517998136852.480  ortV=   1.153  t=0.0909s  FAIL
  gl_clement                          n= 200  res=   0.002  ortU=   0.000  ortV=   0.000  t=0.0152s  PASS
  gl_gro0                             n= 200  res=   0.682  ortU=   0.773  ortV=   0.766  t=0.0909s  PASS
  gl_gro1                             n= 200  res=   0.075  ortU=   0.429  ortV=   0.429  t=0.1606s  PASS
  gl_gro2                             n= 200  res=   0.030  ortU=   0.007  ortV=   0.005  t=0.0185s  PASS
  gl_gro3                             n= 200  res=   1.293  ortU=   0.201  ortV=   0.237  t=0.0649s  PASS
  gl_bwilkp                           n= 200  res=   0.275  ortU=   0.826  ortV=   0.826  t=0.1091s  PASS
  gl_ones                             n= 200  res=   0.000  ortU=   0.000  ortV=   0.000  t=0.0136s  PASS
  gl_uniform_eps                      n= 200  res=   0.000  ortU=   0.000  ortV=   0.000  t=0.0130s  PASS
  gl_uniform_sqrteps                  n= 200  res=   0.000  ortU=   0.000  ortV=   0.000  t=0.0125s  PASS
  gl_uniform_eps_to_1                 n= 200  res=   0.003  ortU=   0.000  ortV=   0.000  t=0.0122s  PASS
  gl_geometric_eps_to_1               n= 200  res=   0.000  ortU=   0.000  ortV=   0.000  t=0.0116s  PASS
  gl_random_spectrum                  n= 200  res=   0.072  ortU=   0.124  ortV=   0.123  t=0.0978s  PASS
  gl_clustered_at_1                   n= 200  res=   0.000  ortU=   0.000  ortV=   0.000  t=0.0131s  PASS
  gl_clustered_at_pm1                 n= 200  res=   0.000  ortU=   0.000  ortV=   0.000  t=0.0126s  PASS
  gl_clustered_at_eps                 n= 200  res=   0.002  ortU=   0.000  ortV=   0.000  t=0.0124s  PASS
  gl_clustered_at_pmeps               n= 200  res=   0.002  ortU=   0.000  ortV=   0.000  t=0.0123s  PASS
  demmel_S1pe                         n= 200  res=   0.001  ortU=   0.000  ortV=   0.000  t=0.0121s  PASS
  demmel_S1ps                         n= 200  res=   0.040  ortU=   5.760  ortV=   5.761  t=0.0632s  FAIL
  demmel_S2pe                         n= 200  res=   0.296  ortU=   2.012  ortV=   2.007  t=0.0331s  PASS
  demmel_S2ps                         n= 200  res=   0.280  ortU=   3.057  ortV=   3.051  t=0.0732s  PASS
  demmel_W1                           n= 200  res=   0.099  ortU=   0.000  ortV=   0.000  t=0.0131s  PASS
  demmel_W2                           n= 200  res=   0.040  ortU=   0.521  ortV=   0.521  t=0.0550s  PASS
  demmel_W3                           n= 200  res=   0.098  ortU=   0.603  ortV=   0.601  t=0.0704s  PASS
  demmel_G1                           n= 200  res=   0.919  ortU=   0.158  ortV=   0.139  t=0.0413s  PASS
  demmel_G1s                          n= 200  res=   0.260  ortU=   0.508  ortV=   0.467  t=0.0634s  PASS
  demmel_U1                           n= 200  res=   0.134  ortU=   0.444  ortV=   0.477  t=0.1489s  PASS
  demmel_U1s                          n= 200  res=   0.117  ortU=   0.474  ortV=   0.469  t=0.0990s  PASS
  wilkinson_exact                     n= 200  res=   0.290  ortU=   0.419  ortV=   0.426  t=0.0531s  PASS
  glued_wilkinson                     n= 200  res=   0.089  ortU=   0.078  ortV=   0.082  t=0.0761s  PASS
  glued_wilkinson_tight               n= 200  res=   0.165  ortU=   0.258  ortV=   0.260  t=0.0430s  PASS
  wl_example48                        n= 200  res=   0.044  ortU=   0.076  ortV=   0.074  t=0.1739s  PASS
  pd_T0                               n= 200  res=   0.393  ortU=   1.480  ortV=   1.477  t=0.1604s  PASS
  pd_T1                               n= 200  res=   0.135  ortU=   0.340  ortV=   0.340  t=0.1176s  PASS
  zero_diagonal                       n= 200  res=   0.000  ortU=   0.000  ortV=   0.000  t=0.0163s  PASS
  single_element                      n=   1  res=   0.000  ortU=   0.000  ortV=   0.000  t=0.0060s  PASS
  near_overflow                       n= 200  res=   0.057  ortU=   0.372  ortV=   0.331  t=0.0695s  PASS
  near_underflow                      n= 200  res=   0.040  ortU=   0.269  ortV=   0.291  t=0.0727s  PASS
  mixed_signs                         n= 200  res=   0.048  ortU=   0.115  ortV=   0.116  t=0.1637s  PASS
  checkerboard                        n= 200  res=   0.393  ortU=   0.035  ortV=   0.045  t=0.0566s  PASS
  exponential_graded_k4               n= 200  res=   0.040  ortU=   0.303  ortV=   0.319  t=0.0814s  PASS
  exponential_graded_k8               n= 200  res=   0.078  ortU=   0.489  ortV=   0.535  t=0.0728s  PASS
  exponential_graded_k12              n= 200  res=   0.090  ortU=   0.408  ortV=   0.468  t=0.0674s  PASS
  stemr_killer_k5                     n= 200  res=   0.048  ortU=   0.414  ortV=   0.391  t=0.0796s  PASS
  stemr_killer_k10                    n= 200  res=   0.050  ortU=   0.151  ortV=   0.135  t=0.1313s  PASS
  huge_condition_k5                   n= 200  res=   0.040  ortU=   0.334  ortV=   0.317  t=0.1219s  PASS
  huge_condition_k10                  n= 200  res=   0.040  ortU=   0.386  ortV=   0.435  t=0.0705s  PASS
  demmel_G1_k4                        n= 200  res=   0.066  ortU=   0.405  ortV=   0.423  t=0.0795s  PASS
  demmel_G1_k8                        n= 200  res=   0.042  ortU=   0.639  ortV=   0.597  t=0.0727s  PASS
  demmel_G1_k12                       n= 200  res=   0.049  ortU=   0.463  ortV=   0.411  t=0.1250s  PASS
  demmel_S1pe_k4                      n= 200  res=   0.040  ortU=   1.543  ortV=   1.546  t=0.1458s  PASS
  demmel_S1pe_k8                      n= 200  res=   0.040  ortU=   3.377  ortV=   3.379  t=0.0728s  PASS
  chkbd_4                             n=   4  res=   1.567  ortU=   0.250  ortV=   0.250  t=0.0063s  PASS
  chkbd_16                            n=  16  res=   0.471  ortU=   0.062  ortV=   0.281  t=0.0050s  PASS
  marques_graded_k4                   n= 200  res=   0.040  ortU=   0.399  ortV=   0.417  t=0.0787s  PASS
  marques_graded_k8                   n= 200  res=   0.072  ortU=   0.387  ortV=   0.351  t=0.0730s  PASS

============================================================
TOTAL: 265/270 passed (98.1%)
ev1_ec1_n10_s1                                             10      0.742      0.104      0.100    0.004  PASS  
ev1_ec1_n18_s2_gs                                          36      0.211      0.056      0.069    0.007  PASS  
ev1_ec1_n26_s3_gm                                          78      0.096      0.013      0.019    0.006  PASS  
ev1_ec1_n35_s1                                             35      0.215      0.029      0.014    0.005  PASS  
ev1_ec1_n43_s2_gs                                          86      0.080      0.013      0.023    0.006  PASS  
ev1_ec1_n51_s3_gm                                         153      0.046      0.007      0.007    0.017  PASS  
ev1_ec1_n60_s1                                             60      0.131      0.017      0.008    0.008  PASS  
ev1_ec1_n68_s2_gs                                         136      0.058      0.007      0.007    0.015  PASS  
ev1_ec1_n76_s3_gm                                         228      0.035      0.004      0.007    0.025  PASS  
ev1_ec1_n85_s1                                             85      0.091      0.012      0.006    0.006  PASS  
ev1_ec1_n93_s2_gs                                         186      0.031      0.011      0.011    0.010  PASS  
ev1_ec4_n2_s3_gm                                            6      0.781      0.211      0.167    0.004  PASS  
ev1_ec4_n11_s1                                             11      0.624      0.045      0.091    0.006  PASS  
ev1_ec4_n19_s2_gs                                          38      0.184      0.053      0.026    0.004  PASS  
ev1_ec4_n27_s3_gm                                          81      0.086      0.012      0.025    0.008  PASS  
ev1_ec4_n36_s1                                             36      0.208      0.028      0.028    0.004  PASS  
ev1_ec4_n44_s2_gs                                          88      0.086      0.011      0.017    0.005  PASS  
ev1_ec4_n52_s3_gm                                         156      0.050      0.010      0.006    0.009  PASS  
ev1_ec4_n61_s1                                             61      0.111      0.016      0.025    0.005  PASS  
ev1_ec4_n69_s2_gs                                         138      0.044      0.011      0.007    0.009  PASS  
ev1_ec4_n77_s3_gm                                         231      0.030      0.009      0.004    0.014  PASS  
ev1_ec4_n86_s1                                             86      0.064      0.017      0.012    0.008  PASS  
ev1_ec4_n94_s2_gs                                         188      0.037      0.010      0.012    0.012  PASS  
ev2_ec1_n3_s3_gm                                            9      1.072      0.222      0.111    0.004  PASS  
ev2_ec1_n12_s1                                             12      0.290      0.182      0.194    0.004  PASS  
ev2_ec1_n20_s2_gs                                          40      0.210      0.025      0.050    0.005  PASS  
ev2_ec1_n28_s3_gm                                          84      0.105      0.028      0.024    0.005  PASS  
ev2_ec1_n37_s1                                             37      0.195      0.027      0.041    0.004  PASS  
ev2_ec1_n45_s2_gs                                          90      0.111      0.017      0.014    0.005  PASS  
ev2_ec1_n53_s3_gm                                         159      0.059      0.009      0.013    0.009  PASS  
ev2_ec1_n62_s1                                             62      0.125      0.056      0.059    0.006  PASS  
ev2_ec1_n70_s2_gs                                         140      0.068      0.007      0.014    0.016  PASS  
ev2_ec1_n78_s3_gm                                         234      0.041      0.006      0.006    0.020  PASS  
ev2_ec1_n87_s1                                             87      0.082      0.032      0.029    0.006  PASS  
ev2_ec1_n95_s2_gs                                         190      0.052      0.023      0.022    0.011  PASS  
ev2_ec4_n4_s3_gm                                           12      0.809      0.167      0.083    0.005  PASS  
ev2_ec4_n13_s1                                             13      0.602      0.077      0.038    0.005  PASS  
ev2_ec4_n21_s2_gs                                          42      0.243      0.058      0.053    0.005  PASS  
ev2_ec4_n29_s3_gm                                          87      0.101      0.030      0.029    0.007  PASS  
ev2_ec4_n38_s1                                             38      0.190      0.050      0.051    0.005  PASS  
ev2_ec4_n46_s2_gs                                          92      0.105      0.011      0.011    0.006  PASS  
ev2_ec4_n54_s3_gm                                         162      0.063      0.012      0.009    0.008  PASS  
ev2_ec4_n63_s1                                             63      0.126      0.016      0.032    0.005  PASS  
ev2_ec4_n71_s2_gs                                         142      0.071      0.014      0.014    0.008  PASS  
ev2_ec4_n79_s3_gm                                         237      0.038      0.006      0.004    0.023  PASS  
ev2_ec4_n88_s1                                             88      0.081      0.023      0.017    0.008  PASS  
ev2_ec4_n96_s2_gs                                         192      0.048      0.005      0.008    0.020  PASS  
ev3_ec1_n5_s3_gm                                           15      0.506      3.878      3.901    0.005  PASS  
ev3_ec1_n14_s1                                             14      0.435      0.863      0.879    0.005  PASS  
ev3_ec1_n22_s2_gs                                          44      0.847      3.870      3.878    0.008  PASS  
ev3_ec1_n30_s3_gm                                          90      0.072      1.051      1.057    0.017  PASS  
ev3_ec1_n39_s1                                             39      0.167      1.729      1.721    0.008  PASS  
ev3_ec1_n47_s2_gs                                          94      0.887      0.984      0.984    0.012  PASS  
ev3_ec1_n55_s3_gm                                         165      0.042      0.601      0.604    0.049  PASS  
ev3_ec1_n64_s1                                             64      0.110      1.567      1.563    0.014  PASS  
ev3_ec1_n72_s2_gs                                         144      0.730      0.583      0.583    0.024  PASS  
ev3_ec1_n80_s3_gm                                         240      0.027      1.028      1.032    0.088  PASS  
ev3_ec1_n89_s1                                             89      0.071      3.122      3.120    0.028  PASS  
ev3_ec1_n97_s2_gs                                         194      0.717      1.509      1.512    0.074  PASS  
ev3_ec4_n6_s3_gm                                           18      0.299      2.444      2.491    0.005  PASS  
ev3_ec4_n15_s1                                             15      0.482      0.158      0.133    0.004  PASS  
ev3_ec4_n23_s2_gs                                          46      0.261      1.768      1.770    0.006  PASS  
ev3_ec4_n31_s3_gm                                          93      0.537      3.293      3.295    0.009  PASS  
ev3_ec4_n40_s1                                             40      0.513      5.627      5.631    0.006  FAIL  
ev3_ec4_n48_s2_gs                                          96      0.359      0.970      0.972    0.020  PASS  
ev3_ec4_n56_s3_gm                                         168      0.765      0.653      0.653    0.021  PASS  
ev3_ec4_n65_s1                                             65      0.901      1.075      1.074    0.012  PASS  
ev3_ec4_n73_s2_gs                                         146      1.017      1.134      1.131    0.021  PASS  
ev3_ec4_n81_s3_gm                                         243      0.747      1.076      1.076    0.040  PASS  
ev3_ec4_n90_s1                                             90      0.554      0.873      0.876    0.034  PASS  
ev3_ec4_n98_s2_gs                                         196      1.014      0.545      0.545    0.067  PASS  
ev4_ec1_n7_s3_gm                                           21      0.404      0.198      0.154    0.009  PASS  
ev4_ec1_n16_s1                                             16      0.314      0.410      0.400    0.004  PASS  
ev4_ec1_n24_s2_gs                                          48      0.378      0.388      0.394    0.006  PASS  
ev4_ec1_n32_s3_gm                                          96      0.059      1.712      1.717    0.022  PASS  
ev4_ec1_n41_s1                                             41      0.172      0.761      0.747    0.011  PASS  
ev4_ec1_n49_s2_gs                                          98      0.310      0.531      0.526    0.015  PASS  
ev4_ec1_n57_s3_gm                                         171      0.036      3.137      3.136    0.054  PASS  
ev4_ec1_n66_s1                                             66      0.082      0.625      0.618    0.015  PASS  
ev4_ec1_n74_s2_gs                                         148      0.252      0.525      0.523    0.041  PASS  
ev4_ec1_n82_s3_gm                                         246      0.027      3.564      3.570    0.138  PASS  
ev4_ec1_n91_s1                                             91      0.061      0.882      0.884    0.024  PASS  
ev4_ec1_n99_s2_gs                                         198      0.336      0.449      0.451    0.053  PASS  
ev4_ec4_n8_s3_gm                                           24      0.226      0.360      0.353    0.009  PASS  
ev4_ec4_n17_s1                                             17      0.277      0.431      0.481    0.007  PASS  
ev4_ec4_n25_s2_gs                                          50      0.295      0.292      0.311    0.007  PASS  
ev4_ec4_n33_s3_gm                                          99      0.055      2.876      2.873    0.023  PASS  
ev4_ec4_n42_s1                                             42      0.143      0.711      0.718    0.007  PASS  
ev4_ec4_n50_s2_gs                                         100      0.344      0.638      0.649    0.015  PASS  
ev4_ec4_n58_s3_gm                                         174      0.036      1.695      1.693    0.061  PASS  
ev4_ec4_n67_s1                                             67      0.077      0.714      0.717    0.014  PASS  
ev4_ec4_n75_s2_gs                                         150      0.288      0.445      0.439    0.032  PASS  
ev4_ec4_n83_s3_gm                                         249      0.022      6.684      6.681    0.100  FAIL  
ev4_ec4_n92_s1                                             92      0.073      1.107      1.120    0.024  PASS  
ev4_ec4_n100_s2_gs                                        200      0.367      0.619      0.619    0.111  PASS  
ev5_ec1_n9_s3_gm                                           27      0.266      0.749      0.767    0.005  PASS  
ev5_ec1_n18_s1                                             18      0.385      5.241      5.203    0.004  FAIL  
ev5_ec1_n26_s2_gs                                          52      0.795      1.381      1.377    0.009  PASS  
ev5_ec1_n34_s3_gm                                         102      0.071      0.824      0.824    0.030  PASS  
ev5_ec1_n43_s1                                             43      0.147      1.805      1.796    0.009  PASS  
ev5_ec1_n51_s2_gs                                         102      0.689      0.685      0.688    0.019  PASS  
ev5_ec1_n59_s3_gm                                         177      0.038      0.385      0.383    0.073  PASS  
ev5_ec1_n68_s1                                             68      0.085      5.515      5.514    0.013  FAIL  
ev5_ec1_n76_s2_gs                                         152      0.737      0.421      0.420    0.030  PASS  
ev5_ec1_n84_s3_gm                                         252      0.028      1.296      1.297    0.150  PASS  
ev5_ec1_n93_s1                                             93      0.065      0.902      0.902    0.023  PASS  
ev5_ec4_n2_s2_gs                                            4      2.333      0.502      0.488    0.004  PASS  
ev5_ec4_n10_s3_gm                                          30      0.596      0.115      0.120    0.006  PASS  
ev5_ec4_n19_s1                                             19      0.385      1.222      1.224    0.005  PASS  
ev5_ec4_n27_s2_gs                                          54      0.909      2.190      2.187    0.014  PASS  
ev5_ec4_n35_s3_gm                                         105      0.135      1.693      1.697    0.011  PASS  
ev5_ec4_n44_s1                                             44      0.159      0.913      0.911    0.008  PASS  
ev5_ec4_n52_s2_gs                                         104      0.506      1.074      1.069    0.014  PASS  
ev5_ec4_n60_s3_gm                                         180      0.203      1.776      1.775    0.027  PASS  
ev5_ec4_n69_s1                                             69      0.102      3.465      3.465    0.028  PASS  
ev5_ec4_n77_s2_gs                                         154      0.675      0.768      0.763    0.023  PASS  
ev5_ec4_n85_s3_gm                                         255      0.141      0.782      0.782    0.056  PASS  
ev5_ec4_n94_s1                                             94      0.097      1.315      1.315    0.020  PASS  
ev6_ec1_n3_s2_gs                                            6      0.892      0.250      0.333    0.005  PASS  
ev6_ec1_n11_s3_gm                                          33      0.206      0.855      0.865    0.007  PASS  
ev6_ec1_n20_s1                                             20      0.390      4.245      4.193    0.006  PASS  
ev6_ec1_n28_s2_gs                                          56      0.316      0.649      0.649    0.009  PASS  
ev6_ec1_n36_s3_gm                                         108      0.068      1.255      1.254    0.024  PASS  
ev6_ec1_n45_s1                                             45      0.153      1.998      1.983    0.010  PASS  
ev6_ec1_n53_s2_gs                                         106      0.412      0.748      0.742    0.021  PASS  
ev6_ec1_n61_s3_gm                                         183      0.036      0.557      0.556    0.126  PASS  
ev6_ec1_n70_s1                                             70      0.110      2.042      2.045    0.034  PASS  
ev6_ec1_n78_s2_gs                                         156      0.335      1.722      1.726    0.037  PASS  
ev6_ec1_n86_s3_gm                                         258      0.030      3.362      3.362    0.142  PASS  
ev6_ec1_n95_s1                                             95      0.099      1.967      1.964    0.027  PASS  
ev7_ec1_n4_s2_gs                                            8      0.806      0.125      0.125    0.005  PASS  
ev7_ec1_n12_s3_gm                                          36      0.225      0.028      0.028    0.006  PASS  
ev7_ec1_n21_s1                                             21      0.877      0.071      0.048    0.005  PASS  
ev7_ec1_n29_s2_gs                                          58      0.893      0.009      0.009    0.005  PASS  
ev7_ec1_n37_s3_gm                                         111      0.742      0.014      0.005    0.007  PASS  
ev7_ec1_n46_s1                                             46      0.751      0.022      0.022    0.005  PASS  
ev7_ec1_n54_s2_gs                                         108      0.472      0.012      0.010    0.006  PASS  
ev7_ec1_n62_s3_gm                                         186      0.733      0.005      0.005    0.025  PASS  
ev7_ec1_n71_s1                                             71      0.864      0.565      0.565    0.008  PASS  
ev7_ec1_n79_s2_gs                                         158      0.820      0.006      0.006    0.009  PASS  
ev7_ec1_n87_s3_gm                                         261      0.315      0.006      0.004    0.030  PASS  
ev7_ec1_n96_s1                                             96      0.749      0.005      0.010    0.009  PASS  
ev8_ec1_n5_s2_gs                                           10      0.632      0.147      0.211    0.005  PASS  
ev8_ec1_n13_s3_gm                                          39      0.199      3.948      3.944    0.014  PASS  
ev8_ec1_n22_s1                                             22      0.396      0.398      0.401    0.005  PASS  
ev8_ec1_n30_s2_gs                                          60      0.219      0.084      0.087    0.009  PASS  
ev8_ec1_n38_s3_gm                                         114      0.075      0.738      0.738    0.023  PASS  
ev8_ec1_n47_s1                                             47      0.175      0.190      0.204    0.009  PASS  
ev8_ec1_n55_s2_gs                                         110      0.530      0.259      0.262    0.014  PASS  
ev8_ec1_n63_s3_gm                                         189      0.041      0.352      0.356    0.068  PASS  
ev8_ec1_n72_s1                                             72      0.099      0.261      0.258    0.012  PASS  
ev8_ec1_n80_s2_gs                                         160      0.461      0.149      0.151    0.030  PASS  
ev8_ec1_n88_s3_gm                                         264      0.032      0.590      0.584    0.181  PASS  
ev8_ec1_n97_s1                                             97      0.083      0.297      0.296    0.021  PASS  
ev9_ec1_n6_s2_gs                                           12      0.695      8.945      8.983    0.008  FAIL  
ev9_ec1_n14_s3_gm                                          42      0.270      0.262      0.268    0.008  PASS  
ev9_ec1_n23_s1                                             23      0.425      0.654      0.643    0.005  PASS  
ev9_ec1_n31_s2_gs                                          62      0.140      0.087      0.067    0.011  PASS  
ev9_ec1_n39_s3_gm                                         117      0.101      0.697      0.699    0.036  PASS  
ev9_ec1_n48_s1                                             48      0.188      0.228      0.229    0.008  PASS  
ev9_ec1_n56_s2_gs                                         112      0.082      0.081      0.072    0.026  PASS  
ev9_ec1_n64_s3_gm                                         192      0.049      0.239      0.235    0.057  PASS  
ev9_ec1_n73_s1                                             73      0.127      0.313      0.309    0.023  PASS  
ev9_ec1_n81_s2_gs                                         162      0.059      0.100      0.092    0.047  PASS  
ev9_ec1_n89_s3_gm                                         267      0.037      0.355      0.358    0.145  PASS  
ev9_ec1_n98_s1                                             98      0.091      0.391      0.386    0.017  PASS  
tri2_n24_gs                                                48        inf        inf        inf    0.006  FAIL  err:ValueError
tri2_n57_gm                                               171      0.025      0.076      0.072    0.076  PASS  
tri2_n91                                                   91      0.122      2.824      2.820    0.020  PASS  
tri3_n25_gs                                                50      0.340      0.229      0.222    0.008  PASS  
tri3_n58_gm                                               174      0.055      0.275      0.277    0.065  PASS  
tri3_n92                                                   92      0.108      1.163      1.166    0.023  PASS  
tri4_n26_gs                                                52      0.099      0.389      0.376    0.012  PASS  
tri4_n59_gm                                               177      0.033      2.105      2.108    0.067  PASS  
tri4_n93                                                   93      0.057      1.070      1.065    0.043  PASS  
tri5_n27_gs                                                54      0.096      0.477      0.478    0.009  PASS  
tri5_n60_gm                                               180      0.026      0.117      0.116    0.137  PASS  
tri5_n94                                                   94      0.064      2.446      2.443    0.044  PASS  
tri6_n28_gs                                                56      0.266      0.102      0.104    0.008  PASS  
tri6_n61_gm                                               183      0.025      3.169      3.168    0.069  PASS  
tri6_n95                                                   95      0.047      0.261      0.259    0.022  PASS  
tri7_n29_gs                                                58      0.127      0.422      0.433    0.008  PASS  
tri7_n62_gm                                               186      0.027      2.596      2.599    0.070  PASS  
tri7_n96                                                   96      0.069      1.749      1.725    0.023  PASS  
----------------------------------------------------------------------------------------------------------------------------------
PASS: 17644/18438    (600.4s wall)

Failing (794), sorted by max(ortU,ortV) desc:
  ev8_ec1_n72_s3_gm                                      n=   216  res=       inf  ortU=       inf  ortV=       inf  err:ValueError
  ev8_ec1_n73_s0                                         n=    73  res=       inf  ortU=       inf  ortV=       inf  err:ValueError
  ev8_ec1_n73_s1_gs                                      n=   146  res=       inf  ortU=       inf  ortV=       inf  err:ValueError
  ev8_ec1_n73_s2_gs                                      n=   146  res=       inf  ortU=       inf  ortV=       inf  err:ValueError
  ev8_ec1_n73_s3_gs                                      n=   146  res=       inf  ortU=       inf  ortV=       inf  err:ValueError
  ev8_ec1_n74_s0_gm                                      n=   222  res=       inf  ortU=       inf  ortV=       inf  err:ValueError
  ev8_ec1_n74_s1_gs                                      n=   148  res=       inf  ortU=       inf  ortV=       inf  err:ValueError
  ev8_ec1_n74_s2_gm                                      n=   222  res=       inf  ortU=       inf  ortV=       inf  err:ValueError
  ev8_ec1_n74_s3_gs                                      n=   148  res=       inf  ortU=       inf  ortV=       inf  err:ValueError
  ev8_ec1_n75_s0_gs                                      n=   150  res=       inf  ortU=       inf  ortV=       inf  err:ValueError
  ev8_ec1_n75_s1_gs                                      n=   150  res=       inf  ortU=       inf  ortV=       inf  err:ValueError
  ev8_ec1_n75_s1_gm                                      n=   225  res=       inf  ortU=       inf  ortV=       inf  err:ValueError
  ev8_ec1_n75_s2_gs                                      n=   150  res=       inf  ortU=       inf  ortV=       inf  err:ValueError
  ev8_ec1_n76_s1_gs                                      n=   152  res=       inf  ortU=       inf  ortV=       inf  err:ValueError
  ev8_ec1_n77_s0_gs                                      n=   154  res=       inf  ortU=       inf  ortV=       inf  err:ValueError
  ev8_ec1_n77_s3_gs                                      n=   154  res=       inf  ortU=       inf  ortV=       inf  err:ValueError
  ev8_ec1_n78_s1_gm                                      n=   234  res=       inf  ortU=       inf  ortV=       inf  err:ValueError
  ev8_ec1_n81_s0_gm                                      n=   243  res=       inf  ortU=       inf  ortV=       inf  err:ValueError
  ev8_ec1_n82_s1_gm                                      n=   246  res=       inf  ortU=       inf  ortV=       inf  err:ValueError
  ev8_ec1_n83_s2_gm                                      n=   249  res=       inf  ortU=       inf  ortV=       inf  err:ValueError
  tri2_n6_gs                                             n=    12  res=       inf  ortU=       inf  ortV=       inf  err:ValueError
  tri2_n7_gs                                             n=    14  res=       inf  ortU=       inf  ortV=       inf  err:ValueError
  tri2_n8_gm                                             n=    24  res=       inf  ortU=       inf  ortV=       inf  err:ValueError
  tri2_n9_gs                                             n=    18  res=       inf  ortU=       inf  ortV=       inf  err:ValueError
  tri2_n10_gs                                            n=    20  res=       inf  ortU=       inf  ortV=       inf  err:ValueError
  tri2_n10_gm                                            n=    30  res=       inf  ortU=       inf  ortV=       inf  err:ValueError
  tri2_n11                                               n=    11  res=       inf  ortU=       inf  ortV=       inf  err:ValueError
  tri2_n11_gm                                            n=    33  res=       inf  ortU=       inf  ortV=       inf  err:ValueError
  tri2_n12                                               n=    12  res=       inf  ortU=       inf  ortV=       inf  err:ValueError
  tri2_n12_gm                                            n=    36  res=       inf  ortU=       inf  ortV=       inf  err:ValueError
  tri2_n13                                               n=    13  res=       inf  ortU=       inf  ortV=       inf  err:ValueError
  tri2_n13_gm                                            n=    39  res=       inf  ortU=       inf  ortV=       inf  err:ValueError
  tri2_n14                                               n=    14  res=       inf  ortU=       inf  ortV=       inf  err:ValueError
  tri2_n14_gm                                            n=    42  res=       inf  ortU=       inf  ortV=       inf  err:ValueError
  tri2_n15                                               n=    15  res=       inf  ortU=       inf  ortV=       inf  err:ValueError
  tri2_n15_gs                                            n=    30  res=       inf  ortU=       inf  ortV=       inf  err:ValueError
  tri2_n16_gs                                            n=    32  res=       inf  ortU=       inf  ortV=       inf  err:ValueError
  tri2_n16_gm                                            n=    48  res=       inf  ortU=       inf  ortV=       inf  err:ValueError
  tri2_n17                                               n=    17  res=       inf  ortU=       inf  ortV=       inf  err:ValueError
  tri2_n17_gm                                            n=    51  res=       inf  ortU=       inf  ortV=       inf  err:ValueError
  tri2_n18                                               n=    18  res=       inf  ortU=       inf  ortV=       inf  err:ValueError
  tri2_n19_gs                                            n=    38  res=       inf  ortU=       inf  ortV=       inf  err:ValueError
  tri2_n19_gm                                            n=    57  res=       inf  ortU=       inf  ortV=       inf  err:ValueError
  tri2_n20                                               n=    20  res=       inf  ortU=       inf  ortV=       inf  err:ValueError
  tri2_n20_gm                                            n=    60  res=       inf  ortU=       inf  ortV=       inf  err:ValueError
  tri2_n21                                               n=    21  res=       inf  ortU=       inf  ortV=       inf  err:ValueError
  tri2_n22_gs                                            n=    44  res=       inf  ortU=       inf  ortV=       inf  err:ValueError
  tri2_n24                                               n=    24  res=       inf  ortU=       inf  ortV=       inf  err:ValueError
  tri2_n24_gs                                            n=    48  res=       inf  ortU=       inf  ortV=       inf  err:ValueError
  tri2_n25                                               n=    25  res=       inf  ortU=       inf  ortV=       inf  err:ValueError
  tri2_n26                                               n=    26  res=       inf  ortU=       inf  ortV=       inf  err:ValueError
  tri2_n26_gs                                            n=    52  res=       inf  ortU=       inf  ortV=       inf  err:ValueError
  tri2_n26_gm                                            n=    78  res=       inf  ortU=       inf  ortV=       inf  err:ValueError
  tri2_n27                                               n=    27  res=       inf  ortU=       inf  ortV=       inf  err:ValueError
  tri2_n27_gs                                            n=    54  res=       inf  ortU=       inf  ortV=       inf  err:ValueError
  tri2_n28                                               n=    28  res=       inf  ortU=       inf  ortV=       inf  err:ValueError
  tri2_n28_gs                                            n=    56  res=       inf  ortU=       inf  ortV=       inf  err:ValueError
  tri2_n28_gm                                            n=    84  res=       inf  ortU=       inf  ortV=       inf  err:ValueError
  tri2_n29                                               n=    29  res=       inf  ortU=       inf  ortV=       inf  err:ValueError
  tri2_n29_gs                                            n=    58  res=       inf  ortU=       inf  ortV=       inf  err:ValueError
  tri2_n29_gm                                            n=    87  res=       inf  ortU=       inf  ortV=       inf  err:ValueError
  tri2_n30                                               n=    30  res=       inf  ortU=       inf  ortV=       inf  err:ValueError
  tri2_n30_gs                                            n=    60  res=       inf  ortU=       inf  ortV=       inf  err:error
  tri2_n30_gm                                            n=    90  res=       inf  ortU=       inf  ortV=       inf  err:ValueError
  tri2_n31                                               n=    31  res=       inf  ortU=       inf  ortV=       inf  err:ValueError
  tri2_n31_gm                                            n=    93  res=       inf  ortU=       inf  ortV=       inf  err:ValueError
  tri2_n33                                               n=    33  res=       inf  ortU=       inf  ortV=       inf  err:RuntimeError
  tri2_n40_gm                                            n=   120  res=       inf  ortU=       inf  ortV=       inf  err:ValueError
  tri2_n44_gm                                            n=   132  res=       inf  ortU=       inf  ortV=       inf  err:ValueError
  tri2_n46_gm                                            n=   138  res=       inf  ortU=       inf  ortV=       inf  err:ValueError
  tri2_n55_gm                                            n=   165  res=       inf  ortU=       inf  ortV=       inf  err:ValueError
  tri2_n55_gs                                            n=   110  res=1096426949070456.125  ortU=23334746628668035072.000  ortV=40941814794277.234  
  ev8_ec1_n81_s3                                         n=    81  res=1532615734163855.250  ortU=17792193334633328640.000  ortV=55599995399635.750  
  tri2_n8                                                n=     8  res=4413511579033478656.000  ortU=5629499854042364928.000  ortV=562949952055082.375  
  ev8_ec1_n78_s2                                         n=    78  res=639581358094389504.000  ortU=577331418273208064.000  ortV=57738456200432.656  
  tri2_n53_gm                                            n=   159  res=420046018926962.375  ortU=92508596466576032.000  ortV=28324525958305.031  
  tri2_n44_gs                                            n=    88  res=388576670661936.438  ortU=69444906589743608.000  ortV=51177268492846.547  
  tri2_n19                                               n=    19  res=3280057187024661.500  ortU=13695386234475536.000  ortV=215835126148773.031  
  tri2_n54                                               n=    54  res=77596979585449054961664.000  ortU=4105412604863269.500  ortV=83399993099453.625  
  ev8_ec1_n75_s2                                         n=    75  res=292420851058826.500  ortU=2021257249431265.750  ortV=60047995031606.617  
  tri2_n7                                                n=     7  res=1654714241918658.000  ortU=1519146923371599.500  ortV=567480243572229.625  
  ev8_ec1_n81_s0_gs                                      n=   162  res=212367578911144.875  ortU=1056399912593123.750  ortV=27799997699817.875  
  ev8_ec1_n83_s0                                         n=    83  res=221793178148652128.000  ortU=905141575387473.375  ortV=54259902823967.344  
  tri2_n54_gm                                            n=   162  res=388668511530260.750  ortU=867899515603013.000  ortV=27799997699817.875  
  ev8_ec1_n83_s2                                         n=    83  res=47589939558144496.000  ortU=585831095331773.000  ortV=54260236474343.328  
  tri2_n9                                                n=     9  res=1225957253308268.750  ortU=500399958596721.750  ortV=500399958596721.750  
  ev8_ec1_n73_s2                                         n=    73  res=77667540802495.531  ortU=431852019062924.375  ortV=     0.392  
  tri2_n61_gm                                            n=   183  res=452148814745575.062  ortU=338178491201077.812  ortV=24609834029346.957  
  ev8_ec1_n83_s2_gs                                      n=   166  res=510673649446669.812  ortU=292915547665886.500  ortV=27130118237171.664  
  ev8_ec1_n74_s2_gs                                      n=   148  res=65309331937748.570  ortU=168023692947347.156  ortV=30429727211962.812  
  ev8_ec1_n73_s0_gs                                      n=   146  res=49691645743707.359  ortU=167452823718276.719  ortV=30846572790208.875  
  ev8_ec1_n74_s0_gs                                      n=   148  res=89485383522737.172  ortU=167371855219641.031  ortV=30429727211962.812  
  tri2_n45_gs                                            n=    90  res=1187881248846790.750  ortU=148854219713626.969  ortV=50039995859672.188  
  ev8_ec1_n77_s3                                         n=    77  res=67139232506769792.000  ortU=113713964063653.891  ortV=58488306848967.492  
  ev8_ec1_n75_s3_gm                                      n=   225  res=40889363743321.289  ortU=60047995031606.617  ortV=20015998343868.871  
  ev8_ec1_n76_s1                                         n=    76  res=668574733044337.500  ortU=59257889833822.312  ortV=59257889833822.312  
  ev8_ec1_n77_s0                                         n=    77  res=5603549895018071197728374784.000  ortU=58488306848967.484  ortV=58488306848967.484  
  ev8_ec1_n81_s1                                         n=    81  res=84158673736584.562  ortU=55599995399635.750  ortV=55599995399635.750  
  ev8_ec1_n77_s2_gm                                      n=   231  res=32520874211029.504  ortU=54304357379030.461  ortV=     0.299  
  tri2_n52_gs                                            n=   104  res=66030337337209.703  ortU=     1.164  ortV=43303842570870.156  
  tri2_n54_gs                                            n=   108  res=4260246521574430990550433792.000  ortU=41699996549726.812  ortV=41699996549726.812  
  ev8_ec1_n77_s1_gm                                      n=   231  res=42854944997175.930  ortU=38992204565978.344  ortV=19496102282989.160  
  ev8_ec1_n80_s3_gm                                      n=   240  res=36760019257483.656  ortU=37529996894754.133  ortV=18764998447377.066  
  ev8_ec1_n78_s0_gs                                      n=   156  res=42991530180392.305  ortU=28869228380580.102  ortV=28869228380580.102  
  ev8_ec1_n73_s0_gm                                      n=   219  res=4380284689457.283  ortU=20564381860139.250  ortV=20564381860139.250  
  ev8_ec1_n73_s2_gm                                      n=   219  res=16938269288761.617  ortU=20564381860139.250  ortV=20564381860139.250  
  ev8_ec1_n73_s3_gm                                      n=   219  res=30649993715212.277  ortU=20564381860139.250  ortV=20564381860139.250  
  ev8_ec1_n75_s0_gm                                      n=   225  res=30048456853503.703  ortU=20015998343868.871  ortV=20015998343868.871  
  ev8_ec1_n78_s2_gm                                      n=   234  res=25143550731420.801  ortU=19246152253720.086  ortV=19246152253720.070  
  ev8_ec1_n97_s0_gm                                      n=   291  res=     0.025  ortU=   164.183  ortV=   164.182  
  ev3_ec1_n53_s2_gm                                      n=   159  res=     0.035  ortU=   156.281  ortV=   156.281  
  ev8_ec1_n48_s2_gm                                      n=   144  res=     0.050  ortU=   118.719  ortV=   118.723  
  ev8_ec1_n92_s1_gm                                      n=   276  res=     0.027  ortU=    99.409  ortV=    99.411  
  ev8_ec1_n91_s3_gm                                      n=   273  res=     0.031  ortU=    63.194  ortV=    63.193  
  ev3_ec1_n35_s3_gm                                      n=   105  res=     0.067  ortU=    40.300  ortV=    40.298  
  ev8_ec1_n86_s0_gm                                      n=   258  res=     0.032  ortU=    39.054  ortV=    39.051  
  ev4_ec4_n3_s0_gs                                       n=     6  res=     1.067  ortU=    37.397  ortV=    37.415  
  ev5_ec1_n100_s2_gm                                     n=   300  res=     0.025  ortU=    31.713  ortV=    31.713  
  ev8_ec1_n90_s3_gm                                      n=   270  res=     0.033  ortU=    31.692  ortV=    31.694  
  ev5_ec1_n86_s3_gm                                      n=   258  res=     0.029  ortU=    30.280  ortV=    30.278  
  ev5_ec1_n70_s2_gm                                      n=   210  res=     0.033  ortU=    25.052  ortV=    25.046  
  tri4_n86_gm                                            n=   258  res=     0.019  ortU=    23.662  ortV=    23.659  
  ev4_ec1_n76_s3_gm                                      n=   228  res=     0.024  ortU=    22.977  ortV=    22.979  
  ev6_ec1_n76_s3_gm                                      n=   228  res=     0.034  ortU=    22.924  ortV=    22.923  
  ev8_ec1_n79_s3_gm                                      n=   237  res=     0.039  ortU=    22.764  ortV=    22.761  
  ev9_ec1_n14_s3_gs                                      n=    28  res=     0.387  ortU=    22.673  ortV=    22.643  
  ev3_ec4_n13_s1                                         n=    13  res=     0.582  ortU=    22.668  ortV=    22.667  
  ev5_ec4_n20_s2                                         n=    20  res=     0.686  ortU=    22.638  ortV=    22.660  
  ev8_ec1_n63_s0_gm                                      n=   189  res=     0.048  ortU=    21.797  ortV=    21.801  
  ev4_ec1_n40_s2_gm                                      n=   120  res=     0.055  ortU=    21.530  ortV=    21.542  
  ev4_ec4_n64_s2_gm                                      n=   192  res=     0.029  ortU=    21.436  ortV=    21.436  
  ev3_ec1_n21_s2                                         n=    21  res=     0.289  ortU=    21.069  ortV=    21.026  
  ev5_ec1_n93_s2_gm                                      n=   279  res=     0.023  ortU=    20.845  ortV=    20.845  
  ev3_ec1_n14_s0                                         n=    14  res=     0.438  ortU=    19.872  ortV=    19.873  
  ev8_ec1_n23_s2_gm                                      n=    69  res=     0.110  ortU=    18.857  ortV=    18.855  
  ev9_ec1_n10_s3_gs                                      n=    20  res=     0.421  ortU=    18.764  ortV=    18.790  
  ev5_ec1_n44_s3                                         n=    44  res=     0.149  ortU=    18.402  ortV=    18.405  
  ev3_ec4_n28_s0                                         n=    28  res=     0.285  ortU=    18.235  ortV=    18.213  
  ev6_ec1_n90_s0_gm                                      n=   270  res=     0.028  ortU=    17.393  ortV=    17.393  
  ev4_ec4_n67_s1_gm                                      n=   201  res=     0.028  ortU=    17.086  ortV=    17.088  
  ev3_ec1_n72_s0_gm                                      n=   216  res=     0.029  ortU=    16.991  ortV=    16.991  
  ev5_ec1_n19_s3                                         n=    19  res=     0.374  ortU=    16.694  ortV=    16.681  
  ev4_ec1_n95_s2_gm                                      n=   285  res=     0.024  ortU=    16.488  ortV=    16.483  
  ev5_ec1_n7_s0_gm                                       n=    21  res=     0.356  ortU=    16.385  ortV=    16.373  
  ev8_ec1_n59_s2_gm                                      n=   177  res=     0.063  ortU=    16.307  ortV=    16.308  
  ev9_ec1_n6_s3_gs                                       n=    12  res=     0.829  ortU=    16.143  ortV=    16.151  
  ev3_ec1_n23_s3                                         n=    23  res=     0.273  ortU=    16.141  ortV=    16.089  
  ev3_ec4_n43_s3                                         n=    43  res=     0.165  ortU=    16.023  ortV=    16.024  
  ev6_ec1_n15_s3                                         n=    15  res=     0.512  ortU=    15.651  ortV=    15.606  
  ev9_ec1_n2_s1_gs                                       n=     4  res=     1.800  ortU=    15.147  ortV=    15.265  
  ev5_ec1_n14_s3                                         n=    14  res=     0.478  ortU=    14.973  ortV=    15.018  
  ev6_ec1_n98_s2_gm                                      n=   294  res=     0.026  ortU=    15.014  ortV=    15.010  
  ev5_ec1_n17_s1_gm                                      n=    51  res=     0.153  ortU=    14.854  ortV=    14.878  
  tri4_n63_gm                                            n=   189  res=     0.027  ortU=    14.721  ortV=    14.715  
  ev4_ec4_n50_s0_gm                                      n=   150  res=     0.036  ortU=    14.709  ortV=    14.718  
  ev9_ec1_n7_s0_gs                                       n=    14  res=     0.686  ortU=    14.625  ortV=    14.634  
  ev5_ec1_n9_s1_gm                                       n=    27  res=     0.278  ortU=    14.608  ortV=    14.617  
  ev9_ec1_n3_s1_gs                                       n=     6  res=     1.193  ortU=    14.595  ortV=    14.547  
  ev4_ec4_n77_s3_gm                                      n=   231  res=     0.029  ortU=    14.594  ortV=    14.592  
  ev3_ec4_n21_s2                                         n=    21  res=     0.351  ortU=    14.559  ortV=    14.548  
  ev6_ec1_n61_s0_gm                                      n=   183  res=     0.031  ortU=    14.523  ortV=    14.522  
  tri6_n40_gm                                            n=   120  res=     0.031  ortU=    14.509  ortV=    14.505  
  ev5_ec4_n23_s2_gs                                      n=    46  res=     0.885  ortU=    14.498  ortV=    14.490  
  ev5_ec1_n10_s1_gm                                      n=    30  res=     0.268  ortU=    14.462  ortV=    14.459  
  ev3_ec1_n5_s3                                          n=     5  res=     0.939  ortU=    14.275  ortV=    14.250  
  ev5_ec4_n70_s2                                         n=    70  res=     1.014  ortU=    14.187  ortV=    14.185  
  ev8_ec1_n8_s0_gm                                       n=    24  res=     0.307  ortU=    14.043  ortV=    14.051  
  ev8_ec1_n11_s1_gm                                      n=    33  res=     0.223  ortU=    14.019  ortV=    14.022  
  ev4_ec1_n75_s0_gm                                      n=   225  res=     0.024  ortU=    13.975  ortV=    13.972  
  ev4_ec4_n59_s2_gm                                      n=   177  res=     0.029  ortU=    13.966  ortV=    13.965  
  ev3_ec1_n25_s1                                         n=    25  res=     0.236  ortU=    13.553  ortV=    13.532  
  ev5_ec1_n33_s3                                         n=    33  res=     0.204  ortU=    13.532  ortV=    13.544  
  tri6_n89_gm                                            n=   267  res=     0.018  ortU=    13.462  ortV=    13.462  
  ev3_ec1_n34_s0                                         n=    34  res=     0.198  ortU=    13.373  ortV=    13.376  
  ev5_ec1_n48_s1_gm                                      n=   144  res=     0.046  ortU=    13.296  ortV=    13.298  
  ev5_ec1_n14_s1_gm                                      n=    42  res=     0.179  ortU=    13.220  ortV=    13.197  
  ev4_ec1_n34_s3_gm                                      n=   102  res=     0.062  ortU=    13.192  ortV=    13.192  
  ev9_ec1_n11_s0_gs                                      n=    22  res=     0.479  ortU=    13.084  ortV=    13.095  
  ev9_ec1_n12_s0_gs                                      n=    24  res=     0.462  ortU=    13.036  ortV=    13.040  
  ev5_ec1_n50_s3                                         n=    50  res=     0.141  ortU=    12.957  ortV=    12.946  
  ev9_ec1_n4_s0_gs                                       n=     8  res=     1.012  ortU=    12.859  ortV=    12.940  
  ev8_ec1_n80_s0_gm                                      n=   240  res=     0.035  ortU=    12.821  ortV=    12.822  
  ev5_ec4_n33_s2_gs                                      n=    66  res=     0.115  ortU=    12.726  ortV=    12.727  
  ev6_ec1_n88_s0_gm                                      n=   264  res=     0.027  ortU=    12.722  ortV=    12.726  
  tri7_n29_gm                                            n=    87  res=     0.058  ortU=    12.702  ortV=    12.696  
  ev5_ec1_n20_s1_gs                                      n=    40  res=     0.858  ortU=    12.674  ortV=    12.671  
  ev6_ec1_n19_s1_gm                                      n=    57  res=     0.148  ortU=    12.658  ortV=    12.656  
  ev5_ec4_n12_s1                                         n=    12  res=     0.601  ortU=    12.621  ortV=    12.559  
  ev8_ec1_n8_s3_gm                                       n=    24  res=     0.314  ortU=    12.480  ortV=    12.485  
  ev9_ec1_n8_s1_gs                                       n=    16  res=     0.590  ortU=    12.418  ortV=    12.414  
  ev5_ec4_n36_s2                                         n=    36  res=     1.070  ortU=    12.207  ortV=    12.200  
  ev9_ec1_n8_s2_gs                                       n=    16  res=     0.571  ortU=    11.961  ortV=    12.013  
  ev3_ec1_n74_s0_gm                                      n=   222  res=     0.032  ortU=    12.006  ortV=    12.001  
  ev5_ec4_n20_s2_gm                                      n=    60  res=     1.088  ortU=    11.879  ortV=    11.864  
  ev9_ec1_n8_s3_gs                                       n=    16  res=     0.542  ortU=    11.795  ortV=    11.828  
  ev4_ec4_n100_s0_gm                                     n=   300  res=     0.022  ortU=    11.804  ortV=    11.806  
  ev9_ec1_n89_s1_gm                                      n=   267  res=     0.039  ortU=    11.767  ortV=    11.770  
  ev5_ec1_n9_s0_gm                                       n=    27  res=     0.247  ortU=    11.766  ortV=    11.718  
  ev5_ec1_n27_s0_gs                                      n=    54  res=     0.671  ortU=    11.507  ortV=    11.513  
  ev6_ec1_n96_s2_gm                                      n=   288  res=     0.028  ortU=    11.434  ortV=    11.433  
  ev5_ec1_n2_s1                                          n=     2  res=     5.315  ortU=    11.062  ortV=    11.431  
  ev9_ec1_n10_s1_gs                                      n=    20  res=     0.442  ortU=    11.402  ortV=    11.379  
  ev6_ec1_n90_s2_gm                                      n=   270  res=     0.025  ortU=    11.366  ortV=    11.363  
  ev3_ec1_n14_s0_gs                                      n=    28  res=     0.822  ortU=    11.350  ortV=    11.338  
  ev6_ec1_n77_s3_gm                                      n=   231  res=     0.033  ortU=    11.344  ortV=    11.346  
  ev5_ec1_n8_s1_gm                                       n=    24  res=     0.345  ortU=    11.343  ortV=    11.327  
  ev3_ec4_n13_s1_gs                                      n=    26  res=     0.291  ortU=    11.334  ortV=    11.333  
  ev5_ec4_n20_s2_gs                                      n=    40  res=     0.989  ortU=    11.319  ortV=    11.330  
  ev4_ec4_n63_s0_gm                                      n=   189  res=     0.031  ortU=    11.325  ortV=    11.325  
  ev5_ec1_n19_s0                                         n=    19  res=     0.315  ortU=    11.314  ortV=    11.276  
  ev9_ec1_n11_s3_gs                                      n=    22  res=     0.451  ortU=    11.293  ortV=    11.297  
  ev4_ec1_n92_s3_gm                                      n=   276  res=     0.022  ortU=    11.185  ortV=    11.185  
  ev8_ec1_n76_s2_gm                                      n=   228  res=     0.039  ortU=    11.178  ortV=    11.174  
  ev6_ec1_n62_s1_gm                                      n=   186  res=     0.035  ortU=    11.051  ortV=    11.044  
  ev5_ec1_n27_s0                                         n=    27  res=     0.240  ortU=    10.958  ortV=    10.945  
  ev3_ec4_n14_s0                                         n=    14  res=     0.489  ortU=    10.884  ortV=    10.906  
  ev5_ec4_n10_s1                                         n=    10  res=     0.734  ortU=    10.876  ortV=    10.897  
  ev6_ec1_n99_s3_gm                                      n=   297  res=     0.024  ortU=    10.880  ortV=    10.877  
  ev5_ec1_n37_s2                                         n=    37  res=     0.189  ortU=    10.856  ortV=    10.849  
  ev3_ec1_n7_s1_gm                                       n=    21  res=     0.299  ortU=    10.777  ortV=    10.798  
  ev4_ec1_n88_s3_gm                                      n=   264  res=     0.023  ortU=    10.796  ortV=    10.796  
  ev3_ec1_n24_s0                                         n=    24  res=     0.277  ortU=    10.751  ortV=    10.764  
  ev5_ec4_n11_s2_gs                                      n=    22  res=     0.340  ortU=    10.750  ortV=    10.722  
  ev4_ec1_n60_s2_gm                                      n=   180  res=     0.029  ortU=    10.711  ortV=    10.712  
  ev3_ec1_n19_s3                                         n=    19  res=     0.342  ortU=    10.687  ortV=    10.701  
  ev5_ec1_n16_s3                                         n=    16  res=     0.397  ortU=    10.634  ortV=    10.691  
  ev3_ec4_n12_s0                                         n=    12  res=     0.523  ortU=    10.665  ortV=    10.672  
  ev9_ec1_n18_s2_gs                                      n=    36  res=     0.269  ortU=    10.633  ortV=    10.628  
  ev3_ec1_n32_s3                                         n=    32  res=     0.188  ortU=    10.596  ortV=    10.572  
  ev9_ec1_n15_s0_gs                                      n=    30  res=     0.284  ortU=    10.519  ortV=    10.543  
  ev5_ec4_n10_s1_gs                                      n=    20  res=     0.353  ortU=    10.537  ortV=    10.519  
  ev4_ec4_n76_s3_gm                                      n=   228  res=     0.024  ortU=    10.514  ortV=    10.516  
  ev4_ec1_n82_s1_gm                                      n=   246  res=     0.024  ortU=    10.487  ortV=    10.492  
  ev5_ec4_n60_s1                                         n=    60  res=     0.107  ortU=    10.475  ortV=    10.473  
  ev9_ec1_n3_s3_gs                                       n=     6  res=     1.184  ortU=    10.462  ortV=    10.435  
  ev6_ec1_n98_s1                                         n=    98  res=     0.071  ortU=    10.458  ortV=    10.457  
  ev9_ec1_n12_s3_gs                                      n=    24  res=     0.443  ortU=    10.430  ortV=    10.406  
  ev4_ec4_n83_s2_gm                                      n=   249  res=     0.031  ortU=    10.365  ortV=    10.369  
  ev5_ec4_n12_s2_gm                                      n=    36  res=     0.206  ortU=    10.304  ortV=    10.325  
  ev8_ec1_n9_s1_gm                                       n=    27  res=     0.280  ortU=    10.317  ortV=    10.302  
  ev3_ec1_n28_s0                                         n=    28  res=     0.233  ortU=    10.265  ortV=    10.279  
  ev6_ec1_n17_s3                                         n=    17  res=     0.348  ortU=    10.239  ortV=    10.253  
  tri4_n37_gm                                            n=   111  res=     0.050  ortU=    10.196  ortV=    10.196  
  ev5_ec1_n37_s2_gs                                      n=    74  res=     0.629  ortU=    10.194  ortV=    10.193  
  ev3_ec1_n21_s3                                         n=    21  res=     0.350  ortU=    10.186  ortV=    10.185  
  ev9_ec1_n16_s2_gs                                      n=    32  res=     0.256  ortU=    10.175  ortV=    10.167  
  ev3_ec4_n22_s3                                         n=    22  res=     0.613  ortU=    10.169  ortV=    10.173  
  ev9_ec1_n15_s1_gs                                      n=    30  res=     0.297  ortU=    10.114  ortV=    10.122  
  ev3_ec4_n24_s3                                         n=    24  res=     0.420  ortU=    10.112  ortV=    10.122  
  ev6_ec1_n22_s3                                         n=    22  res=     0.384  ortU=    10.117  ortV=    10.094  
  ev4_ec1_n99_s1_gm                                      n=   297  res=     0.020  ortU=    10.110  ortV=    10.106  
  ev3_ec4_n25_s2                                         n=    25  res=     0.677  ortU=    10.100  ortV=    10.067  
  ev5_ec1_n51_s2_gm                                      n=   153  res=     0.050  ortU=    10.085  ortV=    10.080  
  ev3_ec1_n15_s0_gm                                      n=    45  res=     0.134  ortU=    10.034  ortV=    10.036  
  ev3_ec1_n16_s2                                         n=    16  res=     0.426  ortU=     9.972  ortV=    10.022  
  ev6_ec1_n79_s3_gm                                      n=   237  res=     0.029  ortU=    10.010  ortV=    10.014  
  ev4_ec1_n91_s2_gm                                      n=   273  res=     0.021  ortU=     9.951  ortV=     9.949  
  ev6_ec1_n95_s3_gm                                      n=   285  res=     0.026  ortU=     9.925  ortV=     9.929  
  ev5_ec1_n92_s0                                         n=    92  res=     0.077  ortU=     9.852  ortV=     9.864  
  tri6_n77_gm                                            n=   231  res=     0.019  ortU=     9.843  ortV=     9.840  
  tri7_n61_gm                                            n=   183  res=     0.026  ortU=     9.834  ortV=     9.825  
  ev5_ec4_n11_s2_gm                                      n=    33  res=     0.212  ortU=     9.776  ortV=     9.776  
  ev9_ec1_n4_s3_gs                                       n=     8  res=     1.032  ortU=     9.747  ortV=     9.776  
  ev3_ec4_n34_s0                                         n=    34  res=     0.641  ortU=     9.767  ortV=     9.766  
  ev4_ec1_n59_s1_gm                                      n=   177  res=     0.029  ortU=     9.757  ortV=     9.759  
  ev5_ec1_n25_s2                                         n=    25  res=     0.258  ortU=     9.724  ortV=     9.753  
  ev3_ec1_n4_s2_gm                                       n=    12  res=     0.645  ortU=     9.684  ortV=     9.731  
  ev8_ec1_n60_s0_gm                                      n=   180  res=     0.048  ortU=     9.721  ortV=     9.722  
  ev5_ec4_n38_s2                                         n=    38  res=     0.874  ortU=     9.696  ortV=     9.688  
  ev5_ec1_n26_s3                                         n=    26  res=     0.245  ortU=     9.655  ortV=     9.617  
  ev9_ec1_n13_s2_gs                                      n=    26  res=     0.329  ortU=     9.608  ortV=     9.614  
  ev4_ec4_n98_s3_gm                                      n=   294  res=     0.026  ortU=     9.541  ortV=     9.547  
  ev5_ec4_n5_s1_gm                                       n=    15  res=     0.511  ortU=     9.505  ortV=     9.526  
  ev3_ec1_n8_s2                                          n=     8  res=     0.625  ortU=     9.444  ortV=     9.509  
  ev4_ec4_n60_s3_gm                                      n=   180  res=     0.028  ortU=     9.504  ortV=     9.504  
  ev6_ec1_n92_s2_gm                                      n=   276  res=     0.024  ortU=     9.478  ortV=     9.482  
  ev8_ec1_n98_s3_gm                                      n=   294  res=     0.029  ortU=     9.468  ortV=     9.470  
  ev4_ec1_n58_s1_gm                                      n=   174  res=     0.030  ortU=     9.462  ortV=     9.457  
  ev5_ec1_n22_s0                                         n=    22  res=     0.286  ortU=     9.442  ortV=     9.424  
  ev4_ec1_n62_s1_gm                                      n=   186  res=     0.035  ortU=     9.438  ortV=     9.434  
  ev4_ec1_n57_s1_gm                                      n=   171  res=     0.030  ortU=     9.438  ortV=     9.435  
  ev3_ec1_n23_s0                                         n=    23  res=     0.290  ortU=     9.405  ortV=     9.402  
  ev3_ec1_n31_s1                                         n=    31  res=     0.208  ortU=     9.378  ortV=     9.402  
  ev5_ec4_n24_s2                                         n=    24  res=     0.289  ortU=     9.397  ortV=     9.385  
  ev4_ec4_n78_s2_gm                                      n=   234  res=     0.028  ortU=     9.389  ortV=     9.386  
  ev5_ec4_n49_s2                                         n=    49  res=     0.542  ortU=     9.325  ortV=     9.303  
  ev5_ec1_n11_s1_gm                                      n=    33  res=     0.246  ortU=     9.317  ortV=     9.318  
  ev6_ec1_n71_s1_gm                                      n=   213  res=     0.042  ortU=     9.290  ortV=     9.285  
  ev4_ec1_n80_s0_gm                                      n=   240  res=     0.024  ortU=     9.260  ortV=     9.266  
  ev3_ec1_n29_s0                                         n=    29  res=     0.255  ortU=     9.248  ortV=     9.250  
  ev5_ec4_n54_s0                                         n=    54  res=     0.727  ortU=     9.211  ortV=     9.208  
  ev5_ec4_n100_s2                                        n=   100  res=     0.973  ortU=     9.204  ortV=     9.204  
  ev6_ec1_n92_s0_gm                                      n=   276  res=     0.023  ortU=     9.172  ortV=     9.171  
  ev3_ec1_n28_s3                                         n=    28  res=     0.215  ortU=     9.150  ortV=     9.148  
  ev8_ec1_n7_s0_gm                                       n=    21  res=     0.424  ortU=     9.040  ortV=     9.085  
  ev5_ec1_n49_s0                                         n=    49  res=     0.139  ortU=     9.058  ortV=     9.060  
  ev6_ec1_n42_s3_gm                                      n=   126  res=     0.055  ortU=     9.054  ortV=     9.056  
  ev6_ec1_n35_s2_gm                                      n=   105  res=     0.080  ortU=     9.048  ortV=     9.045  
  ev6_ec1_n99_s0_gm                                      n=   297  res=     0.021  ortU=     9.044  ortV=     9.045  
  ev4_ec4_n47_s3_gm                                      n=   141  res=     0.044  ortU=     9.026  ortV=     9.026  
  ev3_ec1_n6_s3_gm                                       n=    18  res=     0.314  ortU=     9.023  ortV=     9.013  
  tri4_n77_gm                                            n=   231  res=     0.027  ortU=     8.999  ortV=     9.007  
  ev4_ec4_n73_s2_gm                                      n=   219  res=     0.023  ortU=     8.996  ortV=     8.999  
  ev9_ec1_n8_s0_gs                                       n=    16  res=     0.616  ortU=     8.991  ortV=     8.986  
  ev9_ec1_n6_s2_gs                                       n=    12  res=     0.695  ortU=     8.945  ortV=     8.983  
  ev5_ec1_n40_s1_gm                                      n=   120  res=     0.057  ortU=     8.974  ortV=     8.976  
  ev8_ec1_n82_s3_gm                                      n=   246  res=     0.031  ortU=     8.959  ortV=     8.959  
  ev5_ec1_n6_s2_gm                                       n=    18  res=     0.422  ortU=     8.932  ortV=     8.900  
  ev5_ec1_n20_s3_gm                                      n=    60  res=     0.120  ortU=     8.883  ortV=     8.896  
  ev6_ec1_n98_s0_gm                                      n=   294  res=     0.023  ortU=     8.839  ortV=     8.840  
  tri6_n66_gm                                            n=   198  res=     0.021  ortU=     8.817  ortV=     8.820  
  ev6_ec1_n100_s2_gm                                     n=   300  res=     0.022  ortU=     8.815  ortV=     8.810  
  ev6_ec1_n93_s0_gm                                      n=   279  res=     0.022  ortU=     8.806  ortV=     8.803  
  ev4_ec1_n86_s3_gm                                      n=   258  res=     0.026  ortU=     8.759  ortV=     8.756  
  ev8_ec1_n70_s2_gm                                      n=   210  res=     0.042  ortU=     8.751  ortV=     8.753  
  ev8_ec1_n54_s2_gm                                      n=   162  res=     0.063  ortU=     8.730  ortV=     8.729  
  ev5_ec1_n73_s1                                         n=    73  res=     0.074  ortU=     8.721  ortV=     8.719  
  ev5_ec1_n21_s0                                         n=    21  res=     0.360  ortU=     8.692  ortV=     8.664  
  ev4_ec4_n51_s2_gm                                      n=   153  res=     0.037  ortU=     8.674  ortV=     8.677  
  ev6_ec1_n85_s3_gm                                      n=   255  res=     0.029  ortU=     8.620  ortV=     8.623  
  ev6_ec1_n33_s1                                         n=    33  res=     0.266  ortU=     8.590  ortV=     8.622  
  ev5_ec1_n23_s3                                         n=    23  res=     0.302  ortU=     8.607  ortV=     8.619  
  ev6_ec1_n85_s0_gm                                      n=   255  res=     0.026  ortU=     8.604  ortV=     8.605  
  ev4_ec1_n87_s2_gm                                      n=   261  res=     0.022  ortU=     8.598  ortV=     8.592  
  tri3_n11_gm                                            n=    33  res=     0.203  ortU=     8.584  ortV=     8.592  
  ev5_ec4_n16_s2                                         n=    16  res=     0.458  ortU=     8.567  ortV=     8.583  
  ev5_ec1_n79_s3                                         n=    79  res=     0.085  ortU=     8.583  ortV=     8.579  
  ev9_ec1_n14_s2_gs                                      n=    28  res=     0.320  ortU=     8.572  ortV=     8.563  
  ev9_ec1_n14_s1_gs                                      n=    28  res=     0.340  ortU=     8.555  ortV=     8.542  
  ev5_ec4_n50_s1                                         n=    50  res=     0.171  ortU=     8.540  ortV=     8.544  
  ev5_ec1_n68_s0_gm                                      n=   204  res=     0.039  ortU=     8.534  ortV=     8.537  
  ev3_ec4_n42_s0                                         n=    42  res=     0.537  ortU=     8.529  ortV=     8.534  
  ev6_ec1_n51_s0                                         n=    51  res=     0.109  ortU=     8.527  ortV=     8.511  
  ev6_ec1_n31_s3                                         n=    31  res=     0.276  ortU=     8.444  ortV=     8.478  
  ev4_ec1_n53_s0_gm                                      n=   159  res=     0.037  ortU=     8.468  ortV=     8.471  
  ev4_ec4_n62_s3_gm                                      n=   186  res=     0.035  ortU=     8.429  ortV=     8.434  
  ev3_ec4_n62_s0                                         n=    62  res=     0.783  ortU=     8.431  ortV=     8.431  
  ev6_ec1_n89_s3_gm                                      n=   267  res=     0.028  ortU=     8.412  ortV=     8.413  
  ev4_ec4_n57_s1_gm                                      n=   171  res=     0.033  ortU=     8.402  ortV=     8.410  
  ev6_ec1_n45_s3_gm                                      n=   135  res=     0.055  ortU=     8.403  ortV=     8.405  
  ev3_ec4_n27_s3                                         n=    27  res=     0.531  ortU=     8.390  ortV=     8.371  
  ev3_ec4_n26_s1                                         n=    26  res=     0.850  ortU=     8.387  ortV=     8.384  
  ev3_ec1_n23_s1                                         n=    23  res=     0.247  ortU=     8.366  ortV=     8.373  
  ev3_ec1_n5_s0_gm                                       n=    15  res=     0.467  ortU=     8.337  ortV=     8.363  
  ev4_ec4_n71_s0_gm                                      n=   213  res=     0.027  ortU=     8.353  ortV=     8.354  
  ev5_ec1_n24_s3                                         n=    24  res=     0.255  ortU=     8.350  ortV=     8.347  
  ev3_ec4_n43_s1                                         n=    43  res=     0.998  ortU=     8.345  ortV=     8.345  
  ev3_ec1_n12_s0_gm                                      n=    36  res=     0.181  ortU=     8.312  ortV=     8.312  
  ev3_ec1_n30_s2                                         n=    30  res=     0.211  ortU=     8.289  ortV=     8.280  
  ev3_ec4_n40_s0                                         n=    40  res=     0.876  ortU=     8.234  ortV=     8.246  
  ev4_ec1_n36_s1_gm                                      n=   108  res=     0.053  ortU=     8.148  ortV=     8.150  
  tri4_n70_gm                                            n=   210  res=     0.027  ortU=     8.117  ortV=     8.121  
  ev5_ec4_n32_s2                                         n=    32  res=     0.891  ortU=     8.115  ortV=     8.106  
  tri6_n75_gm                                            n=   225  res=     0.019  ortU=     8.105  ortV=     8.107  
  ev9_ec1_n11_s1_gs                                      n=    22  res=     0.426  ortU=     8.074  ortV=     8.106  
  ev3_ec4_n24_s0                                         n=    24  res=     0.344  ortU=     8.077  ortV=     8.100  
  ev5_ec1_n47_s1                                         n=    47  res=     0.132  ortU=     8.089  ortV=     8.081  
  ev5_ec4_n31_s2                                         n=    31  res=     0.482  ortU=     8.073  ortV=     8.056  
  ev4_ec4_n54_s0_gm                                      n=   162  res=     0.039  ortU=     8.012  ortV=     8.007  
  ev6_ec1_n20_s1_gm                                      n=    60  res=     0.116  ortU=     7.996  ortV=     7.998  
  ev5_ec4_n46_s2                                         n=    46  res=     0.918  ortU=     7.976  ortV=     7.986  
  ev3_ec4_n30_s1                                         n=    30  res=     0.429  ortU=     7.969  ortV=     7.954  
  ev5_ec1_n57_s2                                         n=    57  res=     0.115  ortU=     7.959  ortV=     7.958  
  ev4_ec1_n69_s2_gm                                      n=   207  res=     0.026  ortU=     7.930  ortV=     7.924  
  ev4_ec4_n86_s3_gm                                      n=   258  res=     0.022  ortU=     7.909  ortV=     7.907  
  ev5_ec4_n35_s1_gm                                      n=   105  res=     0.070  ortU=     7.902  ortV=     7.907  
  ev6_ec1_n41_s2_gm                                      n=   123  res=     0.065  ortU=     7.877  ortV=     7.879  
  ev6_ec1_n28_s0                                         n=    28  res=     0.220  ortU=     7.845  ortV=     7.826  
  tri6_n68_gm                                            n=   204  res=     0.020  ortU=     7.843  ortV=     7.843  
  ev6_ec1_n15_s3_gs                                      n=    30  res=     0.604  ortU=     7.826  ortV=     7.799  
  ev5_ec1_n81_s2_gm                                      n=   243  res=     0.027  ortU=     7.799  ortV=     7.797  
  ev4_ec4_n81_s3_gm                                      n=   243  res=     0.023  ortU=     7.798  ortV=     7.798  
  ev5_ec1_n47_s2                                         n=    47  res=     0.148  ortU=     7.773  ortV=     7.763  
  ev4_ec4_n92_s2_gm                                      n=   276  res=     0.017  ortU=     7.772  ortV=     7.773  
  ev4_ec1_n66_s2_gm                                      n=   198  res=     0.030  ortU=     7.764  ortV=     7.772  
  ev4_ec1_n54_s3_gm                                      n=   162  res=     0.044  ortU=     7.767  ortV=     7.766  
  ev3_ec1_n50_s3                                         n=    50  res=     0.131  ortU=     7.764  ortV=     7.763  
  ev6_ec1_n40_s0                                         n=    40  res=     0.190  ortU=     7.737  ortV=     7.707  
  ev6_ec1_n72_s1_gm                                      n=   216  res=     0.040  ortU=     7.701  ortV=     7.696  
  ev4_ec4_n63_s3_gm                                      n=   189  res=     0.038  ortU=     7.691  ortV=     7.692  
  ev6_ec1_n65_s0                                         n=    65  res=     0.095  ortU=     7.663  ortV=     7.660  
  ev3_ec1_n15_s0                                         n=    15  res=     0.411  ortU=     7.550  ortV=     7.650  
  ev3_ec1_n14_s0_gm                                      n=    42  res=     0.155  ortU=     7.626  ortV=     7.636  
  tri7_n57_gm                                            n=   171  res=     0.028  ortU=     7.627  ortV=     7.627  
  ev4_ec1_n99_s2_gm                                      n=   297  res=     0.021  ortU=     7.615  ortV=     7.613  
  ev4_ec1_n45_s2_gm                                      n=   135  res=     0.037  ortU=     7.598  ortV=     7.602  
  ev6_ec1_n81_s1_gm                                      n=   243  res=     0.034  ortU=     7.594  ortV=     7.593  
  ev6_ec1_n71_s3_gm                                      n=   213  res=     0.038  ortU=     7.571  ortV=     7.570  
  ev3_ec4_n13_s1_gm                                      n=    39  res=     0.201  ortU=     7.556  ortV=     7.556  
  ev9_ec1_n20_s0_gs                                      n=    40  res=     0.254  ortU=     7.496  ortV=     7.506  
  ev5_ec1_n28_s2                                         n=    28  res=     0.242  ortU=     7.501  ortV=     7.492  
  ev3_ec1_n13_s2                                         n=    13  res=     0.491  ortU=     7.455  ortV=     7.498  
  ev4_ec1_n98_s1_gm                                      n=   294  res=     0.024  ortU=     7.496  ortV=     7.493  
  ev3_ec1_n31_s0_gs                                      n=    62  res=     0.799  ortU=     7.488  ortV=     7.488  
  tri6_n95_gm                                            n=   285  res=     0.015  ortU=     7.468  ortV=     7.465  
  ev4_ec1_n78_s2_gm                                      n=   234  res=     0.026  ortU=     7.460  ortV=     7.463  
  tri4_n69_gm                                            n=   207  res=     0.034  ortU=     7.460  ortV=     7.460  
  tri6_n43_gm                                            n=   129  res=     0.032  ortU=     7.437  ortV=     7.437  
  ev3_ec4_n12_s3                                         n=    12  res=     0.503  ortU=     7.425  ortV=     7.434  
  ev5_ec1_n6_s0_gm                                       n=    18  res=     0.314  ortU=     7.427  ortV=     7.414  
  ev6_ec1_n31_s0                                         n=    31  res=     0.196  ortU=     7.409  ortV=     7.421  
  ev6_ec1_n67_s2_gm                                      n=   201  res=     0.044  ortU=     7.411  ortV=     7.416  
  ev4_ec1_n95_s1_gm                                      n=   285  res=     0.022  ortU=     7.407  ortV=     7.401  
  ev5_ec4_n29_s2                                         n=    29  res=     1.207  ortU=     7.395  ortV=     7.403  
  ev3_ec4_n89_s0                                         n=    89  res=     1.031  ortU=     7.398  ortV=     7.402  
  ev5_ec4_n27_s3                                         n=    27  res=     0.279  ortU=     7.390  ortV=     7.397  
  ev5_ec4_n40_s0                                         n=    40  res=     0.938  ortU=     7.395  ortV=     7.377  
  ev4_ec1_n70_s0_gm                                      n=   210  res=     0.031  ortU=     7.362  ortV=     7.365  
  ev3_ec1_n18_s3                                         n=    18  res=     0.294  ortU=     7.339  ortV=     7.365  
  ev3_ec1_n13_s1_gm                                      n=    39  res=     0.169  ortU=     7.340  ortV=     7.354  
  ev5_ec4_n29_s1_gs                                      n=    58  res=     0.123  ortU=     7.342  ortV=     7.332  
  ev3_ec1_n47_s3                                         n=    47  res=     0.143  ortU=     7.314  ortV=     7.313  
  ev5_ec1_n33_s2_gm                                      n=    99  res=     0.079  ortU=     7.310  ortV=     7.310  
  ev3_ec1_n6_s1_gm                                       n=    18  res=     0.413  ortU=     7.275  ortV=     7.285  
  ev6_ec1_n46_s2_gm                                      n=   138  res=     0.067  ortU=     7.278  ortV=     7.284  
  ev6_ec1_n87_s3_gm                                      n=   261  res=     0.034  ortU=     7.248  ortV=     7.254  
  ev4_ec4_n45_s0_gm                                      n=   135  res=     0.041  ortU=     7.246  ortV=     7.250  
  ev4_ec4_n75_s3_gm                                      n=   225  res=     0.029  ortU=     7.232  ortV=     7.234  
  ev6_ec1_n83_s3_gm                                      n=   249  res=     0.039  ortU=     7.221  ortV=     7.217  
  ev4_ec1_n90_s1_gm                                      n=   270  res=     0.024  ortU=     7.218  ortV=     7.217  
  ev5_ec1_n62_s2_gm                                      n=   186  res=     0.039  ortU=     7.214  ortV=     7.213  
  ev5_ec1_n5_s0                                          n=     5  res=     0.992  ortU=     7.120  ortV=     7.183  
  ev3_ec4_n19_s1_gs                                      n=    38  res=     0.331  ortU=     7.171  ortV=     7.154  
  ev5_ec1_n24_s3_gm                                      n=    72  res=     0.097  ortU=     7.165  ortV=     7.164  
  ev6_ec1_n73_s3_gm                                      n=   219  res=     0.033  ortU=     7.156  ortV=     7.162  
  ev6_ec1_n72_s3_gm                                      n=   216  res=     0.042  ortU=     7.154  ortV=     7.154  
  ev5_ec4_n88_s1                                         n=    88  res=     0.073  ortU=     7.151  ortV=     7.154  
  ev3_ec1_n13_s1                                         n=    13  res=     0.462  ortU=     7.126  ortV=     7.143  
  ev5_ec1_n95_s2_gm                                      n=   285  res=     0.025  ortU=     7.129  ortV=     7.130  
  ev5_ec4_n9_s1                                          n=     9  res=     1.144  ortU=     7.115  ortV=     7.049  
  ev5_ec4_n70_s2_gs                                      n=   140  res=     0.722  ortU=     7.093  ortV=     7.093  
  ev3_ec1_n41_s0                                         n=    41  res=     0.166  ortU=     7.084  ortV=     7.077  
  ev5_ec4_n45_s2                                         n=    45  res=     0.989  ortU=     7.082  ortV=     7.080  
  tri7_n75_gm                                            n=   225  res=     0.022  ortU=     7.074  ortV=     7.076  
  ev5_ec1_n3_s1                                          n=     3  res=     1.699  ortU=     7.072  ortV=     7.065  
  ev9_ec1_n9_s1_gs                                       n=    18  res=     0.476  ortU=     7.029  ortV=     7.069  
  ev3_ec4_n15_s3                                         n=    15  res=     0.488  ortU=     7.035  ortV=     7.065  
  ev4_ec4_n99_s2_gm                                      n=   297  res=     0.023  ortU=     7.063  ortV=     7.063  
  ev5_ec4_n75_s0                                         n=    75  res=     1.186  ortU=     7.060  ortV=     7.060  
  ev5_ec1_n43_s2                                         n=    43  res=     0.140  ortU=     7.058  ortV=     7.059  
  ev5_ec1_n57_s3                                         n=    57  res=     0.129  ortU=     7.055  ortV=     7.049  
  ev5_ec1_n22_s1                                         n=    22  res=     0.326  ortU=     7.026  ortV=     7.050  
  ev5_ec1_n49_s3                                         n=    49  res=     0.133  ortU=     7.039  ortV=     7.030  
  ev5_ec4_n29_s0                                         n=    29  res=     1.159  ortU=     7.026  ortV=     7.035  
  ev5_ec4_n40_s3_gs                                      n=    80  res=     0.152  ortU=     7.027  ortV=     7.031  
  ev3_ec1_n4_s2                                          n=     4  res=     2.336  ortU=     6.854  ortV=     7.003  
  ev6_ec1_n79_s2_gm                                      n=   237  res=     0.036  ortU=     6.991  ortV=     6.984  
  ev6_ec1_n24_s3                                         n=    24  res=     0.291  ortU=     6.972  ortV=     6.979  
  tri4_n82_gm                                            n=   246  res=     0.024  ortU=     6.974  ortV=     6.973  
  ev3_ec4_n46_s1                                         n=    46  res=     0.753  ortU=     6.960  ortV=     6.959  
  ev4_ec1_n65_s2_gm                                      n=   195  res=     0.028  ortU=     6.924  ortV=     6.923  
  tri4_n67_gm                                            n=   201  res=     0.027  ortU=     6.920  ortV=     6.915  
  ev6_ec1_n32_s3                                         n=    32  res=     0.257  ortU=     6.883  ortV=     6.915  
  ev8_ec1_n94_s0_gm                                      n=   282  res=     0.033  ortU=     6.898  ortV=     6.898  
  ev4_ec1_n57_s2_gm                                      n=   171  res=     0.030  ortU=     6.886  ortV=     6.889  
  ev6_ec1_n88_s0                                         n=    88  res=     0.068  ortU=     6.868  ortV=     6.853  
  ev9_ec1_n20_s2_gs                                      n=    40  res=     0.246  ortU=     6.845  ortV=     6.820  
  ev3_ec1_n35_s1                                         n=    35  res=     0.190  ortU=     6.841  ortV=     6.828  
  ev5_ec4_n93_s1                                         n=    93  res=     0.867  ortU=     6.839  ortV=     6.840  
  ev3_ec4_n53_s2                                         n=    53  res=     0.804  ortU=     6.832  ortV=     6.816  
  ev4_ec1_n81_s2_gm                                      n=   243  res=     0.025  ortU=     6.810  ortV=     6.811  
  tri4_n91_gm                                            n=   273  res=     0.021  ortU=     6.806  ortV=     6.808  
  ev3_ec4_n33_s3_gs                                      n=    66  res=     0.624  ortU=     6.808  ortV=     6.806  
  ev5_ec4_n95_s2                                         n=    95  res=     0.858  ortU=     6.797  ortV=     6.792  
  ev4_ec4_n66_s2_gm                                      n=   198  res=     0.033  ortU=     6.776  ortV=     6.783  
  ev4_ec1_n50_s0_gm                                      n=   150  res=     0.035  ortU=     6.765  ortV=     6.767  
  ev6_ec1_n9_s1                                          n=     9  res=     0.714  ortU=     6.708  ortV=     6.764  
  tri6_n60_gm                                            n=   180  res=     0.024  ortU=     6.760  ortV=     6.762  
  ev9_ec1_n10_s2_gs                                      n=    20  res=     0.415  ortU=     6.754  ortV=     6.743  
  ev3_ec4_n22_s3_gs                                      n=    44  res=     0.897  ortU=     6.754  ortV=     6.745  
  ev8_ec1_n13_s0_gm                                      n=    39  res=     0.177  ortU=     6.741  ortV=     6.751  
  ev5_ec1_n14_s3_gs                                      n=    28  res=     0.604  ortU=     6.732  ortV=     6.750  
  ev6_ec1_n47_s1_gm                                      n=   141  res=     0.047  ortU=     6.742  ortV=     6.739  
  ev3_ec1_n48_s1                                         n=    48  res=     0.127  ortU=     6.731  ortV=     6.727  
  ev9_ec1_n17_s3_gs                                      n=    34  res=     0.266  ortU=     6.724  ortV=     6.718  
  ev3_ec4_n84_s2                                         n=    84  res=     0.703  ortU=     6.720  ortV=     6.716  
  ev5_ec1_n29_s2                                         n=    29  res=     0.228  ortU=     6.695  ortV=     6.699  
  ev4_ec4_n83_s3_gm                                      n=   249  res=     0.022  ortU=     6.684  ortV=     6.681  
  ev5_ec4_n43_s0                                         n=    43  res=     0.613  ortU=     6.682  ortV=     6.679  
  ev9_ec1_n14_s0_gs                                      n=    28  res=     0.347  ortU=     6.667  ortV=     6.658  
  ev4_ec1_n84_s3_gm                                      n=   252  res=     0.029  ortU=     6.659  ortV=     6.662  
  ev5_ec4_n27_s1                                         n=    27  res=     0.251  ortU=     6.653  ortV=     6.630  
  ev4_ec1_n83_s1_gm                                      n=   249  res=     0.029  ortU=     6.638  ortV=     6.640  
  ev6_ec1_n14_s1                                         n=    14  res=     0.629  ortU=     6.616  ortV=     6.634  
  ev5_ec1_n71_s2_gm                                      n=   213  res=     0.030  ortU=     6.629  ortV=     6.624  
  ev3_ec1_n94_s0                                         n=    94  res=     0.070  ortU=     6.626  ortV=     6.623  
  ev5_ec4_n50_s0                                         n=    50  res=     0.196  ortU=     6.607  ortV=     6.611  
  ev3_ec4_n51_s3                                         n=    51  res=     0.740  ortU=     6.605  ortV=     6.605  
  ev4_ec4_n34_s1_gm                                      n=   102  res=     0.044  ortU=     6.586  ortV=     6.585  
  ev4_ec1_n94_s0_gm                                      n=   282  res=     0.019  ortU=     6.577  ortV=     6.581  
  ev8_ec1_n76_s1_gm                                      n=   228  res=     0.033  ortU=     6.562  ortV=     6.562  
  ev6_ec1_n43_s0_gm                                      n=   129  res=     0.039  ortU=     6.562  ortV=     6.557  
  ev3_ec4_n13_s2_gm                                      n=    39  res=     0.988  ortU=     6.560  ortV=     6.555  
  ev3_ec1_n27_s2                                         n=    27  res=     0.216  ortU=     6.550  ortV=     6.559  
  ev4_ec4_n69_s3_gm                                      n=   207  res=     0.036  ortU=     6.550  ortV=     6.551  
  ev3_ec4_n14_s1_gs                                      n=    28  res=     0.308  ortU=     6.549  ortV=     6.531  
  ev5_ec1_n71_s0                                         n=    71  res=     0.145  ortU=     6.544  ortV=     6.548  
  ev4_ec4_n90_s3_gm                                      n=   270  res=     0.025  ortU=     6.542  ortV=     6.538  
  ev4_ec1_n97_s2_gm                                      n=   291  res=     0.024  ortU=     6.541  ortV=     6.540  
  ev5_ec4_n88_s1_gm                                      n=   264  res=     0.855  ortU=     6.523  ortV=     6.525  
  ev3_ec1_n20_s0                                         n=    20  res=     0.311  ortU=     6.494  ortV=     6.524  
  ev3_ec4_n27_s2                                         n=    27  res=     0.767  ortU=     6.503  ortV=     6.519  
  ev5_ec4_n21_s2_gm                                      n=    63  res=     0.589  ortU=     6.498  ortV=     6.498  
  tri4_n85_gm                                            n=   255  res=     0.021  ortU=     6.492  ortV=     6.496  
  ev6_ec1_n15_s0                                         n=    15  res=     0.442  ortU=     6.489  ortV=     6.493  
  ev3_ec1_n9_s3_gm                                       n=    27  res=     0.220  ortU=     6.476  ortV=     6.488  
  ev5_ec1_n14_s0_gm                                      n=    42  res=     0.158  ortU=     6.474  ortV=     6.487  
  ev4_ec4_n46_s3_gm                                      n=   138  res=     0.047  ortU=     6.483  ortV=     6.487  
  ev6_ec1_n26_s1_gm                                      n=    78  res=     0.092  ortU=     6.485  ortV=     6.482  
  ev5_ec1_n51_s3                                         n=    51  res=     0.120  ortU=     6.484  ortV=     6.484  
  ev6_ec1_n48_s3                                         n=    48  res=     0.144  ortU=     6.470  ortV=     6.477  
  ev5_ec4_n37_s0                                         n=    37  res=     0.674  ortU=     6.439  ortV=     6.415  
  ev5_ec1_n20_s0_gs                                      n=    40  res=     0.642  ortU=     6.433  ortV=     6.418  
  ev5_ec4_n14_s1                                         n=    14  res=     0.498  ortU=     6.428  ortV=     6.417  
  ev5_ec4_n42_s1_gs                                      n=    84  res=     0.088  ortU=     6.427  ortV=     6.421  
  tri7_n94_gm                                            n=   282  res=     0.023  ortU=     6.416  ortV=     6.417  
  ev3_ec1_n35_s2                                         n=    35  res=     0.173  ortU=     6.404  ortV=     6.406  
  ev4_ec1_n55_s2_gm                                      n=   165  res=     0.036  ortU=     6.404  ortV=     6.405  
  ev5_ec1_n36_s0                                         n=    36  res=     0.178  ortU=     6.387  ortV=     6.401  
  ev5_ec4_n13_s1_gm                                      n=    39  res=     0.185  ortU=     6.396  ortV=     6.394  
  ev5_ec1_n12_s3                                         n=    12  res=     0.476  ortU=     6.312  ortV=     6.385  
  ev6_ec1_n8_s1                                          n=     8  res=     0.788  ortU=     6.344  ortV=     6.384  
  ev4_ec1_n70_s3_gm                                      n=   210  res=     0.026  ortU=     6.371  ortV=     6.365  
  tri4_n98_gm                                            n=   294  res=     0.025  ortU=     6.366  ortV=     6.368  
  ev5_ec1_n33_s1                                         n=    33  res=     0.203  ortU=     6.355  ortV=     6.357  
  ev6_ec1_n38_s3                                         n=    38  res=     0.168  ortU=     6.332  ortV=     6.353  
  ev4_ec4_n97_s1_gm                                      n=   291  res=     0.024  ortU=     6.347  ortV=     6.352  
  ev4_ec1_n31_s2_gm                                      n=    93  res=     0.053  ortU=     6.343  ortV=     6.346  
  ev6_ec1_n38_s0_gm                                      n=   114  res=     0.052  ortU=     6.339  ortV=     6.345  
  ev3_ec4_n42_s3                                         n=    42  res=     0.914  ortU=     6.342  ortV=     6.334  
  ev6_ec1_n96_s1_gm                                      n=   288  res=     0.027  ortU=     6.335  ortV=     6.335  
  ev4_ec1_n100_s0_gm                                     n=   300  res=     0.019  ortU=     6.327  ortV=     6.326  
  ev4_ec4_n37_s3_gm                                      n=   111  res=     0.053  ortU=     6.323  ortV=     6.323  
  ev5_ec4_n9_s0                                          n=     9  res=     0.819  ortU=     6.323  ortV=     6.237  
  ev3_ec4_n41_s2                                         n=    41  res=     1.018  ortU=     6.282  ortV=     6.313  
  ev6_ec1_n55_s1_gm                                      n=   165  res=     0.047  ortU=     6.311  ortV=     6.313  
  ev6_ec1_n55_s0_gm                                      n=   165  res=     0.040  ortU=     6.309  ortV=     6.311  
  ev3_ec4_n9_s1_gm                                       n=    27  res=     0.361  ortU=     6.311  ortV=     6.303  
  ev4_ec1_n78_s1_gm                                      n=   234  res=     0.026  ortU=     6.309  ortV=     6.309  
  ev4_ec1_n93_s0_gm                                      n=   279  res=     0.020  ortU=     6.283  ortV=     6.280  
  ev9_ec1_n7_s1_gs                                       n=    14  res=     0.596  ortU=     6.274  ortV=     6.261  
  ev6_ec1_n95_s0_gm                                      n=   285  res=     0.031  ortU=     6.271  ortV=     6.271  
  ev3_ec1_n12_s0                                         n=    12  res=     0.605  ortU=     6.268  ortV=     6.230  
  ev6_ec1_n34_s0                                         n=    34  res=     0.198  ortU=     6.268  ortV=     6.264  
  ev5_ec4_n24_s1                                         n=    24  res=     0.299  ortU=     6.251  ortV=     6.262  
  ev9_ec1_n9_s3_gs                                       n=    18  res=     0.479  ortU=     6.245  ortV=     6.257  
  ev5_ec4_n15_s0_gs                                      n=    30  res=     0.219  ortU=     6.254  ortV=     6.244  
  tri4_n94_gm                                            n=   282  res=     0.019  ortU=     6.252  ortV=     6.251  
  ev3_ec1_n63_s2                                         n=    63  res=     0.087  ortU=     6.247  ortV=     6.250  
  ev5_ec1_n19_s0_gs                                      n=    38  res=     0.706  ortU=     6.232  ortV=     6.249  
  ev5_ec4_n13_s0_gs                                      n=    26  res=     0.290  ortU=     6.232  ortV=     6.209  
  ev3_ec1_n19_s3_gm                                      n=    57  res=     0.120  ortU=     6.231  ortV=     6.224  
  ev6_ec1_n34_s3                                         n=    34  res=     0.230  ortU=     6.226  ortV=     6.209  
  ev6_ec1_n54_s0                                         n=    54  res=     0.148  ortU=     6.225  ortV=     6.219  
  ev6_ec1_n100_s1_gm                                     n=   300  res=     0.027  ortU=     6.220  ortV=     6.220  
  ev5_ec4_n8_s0_gs                                       n=    16  res=     0.485  ortU=     6.202  ortV=     6.220  
  ev4_ec1_n61_s3_gm                                      n=   183  res=     0.029  ortU=     6.197  ortV=     6.200  
  ev5_ec4_n18_s1_gs                                      n=    36  res=     0.772  ortU=     6.196  ortV=     6.197  
  ev6_ec1_n98_s0                                         n=    98  res=     0.081  ortU=     6.191  ortV=     6.174  
  ev5_ec4_n6_s0                                          n=     6  res=     1.208  ortU=     6.099  ortV=     6.167  
  ev5_ec4_n31_s0                                         n=    31  res=     0.224  ortU=     6.138  ortV=     6.142  
  ev5_ec1_n45_s0                                         n=    45  res=     0.152  ortU=     6.130  ortV=     6.141  
  ev6_ec1_n78_s0_gm                                      n=   234  res=     0.027  ortU=     6.131  ortV=     6.134  
  ev4_ec1_n42_s1_gm                                      n=   126  res=     0.039  ortU=     6.129  ortV=     6.126  
  ev6_ec1_n78_s3_gm                                      n=   234  res=     0.041  ortU=     6.123  ortV=     6.125  
  ev5_ec4_n73_s3                                         n=    73  res=     0.313  ortU=     6.110  ortV=     6.124  
  ev4_ec1_n92_s2_gm                                      n=   276  res=     0.020  ortU=     6.116  ortV=     6.115  
  ev3_ec1_n48_s3                                         n=    48  res=     0.157  ortU=     6.110  ortV=     6.116  
  ev4_ec1_n81_s1_gm                                      n=   243  res=     0.025  ortU=     6.111  ortV=     6.112  
  ev5_ec4_n25_s1                                         n=    25  res=     0.285  ortU=     6.111  ortV=     6.102  
  ev3_ec4_n43_s3_gs                                      n=    86  res=     0.479  ortU=     6.106  ortV=     6.105  
  ev3_ec4_n25_s0                                         n=    25  res=     0.279  ortU=     6.092  ortV=     6.104  
  ev3_ec4_n16_s0                                         n=    16  res=     0.401  ortU=     6.071  ortV=     6.103  
  ev3_ec4_n28_s1                                         n=    28  res=     0.239  ortU=     6.086  ortV=     6.097  
  ev6_ec1_n81_s2_gm                                      n=   243  res=     0.030  ortU=     6.094  ortV=     6.092  
  tri6_n63_gm                                            n=   189  res=     0.022  ortU=     6.092  ortV=     6.092  
  ev5_ec4_n93_s2                                         n=    93  res=     0.729  ortU=     6.081  ortV=     6.089  
  ev5_ec1_n42_s2                                         n=    42  res=     0.161  ortU=     6.085  ortV=     6.079  
  ev4_ec1_n36_s2_gm                                      n=   108  res=     0.047  ortU=     6.083  ortV=     6.085  
  ev4_ec4_n41_s2_gm                                      n=   123  res=     0.052  ortU=     6.079  ortV=     6.070  
  ev4_ec1_n44_s1_gm                                      n=   132  res=     0.046  ortU=     6.068  ortV=     6.076  
  ev3_ec1_n11_s3_gm                                      n=    33  res=     0.170  ortU=     6.074  ortV=     6.069  
  ev3_ec1_n18_s3_gs                                      n=    36  res=     0.616  ortU=     6.062  ortV=     6.073  
  ev5_ec1_n25_s1                                         n=    25  res=     0.298  ortU=     6.066  ortV=     6.045  
  ev3_ec4_n35_s2                                         n=    35  res=     0.312  ortU=     6.065  ortV=     6.065  
  ev4_ec4_n77_s1_gm                                      n=   231  res=     0.028  ortU=     6.054  ortV=     6.048  
  ev6_ec1_n96_s3_gm                                      n=   288  res=     0.027  ortU=     6.051  ortV=     6.053  
  ev4_ec4_n76_s0_gm                                      n=   228  res=     0.026  ortU=     6.040  ortV=     6.050  
  ev5_ec1_n47_s3                                         n=    47  res=     0.132  ortU=     6.028  ortV=     6.046  
  ev3_ec4_n40_s3                                         n=    40  res=     0.922  ortU=     6.031  ortV=     6.041  
  ev4_ec1_n100_s2_gm                                     n=   300  res=     0.022  ortU=     6.034  ortV=     6.031  
  ev6_ec1_n23_s2_gm                                      n=    69  res=     0.115  ortU=     6.027  ortV=     6.016  
  ev6_ec1_n53_s2_gm                                      n=   159  res=     0.051  ortU=     6.011  ortV=     6.012  
  ev9_ec1_n5_s3_gs                                       n=    10  res=     0.809  ortU=     6.009  ortV=     6.004  
  ev3_ec4_n36_s0                                         n=    36  res=     0.231  ortU=     6.004  ortV=     6.006  
  ev4_ec1_n35_s0_gm                                      n=   105  res=     0.065  ortU=     5.997  ortV=     5.998  
  tri7_n90_gm                                            n=   270  res=     0.019  ortU=     5.992  ortV=     5.994  
  ev4_ec1_n83_s3_gm                                      n=   249  res=     0.022  ortU=     5.993  ortV=     5.993  
  ev5_ec4_n48_s3                                         n=    48  res=     0.369  ortU=     5.988  ortV=     5.988  
  ev9_ec1_n9_s0_gs                                       n=    18  res=     0.463  ortU=     5.974  ortV=     5.964  
  ev5_ec4_n68_s3                                         n=    68  res=     0.372  ortU=     5.949  ortV=     5.944  
  ev3_ec1_n5_s1_gm                                       n=    15  res=     0.541  ortU=     5.940  ortV=     5.906  
  ev5_ec1_n30_s0                                         n=    30  res=     0.212  ortU=     5.938  ortV=     5.924  
  ev5_ec1_n66_s0                                         n=    66  res=     0.180  ortU=     5.914  ortV=     5.919  
  ev4_ec1_n80_s1_gm                                      n=   240  res=     0.023  ortU=     5.899  ortV=     5.899  
  ev6_ec1_n42_s1_gm                                      n=   126  res=     0.059  ortU=     5.883  ortV=     5.894  
  tri6_n57_gm                                            n=   171  res=     0.027  ortU=     5.887  ortV=     5.883  
  ev3_ec4_n46_s3                                         n=    46  res=     0.446  ortU=     5.887  ortV=     5.881  
  ev5_ec1_n42_s3_gs                                      n=    84  res=     0.774  ortU=     5.876  ortV=     5.879  
  ev5_ec1_n55_s2_gm                                      n=   165  res=     0.041  ortU=     5.875  ortV=     5.874  
  ev5_ec1_n57_s3_gs                                      n=   114  res=     0.623  ortU=     5.870  ortV=     5.872  
  ev5_ec1_n21_s3_gm                                      n=    63  res=     0.108  ortU=     5.869  ortV=     5.871  
  ev4_ec1_n46_s2_gm                                      n=   138  res=     0.052  ortU=     5.868  ortV=     5.867  
  tri6_n82_gm                                            n=   246  res=     0.019  ortU=     5.861  ortV=     5.864  
  ev5_ec1_n92_s3_gm                                      n=   276  res=     0.025  ortU=     5.862  ortV=     5.862  
  ev3_ec4_n15_s2                                         n=    15  res=     0.465  ortU=     5.858  ortV=     5.851  
  tri4_n99_gm                                            n=   297  res=     0.020  ortU=     5.852  ortV=     5.853  
  ev5_ec1_n18_s3_gm                                      n=    54  res=     0.135  ortU=     5.842  ortV=     5.824  
  ev4_ec1_n50_s1_gm                                      n=   150  res=     0.038  ortU=     5.795  ortV=     5.804  
  ev5_ec4_n76_s2                                         n=    76  res=     0.890  ortU=     5.779  ortV=     5.792  
  ev5_ec4_n67_s1                                         n=    67  res=     0.154  ortU=     5.784  ortV=     5.783  
  ev5_ec4_n48_s2                                         n=    48  res=     0.542  ortU=     5.756  ortV=     5.771  
  ev5_ec1_n25_s3_gm                                      n=    75  res=     0.106  ortU=     5.767  ortV=     5.770  
  ev4_ec4_n82_s0_gm                                      n=   246  res=     0.027  ortU=     5.767  ortV=     5.766  
  ev3_ec1_n54_s1_gm                                      n=   162  res=     0.047  ortU=     5.766  ortV=     5.765  
  ev3_ec4_n23_s3                                         n=    23  res=     0.929  ortU=     5.748  ortV=     5.731  
  ev3_ec1_n35_s0                                         n=    35  res=     0.213  ortU=     5.724  ortV=     5.744  
  ev4_ec1_n79_s2_gm                                      n=   237  res=     0.025  ortU=     5.743  ortV=     5.739  
  tri4_n61_gm                                            n=   183  res=     0.024  ortU=     5.740  ortV=     5.740  
  ev8_ec1_n37_s0_gm                                      n=   111  res=     0.070  ortU=     5.730  ortV=     5.732  
  ev4_ec1_n39_s2_gm                                      n=   117  res=     0.044  ortU=     5.715  ortV=     5.723  
  ev3_ec1_n94_s1                                         n=    94  res=     0.063  ortU=     5.715  ortV=     5.721  
  ev5_ec1_n2_s1_gs                                       n=     4  res=     2.657  ortU=     5.531  ortV=     5.715  
  ev3_ec1_n25_s1_gs                                      n=    50  res=     0.800  ortU=     5.705  ortV=     5.700  
  tri7_n59_gm                                            n=   177  res=     0.030  ortU=     5.695  ortV=     5.699  
  tri7_n65_gm                                            n=   195  res=     0.023  ortU=     5.695  ortV=     5.691  
  ev4_ec4_n81_s1_gm                                      n=   243  res=     0.037  ortU=     5.675  ortV=     5.678  
  tri6_n85_gm                                            n=   255  res=     0.021  ortU=     5.676  ortV=     5.677  
  ev5_ec1_n57_s1_gs                                      n=   114  res=     0.787  ortU=     5.673  ortV=     5.673  
  ev5_ec4_n37_s1                                         n=    37  res=     0.189  ortU=     5.660  ortV=     5.662  
  ev4_ec1_n78_s3_gm                                      n=   234  res=     0.023  ortU=     5.650  ortV=     5.654  
  ev5_ec1_n13_s2_gm                                      n=    39  res=     0.141  ortU=     5.651  ortV=     5.645  
  ev8_ec1_n84_s2_gm                                      n=   252  res=     0.035  ortU=     5.648  ortV=     5.651  
  ev3_ec4_n38_s0                                         n=    38  res=     0.834  ortU=     5.641  ortV=     5.649  
  ev3_ec4_n18_s1                                         n=    18  res=     0.376  ortU=     5.645  ortV=     5.648  
  ev3_ec1_n75_s0                                         n=    75  res=     0.088  ortU=     5.635  ortV=     5.644  
  ev5_ec1_n24_s1                                         n=    24  res=     0.279  ortU=     5.631  ortV=     5.638  
  ev9_ec1_n18_s1_gs                                      n=    36  res=     0.274  ortU=     5.622  ortV=     5.636  
  ev5_ec4_n11_s3                                         n=    11  res=     0.707  ortU=     5.598  ortV=     5.632  
  ev3_ec4_n40_s1                                         n=    40  res=     0.513  ortU=     5.627  ortV=     5.631  
  ev3_ec4_n21_s1                                         n=    21  res=     0.306  ortU=     5.622  ortV=     5.575  
  ev6_ec1_n57_s0_gm                                      n=   171  res=     0.039  ortU=     5.622  ortV=     5.621  
  ev5_ec1_n19_s2                                         n=    19  res=     0.360  ortU=     5.614  ortV=     5.620  
  ev5_ec1_n73_s1_gs                                      n=   146  res=     0.886  ortU=     5.619  ortV=     5.620  
  ev8_ec1_n7_s1_gm                                       n=    21  res=     0.358  ortU=     5.585  ortV=     5.610  
  ev3_ec4_n34_s2                                         n=    34  res=     0.821  ortU=     5.581  ortV=     5.593  
  ev3_ec1_n78_s1                                         n=    78  res=     0.080  ortU=     5.591  ortV=     5.593  
  ev9_ec1_n13_s3_gs                                      n=    26  res=     0.353  ortU=     5.589  ortV=     5.584  
  ev4_ec4_n88_s1_gm                                      n=   264  res=     0.023  ortU=     5.587  ortV=     5.587  
  ev3_ec1_n39_s3                                         n=    39  res=     0.169  ortU=     5.568  ortV=     5.570  
  ev3_ec1_n19_s0                                         n=    19  res=     0.385  ortU=     5.569  ortV=     5.568  
  ev3_ec4_n38_s1                                         n=    38  res=     0.783  ortU=     5.551  ortV=     5.567  
  ev5_ec1_n30_s2                                         n=    30  res=     0.253  ortU=     5.549  ortV=     5.566  
  ev5_ec4_n35_s1                                         n=    35  res=     0.200  ortU=     5.565  ortV=     5.552  
  ev9_ec1_n5_s2_gs                                       n=    10  res=     0.847  ortU=     5.560  ortV=     5.551  
  ev5_ec1_n13_s0_gs                                      n=    26  res=     0.815  ortU=     5.537  ortV=     5.556  
  ev4_ec4_n87_s3_gm                                      n=   261  res=     0.023  ortU=     5.551  ortV=     5.555  
  ev6_ec1_n10_s3                                         n=    10  res=     0.595  ortU=     5.527  ortV=     5.553  
  ev3_ec1_n48_s2_gm                                      n=   144  res=     0.044  ortU=     5.551  ortV=     5.552  
  ev3_ec1_n42_s3_gs                                      n=    84  res=     0.722  ortU=     5.549  ortV=     5.550  
  ev3_ec1_n100_s1_gm                                     n=   300  res=     0.023  ortU=     5.540  ortV=     5.538  
  ev9_ec1_n21_s0_gm                                      n=    63  res=     0.204  ortU=     5.540  ortV=     5.540  
  ev6_ec1_n36_s2_gm                                      n=   108  res=     0.106  ortU=     5.537  ortV=     5.537  
  ev3_ec4_n90_s3                                         n=    90  res=     0.962  ortU=     5.536  ortV=     5.535  
  ev6_ec1_n33_s3                                         n=    33  res=     0.215  ortU=     5.518  ortV=     5.535  
  tri4_n75_gm                                            n=   225  res=     0.029  ortU=     5.529  ortV=     5.521  
  ev9_ec1_n29_s1_gs                                      n=    58  res=     0.173  ortU=     5.513  ortV=     5.526  
  ev5_ec1_n68_s1                                         n=    68  res=     0.085  ortU=     5.515  ortV=     5.514  
  ev5_ec4_n76_s0_gs                                      n=   152  res=     0.734  ortU=     5.514  ortV=     5.512  
  ev4_ec4_n80_s2_gm                                      n=   240  res=     0.021  ortU=     5.514  ortV=     5.513  
  ev5_ec1_n23_s2_gs                                      n=    46  res=     0.903  ortU=     5.510  ortV=     5.500  
  tri4_n93_gm                                            n=   279  res=     0.019  ortU=     5.506  ortV=     5.509  
  ev3_ec1_n60_s0                                         n=    60  res=     0.125  ortU=     5.500  ortV=     5.501  
  ev5_ec4_n23_s1                                         n=    23  res=     0.328  ortU=     5.496  ortV=     5.491  
  ev3_ec1_n13_s0                                         n=    13  res=     0.496  ortU=     5.494  ortV=     5.428  
  tri6_n99_gm                                            n=   297  res=     0.014  ortU=     5.486  ortV=     5.487  
  ev5_ec4_n11_s3_gs                                      n=    22  res=     0.317  ortU=     5.471  ortV=     5.485  
  ev4_ec4_n73_s3_gm                                      n=   219  res=     0.028  ortU=     5.479  ortV=     5.479  
  ev3_ec1_n52_s3                                         n=    52  res=     0.125  ortU=     5.476  ortV=     5.462  
  ev3_ec1_n90_s2                                         n=    90  res=     0.099  ortU=     5.465  ortV=     5.466  
  ev5_ec4_n77_s1_gm                                      n=   231  res=     0.028  ortU=     5.453  ortV=     5.456  
  ev5_ec4_n37_s2                                         n=    37  res=     0.839  ortU=     5.451  ortV=     5.450  
  ev5_ec1_n44_s2_gm                                      n=   132  res=     0.053  ortU=     5.446  ortV=     5.451  
  ev4_ec1_n69_s3_gm                                      n=   207  res=     0.028  ortU=     5.450  ortV=     5.451  
  tri7_n96_gm                                            n=   288  res=     0.022  ortU=     5.448  ortV=     5.447  
  ev4_ec1_n68_s1_gm                                      n=   204  res=     0.030  ortU=     5.446  ortV=     5.446  
  tri7_n79_gm                                            n=   237  res=     0.024  ortU=     5.445  ortV=     5.442  
  tri6_n56_gm                                            n=   168  res=     0.031  ortU=     5.440  ortV=     5.437  
  ev3_ec1_n25_s1_gm                                      n=    75  res=     0.080  ortU=     5.435  ortV=     5.430  
  ev8_ec1_n12_s2_gm                                      n=    36  res=     0.216  ortU=     5.412  ortV=     5.432  
  ev4_ec1_n91_s0_gm                                      n=   273  res=     0.019  ortU=     5.421  ortV=     5.422  
  ev3_ec4_n82_s1                                         n=    82  res=     0.657  ortU=     5.417  ortV=     5.421  
  ev6_ec1_n65_s1_gm                                      n=   195  res=     0.039  ortU=     5.415  ortV=     5.412  
  ev3_ec4_n21_s0_gs                                      n=    42  res=     0.832  ortU=     5.402  ortV=     5.411  
  ev3_ec4_n51_s0                                         n=    51  res=     0.961  ortU=     5.406  ortV=     5.404  
  ev4_ec4_n84_s0_gm                                      n=   252  res=     0.026  ortU=     5.397  ortV=     5.403  
  ev3_ec1_n9_s2_gm                                       n=    27  res=     0.279  ortU=     5.401  ortV=     5.403  
  ev5_ec1_n32_s1                                         n=    32  res=     0.182  ortU=     5.394  ortV=     5.401  
  ev3_ec1_n15_s0_gs                                      n=    30  res=     0.736  ortU=     5.377  ortV=     5.400  
  ev5_ec1_n44_s3_gs                                      n=    88  res=     0.721  ortU=     5.393  ortV=     5.399  
  ev5_ec1_n19_s1_gs                                      n=    38  res=     0.731  ortU=     5.395  ortV=     5.398  
  ev5_ec1_n54_s0                                         n=    54  res=     0.126  ortU=     5.392  ortV=     5.391  
  ev9_ec1_n11_s2_gs                                      n=    22  res=     0.437  ortU=     5.375  ortV=     5.378  
  ev6_ec1_n61_s1_gm                                      n=   183  res=     0.041  ortU=     5.375  ortV=     5.373  
  ev6_ec1_n30_s3_gm                                      n=    90  res=     0.062  ortU=     5.375  ortV=     5.370  
  ev4_ec1_n86_s2_gm                                      n=   258  res=     0.024  ortU=     5.366  ortV=     5.368  
  ev5_ec1_n97_s1                                         n=    97  res=     0.118  ortU=     5.363  ortV=     5.366  
  tri4_n44_gm                                            n=   132  res=     0.037  ortU=     5.363  ortV=     5.358  
  ev5_ec1_n16_s3_gs                                      n=    32  res=     0.907  ortU=     5.317  ortV=     5.346  
  tri7_n95_gm                                            n=   285  res=     0.017  ortU=     5.343  ortV=     5.341  
  ev4_ec1_n31_s1_gm                                      n=    93  res=     0.055  ortU=     5.340  ortV=     5.342  
  tri4_n73_gm                                            n=   219  res=     0.025  ortU=     5.321  ortV=     5.327  
  ev3_ec4_n21_s1_gm                                      n=    63  res=     0.433  ortU=     5.322  ortV=     5.318  
  ev5_ec1_n27_s1                                         n=    27  res=     0.241  ortU=     5.303  ortV=     5.318  
  ev5_ec1_n19_s3_gm                                      n=    57  res=     0.124  ortU=     5.318  ortV=     5.313  
  ev4_ec1_n36_s3_gm                                      n=   108  res=     0.044  ortU=     5.312  ortV=     5.313  
  tri7_n100_gm                                           n=   300  res=     0.018  ortU=     5.302  ortV=     5.305  
  ev4_ec4_n95_s2_gm                                      n=   285  res=     0.019  ortU=     5.304  ortV=     5.304  
  ev3_ec1_n11_s0_gm                                      n=    33  res=     0.183  ortU=     5.280  ortV=     5.296  
  ev3_ec1_n9_s0_gm                                       n=    27  res=     0.272  ortU=     5.295  ortV=     5.287  
  ev4_ec4_n36_s2_gm                                      n=   108  res=     0.053  ortU=     5.288  ortV=     5.288  
  ev3_ec1_n7_s3_gm                                       n=    21  res=     0.356  ortU=     5.284  ortV=     5.242  
  ev5_ec1_n36_s0_gs                                      n=    72  res=     0.621  ortU=     5.272  ortV=     5.280  
  ev5_ec4_n9_s2_gs                                       n=    18  res=     0.830  ortU=     5.266  ortV=     5.269  
  ev3_ec4_n23_s2                                         n=    23  res=     0.521  ortU=     5.247  ortV=     5.266  
  ev3_ec1_n80_s0_gm                                      n=   240  res=     0.030  ortU=     5.265  ortV=     5.255  
  ev5_ec1_n39_s3                                         n=    39  res=     0.168  ortU=     5.263  ortV=     5.254  
  ev5_ec1_n17_s1_gs                                      n=    34  res=     0.230  ortU=     5.240  ortV=     5.256  
  ev5_ec1_n16_s0                                         n=    16  res=     0.420  ortU=     5.252  ortV=     5.250  
  ev4_ec4_n80_s1_gm                                      n=   240  res=     0.023  ortU=     5.247  ortV=     5.249  
  ev6_ec1_n94_s2_gm                                      n=   282  res=     0.025  ortU=     5.247  ortV=     5.244  
  tri4_n100_gm                                           n=   300  res=     0.025  ortU=     5.246  ortV=     5.247  
  ev3_ec4_n26_s1_gs                                      n=    52  res=     0.425  ortU=     5.244  ortV=     5.233  
  ev5_ec1_n18_s1                                         n=    18  res=     0.385  ortU=     5.241  ortV=     5.203  
  ev6_ec1_n98_s1_gs                                      n=   196  res=     0.335  ortU=     5.229  ortV=     5.228  
  tri4_n95_gm                                            n=   285  res=     0.024  ortU=     5.220  ortV=     5.225  
  ev5_ec4_n26_s2                                         n=    26  res=     0.970  ortU=     5.211  ortV=     5.219  
  ev3_ec4_n35_s2_gs                                      n=    70  res=     1.089  ortU=     5.216  ortV=     5.217  
  ev3_ec1_n27_s1_gs                                      n=    54  res=     0.103  ortU=     5.205  ortV=     5.205  
  ev6_ec1_n34_s0_gm                                      n=   102  res=     0.053  ortU=     5.203  ortV=     5.205  
  ev6_ec1_n93_s0                                         n=    93  res=     0.060  ortU=     5.179  ortV=     5.186  
  ev5_ec4_n16_s3_gm                                      n=    48  res=     0.570  ortU=     5.177  ortV=     5.179  
  ev3_ec1_n56_s3                                         n=    56  res=     0.110  ortU=     5.179  ortV=     5.172  
  ev5_ec4_n27_s0                                         n=    27  res=     1.007  ortU=     5.167  ortV=     5.176  
  ev6_ec1_n42_s1                                         n=    42  res=     0.177  ortU=     5.149  ortV=     5.168  
  ev4_ec4_n88_s3_gm                                      n=   264  res=     0.025  ortU=     5.158  ortV=     5.153  
  ev5_ec1_n73_s3                                         n=    73  res=     0.083  ortU=     5.153  ortV=     5.158  
  ev5_ec1_n7_s1_gm                                       n=    21  res=     0.320  ortU=     5.157  ortV=     5.144  
  ev4_ec4_n96_s1_gm                                      n=   288  res=     0.018  ortU=     5.150  ortV=     5.153  
  ev6_ec1_n50_s2_gm                                      n=   150  res=     0.053  ortU=     5.153  ortV=     5.153  
  ev3_ec1_n71_s1                                         n=    71  res=     0.091  ortU=     5.138  ortV=     5.147  
  ev5_ec1_n78_s3                                         n=    78  res=     0.085  ortU=     5.136  ortV=     5.146  
  tri3_n21_gm                                            n=    63  res=     0.143  ortU=     5.143  ortV=     5.144  
  ev5_ec4_n7_s2                                          n=     7  res=     0.924  ortU=     5.061  ortV=     5.144  
  ev3_ec4_n52_s0                                         n=    52  res=     0.521  ortU=     5.135  ortV=     5.136  
  ev6_ec1_n17_s3_gs                                      n=    34  res=     0.379  ortU=     5.119  ortV=     5.127  
  ev5_ec1_n28_s3                                         n=    28  res=     0.243  ortU=     5.103  ortV=     5.122  
  ev3_ec1_n64_s0                                         n=    64  res=     0.100  ortU=     5.106  ortV=     5.114  
  ev9_ec1_n15_s2_gs                                      n=    30  res=     0.316  ortU=     5.113  ortV=     5.092  
  tri4_n56_gm                                            n=   168  res=     0.026  ortU=     5.108  ortV=     5.111  
  ev3_ec1_n69_s0                                         n=    69  res=     0.095  ortU=     5.109  ortV=     5.103  
  ev5_ec4_n50_s3                                         n=    50  res=     0.219  ortU=     5.102  ortV=     5.099  
  ev5_ec4_n21_s3                                         n=    21  res=     0.805  ortU=     5.086  ortV=     5.091  
  ev6_ec1_n11_s3                                         n=    11  res=     0.499  ortU=     5.005  ortV=     5.083  
  ev9_ec1_n6_s0_gs                                       n=    12  res=     0.775  ortU=     5.056  ortV=     5.073  
  ev3_ec4_n74_s0_gs                                      n=   148  res=     0.678  ortU=     5.065  ortV=     5.062  
  ev4_ec1_n96_s2_gm                                      n=   288  res=     0.018  ortU=     5.062  ortV=     5.056  
  ev6_ec1_n22_s3_gs                                      n=    44  res=     0.539  ortU=     5.059  ortV=     5.047  
  ev5_ec4_n88_s1_gs                                      n=   176  res=     1.001  ortU=     5.054  ortV=     5.052  
  ev6_ec1_n64_s0                                         n=    64  res=     0.086  ortU=     5.039  ortV=     5.054  
  ev5_ec1_n28_s0                                         n=    28  res=     0.251  ortU=     5.051  ortV=     5.028  
  ev5_ec4_n29_s2_gs                                      n=    58  res=     1.027  ortU=     5.050  ortV=     5.048  
  ev5_ec1_n64_s3                                         n=    64  res=     0.114  ortU=     5.048  ortV=     5.037  
  ev3_ec1_n74_s1                                         n=    74  res=     0.081  ortU=     5.044  ortV=     5.040  
  ev6_ec1_n59_s3_gm                                      n=   177  res=     0.045  ortU=     5.039  ortV=     5.041  
  tri4_n87_gm                                            n=   261  res=     0.021  ortU=     5.024  ortV=     5.027  
  ev5_ec4_n30_s2                                         n=    30  res=     0.909  ortU=     5.023  ortV=     5.010  
  ev4_ec1_n70_s2_gm                                      n=   210  res=     0.030  ortU=     5.020  ortV=     5.018  
  ev3_ec1_n41_s0_gm                                      n=   123  res=     0.056  ortU=     5.014  ortV=     5.016  
  ev6_ec1_n39_s2_gm                                      n=   117  res=     0.061  ortU=     5.011  ortV=     5.015  
  ev3_ec1_n16_s2_gs                                      n=    32  res=     0.944  ortU=     4.986  ortV=     5.011  
  ev3_ec1_n15_s1                                         n=    15  res=     0.378  ortU=     5.009  ortV=     4.965  
  ev5_ec1_n31_s1                                         n=    31  res=     0.208  ortU=     4.991  ortV=     5.002  
  ev8_ec1_n8_s2_gm                                       n=    24  res=     0.343  ortU=     4.974  ortV=     5.001  

