==================================================================================================================================
BidiagonalSVD evaluation -- suite=synth  solver=advisor  norms=paper  synth-mode=paper
==================================================================================================================================
Solver:     BidiagonalSVD_TGK / DBDSVDMR3 (advisor)
Source:     python_fortran/BidiagonalSVD_TGK/  (advisor, origin/main 15a946d)
Metric:     Willems-Lang 2012 paper-norm (res=per-triplet 2-norm)
Generator:  generate_synth  (self-contained-fortran-bidiagsvd/test_synth_pract.py:268)
Thresholds: res<=7 n.eps,  ortU/ortV<=5 n.eps
Timeout:    600.0s/matrix
Reference:  DBDSQR (singular values only)  -- min-of-N adaptive bench, cache-flushed (32 MiB scratch)
==================================================================================================================================

Matrix                                                n       res      ortU      ortV   sv_drift     t_eval   t_dbdsqr reps  status  note
-----------------------------------------------------------------------------------------------------------------------------------------

=== Adversarial Matrices (n=10) ===
  exponential_graded                  n=  10  res=450359962737047.125  ortU=   0.484  ortV=   0.479  t=0.0054s  FAIL
  glued_repeated                      n=  10  res=450359962737048.375  ortU=   0.226  ortV=   0.100  t=0.0043s  FAIL
  saw_tooth                           n=  10  res=450359962737049.562  ortU=   0.100  ortV=   0.450  t=0.0042s  FAIL
  stemr_killer                        n=  10  res=14457425838751.301  ortU=   0.400  ortV=   0.200  t=0.0045s  FAIL
  huge_condition                      n=  10  res=390617256110555.250  ortU=   0.270  ortV=   0.300  t=0.0045s  FAIL
  spike                               n=  10  res=450359962737049.625  ortU=   0.150  ortV=   0.150  t=0.0043s  FAIL
  wilkinson_like                      n=  10  res=363864648523366.875  ortU=   0.201  ortV=   0.300  t=0.0047s  FAIL
  two_clusters                        n=  10  res=450359962692012.875  ortU=   0.150  ortV=   0.100  t=0.0044s  FAIL
  random_uniform                      n=  10  res=347954405142037.500  ortU=   0.200  ortV=   0.150  t=0.0045s  FAIL
  diagonal_only                       n=  10  res=508526188637963.625  ortU=   1.135  ortV=   1.139  t=0.0046s  FAIL
  constant                            n=  10  res=983907434514702.875  ortU=   0.986  ortV=   0.970  t=0.0044s  FAIL
  all_equal_nontrivial                n=  10  res=450359962692014.375  ortU=   5.083  ortV=   5.078  t=0.0042s  FAIL
  one_big_cluster                     n=  10  res=2942516868084462.000  ortU=   0.200  ortV=   0.250  t=0.0046s  FAIL
  arithmetic_progression              n=  10  res=342767515060754.500  ortU=   0.000  ortV=   0.000  t=0.0040s  FAIL
  many_near_zero                      n=  10  res=3251263736752475.000  ortU=   0.201  ortV=   0.300  t=0.0043s  FAIL
  random_dense_clusters               n=  10  res=390580576054375.688  ortU=   0.150  ortV=   0.100  t=0.0043s  FAIL
  constant_d_graded_e                 n=  10  res=450359962736873.938  ortU=   0.728  ortV=   0.801  t=0.0042s  FAIL
  random_clustered_5                  n=  10  res=347156905104656.312  ortU=   0.270  ortV=   0.300  t=0.0043s  FAIL
  alternating_sign                    n=  10  res=4953959590107539.000  ortU=   0.188  ortV=   0.154  t=0.0045s  FAIL
  step_function                       n=  10  res=435347963979147.938  ortU=   1.207  ortV=   1.204  t=0.0048s  FAIL
  three_clusters                      n=  10  res=447978556042974.125  ortU=   0.103  ortV=   0.250  t=0.0045s  FAIL
  random_sparse_e                     n=  10  res=441706214010382.125  ortU=   0.200  ortV=   0.200  t=0.0045s  FAIL
  chkbd                               n=  10  res=45035951237708760.000  ortU=   0.986  ortV=   0.970  t=0.0045s  FAIL
  marques_graded                      n=  10  res=1801439844237312.500  ortU=   0.250  ortV=   0.200  t=0.0043s  FAIL
  gl_abcon0                           n=  10  res=335983917032230.688  ortU=   0.150  ortV=   0.200  t=0.0042s  FAIL
  gl_abcon1                           n=  10  res=450359962714532.000  ortU=   5.083  ortV=   5.078  t=0.0046s  FAIL
  gl_abcon2                           n=  10  res=394268627629601.438  ortU=   0.150  ortV=   0.200  t=0.0041s  FAIL
  gl_abcon3                           n=  10  res=855683929200392.750  ortU=   0.484  ortV=   0.479  t=0.0044s  FAIL
  gl_random                           n=  10  res=491326440090360.812  ortU=   0.100  ortV=   0.200  t=0.0047s  FAIL
  gl_gradp                            n=  10  res=449480353434829.188  ortU=   0.300  ortV=   0.194  t=0.0045s  FAIL
  gl_gradm                            n=  10  res=258956978573803.594  ortU=   0.205  ortV=   0.383  t=0.0046s  FAIL
  gl_wilkp                            n=  10  res=450140060411494.375  ortU=   0.200  ortV=   0.200  t=0.0045s  FAIL
  gl_wilkm                            n=  10  ERROR: mr3gk_run failed (rc=2): At line 34 of file mr3gk_run.f90 (unit = 10, file = '/tmp/_mr3gk_in.bin')
Fortran runtime error: End of file

  gl_wilkw                            n=  10  res=360287970189639.750  ortU=   0.462  ortV=   0.510  t=0.0043s  FAIL
  gl_wilk2w                           n=  10  res=426656806803520.688  ortU=   0.000  ortV=   0.000  t=0.0044s  FAIL
  gl_clement                          n=  10  res=447545212969943.062  ortU=   0.200  ortV=   0.200  t=0.0046s  FAIL
  gl_gro0                             n=  10  res=450359955990677.438  ortU=   0.000  ortV=   0.000  t=0.0046s  FAIL
  gl_gro1                             n=  10  res=447978556042974.125  ortU=   0.000  ortV=   0.000  t=0.0043s  FAIL
  gl_gro2                             n=  10  res=450359962737049.625  ortU=   0.000  ortV=   0.000  t=0.0043s  FAIL
  gl_gro3                             n=  10  res=450359913029529.375  ortU=   0.150  ortV=   0.102  t=0.0044s  FAIL
  gl_bwilkp                           n=  10  res=450359962065960.938  ortU=   0.150  ortV=   0.200  t=0.0047s  FAIL
  gl_ones                             n=  10  res=2251799813685248.000  ortU=   0.462  ortV=   0.510  t=0.0047s  FAIL
  gl_uniform_eps                      n=  10  res=1158413123580741374339333488640.000  ortU=   0.000  ortV=   0.000  t=0.0046s  FAIL
  gl_uniform_sqrteps                  n=  10  res=12961444356460571000832.000  ortU=   0.000  ortV=   0.000  t=0.0044s  FAIL
  gl_uniform_eps_to_1                 n=  10  res=450359961530437.000  ortU=   0.000  ortV=   0.000  t=0.0044s  FAIL
  gl_geometric_eps_to_1               n=  10  res=450359962737049.688  ortU=   0.150  ortV=   0.102  t=0.0046s  FAIL
  gl_random_spectrum                  n=  10  res=450359956117136.812  ortU=   0.150  ortV=   0.200  t=0.0048s  FAIL
  gl_clustered_at_1                   n=  10  res=2251799813685244.000  ortU=   0.462  ortV=   0.510  t=0.0046s  FAIL
  gl_clustered_at_pm1                 n=  10  res=   0.000  ortU=   0.000  ortV=   0.000  t=0.0044s  PASS
  gl_clustered_at_eps                 n=  10  res=357688042942615.875  ortU=   0.000  ortV=   0.000  t=0.0047s  FAIL
  gl_clustered_at_pmeps               n=  10  res=   0.000  ortU=   0.000  ortV=   0.000  t=0.0045s  PASS
  demmel_S1pe                         n=  10  res=8208718356174.060  ortU=   0.200  ortV=   0.250  t=0.0044s  FAIL
  demmel_S1ps                         n=  10  ERROR: mr3gk_run failed (rc=2): At line 34 of file mr3gk_run.f90 (unit = 10, file = '/tmp/_mr3gk_in.bin')
Fortran runtime error: End of file

  demmel_S2pe                         n=  10  res=450359962737049.500  ortU=   0.000  ortV=   0.000  t=0.0041s  FAIL
  demmel_S2ps                         n=  10  res=450359956026163.875  ortU=   1.473  ortV=   1.489  t=0.0045s  FAIL
  demmel_W1                           n=  10  res=450359962737049.875  ortU=   0.000  ortV=   0.000  t=0.0045s  FAIL
  demmel_W2                           n=  10  res=450359956026163.750  ortU=   0.829  ortV=   0.777  t=0.0045s  FAIL
  demmel_W3                           n=  10  res=225179981368523.750  ortU=   0.000  ortV=   0.000  t=0.0043s  FAIL
  demmel_G1                           n=  10  res=450359962737048.812  ortU=   0.190  ortV=   0.150  t=0.0046s  FAIL
  demmel_G1s                          n=  10  res=450359956026162.562  ortU=   0.218  ortV=   0.248  t=0.0046s  FAIL
  demmel_U1                           n=  10  res=400319966877377.375  ortU=   0.000  ortV=   0.000  t=0.0044s  FAIL
  demmel_U1s                          n=  10  ERROR: unpack requires a buffer of 4 bytes
  wilkinson_exact                     n=  10  res=450359962737049.625  ortU=   0.000  ortV=   0.000  t=0.0042s  FAIL
  glued_wilkinson                     n=  10  res=450359961618568.625  ortU=   0.150  ortV=   0.200  t=0.0044s  FAIL
  glued_wilkinson_tight               n=  10  res=75059993789508.594  ortU=   0.150  ortV=   0.250  t=0.0045s  FAIL
  wl_example48                        n=  10  res=2701578994944371.000  ortU=   0.104  ortV=   0.150  t=0.0045s  FAIL
  pd_T0                               n=  10  res=2251799813685250.500  ortU=   0.104  ortV=   0.147  t=0.0051s  FAIL
  pd_T1                               n=  10  res=400319966877377.375  ortU=   0.200  ortV=   0.300  t=0.0044s  FAIL
  zero_diagonal                       n=  10  res=450359962737049.812  ortU=   0.104  ortV=   0.150  t=0.0045s  FAIL
  single_element                      n=  10  ERROR: unpack requires a buffer of 4 bytes
  near_overflow                       n=  10  res=450359962737049.562  ortU=   0.200  ortV=   0.350  t=0.0049s  FAIL
  near_underflow                      n=  10  res=   0.726  ortU=   0.292  ortV=   0.324  t=0.0051s  PASS
  mixed_signs                         n=  10  res=450359962737049.625  ortU=   0.200  ortV=   0.300  t=0.0046s  FAIL
  checkerboard                        n=  10  res=450075804810900.188  ortU=   0.104  ortV=   0.150  t=0.0047s  FAIL
  exponential_graded_k4               n=  10  res=450075804810900.875  ortU=   0.200  ortV=   0.300  t=0.0049s  FAIL
  exponential_graded_k8               n=  10  res=393978693874212.375  ortU=   0.273  ortV=   0.224  t=0.0046s  FAIL
  exponential_graded_k12              n=  10  res=   0.754  ortU=   0.200  ortV=   0.101  t=0.0048s  PASS
  stemr_killer_k5                     n=  10  res=110839693338465.328  ortU=   0.150  ortV=   0.150  t=0.0047s  FAIL
  stemr_killer_k10                    n=  10  res=110839693338464.672  ortU=   0.200  ortV=   0.100  t=0.0046s  FAIL
  huge_condition_k5                   n=  10  res=80279338595457.844  ortU=   0.150  ortV=   0.150  t=0.0046s  FAIL
  huge_condition_k10                  n=  10  res=101024471911997.281  ortU=   0.200  ortV=   0.200  t=0.0048s  FAIL
  demmel_G1_k4                        n=  10  res=450359962737049.625  ortU=   0.292  ortV=   0.324  t=0.0046s  FAIL
  demmel_G1_k8                        n=  10  res=3218640521089529.500  ortU=   0.274  ortV=   0.295  t=0.0049s  FAIL
  demmel_G1_k12                       n=  10  res=450359962727346.875  ortU=   0.200  ortV=   0.300  t=0.0047s  FAIL
  demmel_S1pe_k4                      n=  10  res=58121189904641.414  ortU=   0.200  ortV=   0.250  t=0.0050s  FAIL
  demmel_S1pe_k8                      n=  10  res=161850974267895.312  ortU=   0.200  ortV=   0.200  t=0.0177s  FAIL
  chkbd_4                             n=   4  res=1125899883974093.250  ortU=1125899906378483.375  ortV=1125899906840671.500  t=0.0051s  FAIL
  chkbd_16                            n=  10  ERROR: mr3gk_run failed (rc=2): At line 34 of file mr3gk_run.f90 (unit = 10, file = '/tmp/_mr3gk_in.bin')
Fortran runtime error: End of file

  marques_graded_k4                   n=  10  res=450359962737049.625  ortU=450359962737049.625  ortV=450359962737049.625  t=0.0092s  FAIL
  marques_graded_k8                   n=  10  res=450359962737049.625  ortU=4503599627370496.000  ortV=450359962737049.625  t=0.0058s  FAIL

=== Adversarial Matrices (n=100) ===
  exponential_graded                  n= 100  SKIPPED
  glued_repeated                      n= 100  SKIPPED
  saw_tooth                           n= 100  SKIPPED
  stemr_killer                        n= 100  SKIPPED
  huge_condition                      n= 100  SKIPPED
  spike                               n= 100  SKIPPED
  wilkinson_like                      n= 100  SKIPPED
  two_clusters                        n= 100  SKIPPED
  random_uniform                      n= 100  SKIPPED
  diagonal_only                       n= 100  SKIPPED
  constant                            n= 100  SKIPPED
  all_equal_nontrivial                n= 100  SKIPPED
  one_big_cluster                     n= 100  SKIPPED
  arithmetic_progression              n= 100  SKIPPED
  many_near_zero                      n= 100  SKIPPED
  random_dense_clusters               n= 100  SKIPPED
  constant_d_graded_e                 n= 100  SKIPPED
  random_clustered_5                  n= 100  SKIPPED
  alternating_sign                    n= 100  SKIPPED
  step_function                       n= 100  SKIPPED
  three_clusters                      n= 100  SKIPPED
  random_sparse_e                     n= 100  SKIPPED
  chkbd                               n= 100  SKIPPED
  marques_graded                      n= 100  SKIPPED
  gl_abcon0                           n= 100  SKIPPED
  gl_abcon1                           n= 100  SKIPPED
  gl_abcon2                           n= 100  SKIPPED
  gl_abcon3                           n= 100  SKIPPED
  gl_random                           n= 100  SKIPPED
  gl_gradp                            n= 100  SKIPPED
  gl_gradm                            n= 100  SKIPPED
  gl_wilkp                            n= 100  SKIPPED
  gl_wilkm                            n= 100  SKIPPED
  gl_wilkw                            n= 100  SKIPPED
  gl_wilk2w                           n= 100  SKIPPED
  gl_clement                          n= 100  SKIPPED
  gl_gro0                             n= 100  SKIPPED
  gl_gro1                             n= 100  SKIPPED
  gl_gro2                             n= 100  SKIPPED
  gl_gro3                             n= 100  SKIPPED
  gl_bwilkp                           n= 100  SKIPPED
  gl_ones                             n= 100  SKIPPED
  gl_uniform_eps                      n= 100  SKIPPED
  gl_uniform_sqrteps                  n= 100  SKIPPED
  gl_uniform_eps_to_1                 n= 100  SKIPPED
  gl_geometric_eps_to_1               n= 100  SKIPPED
  gl_random_spectrum                  n= 100  SKIPPED
  gl_clustered_at_1                   n= 100  SKIPPED
  gl_clustered_at_pm1                 n= 100  ERROR: cannot reshape array of size 2971 into shape (100,100)
  gl_clustered_at_eps                 n= 100  SKIPPED
  gl_clustered_at_pmeps               n= 100  res=   0.003  ortU=   0.000  ortV=   0.000  t=0.0059s  PASS
  demmel_S1pe                         n= 100  SKIPPED
  demmel_S1ps                         n= 100  SKIPPED
  demmel_S2pe                         n= 100  SKIPPED
  demmel_S2ps                         n= 100  SKIPPED
  demmel_W1                           n= 100  SKIPPED
  demmel_W2                           n= 100  SKIPPED
  demmel_W3                           n= 100  SKIPPED
  demmel_G1                           n= 100  SKIPPED
  demmel_G1s                          n= 100  SKIPPED
  demmel_U1                           n= 100  SKIPPED
  demmel_U1s                          n= 100  SKIPPED
  wilkinson_exact                     n= 100  SKIPPED
  glued_wilkinson                     n= 100  SKIPPED
  glued_wilkinson_tight               n= 100  SKIPPED
  wl_example48                        n= 100  SKIPPED
  pd_T0                               n= 100  SKIPPED
  pd_T1                               n= 100  SKIPPED
  zero_diagonal                       n= 100  SKIPPED
  single_element                      n= 100  SKIPPED
  near_overflow                       n= 100  SKIPPED
  near_underflow                      n= 100  res=   0.079  ortU=   0.060  ortV=   0.064  t=0.0247s  PASS
  mixed_signs                         n= 100  SKIPPED
  checkerboard                        n= 100  SKIPPED
  exponential_graded_k4               n= 100  SKIPPED
  exponential_graded_k8               n= 100  SKIPPED
  exponential_graded_k12              n= 100  ERROR: cannot reshape array of size 110 into shape (100,100)
  stemr_killer_k5                     n= 100  SKIPPED
  stemr_killer_k10                    n= 100  SKIPPED
  huge_condition_k5                   n= 100  SKIPPED
  huge_condition_k10                  n= 100  SKIPPED
  demmel_G1_k4                        n= 100  SKIPPED
  demmel_G1_k8                        n= 100  SKIPPED
  demmel_G1_k12                       n= 100  SKIPPED
  demmel_S1pe_k4                      n= 100  SKIPPED
  demmel_S1pe_k8                      n= 100  SKIPPED
  chkbd_4                             n= 100  SKIPPED
  chkbd_16                            n= 100  SKIPPED
  marques_graded_k4                   n= 100  SKIPPED
  marques_graded_k8                   n= 100  SKIPPED

=== Adversarial Matrices (n=200) ===
  exponential_graded                  n= 200  SKIPPED
  glued_repeated                      n= 200  SKIPPED
  saw_tooth                           n= 200  SKIPPED
  stemr_killer                        n= 200  SKIPPED
  huge_condition                      n= 200  SKIPPED
  spike                               n= 200  SKIPPED
  wilkinson_like                      n= 200  SKIPPED
  two_clusters                        n= 200  SKIPPED
  random_uniform                      n= 200  SKIPPED
  diagonal_only                       n= 200  SKIPPED
  constant                            n= 200  SKIPPED
  all_equal_nontrivial                n= 200  SKIPPED
  one_big_cluster                     n= 200  SKIPPED
  arithmetic_progression              n= 200  SKIPPED
  many_near_zero                      n= 200  SKIPPED
  random_dense_clusters               n= 200  SKIPPED
  constant_d_graded_e                 n= 200  SKIPPED
  random_clustered_5                  n= 200  SKIPPED
  alternating_sign                    n= 200  SKIPPED
  step_function                       n= 200  SKIPPED
  three_clusters                      n= 200  SKIPPED
  random_sparse_e                     n= 200  SKIPPED
  chkbd                               n= 200  SKIPPED
  marques_graded                      n= 200  SKIPPED
  gl_abcon0                           n= 200  SKIPPED
  gl_abcon1                           n= 200  SKIPPED
  gl_abcon2                           n= 200  SKIPPED
  gl_abcon3                           n= 200  SKIPPED
  gl_random                           n= 200  SKIPPED
  gl_gradp                            n= 200  SKIPPED
  gl_gradm                            n= 200  SKIPPED
  gl_wilkp                            n= 200  SKIPPED
  gl_wilkm                            n= 200  SKIPPED
  gl_wilkw                            n= 200  SKIPPED
  gl_wilk2w                           n= 200  SKIPPED
  gl_clement                          n= 200  SKIPPED
  gl_gro0                             n= 200  SKIPPED
  gl_gro1                             n= 200  SKIPPED
  gl_gro2                             n= 200  SKIPPED
  gl_gro3                             n= 200  SKIPPED
  gl_bwilkp                           n= 200  SKIPPED
  gl_ones                             n= 200  SKIPPED
  gl_uniform_eps                      n= 200  SKIPPED
  gl_uniform_sqrteps                  n= 200  SKIPPED
  gl_uniform_eps_to_1                 n= 200  SKIPPED
  gl_geometric_eps_to_1               n= 200  SKIPPED
  gl_random_spectrum                  n= 200  SKIPPED
  gl_clustered_at_1                   n= 200  SKIPPED
  gl_clustered_at_pm1                 n= 200  SKIPPED
  gl_clustered_at_eps                 n= 200  SKIPPED
  gl_clustered_at_pmeps               n= 200  ERROR: cannot reshape array of size 19900 into shape (200,200)
  demmel_S1pe                         n= 200  SKIPPED
  demmel_S1ps                         n= 200  SKIPPED
  demmel_S2pe                         n= 200  SKIPPED
  demmel_S2ps                         n= 200  SKIPPED
  demmel_W1                           n= 200  SKIPPED
  demmel_W2                           n= 200  SKIPPED
  demmel_W3                           n= 200  SKIPPED
  demmel_G1                           n= 200  SKIPPED
  demmel_G1s                          n= 200  SKIPPED
  demmel_U1                           n= 200  SKIPPED
  demmel_U1s                          n= 200  SKIPPED
  wilkinson_exact                     n= 200  SKIPPED
  glued_wilkinson                     n= 200  SKIPPED
  glued_wilkinson_tight               n= 200  SKIPPED
  wl_example48                        n= 200  SKIPPED
  pd_T0                               n= 200  SKIPPED
  pd_T1                               n= 200  SKIPPED
  zero_diagonal                       n= 200  SKIPPED
  single_element                      n= 200  SKIPPED
  near_overflow                       n= 200  SKIPPED
  near_underflow                      n= 200  ERROR: cannot reshape array of size 19900 into shape (200,200)
  mixed_signs                         n= 200  SKIPPED
  checkerboard                        n= 200  SKIPPED
  exponential_graded_k4               n= 200  SKIPPED
  exponential_graded_k8               n= 200  SKIPPED
  exponential_graded_k12              n= 200  SKIPPED
  stemr_killer_k5                     n= 200  SKIPPED
  stemr_killer_k10                    n= 200  SKIPPED
  huge_condition_k5                   n= 200  SKIPPED
  huge_condition_k10                  n= 200  SKIPPED
  demmel_G1_k4                        n= 200  SKIPPED
  demmel_G1_k8                        n= 200  SKIPPED
  demmel_G1_k12                       n= 200  SKIPPED
  demmel_S1pe_k4                      n= 200  SKIPPED
  demmel_S1pe_k8                      n= 200  SKIPPED
  chkbd_4                             n= 200  SKIPPED
  chkbd_16                            n= 200  SKIPPED
  marques_graded_k4                   n= 200  SKIPPED
  marques_graded_k8                   n= 200  SKIPPED

============================================================
TOTAL: 6/279 passed (2.2%)
ev1_ec1_n10_s1                                       10     0.200     0.400     0.300   1.22e-16  1.312e-05  2.842e-06 30/30  PASS  
ev1_ec1_n18_s2_gs                                    36     0.000     0.100     0.100   2.14e-16  2.837e-05  7.003e-06 30/30  PASS  
ev1_ec1_n26_s3_gm                                    78     0.000     0.400     0.400   4.73e-16  8.799e-05  8.239e-06 30/30  PASS  
ev1_ec1_n35_s1                                       35     0.100     0.400     0.200   4.30e-16  3.034e-05  6.114e-06 30/30  PASS  
ev1_ec1_n43_s2_gs                                    86     0.000     0.500     0.500   4.83e-16  9.802e-05  1.212e-05 30/30  PASS  
ev1_ec1_n51_s3_gm                                   153     0.000     0.900     0.900   1.89e-16  4.196e-04  1.652e-05 30/30  PASS  
ev1_ec1_n60_s1                                       60     0.000     0.100     0.100   5.04e-16  5.099e-05  8.387e-06 30/30  PASS  
ev1_ec1_n68_s2_gs                                   136     0.000     1.500     1.400   1.40e-16  2.273e-04  1.472e-05 30/30  PASS  
ev1_ec1_n76_s3_gm                                   228     0.000     0.800     0.800   4.15e-16  7.036e-04  2.135e-05 30/30  PASS  
ev1_ec1_n85_s1                                       85     0.000     0.200     0.100   5.22e-16  8.482e-05  7.647e-06 30/30  PASS  
ev1_ec1_n93_s2_gs                                   186     0.000     1.700     1.800   5.89e-16  5.828e-04  1.630e-05 30/30  PASS  
ev1_ec4_n2_s3_gm                                      6     0.100     0.400     0.400   0.00e+00  2.069e-05  6.804e-06 30/30  PASS  
ev1_ec4_n11_s1                                       11     0.100     0.200     0.200   1.23e-16  7.161e-06  4.163e-06 30/30  PASS  
ev1_ec4_n19_s2_gs                                    38     0.100     0.300     0.400   8.32e-16  2.950e-05  8.944e-06 30/30  PASS  
ev1_ec4_n27_s3_gm                                    81     0.000     0.100     0.100   1.62e-16  8.489e-05  1.070e-05 30/30  PASS  
ev1_ec4_n36_s1                                       36     0.000     0.100     0.200   1.40e-16  2.434e-05  3.883e-06 30/30  PASS  
ev1_ec4_n44_s2_gs                                    88     0.000     0.400     0.400   0.00e+00  9.344e-05  9.340e-06 30/30  PASS  
ev1_ec4_n52_s3_gm                                   156     0.000     0.400     0.400   1.98e-16  2.666e-04  1.362e-05 30/30  PASS  
ev1_ec4_n61_s1                                       61     0.000     0.100     0.100   0.00e+00  4.566e-05  5.716e-06 30/30  PASS  
ev1_ec4_n69_s2_gs                                   138     0.000     0.100     0.100   3.08e-16  2.408e-04  1.151e-05 30/30  PASS  
ev1_ec4_n77_s3_gm                                   231     0.000     1.300     1.300   4.33e-16  4.740e-04  1.705e-05 30/30  PASS  
ev1_ec4_n86_s1                                       86     0.000     0.700     0.700   0.00e+00  7.336e-05  7.015e-06 30/30  PASS  
ev1_ec4_n94_s2_gs                                   188     0.000     2.800     2.800   8.31e-16  4.072e-04  1.508e-05 30/30  PASS  
ev2_ec1_n3_s3_gm                                      9     0.400     0.900     1.100   0.00e+00  4.074e-05  3.550e-06 30/30  PASS  
ev2_ec1_n12_s1                                       12     0.300     1.000     1.000   0.00e+00  1.497e-05  2.845e-06 30/30  PASS  
ev2_ec1_n20_s2_gs                                    40     0.200     0.400     0.400   0.00e+00  1.182e-04  3.970e-06 30/30  PASS  
ev2_ec1_n28_s3_gm                                    84     0.100     1.100     1.100   2.74e-16  2.351e-04  7.475e-06 30/30  PASS  
ev2_ec1_n37_s1                                       37     0.100     2.600     2.600   0.00e+00  9.183e-05  5.025e-06 30/30  PASS  
ev2_ec1_n45_s2_gs                                    90     0.200     0.900     0.900   0.00e+00  4.421e-04  7.265e-06 30/30  PASS  
ev2_ec1_n53_s3_gm                                   159     0.000     2.700     2.700   2.17e-16  9.364e-04  1.412e-05 30/30  PASS  
ev2_ec1_n62_s1                                       62     0.100     1.500     1.500   1.57e-16  2.320e-04  6.035e-06 30/30  PASS  
ev2_ec1_n70_s2_gs                                   140     0.200     1.100     1.100   2.11e-16  7.084e-04  9.734e-06 30/30  PASS  
ev2_ec1_n78_s3_gm                                   234     0.000     0.600     0.600   1.67e-16  1.079e-03  1.794e-05 30/30  PASS  
ev2_ec1_n87_s1                                       87     0.100     0.300     0.300   2.17e-16  4.429e-04  8.219e-06 30/30  PASS  
ev2_ec1_n95_s2_gs                                   190     0.200     1.500     1.500   2.19e-16  3.285e-03  1.447e-05 30/30  PASS  
ev2_ec4_n4_s3_gm                                     12     0.300     0.400     0.300   0.00e+00  1.601e-05  3.539e-06 30/30  PASS  
ev2_ec4_n13_s1                                       13     0.300     1.100     1.000   3.63e-16  1.770e-05  2.623e-06 30/30  PASS  
ev2_ec4_n21_s2_gs                                    42     0.200     0.500     0.500   2.10e-16  1.229e-04  4.045e-06 30/30  PASS  
ev2_ec4_n29_s3_gm                                    87     0.100     0.600     0.600   2.03e-16  1.659e-04  7.944e-06 30/30  PASS  
ev2_ec4_n38_s1                                       38     0.100     3.700     3.700   2.14e-16  1.597e-04  5.362e-06 30/30  PASS  
ev2_ec4_n46_s2_gs                                    92     0.200     0.400     0.400   2.13e-16  3.901e-04  7.415e-06 30/30  PASS  
ev2_ec4_n54_s3_gm                                   162     0.000     3.300     3.300   2.30e-16  1.190e-03  1.366e-05 30/30  PASS  
ev2_ec4_n63_s1                                       63     0.100     1.000     1.000   2.16e-16  1.590e-04  6.571e-06 30/30  PASS  
ev2_ec4_n71_s2_gs                                   142     0.200     0.900     0.900   0.00e+00  8.514e-04  1.164e-05 30/30  PASS  
ev2_ec4_n79_s3_gm                                   237     0.000     0.700     0.700   2.20e-16  1.940e-03  1.745e-05 30/30  PASS  
ev2_ec4_n88_s1                                       88     0.100     1.400     1.400   2.16e-16  5.936e-04  8.133e-06 30/30  PASS  
ev2_ec4_n96_s2_gs                                   192     0.200     1.000     1.000   2.17e-16  1.021e-03  1.483e-05 30/30  PASS  
ev3_ec1_n5_s3_gm                                     15     0.300     5.200     5.200   0.00e+00  6.692e-05  1.048e-05 30/30  FAIL  
ev3_ec1_n14_s1                                       14     0.200     2.900     2.900   0.00e+00  3.209e-05  7.840e-06 30/30  PASS  
ev3_ec1_n22_s2_gs                                    44     0.100     0.800     0.700   0.00e+00  1.053e-03  5.145e-05 30/30  PASS  
ev3_ec1_n30_s3_gm                                    90     0.000     4.600     4.600   0.00e+00  3.332e-03  2.123e-04 30/30  PASS  
ev3_ec1_n39_s1                                       39     0.100    10.500    10.600   0.00e+00  1.555e-04  3.223e-05 30/30  FAIL  
ev3_ec1_n47_s2_gs                                    94     0.100     1.200     1.200   0.00e+00  4.751e-03  2.498e-04 30/30  PASS  
ev3_ec1_n55_s3_gm                                   165     0.000     0.600     0.600   0.00e+00  1.203e-02  5.841e-04 17/30  PASS  
ev3_ec1_n64_s1                                       64     0.100     5.400     5.400   0.00e+00  3.895e-04  7.677e-05 30/30  FAIL  
ev3_ec1_n72_s2_gs                                   144     0.000     0.900     0.900   0.00e+00  1.087e-02  4.261e-04 19/30  PASS  
ev3_ec1_n80_s3_gm                                   240     0.000     0.300     0.300   0.00e+00  2.580e-02  1.117e-03  8/30  PASS  
ev3_ec1_n89_s1                                       89     0.100     3.800     3.800   0.00e+00  7.297e-04  1.341e-04 30/30  PASS  
ev3_ec1_n97_s2_gs                                   194     0.000     0.600     0.600   0.00e+00  1.953e-02  6.848e-04 11/30  PASS  
ev3_ec4_n6_s3_gm                                     18     0.300     6.400     6.300   0.00e+00  1.503e-04  2.225e-05 30/30  FAIL  
ev3_ec4_n15_s1                                       15     0.400     6.700     6.700   0.00e+00  4.200e-05  6.441e-06 30/30  FAIL  
ev3_ec4_n23_s2_gs                                    46     0.100     2.100     2.100   0.00e+00  1.019e-03  3.253e-05 30/30  PASS  
ev3_ec4_n31_s3_gm                                    93     0.100     3.500     3.400   0.00e+00  4.054e-03  9.319e-05 30/30  PASS  
ev3_ec4_n40_s1                                       40     0.100     1.300     1.300   0.00e+00  2.047e-04  2.334e-05 30/30  PASS  
ev3_ec4_n48_s2_gs                                    96     0.100     1.100     1.100   0.00e+00  4.310e-03  8.756e-05 30/30  PASS  
ev3_ec4_n56_s3_gm                                   168     0.000     2.100     2.200   0.00e+00  1.327e-02  1.819e-04 15/30  PASS  
ev3_ec4_n65_s1                                       65     0.100     3.000     3.000   0.00e+00  5.134e-04  5.279e-05 30/30  PASS  
ev3_ec4_n73_s2_gs                                   146     0.000     0.700     0.700   0.00e+00  9.986e-03  2.537e-04 20/30  PASS  
ev3_ec4_n81_s3_gm                                   243     0.000     9.700     9.700   0.00e+00  2.840e-02  3.450e-04  8/30  FAIL  
ev3_ec4_n90_s1                                       90     0.100     4.700     4.700   0.00e+00  1.075e-03  1.868e-04 30/30  PASS  
ev3_ec4_n98_s2_gs                                   196     0.000     1.000     1.000   0.00e+00  1.786e-02  4.033e-04 12/30  PASS  
ev4_ec1_n7_s3_gm                                     21     0.100     0.200     0.200   0.00e+00  1.158e-04  2.101e-05 30/30  PASS  
ev4_ec1_n16_s1                                       16     0.200     2.300     2.300   0.00e+00  2.992e-05  1.344e-05 30/30  PASS  
ev4_ec1_n24_s2_gs                                    48     0.100     5.400     5.400   0.00e+00  9.698e-04  4.334e-05 30/30  FAIL  
ev4_ec1_n32_s3_gm                                    96     0.000     2.400     2.400   0.00e+00  2.306e-03  3.015e-04 30/30  PASS  
ev4_ec1_n41_s1                                       41     0.200     2.900     2.900   0.00e+00  1.372e-04  5.351e-05 30/30  PASS  
ev4_ec1_n49_s2_gs                                    98     0.000    11.200    11.200   0.00e+00  4.713e-03  1.512e-04 30/30  FAIL  
ev4_ec1_n57_s3_gm                                   171     0.000     5.000     5.000   0.00e+00  8.480e-03  8.942e-04 24/30  PASS  
ev4_ec1_n66_s1                                       66     0.100     4.400     4.500   0.00e+00  3.321e-04  1.336e-04 30/30  PASS  
ev4_ec1_n74_s2_gs                                   148     0.000    26.100    26.100   0.00e+00  1.123e-02  3.262e-04 18/30  FAIL  
ev4_ec1_n82_s3_gm                                   246     0.000     6.000     6.000   0.00e+00  2.103e-02  1.729e-03 10/30  FAIL  
ev4_ec1_n91_s1                                       91     0.100     3.500     3.500   0.00e+00  5.966e-04  2.322e-04 30/30  PASS  
ev4_ec1_n99_s2_gs                                   198     0.000    26.100    26.200   0.00e+00  2.230e-02  1.122e-03  9/30  FAIL  
ev4_ec4_n8_s3_gm                                     24     0.100     0.300     0.300   0.00e+00  1.412e-04  2.536e-05 30/30  PASS  
ev4_ec4_n17_s1                                       17     0.200     1.700     1.700   0.00e+00  3.001e-05  1.383e-05 30/30  PASS  
ev4_ec4_n25_s2_gs                                    50     0.100    31.000    31.000   0.00e+00  9.686e-04  4.706e-05 30/30  FAIL  
ev4_ec4_n33_s3_gm                                    99     0.000     0.700     0.700   0.00e+00  2.479e-03  3.258e-04 30/30  PASS  
ev4_ec4_n42_s1                                       42     0.100     1.800     1.800   0.00e+00  1.383e-04  5.415e-05 30/30  PASS  
ev4_ec4_n50_s2_gs                                   100     0.000    23.300    23.300   0.00e+00  4.745e-03  1.507e-04 30/30  FAIL  
ev4_ec4_n58_s3_gm                                   174     0.000     2.500     2.500   0.00e+00  9.185e-03  9.172e-04 22/30  PASS  
ev4_ec4_n67_s1                                       67     0.200     4.500     4.500   0.00e+00  3.589e-04  1.545e-04 30/30  PASS  
ev4_ec4_n75_s2_gs                                   150     0.000    39.200    39.200   0.00e+00  1.202e-02  3.314e-04 17/30  FAIL  
ev4_ec4_n83_s3_gm                                   249     0.100    12.400    12.400   0.00e+00  2.063e-02  1.725e-03 10/30  FAIL  
ev4_ec4_n92_s1                                       92     0.100     2.300     2.300   0.00e+00  6.206e-04  2.405e-04 30/30  PASS  
ev4_ec4_n100_s2_gs                                  200     0.100    43.200    43.200   0.00e+00  2.306e-02  1.201e-03  9/30  FAIL  
ev5_ec1_n9_s3_gm                                     27     0.100     2.800     2.800   0.00e+00  2.199e-04  2.574e-05 30/30  PASS  
ev5_ec1_n18_s1                                       18     0.100     0.400     0.300   0.00e+00  4.870e-05  1.156e-05 30/30  PASS  
ev5_ec1_n26_s2_gs                                    52     0.100     2.400     2.400   0.00e+00  1.535e-03  5.577e-05 30/30  PASS  
ev5_ec1_n34_s3_gm                                   102     0.100     1.900     1.900   0.00e+00  4.483e-03  2.827e-04 30/30  PASS  
ev5_ec1_n43_s1                                       43     0.100     4.000     4.000   0.00e+00  2.351e-04  6.396e-05 30/30  PASS  
ev5_ec1_n51_s2_gs                                   102     0.100     0.700     0.700   0.00e+00  5.381e-03  1.665e-04 30/30  PASS  
ev5_ec1_n59_s3_gm                                   177     0.100     1.200     1.200   0.00e+00  1.347e-02  6.367e-04 15/30  PASS  
ev5_ec1_n68_s1                                       68     0.100     9.400     9.400   0.00e+00  4.628e-04  7.248e-05 30/30  FAIL  
ev5_ec1_n76_s2_gs                                   152     0.000     0.900     0.900   0.00e+00  1.219e-02  4.318e-04 17/30  PASS  
ev5_ec1_n84_s3_gm                                   252     0.000   243.300   243.300   0.00e+00  2.947e-02  1.061e-03  7/30  FAIL  
ev5_ec1_n93_s1                                       93     0.100     4.200     4.200   0.00e+00  9.403e-04  1.957e-04 30/30  PASS  
ev5_ec4_n2_s2_gs                                      4     0.400     0.700     0.600   0.00e+00  4.315e-06  1.780e-06 30/30  PASS  
ev5_ec4_n10_s3_gm                                    30     0.100     6.900     7.000   0.00e+00  4.469e-04  2.564e-05 30/30  FAIL  
ev5_ec4_n19_s1                                       19     0.100     0.300     0.300   0.00e+00  5.202e-05  1.057e-05 30/30  PASS  
ev5_ec4_n27_s2_gs                                    54     0.100     0.400     0.400   0.00e+00  1.390e-03  2.620e-05 30/30  PASS  
ev5_ec4_n35_s3_gm                                   105     0.100     2.400     2.400   0.00e+00  6.278e-04  9.594e-05 30/30  PASS  
ev5_ec4_n44_s1                                       44     0.100     0.700     0.700   0.00e+00  2.663e-04  7.543e-05 30/30  PASS  
ev5_ec4_n52_s2_gs                                   104     0.000     3.600     3.600   1.08e-15  6.772e-04  5.677e-05 30/30  PASS  
ev5_ec4_n60_s3_gm                                   180     0.000     3.000     3.000   0.00e+00  1.797e-03  1.965e-04 30/30  PASS  
ev5_ec4_n69_s1                                       69     0.100     5.700     5.700   0.00e+00  5.288e-04  4.994e-05 30/30  FAIL  
ev5_ec4_n77_s2_gs                                   154     0.100     0.600     0.600   0.00e+00  1.101e-02  2.400e-04 19/30  PASS  
ev5_ec4_n85_s3_gm                                   255     0.000     2.100     2.100   5.99e-16  3.669e-03  3.381e-04 30/30  PASS  
ev5_ec4_n94_s1                                       94     0.100     2.800     2.800   0.00e+00  9.704e-04  9.345e-05 30/30  PASS  
ev6_ec1_n3_s2_gs                                      6     0.600     2.200     2.000   0.00e+00  1.934e-05  3.652e-06 30/30  PASS  
ev6_ec1_n11_s3_gm                                    33     0.000     0.600     0.600   0.00e+00  2.619e-04  4.182e-05 30/30  PASS  
ev6_ec1_n20_s1                                       20     0.200     2.700     2.600   0.00e+00  4.200e-05  2.205e-05 30/30  PASS  
ev6_ec1_n28_s2_gs                                    56     0.100    14.600    14.600   0.00e+00  1.802e-03  5.447e-05 30/30  FAIL  
ev6_ec1_n36_s3_gm                                   108     0.000    28.900    28.900   0.00e+00  3.898e-03  3.779e-04 30/30  FAIL  
ev6_ec1_n45_s1                                       45     0.300     8.800     8.800   0.00e+00  2.228e-04  9.073e-05 30/30  FAIL  
ev6_ec1_n53_s2_gs                                   106     0.100    32.900    32.900   0.00e+00  6.422e-03  1.787e-04 30/30  FAIL  
ev6_ec1_n61_s3_gm                                   183     0.100    13.600    13.600   0.00e+00  1.397e-02  9.835e-04 15/30  FAIL  
ev6_ec1_n70_s1                                       70     0.200    14.600    14.600   0.00e+00  5.554e-04  2.242e-04 30/30  FAIL  
ev6_ec1_n78_s2_gs                                   156     0.000     3.300     3.300   0.00e+00  1.455e-02  3.482e-04 14/30  PASS  
ev6_ec1_n86_s3_gm                                   258     0.000     9.300     9.300   0.00e+00  2.832e-02  1.906e-03  8/30  FAIL  
ev6_ec1_n95_s1                                       95     0.200    11.000    11.000   0.00e+00  1.133e-03  3.311e-04 30/30  FAIL  
ev7_ec1_n4_s2_gs                                      8     0.500     0.500     0.500   0.00e+00  1.576e-05  1.881e-06 30/30  PASS  
ev7_ec1_n12_s3_gm                                    36     0.100   104.200   104.100   0.00e+00  5.315e-04  5.965e-06 30/30  FAIL  
ev7_ec1_n21_s1                                       21     0.500     0.700     0.600   0.00e+00  1.211e-04  3.088e-06 30/30  PASS  
ev7_ec1_n29_s2_gs                                    58     0.200     2.200     2.300   0.00e+00  9.539e-04  8.368e-06 30/30  PASS  
ev7_ec1_n37_s3_gm                                   111     0.200     8.600     8.600   0.00e+00  5.213e-03  1.006e-05 30/30  FAIL  
ev7_ec1_n46_s1                                       46     0.500     1.000     1.000   0.00e+00  5.263e-04  4.815e-06 30/30  PASS  
ev7_ec1_n54_s2_gs                                   108     0.100     2.900     2.900   0.00e+00  3.523e-03  9.918e-05 30/30  PASS  
ev7_ec1_n62_s3_gm                                   186     0.000    26.900    26.900   0.00e+00  1.578e-02  1.962e-04 13/30  FAIL  
ev7_ec1_n71_s1                                       71     0.000     1.600     1.600   0.00e+00  1.251e-03  1.720e-04 30/30  PASS  
ev7_ec1_n79_s2_gs                                   158     0.100     1.200     1.200   0.00e+00  7.733e-03  1.504e-04 26/30  PASS  
ev7_ec1_n87_s3_gm                                   261     0.000     4.100     4.100   0.00e+00  3.168e-02  7.064e-04  7/30  PASS  
ev7_ec1_n96_s1                                       96     0.100     3.100     3.100   0.00e+00  2.426e-03  2.182e-04 30/30  PASS  
ev8_ec1_n5_s2_gs                                     10     0.300     1.100     1.100   0.00e+00  5.778e-05  5.033e-06 30/30  PASS  
ev8_ec1_n13_s3_gm                                    39     0.100     7.600     7.500   0.00e+00  4.208e-04  6.454e-05 30/30  FAIL  
ev8_ec1_n22_s1                                       22     0.100     6.700     6.700   0.00e+00  8.348e-05  2.115e-05 30/30  FAIL  
ev8_ec1_n30_s2_gs                                    60     0.100     0.500     0.500   0.00e+00  1.783e-03  6.443e-05 30/30  PASS  
ev8_ec1_n38_s3_gm                                   114     0.000    29.200    29.200   0.00e+00  4.058e-03  5.190e-04 30/30  FAIL  
ev8_ec1_n47_s1                                       47     0.100     0.500     0.500   0.00e+00  3.037e-04  7.395e-05 30/30  PASS  
ev8_ec1_n55_s2_gs                                   110     0.000     6.600     6.600   0.00e+00  5.807e-03  1.879e-04 30/30  FAIL  
ev8_ec1_n63_s3_gm                                   189     0.000     3.800     3.800   0.00e+00  1.261e-02  1.314e-03 16/30  PASS  
ev8_ec1_n72_s1                                       72     0.000     0.400     0.400   0.00e+00  7.002e-04  1.635e-04 30/30  PASS  
ev8_ec1_n80_s2_gs                                   160     0.000     0.600     0.600   0.00e+00  1.207e-02  3.724e-04 17/30  PASS  
ev8_ec1_n88_s3_gm                                   264     0.100    14.400    14.400   0.00e+00  2.523e-02  2.449e-03  8/30  FAIL  
ev8_ec1_n97_s1                                       97     0.000     0.500     0.500   0.00e+00  1.203e-03  2.635e-04 30/30  PASS  
ev9_ec1_n6_s2_gs                                     12     0.300    16.800    16.800   0.00e+00  4.918e-05  8.775e-06 30/30  FAIL  
ev9_ec1_n14_s3_gm                                    42     0.100     2.100     2.000   0.00e+00  5.245e-04  8.920e-05 30/30  PASS  
ev9_ec1_n23_s1                                       23     0.100     0.400     0.400   0.00e+00  9.186e-05  2.047e-05 30/30  PASS  
ev9_ec1_n31_s2_gs                                    62     0.300     0.400     0.400   0.00e+00  1.624e-03  1.445e-04 30/30  PASS  
ev9_ec1_n39_s3_gm                                   117     0.100    15.300    15.300   0.00e+00  5.336e-03  2.026e-04 30/30  FAIL  
ev9_ec1_n48_s1                                       48     0.200     0.900     0.900   0.00e+00  3.568e-04  7.540e-05 30/30  PASS  
ev9_ec1_n56_s2_gs                                   112     0.200     0.400     0.400   0.00e+00  5.112e-03  4.095e-04 30/30  PASS  
ev9_ec1_n64_s3_gm                                   192     0.000     7.200     7.200   0.00e+00  1.492e-02  1.387e-03 14/30  FAIL  
ev9_ec1_n73_s1                                       73     0.200     0.400     0.400   0.00e+00  8.383e-04  1.733e-04 30/30  PASS  
ev9_ec1_n81_s2_gs                                   162     0.200     0.400     0.400   0.00e+00  1.070e-02  8.108e-04 19/30  PASS  
ev9_ec1_n89_s3_gm                                   267     0.000   295.200   295.200   0.00e+00  3.114e-02  2.528e-03  7/30  FAIL  
ev9_ec1_n98_s1                                       98     0.000     2.300     2.300   0.00e+00  1.453e-03  2.946e-04 30/30  PASS  
tri2_n24_gs                                          48     0.200     2.900     3.000   0.00e+00  7.320e-04  3.723e-05 30/30  PASS  
tri2_n57_gm                                         171 189301.900 1178197.100 1178197.100   0.00e+00  7.345e-03  8.188e-04 27/30  FAIL  
tri2_n91                                             91     0.200     9.400     9.400   0.00e+00  5.443e-04  1.594e-04 30/30  FAIL  
tri3_n25_gs                                          50     0.200    16.400    16.400   0.00e+00  1.215e-03  5.214e-05 30/30  FAIL  
tri3_n58_gm                                         174     0.000     1.400     1.400   8.39e-16  2.981e-03  3.555e-04 30/30  PASS  
tri3_n92                                             92     0.100     0.700     0.800   0.00e+00  2.423e-03  2.445e-04 30/30  PASS  
tri4_n26_gs                                          52     0.100     8.900     8.900   0.00e+00  1.060e-03  4.497e-05 30/30  FAIL  
tri4_n59_gm                                         177 16843.300 167712.500 167712.500   0.00e+00  9.395e-03  8.716e-04 22/30  FAIL  
tri4_n93                                             93     0.100     3.400     3.400   0.00e+00  5.665e-04  1.942e-04 30/30  PASS  
tri5_n27_gs                                          54     0.100     3.800     3.800   0.00e+00  9.329e-04  4.684e-05 30/30  PASS  
tri5_n60_gm                                         180     0.000     0.200     0.200   0.00e+00  7.459e-03  8.855e-04 27/30  PASS  
tri5_n94                                             94     0.200     3.700     3.700   0.00e+00  6.053e-04  1.802e-04 30/30  PASS  
tri6_n28_gs                                          56     0.100     4.900     4.900   0.00e+00  1.556e-03  8.430e-05 30/30  PASS  
tri6_n61_gm                                         183     0.100     0.300     0.300   0.00e+00  9.752e-03  9.237e-04 21/30  PASS  
tri6_n95                                             95     0.200     4.000     3.900   0.00e+00  5.316e-04  1.719e-04 30/30  PASS  
tri7_n29_gs                                          58     0.000     7.200     7.100   0.00e+00  1.430e-03  5.233e-05 30/30  FAIL  
tri7_n62_gm                                         186     0.000     1.000     1.000   0.00e+00  1.035e-02  8.697e-04 20/30  PASS  
tri7_n96                                             96     0.100     3.500     3.500   0.00e+00  5.385e-04  1.755e-04 30/30  PASS  
-----------------------------------------------------------------------------------------------------------------------------------------
PASS: 13400/18438    (9184.7s wall)

Failing (5038), sorted by max(ortU,ortV) desc:
  ev2_ec1_n35_s0_gm                                n=   105  res=     0.048  ortU=42891425022576.156  ortV=42891425022576.156    drift=2.73e-16  t_eval=2.42e-04  t_dbdsqr=1.05e-05
  ev5_ec4_n64_s2_gm                                n=   192  res=     0.060  ortU=23456248059221.332  ortV=23456248059221.332    drift=4.79e-16  t_eval=2.15e-03  t_dbdsqr=2.16e-04
  ev2_ec1_n75_s2_gm                                n=   225  res=     0.027  ortU=20015998343868.871  ortV=20015998343868.871    drift=2.14e-16  t_eval=9.48e-04  t_dbdsqr=1.72e-05
  ev2_ec4_n87_s1_gm                                n=   261  res=     0.022  ortU=17255170986093.854  ortV=17255170986093.854    drift=2.11e-16  t_eval=1.59e-03  t_dbdsqr=1.82e-05
  ev5_ec4_n88_s3_gm                                n=   264  res=     0.033  ortU=17059089497615.516  ortV=17059089497615.516    drift=7.15e-16  t_eval=3.69e-03  t_dbdsqr=2.82e-04
  ev2_ec4_n92_s3_gm                                n=   276  res=     0.024  ortU=16317389954240.928  ortV=16317389954240.928    drift=2.06e-16  t_eval=2.23e-03  t_dbdsqr=1.90e-05
  ev5_ec4_n95_s2_gm                                n=   285  res=     0.037  ortU=15802103955685.951  ortV=15802103955685.951    drift=4.78e-16  t_eval=5.16e-03  t_dbdsqr=5.85e-04
  tri2_n65_gm                                      n=   195  res=1227521.500  ortU=10250275.000  ortV=10250275.000    drift=0.00e+00  t_eval=9.57e-03  t_dbdsqr=1.02e-03
  tri2_n23_gm                                      n=    69  res=1152187.800  ortU=8881489.000  ortV=8881489.000    drift=0.00e+00  t_eval=1.20e-03  t_dbdsqr=1.54e-04
  tri2_n37_gm                                      n=   111  res=582800.400  ortU=4501593.400  ortV=4501593.400    drift=0.00e+00  t_eval=3.09e-03  t_dbdsqr=3.68e-04
  tri4_n3_gm                                       n=     9  res=2181912.800  ortU=4302882.500  ortV=4302882.500    drift=0.00e+00  t_eval=2.47e-05  t_dbdsqr=6.40e-06
  tri3_n11_gm                                      n=    33  res= 51049.200  ortU=2662081.600  ortV=2662081.600    drift=0.00e+00  t_eval=2.65e-04  t_dbdsqr=3.83e-05
  tri2_n27_gm                                      n=    81  res=148209.100  ortU=2389896.600  ortV=2389896.600    drift=0.00e+00  t_eval=1.65e-03  t_dbdsqr=2.07e-04
  tri2_n13_gm                                      n=    39  res=426900.800  ortU=2103201.200  ortV=2103201.200    drift=0.00e+00  t_eval=3.83e-04  t_dbdsqr=5.01e-05
  tri4_n9_gm                                       n=    27  res=535957.500  ortU=2097090.200  ortV=2097090.100    drift=0.00e+00  t_eval=1.86e-04  t_dbdsqr=2.76e-05
  tri2_n17_gm                                      n=    51  res=204396.100  ortU=1976991.600  ortV=1976991.700    drift=0.00e+00  t_eval=6.71e-04  t_dbdsqr=8.69e-05
  tri2_n73_gm                                      n=   219  res=283486.900  ortU=1953888.700  ortV=1953888.700    drift=0.00e+00  t_eval=1.21e-02  t_dbdsqr=1.29e-03
  tri2_n9_gm                                       n=    27  res=530018.500  ortU=1914613.500  ortV=1914613.600    drift=0.00e+00  t_eval=1.94e-04  t_dbdsqr=2.79e-05
  tri2_n25_gm                                      n=    75  res=506370.700  ortU=1913008.900  ortV=1913008.900    drift=0.00e+00  t_eval=1.43e-03  t_dbdsqr=1.79e-04
  tri2_n55_gm                                      n=   165  res=250892.900  ortU=1854959.900  ortV=1854959.900    drift=0.00e+00  t_eval=6.91e-03  t_dbdsqr=7.53e-04
  tri3_n7_gm                                       n=    21  res=265052.000  ortU=1810128.400  ortV=1810128.400    drift=0.00e+00  t_eval=1.15e-04  t_dbdsqr=2.00e-05
  tri2_n35_gm                                      n=   105  res=360997.100  ortU=1749321.400  ortV=1749321.400    drift=0.00e+00  t_eval=2.79e-03  t_dbdsqr=3.32e-04
  tri4_n55_gm                                      n=   165  res=115138.600  ortU=1394510.500  ortV=1394510.500    drift=0.00e+00  t_eval=7.89e-03  t_dbdsqr=7.22e-04
  tri4_n19_gm                                      n=    57  res=179897.700  ortU=1389433.900  ortV=1389433.900    drift=0.00e+00  t_eval=8.32e-04  t_dbdsqr=1.10e-04
  tri4_n57_gm                                      n=   171  res= 16060.200  ortU=1353507.000  ortV=1353507.000    drift=0.00e+00  t_eval=8.56e-03  t_dbdsqr=8.06e-04
  tri2_n3_gm                                       n=     9  res=704023.800  ortU=1303023.600  ortV=1303023.500    drift=0.00e+00  t_eval=2.61e-05  t_dbdsqr=6.72e-06
  tri2_n93_gm                                      n=   279  res=164068.600  ortU=1283675.000  ortV=1283675.000    drift=0.00e+00  t_eval=1.98e-02  t_dbdsqr=2.01e-03
  tri4_n43_gm                                      n=   129  res=101395.800  ortU=1254089.700  ortV=1254089.600    drift=0.00e+00  t_eval=4.46e-03  t_dbdsqr=4.70e-04
  tri2_n33_gm                                      n=    99  res=248618.600  ortU=1205946.800  ortV=1205946.800    drift=0.00e+00  t_eval=2.47e-03  t_dbdsqr=3.01e-04
  tri3_n9_gm                                       n=    27  res= 15455.300  ortU=1185122.000  ortV=1185122.000    drift=0.00e+00  t_eval=1.89e-04  t_dbdsqr=2.74e-05
  tri2_n57_gm                                      n=   171  res=189301.900  ortU=1178197.100  ortV=1178197.100    drift=0.00e+00  t_eval=7.35e-03  t_dbdsqr=8.19e-04
  tri2_n29_gm                                      n=    87  res=290569.700  ortU=1143023.700  ortV=1143023.700    drift=0.00e+00  t_eval=1.91e-03  t_dbdsqr=2.34e-04
  tri2_n7_gm                                       n=    21  res=396563.900  ortU=1131407.500  ortV=1131407.500    drift=0.00e+00  t_eval=1.16e-04  t_dbdsqr=1.96e-05
  tri2_n61_gm                                      n=   183  res= 51586.000  ortU=1036943.900  ortV=1036943.900    drift=0.00e+00  t_eval=8.51e-03  t_dbdsqr=9.06e-04
  tri4_n35_gm                                      n=   105  res=139676.900  ortU=1031690.200  ortV=1031690.200    drift=0.00e+00  t_eval=2.91e-03  t_dbdsqr=3.35e-04
  tri4_n41_gm                                      n=   123  res=123907.500  ortU=1013186.400  ortV=1013186.400    drift=0.00e+00  t_eval=4.04e-03  t_dbdsqr=4.25e-04
  tri4_n21_gm                                      n=    63  res= 61482.000  ortU=967603.200  ortV=967603.200    drift=0.00e+00  t_eval=1.02e-03  t_dbdsqr=1.32e-04
  tri2_n21_gm                                      n=    63  res=199625.100  ortU=948161.000  ortV=948161.100    drift=0.00e+00  t_eval=9.81e-04  t_dbdsqr=1.22e-04
  tri3_n5_gm                                       n=    15  res=179325.700  ortU=946835.700  ortV=946835.700    drift=0.00e+00  t_eval=6.13e-05  t_dbdsqr=1.26e-05
  tri2_n95_gm                                      n=   285  res=112684.400  ortU=902044.400  ortV=902044.400    drift=0.00e+00  t_eval=2.06e-02  t_dbdsqr=2.09e-03
  tri2_n53_gm                                      n=   159  res=154218.900  ortU=873614.000  ortV=873614.000    drift=0.00e+00  t_eval=6.40e-03  t_dbdsqr=7.16e-04
  tri2_n45_gm                                      n=   135  res=160046.600  ortU=844889.400  ortV=844889.400    drift=0.00e+00  t_eval=4.58e-03  t_dbdsqr=5.32e-04
  tri2_n31_gm                                      n=    93  res=197314.400  ortU=833954.100  ortV=833954.100    drift=0.00e+00  t_eval=2.16e-03  t_dbdsqr=2.65e-04
  tri2_n19_gm                                      n=    57  res=162942.700  ortU=811948.700  ortV=811948.800    drift=0.00e+00  t_eval=8.30e-04  t_dbdsqr=1.10e-04
  tri2_n47_gm                                      n=   141  res=108100.400  ortU=775860.200  ortV=775860.200    drift=0.00e+00  t_eval=5.11e-03  t_dbdsqr=5.64e-04
  tri2_n51_gm                                      n=   153  res= 67681.700  ortU=752789.800  ortV=752789.700    drift=0.00e+00  t_eval=5.89e-03  t_dbdsqr=6.52e-04
  tri2_n77_gm                                      n=   231  res=107711.100  ortU=744989.300  ortV=744989.300    drift=0.00e+00  t_eval=1.36e-02  t_dbdsqr=1.42e-03
  tri4_n31_gm                                      n=    93  res= 82237.600  ortU=741669.300  ortV=741669.300    drift=0.00e+00  t_eval=2.26e-03  t_dbdsqr=2.62e-04
  tri2_n67_gm                                      n=   201  res=112468.500  ortU=732959.000  ortV=732959.000    drift=0.00e+00  t_eval=1.01e-02  t_dbdsqr=1.09e-03
  tri2_n69_gm                                      n=   207  res=109497.500  ortU=711620.400  ortV=711620.400    drift=0.00e+00  t_eval=1.10e-02  t_dbdsqr=1.16e-03
  tri2_n89_gm                                      n=   267  res= 92174.100  ortU=694563.600  ortV=694563.600    drift=0.00e+00  t_eval=1.79e-02  t_dbdsqr=1.86e-03
  tri2_n5_gm                                       n=    15  res=337143.800  ortU=651724.800  ortV=651724.800    drift=0.00e+00  t_eval=6.21e-05  t_dbdsqr=1.20e-05
  tri4_n95_gm                                      n=   285  res= 51132.000  ortU=643607.900  ortV=643607.900    drift=0.00e+00  t_eval=2.83e-02  t_dbdsqr=2.02e-03
  tri4_n33_gm                                      n=    99  res= 90355.400  ortU=626418.700  ortV=626418.700    drift=0.00e+00  t_eval=2.55e-03  t_dbdsqr=3.02e-04
  tri2_n41_gm                                      n=   123  res= 61132.700  ortU=579453.300  ortV=579453.300    drift=0.00e+00  t_eval=3.80e-03  t_dbdsqr=4.51e-04
  tri4_n85_gm                                      n=   255  res= 47690.200  ortU=578162.100  ortV=578162.100    drift=0.00e+00  t_eval=2.18e-02  t_dbdsqr=1.60e-03
  tri3_n13_gm                                      n=    39  res= 12381.100  ortU=577884.900  ortV=577884.900    drift=0.00e+00  t_eval=3.79e-04  t_dbdsqr=5.40e-05
  tri2_n75_gm                                      n=   225  res= 55305.600  ortU=562537.700  ortV=562537.700    drift=0.00e+00  t_eval=1.30e-02  t_dbdsqr=1.35e-03
  tri4_n99_gm                                      n=   297  res= 13506.500  ortU=557750.400  ortV=557750.400    drift=0.00e+00  t_eval=3.10e-02  t_dbdsqr=2.15e-03
  tri4_n15_gm                                      n=    45  res= 26911.300  ortU=551537.100  ortV=551537.100    drift=0.00e+00  t_eval=5.08e-04  t_dbdsqr=6.83e-05
  tri2_n15_gm                                      n=    45  res=154530.100  ortU=543543.700  ortV=543543.700    drift=0.00e+00  t_eval=5.11e-04  t_dbdsqr=6.45e-05
  tri4_n83_gm                                      n=   249  res= 48091.600  ortU=540687.400  ortV=540687.500    drift=0.00e+00  t_eval=2.08e-02  t_dbdsqr=1.56e-03
  tri2_n85_gm                                      n=   255  res= 37873.000  ortU=536796.700  ortV=536796.700    drift=0.00e+00  t_eval=1.65e-02  t_dbdsqr=1.71e-03
  tri2_n79_gm                                      n=   237  res= 45565.900  ortU=532934.100  ortV=532934.200    drift=0.00e+00  t_eval=1.43e-02  t_dbdsqr=1.48e-03
  tri2_n43_gm                                      n=   129  res= 98426.100  ortU=530489.200  ortV=530489.200    drift=0.00e+00  t_eval=4.18e-03  t_dbdsqr=4.87e-04
  tri4_n47_gm                                      n=   141  res= 45444.600  ortU=502030.600  ortV=502030.600    drift=0.00e+00  t_eval=5.49e-03  t_dbdsqr=5.56e-04
  tri4_n29_gm                                      n=    87  res= 47122.000  ortU=481981.400  ortV=481981.400    drift=0.00e+00  t_eval=1.95e-03  t_dbdsqr=2.36e-04
  tri2_n97_gm                                      n=   291  res= 53796.000  ortU=480432.300  ortV=480432.300    drift=0.00e+00  t_eval=2.17e-02  t_dbdsqr=2.17e-03
  tri2_n91_gm                                      n=   273  res= 40741.100  ortU=474474.800  ortV=474474.700    drift=0.00e+00  t_eval=1.88e-02  t_dbdsqr=1.95e-03
  tri2_n11_gm                                      n=    33  res=110050.600  ortU=463975.100  ortV=463975.100    drift=0.00e+00  t_eval=2.76e-04  t_dbdsqr=3.69e-05
  tri4_n69_gm                                      n=   207  res= 36908.800  ortU=458305.700  ortV=458305.700    drift=0.00e+00  t_eval=1.34e-02  t_dbdsqr=1.11e-03
  tri4_n73_gm                                      n=   219  res= 42302.200  ortU=447296.700  ortV=447296.700    drift=0.00e+00  t_eval=1.53e-02  t_dbdsqr=1.24e-03
  tri4_n75_gm                                      n=   225  res= 41001.000  ortU=444311.000  ortV=444311.000    drift=0.00e+00  t_eval=1.65e-02  t_dbdsqr=1.34e-03
  tri3_n15_gm                                      n=    45  res=   225.100  ortU=442619.900  ortV=442619.900    drift=0.00e+00  t_eval=5.13e-04  t_dbdsqr=6.77e-05
  tri2_n99_gm                                      n=   297  res= 53333.100  ortU=440065.400  ortV=440065.400    drift=0.00e+00  t_eval=2.25e-02  t_dbdsqr=2.22e-03
  tri2_n87_gm                                      n=   261  res= 52631.200  ortU=422558.300  ortV=422558.300    drift=0.00e+00  t_eval=1.73e-02  t_dbdsqr=1.75e-03
  tri4_n27_gm                                      n=    81  res= 59782.200  ortU=415619.600  ortV=415619.600    drift=0.00e+00  t_eval=1.71e-03  t_dbdsqr=2.08e-04
  tri4_n23_gm                                      n=    69  res= 42401.300  ortU=409232.800  ortV=409232.800    drift=0.00e+00  t_eval=1.22e-03  t_dbdsqr=1.56e-04
  tri4_n37_gm                                      n=   111  res= 55049.900  ortU=407528.700  ortV=407528.700    drift=0.00e+00  t_eval=3.23e-03  t_dbdsqr=3.65e-04
  tri2_n59_gm                                      n=   177  res= 43994.400  ortU=384899.300  ortV=384899.300    drift=0.00e+00  t_eval=7.98e-03  t_dbdsqr=8.70e-04
  tri2_n39_gm                                      n=   117  res= 36848.000  ortU=376921.600  ortV=376921.600    drift=0.00e+00  t_eval=3.44e-03  t_dbdsqr=4.11e-04
  tri4_n77_gm                                      n=   231  res= 34556.200  ortU=369298.800  ortV=369298.800    drift=0.00e+00  t_eval=1.74e-02  t_dbdsqr=1.37e-03
  tri2_n81_gm                                      n=   243  res= 43446.700  ortU=365345.900  ortV=365345.900    drift=0.00e+00  t_eval=1.50e-02  t_dbdsqr=1.52e-03
  tri4_n45_gm                                      n=   135  res= 20312.300  ortU=344045.200  ortV=344045.200    drift=0.00e+00  t_eval=4.98e-03  t_dbdsqr=5.10e-04
  tri2_n63_gm                                      n=   189  res= 51725.200  ortU=338577.800  ortV=338577.800    drift=0.00e+00  t_eval=9.12e-03  t_dbdsqr=9.64e-04
  tri4_n93_gm                                      n=   279  res= 22628.300  ortU=308785.300  ortV=308785.300    drift=0.00e+00  t_eval=2.67e-02  t_dbdsqr=1.93e-03
  tri2_n49_gm                                      n=   147  res= 51911.700  ortU=307438.200  ortV=307438.200    drift=0.00e+00  t_eval=5.50e-03  t_dbdsqr=6.20e-04
  tri4_n5_gm                                       n=    15  res= 82273.400  ortU=305131.800  ortV=305131.700    drift=0.00e+00  t_eval=6.21e-05  t_dbdsqr=1.22e-05
  tri4_n13_gm                                      n=    39  res= 25018.300  ortU=303785.200  ortV=303785.200    drift=0.00e+00  t_eval=3.92e-04  t_dbdsqr=5.15e-05
  tri2_n83_gm                                      n=   249  res= 33846.900  ortU=301340.500  ortV=301340.500    drift=0.00e+00  t_eval=1.57e-02  t_dbdsqr=1.63e-03
  tri4_n65_gm                                      n=   195  res=  9055.000  ortU=291189.000  ortV=291189.000    drift=0.00e+00  t_eval=1.18e-02  t_dbdsqr=9.93e-04
  tri2_n71_gm                                      n=   213  res= 41371.200  ortU=276926.000  ortV=276926.000    drift=0.00e+00  t_eval=1.15e-02  t_dbdsqr=1.23e-03
  tri4_n39_gm                                      n=   117  res= 20859.600  ortU=255783.600  ortV=255783.600    drift=0.00e+00  t_eval=3.61e-03  t_dbdsqr=3.91e-04
  tri4_n17_gm                                      n=    51  res= 45261.000  ortU=228669.400  ortV=228669.400    drift=0.00e+00  t_eval=6.38e-04  t_dbdsqr=8.48e-05
  tri4_n63_gm                                      n=   189  res= 17043.300  ortU=225976.700  ortV=225976.700    drift=0.00e+00  t_eval=1.09e-02  t_dbdsqr=9.64e-04
  tri4_n97_gm                                      n=   291  res= 12286.200  ortU=225435.000  ortV=225435.000    drift=0.00e+00  t_eval=3.00e-02  t_dbdsqr=2.05e-03
  tri4_n91_gm                                      n=   273  res= 17160.100  ortU=218238.400  ortV=218238.400    drift=0.00e+00  t_eval=2.59e-02  t_dbdsqr=1.83e-03
  tri4_n25_gm                                      n=    75  res= 24583.600  ortU=217786.600  ortV=217786.600    drift=0.00e+00  t_eval=1.48e-03  t_dbdsqr=1.87e-04
  tri4_n81_gm                                      n=   243  res= 19652.700  ortU=213094.400  ortV=213094.400    drift=0.00e+00  t_eval=1.96e-02  t_dbdsqr=1.53e-03
  tri3_n3_gm                                       n=     9  res= 10618.300  ortU=198409.300  ortV=198409.300    drift=0.00e+00  t_eval=2.59e-05  t_dbdsqr=5.98e-06
  tri4_n11_gm                                      n=    33  res= 51394.400  ortU=193106.800  ortV=193106.800    drift=0.00e+00  t_eval=2.74e-04  t_dbdsqr=3.88e-05
  tri4_n67_gm                                      n=   201  res= 17700.100  ortU=180129.500  ortV=180129.500    drift=0.00e+00  t_eval=1.25e-02  t_dbdsqr=1.04e-03
  tri4_n7_gm                                       n=    21  res= 78239.500  ortU=176034.900  ortV=176034.900    drift=0.00e+00  t_eval=1.19e-04  t_dbdsqr=2.06e-05
  tri4_n89_gm                                      n=   267  res=  9521.600  ortU=175601.900  ortV=175601.900    drift=0.00e+00  t_eval=2.43e-02  t_dbdsqr=1.76e-03
  tri4_n59_gm                                      n=   177  res= 16843.300  ortU=167712.500  ortV=167712.500    drift=0.00e+00  t_eval=9.40e-03  t_dbdsqr=8.72e-04
  tri4_n87_gm                                      n=   261  res= 12400.100  ortU=159433.400  ortV=159433.300    drift=0.00e+00  t_eval=2.32e-02  t_dbdsqr=1.69e-03
  tri4_n79_gm                                      n=   237  res=  9095.000  ortU=132600.100  ortV=132600.100    drift=0.00e+00  t_eval=1.86e-02  t_dbdsqr=1.42e-03
  tri4_n51_gm                                      n=   153  res=  4103.500  ortU=131312.300  ortV=131312.300    drift=0.00e+00  t_eval=6.71e-03  t_dbdsqr=6.53e-04
  tri4_n61_gm                                      n=   183  res= 11156.400  ortU=110556.000  ortV=110556.000    drift=0.00e+00  t_eval=1.02e-02  t_dbdsqr=8.84e-04
  tri4_n53_gm                                      n=   159  res=  9191.300  ortU= 83748.100  ortV= 83748.100    drift=0.00e+00  t_eval=7.28e-03  t_dbdsqr=6.87e-04
  tri4_n49_gm                                      n=   147  res=  5929.600  ortU= 83185.700  ortV= 83185.700    drift=0.00e+00  t_eval=6.06e-03  t_dbdsqr=6.07e-04
  tri4_n71_gm                                      n=   213  res=  2899.700  ortU= 48405.200  ortV= 48405.200    drift=0.00e+00  t_eval=1.43e-02  t_dbdsqr=1.20e-03
  tri3_n17_gm                                      n=    51  res=    81.800  ortU= 39049.500  ortV= 39049.500    drift=0.00e+00  t_eval=6.98e-04  t_dbdsqr=9.02e-05
  ev3_ec1_n14_s2_gm                                n=    42  res=     0.100  ortU= 23100.300  ortV= 23100.400    drift=0.00e+00  t_eval=6.76e-04  t_dbdsqr=4.32e-05
  ev3_ec1_n14_s1_gm                                n=    42  res=     0.100  ortU= 22134.500  ortV= 22134.500    drift=0.00e+00  t_eval=6.80e-04  t_dbdsqr=6.28e-05
  ev3_ec1_n11_s2_gm                                n=    33  res=     0.100  ortU= 19399.700  ortV= 19399.700    drift=0.00e+00  t_eval=4.22e-04  t_dbdsqr=3.33e-05
  ev5_ec1_n94_s3_gm                                n=   282  res=     0.000  ortU= 12285.700  ortV= 12285.700    drift=0.00e+00  t_eval=3.80e-02  t_dbdsqr=1.14e-03
  ev8_ec1_n95_s1_gm                                n=   285  res=     0.100  ortU= 10133.200  ortV= 10133.200    drift=0.00e+00  t_eval=3.23e-02  t_dbdsqr=2.99e-03
  ev5_ec1_n24_s1_gm                                n=    72  res=     0.100  ortU=  7976.000  ortV=  7976.000    drift=0.00e+00  t_eval=2.16e-03  t_dbdsqr=1.89e-04
  ev8_ec1_n59_s2_gm                                n=   177  res=     0.000  ortU=  7015.600  ortV=  7015.500    drift=0.00e+00  t_eval=1.14e-02  t_dbdsqr=1.17e-03
  ev9_ec1_n42_s2_gm                                n=   126  res=     0.000  ortU=  6904.900  ortV=  6904.900    drift=0.00e+00  t_eval=6.11e-03  t_dbdsqr=6.69e-04
  ev5_ec1_n58_s2_gm                                n=   174  res=     0.000  ortU=  6672.200  ortV=  6672.200    drift=0.00e+00  t_eval=1.36e-02  t_dbdsqr=4.64e-04
  ev5_ec1_n27_s3_gm                                n=    81  res=     0.000  ortU=  5981.100  ortV=  5981.100    drift=0.00e+00  t_eval=2.78e-03  t_dbdsqr=1.44e-04
  ev3_ec1_n91_s2_gm                                n=   273  res=     0.000  ortU=  5971.300  ortV=  5971.300    drift=0.00e+00  t_eval=3.43e-02  t_dbdsqr=1.37e-03
  ev3_ec1_n12_s2_gm                                n=    36  res=     0.200  ortU=  5861.000  ortV=  5861.200    drift=0.00e+00  t_eval=5.09e-04  t_dbdsqr=5.27e-05
  ev3_ec1_n16_s0_gm                                n=    48  res=     0.100  ortU=  5853.300  ortV=  5853.300    drift=0.00e+00  t_eval=9.35e-04  t_dbdsqr=8.05e-05
  ev3_ec1_n9_s3_gm                                 n=    27  res=     0.200  ortU=  4747.500  ortV=  4747.500    drift=0.00e+00  t_eval=2.63e-04  t_dbdsqr=1.86e-05
  ev3_ec1_n94_s0_gm                                n=   282  res=     0.000  ortU=  4656.000  ortV=  4656.000    drift=0.00e+00  t_eval=3.64e-02  t_dbdsqr=1.45e-03
  ev8_ec1_n80_s2_gm                                n=   240  res=     0.000  ortU=  4466.800  ortV=  4466.800    drift=0.00e+00  t_eval=2.17e-02  t_dbdsqr=2.16e-03
  ev8_ec1_n78_s2_gm                                n=   234  res=     0.000  ortU=  4200.500  ortV=  4200.500    drift=0.00e+00  t_eval=1.95e-02  t_dbdsqr=1.98e-03
  ev5_ec1_n52_s2_gm                                n=   156  res=     0.000  ortU=  4022.600  ortV=  4022.600    drift=0.00e+00  t_eval=1.05e-02  t_dbdsqr=3.25e-04
  ev3_ec1_n89_s2_gm                                n=   267  res=     0.000  ortU=  3554.600  ortV=  3554.600    drift=0.00e+00  t_eval=3.32e-02  t_dbdsqr=1.34e-03
  ev3_ec1_n17_s3_gm                                n=    51  res=     0.100  ortU=  3528.500  ortV=  3528.500    drift=0.00e+00  t_eval=1.07e-03  t_dbdsqr=8.79e-05
  ev5_ec1_n22_s1_gm                                n=    66  res=     0.100  ortU=  3305.300  ortV=  3305.300    drift=0.00e+00  t_eval=1.73e-03  t_dbdsqr=1.73e-04
  ev3_ec1_n15_s1_gm                                n=    45  res=     0.100  ortU=  3273.000  ortV=  3272.900    drift=0.00e+00  t_eval=7.82e-04  t_dbdsqr=7.57e-05
  ev9_ec1_n26_s0_gm                                n=    78  res=     0.100  ortU=  2837.800  ortV=  2837.800    drift=0.00e+00  t_eval=2.44e-03  t_dbdsqr=2.73e-04
  ev3_ec1_n11_s0_gm                                n=    33  res=     0.100  ortU=  2747.600  ortV=  2747.700    drift=0.00e+00  t_eval=4.02e-04  t_dbdsqr=3.09e-05
  ev8_ec1_n80_s1_gm                                n=   240  res=     0.000  ortU=  2611.900  ortV=  2611.900    drift=0.00e+00  t_eval=2.13e-02  t_dbdsqr=2.09e-03
  ev3_ec1_n17_s0_gm                                n=    51  res=     0.100  ortU=  2468.400  ortV=  2468.400    drift=0.00e+00  t_eval=1.02e-03  t_dbdsqr=8.37e-05
  ev3_ec1_n10_s0_gm                                n=    30  res=     0.100  ortU=  2257.900  ortV=  2258.000    drift=0.00e+00  t_eval=3.18e-04  t_dbdsqr=2.36e-05
  tri3_n19_gm                                      n=    57  res=    10.900  ortU=  2173.700  ortV=  2173.700    drift=0.00e+00  t_eval=9.26e-04  t_dbdsqr=1.14e-04
  ev8_ec1_n76_s0_gm                                n=   228  res=     0.000  ortU=  2116.600  ortV=  2116.700    drift=0.00e+00  t_eval=1.82e-02  t_dbdsqr=1.85e-03
  ev8_ec1_n47_s3_gm                                n=   141  res=     0.000  ortU=  1855.400  ortV=  1855.400    drift=0.00e+00  t_eval=6.56e-03  t_dbdsqr=7.29e-04
  ev8_ec1_n100_s3_gm                               n=   300  res=     0.000  ortU=  1698.000  ortV=  1698.000    drift=0.00e+00  t_eval=3.38e-02  t_dbdsqr=3.08e-03
  ev5_ec1_n100_s0_gs                               n=   200  res=     0.000  ortU=  1664.800  ortV=  1664.800    drift=0.00e+00  t_eval=1.95e-02  t_dbdsqr=5.68e-04
  ev8_ec1_n46_s0_gm                                n=   138  res=     0.000  ortU=  1652.500  ortV=  1652.400    drift=0.00e+00  t_eval=6.51e-03  t_dbdsqr=7.28e-04
  ev8_ec1_n64_s3_gm                                n=   192  res=     0.100  ortU=  1607.400  ortV=  1607.400    drift=0.00e+00  t_eval=1.29e-02  t_dbdsqr=1.32e-03
  ev3_ec1_n22_s1_gm                                n=    66  res=     0.100  ortU=  1591.900  ortV=  1592.000    drift=0.00e+00  t_eval=1.80e-03  t_dbdsqr=1.20e-04
  ev5_ec1_n15_s2_gm                                n=    45  res=     0.100  ortU=  1591.900  ortV=  1592.000    drift=0.00e+00  t_eval=8.45e-04  t_dbdsqr=5.39e-05
  ev3_ec1_n31_s2_gm                                n=    93  res=     0.000  ortU=  1537.100  ortV=  1537.100    drift=0.00e+00  t_eval=3.55e-03  t_dbdsqr=2.14e-04
  ev3_ec1_n33_s2_gm                                n=    99  res=     0.000  ortU=  1484.800  ortV=  1484.800    drift=0.00e+00  t_eval=4.08e-03  t_dbdsqr=2.43e-04
  ev9_ec1_n38_s2_gm                                n=   114  res=     0.000  ortU=  1440.000  ortV=  1440.000    drift=0.00e+00  t_eval=5.22e-03  t_dbdsqr=1.89e-04
  ev5_ec1_n35_s1_gm                                n=   105  res=     0.000  ortU=  1439.800  ortV=  1439.800    drift=0.00e+00  t_eval=4.33e-03  t_dbdsqr=3.01e-04
  ev5_ec1_n98_s3_gm                                n=   294  res=     0.000  ortU=  1363.700  ortV=  1363.700    drift=0.00e+00  t_eval=3.97e-02  t_dbdsqr=1.30e-03
  ev8_ec1_n93_s1_gm                                n=   279  res=     0.000  ortU=  1353.300  ortV=  1353.300    drift=0.00e+00  t_eval=2.97e-02  t_dbdsqr=2.67e-03
  ev9_ec1_n34_s0_gm                                n=   102  res=     0.100  ortU=  1338.700  ortV=  1338.800    drift=0.00e+00  t_eval=4.25e-03  t_dbdsqr=1.60e-04
  ev5_ec1_n18_s3_gm                                n=    54  res=     0.100  ortU=  1338.000  ortV=  1338.000    drift=0.00e+00  t_eval=1.07e-03  t_dbdsqr=8.40e-05
  ev8_ec1_n98_s0_gm                                n=   294  res=     0.000  ortU=  1291.600  ortV=  1291.600    drift=0.00e+00  t_eval=3.29e-02  t_dbdsqr=3.08e-03
  ev3_ec4_n52_s2_gm                                n=   156  res=     0.000  ortU=  1266.000  ortV=  1266.000    drift=0.00e+00  t_eval=1.15e-02  t_dbdsqr=1.80e-04
  ev9_ec1_n86_s2_gm                                n=   258  res=     0.100  ortU=  1263.200  ortV=  1263.200    drift=0.00e+00  t_eval=2.83e-02  t_dbdsqr=2.37e-03
  ev8_ec1_n92_s3_gm                                n=   276  res=     0.000  ortU=  1233.700  ortV=  1233.700    drift=0.00e+00  t_eval=2.78e-02  t_dbdsqr=2.64e-03
  ev3_ec1_n10_s3_gm                                n=    30  res=     0.100  ortU=  1196.300  ortV=  1196.300    drift=0.00e+00  t_eval=3.72e-04  t_dbdsqr=3.11e-05
  ev5_ec1_n71_s2_gm                                n=   213  res=     0.000  ortU=  1195.000  ortV=  1195.000    drift=0.00e+00  t_eval=2.05e-02  t_dbdsqr=5.81e-04
  ev5_ec1_n11_s2_gm                                n=    33  res=     0.100  ortU=  1183.500  ortV=  1183.500    drift=0.00e+00  t_eval=4.39e-04  t_dbdsqr=2.75e-05
  ev5_ec4_n97_s2_gm                                n=   291  res=     0.000  ortU=  1132.700  ortV=  1132.700    drift=0.00e+00  t_eval=4.11e-02  t_dbdsqr=4.07e-04
  ev8_ec1_n41_s3_gm                                n=   123  res=     0.100  ortU=  1129.900  ortV=  1129.900    drift=0.00e+00  t_eval=4.88e-03  t_dbdsqr=5.40e-04
  ev5_ec1_n100_s3_gm                               n=   300  res=     0.000  ortU=  1100.900  ortV=  1100.900    drift=0.00e+00  t_eval=4.14e-02  t_dbdsqr=1.33e-03
  ev8_ec1_n51_s3_gm                                n=   153  res=     0.000  ortU=  1076.600  ortV=  1076.600    drift=0.00e+00  t_eval=7.40e-03  t_dbdsqr=8.45e-04
  ev5_ec4_n41_s0_gm                                n=   123  res=     0.000  ortU=  1038.500  ortV=  1038.500    drift=0.00e+00  t_eval=6.68e-03  t_dbdsqr=1.79e-04
  ev3_ec1_n10_s1_gm                                n=    30  res=     0.200  ortU=  1035.000  ortV=  1035.000    drift=0.00e+00  t_eval=3.27e-04  t_dbdsqr=2.67e-05
  ev3_ec4_n27_s1_gm                                n=    81  res=     0.000  ortU=  1033.100  ortV=  1033.100    drift=0.00e+00  t_eval=3.16e-03  t_dbdsqr=7.68e-05
  ev3_ec1_n93_s2_gm                                n=   279  res=     0.000  ortU=   995.900  ortV=   995.900    drift=0.00e+00  t_eval=3.64e-02  t_dbdsqr=1.45e-03
  ev9_ec1_n30_s2_gm                                n=    90  res=     0.500  ortU=   967.900  ortV=   967.900    drift=0.00e+00  t_eval=3.69e-03  t_dbdsqr=2.61e-04
  tri3_n21_gm                                      n=    63  res=     0.900  ortU=   967.000  ortV=   967.000    drift=0.00e+00  t_eval=1.23e-03  t_dbdsqr=1.28e-04
  ev5_ec1_n28_s1_gm                                n=    84  res=     0.000  ortU=   914.200  ortV=   914.200    drift=0.00e+00  t_eval=2.67e-03  t_dbdsqr=2.05e-04
  ev5_ec1_n15_s1_gm                                n=    45  res=     0.100  ortU=   883.300  ortV=   883.300    drift=0.00e+00  t_eval=6.53e-04  t_dbdsqr=5.85e-05
  ev5_ec1_n12_s0_gm                                n=    36  res=     0.200  ortU=   866.500  ortV=   866.500    drift=0.00e+00  t_eval=5.17e-04  t_dbdsqr=2.92e-05
  ev5_ec1_n14_s2_gm                                n=    42  res=     0.200  ortU=   862.300  ortV=   862.400    drift=0.00e+00  t_eval=7.23e-04  t_dbdsqr=4.34e-05
  ev8_ec1_n63_s1_gm                                n=   189  res=     0.100  ortU=   857.000  ortV=   857.000    drift=0.00e+00  t_eval=1.24e-02  t_dbdsqr=1.30e-03
  ev8_ec1_n92_s2_gm                                n=   276  res=     0.000  ortU=   814.700  ortV=   814.700    drift=0.00e+00  t_eval=2.89e-02  t_dbdsqr=2.70e-03
  ev5_ec1_n25_s3_gm                                n=    75  res=     0.100  ortU=   790.600  ortV=   790.600    drift=0.00e+00  t_eval=2.32e-03  t_dbdsqr=1.27e-04
  ev5_ec1_n16_s0_gm                                n=    48  res=     0.100  ortU=   723.700  ortV=   723.700    drift=0.00e+00  t_eval=9.17e-04  t_dbdsqr=4.34e-05
  ev3_ec1_n21_s3_gm                                n=    63  res=     0.100  ortU=   701.000  ortV=   701.000    drift=0.00e+00  t_eval=1.64e-03  t_dbdsqr=1.19e-04
  ev8_ec1_n65_s1_gm                                n=   195  res=     0.000  ortU=   669.100  ortV=   669.100    drift=0.00e+00  t_eval=1.29e-02  t_dbdsqr=1.37e-03
  ev5_ec1_n97_s1_gm                                n=   291  res=     0.100  ortU=   651.200  ortV=   651.200    drift=0.00e+00  t_eval=3.94e-02  t_dbdsqr=1.32e-03
  ev3_ec1_n12_s1_gm                                n=    36  res=     0.100  ortU=   639.700  ortV=   639.600    drift=0.00e+00  t_eval=4.80e-04  t_dbdsqr=3.19e-05
  ev8_ec1_n80_s3_gm                                n=   240  res=     0.100  ortU=   637.200  ortV=   637.200    drift=0.00e+00  t_eval=2.05e-02  t_dbdsqr=2.08e-03
  ev3_ec1_n24_s0_gm                                n=    72  res=     0.100  ortU=   631.500  ortV=   631.500    drift=0.00e+00  t_eval=2.12e-03  t_dbdsqr=1.50e-04
  ev3_ec1_n29_s0_gm                                n=    87  res=     0.000  ortU=   597.800  ortV=   597.800    drift=0.00e+00  t_eval=3.14e-03  t_dbdsqr=2.08e-04
  ev9_ec1_n28_s2_gm                                n=    84  res=     0.100  ortU=   588.600  ortV=   588.600    drift=0.00e+00  t_eval=2.49e-03  t_dbdsqr=3.16e-04
  ev8_ec1_n87_s0_gm                                n=   261  res=     0.100  ortU=   540.900  ortV=   540.900    drift=0.00e+00  t_eval=2.44e-02  t_dbdsqr=2.37e-03
  ev3_ec1_n14_s0_gm                                n=    42  res=     0.100  ortU=   534.300  ortV=   534.300    drift=0.00e+00  t_eval=6.96e-04  t_dbdsqr=3.72e-05
  ev5_ec1_n24_s2_gm                                n=    72  res=     0.100  ortU=   525.000  ortV=   525.000    drift=0.00e+00  t_eval=2.28e-03  t_dbdsqr=1.26e-04
  ev5_ec1_n26_s3_gm                                n=    78  res=     0.100  ortU=   513.200  ortV=   513.200    drift=0.00e+00  t_eval=2.49e-03  t_dbdsqr=1.55e-04
  ev9_ec1_n22_s2_gm                                n=    66  res=     0.100  ortU=   501.400  ortV=   501.500    drift=0.00e+00  t_eval=1.44e-03  t_dbdsqr=1.96e-04
  ev8_ec1_n74_s0_gm                                n=   222  res=     0.100  ortU=   501.000  ortV=   501.000    drift=0.00e+00  t_eval=1.74e-02  t_dbdsqr=1.76e-03
  ev8_ec1_n68_s2_gm                                n=   204  res=     0.100  ortU=   499.600  ortV=   499.600    drift=0.00e+00  t_eval=1.57e-02  t_dbdsqr=1.60e-03
  ev5_ec1_n13_s0_gm                                n=    39  res=     0.100  ortU=   494.700  ortV=   494.700    drift=0.00e+00  t_eval=6.19e-04  t_dbdsqr=3.02e-05
  ev8_ec1_n41_s2_gm                                n=   123  res=     0.100  ortU=   435.200  ortV=   435.200    drift=0.00e+00  t_eval=4.72e-03  t_dbdsqr=6.02e-04
  ev8_ec1_n35_s1_gm                                n=   105  res=     0.100  ortU=   430.900  ortV=   430.900    drift=0.00e+00  t_eval=3.39e-03  t_dbdsqr=4.35e-04
  ev3_ec1_n30_s2_gm                                n=    90  res=     0.100  ortU=   422.500  ortV=   422.500    drift=0.00e+00  t_eval=3.46e-03  t_dbdsqr=2.18e-04
  ev5_ec4_n5_s1_gm                                 n=    15  res=     0.200  ortU=   414.900  ortV=   414.900    drift=0.00e+00  t_eval=8.19e-05  t_dbdsqr=1.90e-05
  ev5_ec1_n69_s1_gm                                n=   207  res=     0.100  ortU=   413.500  ortV=   413.500    drift=0.00e+00  t_eval=1.97e-02  t_dbdsqr=6.62e-04
  ev7_ec1_n74_s2_gm                                n=   222  res=     0.000  ortU=   413.400  ortV=   413.400    drift=0.00e+00  t_eval=2.25e-02  t_dbdsqr=5.59e-04
  ev8_ec1_n49_s2_gm                                n=   147  res=     0.000  ortU=   409.000  ortV=   409.000    drift=0.00e+00  t_eval=7.19e-03  t_dbdsqr=7.83e-04
  ev3_ec1_n7_s2_gm                                 n=    21  res=     0.200  ortU=   405.100  ortV=   405.000    drift=0.00e+00  t_eval=1.56e-04  t_dbdsqr=1.66e-05
  ev8_ec1_n87_s3_gm                                n=   261  res=     0.000  ortU=   404.500  ortV=   404.400    drift=0.00e+00  t_eval=2.58e-02  t_dbdsqr=2.55e-03
  ev8_ec1_n49_s1_gm                                n=   147  res=     0.000  ortU=   399.600  ortV=   399.600    drift=0.00e+00  t_eval=7.26e-03  t_dbdsqr=8.08e-04
  ev5_ec1_n62_s2_gm                                n=   186  res=     0.000  ortU=   390.300  ortV=   390.300    drift=0.00e+00  t_eval=1.57e-02  t_dbdsqr=5.44e-04
  ev5_ec1_n51_s1_gm                                n=   153  res=     0.000  ortU=   385.200  ortV=   385.300    drift=0.00e+00  t_eval=1.05e-02  t_dbdsqr=4.90e-04
  ev3_ec1_n63_s3_gm                                n=   189  res=     0.000  ortU=   376.700  ortV=   376.600    drift=0.00e+00  t_eval=1.56e-02  t_dbdsqr=7.07e-04
  ev8_ec1_n17_s2_gm                                n=    51  res=     0.200  ortU=   373.400  ortV=   373.400    drift=0.00e+00  t_eval=7.38e-04  t_dbdsqr=1.01e-04
  ev5_ec1_n95_s2_gm                                n=   285  res=     0.000  ortU=   356.800  ortV=   356.800    drift=0.00e+00  t_eval=3.69e-02  t_dbdsqr=1.03e-03
  ev3_ec1_n95_s3_gm                                n=   285  res=     0.000  ortU=   356.400  ortV=   356.400    drift=0.00e+00  t_eval=3.63e-02  t_dbdsqr=1.49e-03
  ev3_ec1_n13_s1_gm                                n=    39  res=     0.100  ortU=   345.800  ortV=   345.800    drift=0.00e+00  t_eval=5.89e-04  t_dbdsqr=5.65e-05
  ev8_ec1_n94_s1_gm                                n=   282  res=     0.100  ortU=   344.700  ortV=   344.700    drift=0.00e+00  t_eval=2.92e-02  t_dbdsqr=2.77e-03
  ev8_ec1_n94_s0_gm                                n=   282  res=     0.000  ortU=   341.800  ortV=   341.800    drift=0.00e+00  t_eval=2.98e-02  t_dbdsqr=2.78e-03
  ev3_ec1_n18_s2_gm                                n=    54  res=     0.100  ortU=   338.800  ortV=   338.800    drift=0.00e+00  t_eval=1.17e-03  t_dbdsqr=9.39e-05
  ev5_ec1_n26_s1_gm                                n=    78  res=     0.100  ortU=   338.100  ortV=   338.100    drift=0.00e+00  t_eval=2.35e-03  t_dbdsqr=1.44e-04
  ev3_ec4_n48_s1_gm                                n=   144  res=     0.100  ortU=   335.700  ortV=   335.800    drift=0.00e+00  t_eval=9.62e-03  t_dbdsqr=1.54e-04
  ev7_ec1_n42_s3_gm                                n=   126  res=     0.000  ortU=   332.300  ortV=   332.300    drift=0.00e+00  t_eval=6.63e-03  t_dbdsqr=2.99e-04
  ev3_ec1_n7_s2_gs                                 n=    14  res=     0.200  ortU=   323.900  ortV=   323.500    drift=0.00e+00  t_eval=1.17e-04  t_dbdsqr=6.17e-06
  ev8_ec1_n93_s3_gm                                n=   279  res=     0.000  ortU=   323.000  ortV=   323.000    drift=0.00e+00  t_eval=2.79e-02  t_dbdsqr=2.69e-03
  ev3_ec1_n11_s1_gm                                n=    33  res=     0.100  ortU=   317.600  ortV=   317.600    drift=0.00e+00  t_eval=3.83e-04  t_dbdsqr=2.98e-05
  ev7_ec1_n74_s1_gm                                n=   222  res=     0.000  ortU=   314.500  ortV=   314.600    drift=0.00e+00  t_eval=2.22e-02  t_dbdsqr=5.12e-04
  ev8_ec1_n93_s0_gm                                n=   279  res=     0.000  ortU=   312.000  ortV=   312.000    drift=0.00e+00  t_eval=2.78e-02  t_dbdsqr=2.78e-03
  ev8_ec1_n70_s3_gm                                n=   210  res=     0.100  ortU=   307.900  ortV=   307.900    drift=0.00e+00  t_eval=1.55e-02  t_dbdsqr=1.59e-03
  ev8_ec1_n71_s3_gm                                n=   213  res=     0.000  ortU=   306.900  ortV=   306.900    drift=0.00e+00  t_eval=1.51e-02  t_dbdsqr=1.59e-03
  ev3_ec4_n82_s3_gm                                n=   246  res=     0.000  ortU=   305.900  ortV=   305.900    drift=0.00e+00  t_eval=2.90e-02  t_dbdsqr=3.45e-04
  ev9_ec1_n89_s3_gm                                n=   267  res=     0.000  ortU=   295.200  ortV=   295.200    drift=0.00e+00  t_eval=3.11e-02  t_dbdsqr=2.53e-03
  ev8_ec1_n96_s3_gm                                n=   288  res=     0.000  ortU=   291.600  ortV=   291.700    drift=0.00e+00  t_eval=3.06e-02  t_dbdsqr=2.98e-03
  ev8_ec1_n88_s1_gm                                n=   264  res=     0.000  ortU=   286.500  ortV=   286.500    drift=0.00e+00  t_eval=2.55e-02  t_dbdsqr=2.57e-03
  ev3_ec4_n36_s3_gm                                n=   108  res=     0.100  ortU=   270.800  ortV=   270.800    drift=0.00e+00  t_eval=5.66e-03  t_dbdsqr=1.13e-04
  ev3_ec1_n16_s1_gm                                n=    48  res=     0.100  ortU=   265.000  ortV=   265.000    drift=0.00e+00  t_eval=9.29e-04  t_dbdsqr=7.87e-05
  ev3_ec4_n12_s1_gs                                n=    24  res=     0.200  ortU=   264.900  ortV=   264.900    drift=0.00e+00  t_eval=2.73e-04  t_dbdsqr=8.46e-06
  ev8_ec1_n91_s1_gm                                n=   273  res=     0.000  ortU=   258.900  ortV=   258.900    drift=0.00e+00  t_eval=2.73e-02  t_dbdsqr=2.68e-03
  ev8_ec1_n83_s2_gm                                n=   249  res=     0.000  ortU=   258.200  ortV=   258.200    drift=0.00e+00  t_eval=2.26e-02  t_dbdsqr=2.29e-03
  ev8_ec1_n87_s2_gm                                n=   261  res=     0.000  ortU=   258.100  ortV=   258.100    drift=0.00e+00  t_eval=2.57e-02  t_dbdsqr=2.46e-03
  ev3_ec1_n16_s2_gm                                n=    48  res=     0.100  ortU=   256.800  ortV=   256.800    drift=0.00e+00  t_eval=8.89e-04  t_dbdsqr=7.96e-05
  ev8_ec1_n56_s0_gm                                n=   168  res=     0.000  ortU=   252.400  ortV=   252.500    drift=0.00e+00  t_eval=9.82e-03  t_dbdsqr=1.02e-03
  ev8_ec1_n84_s1_gm                                n=   252  res=     0.100  ortU=   251.800  ortV=   251.800    drift=0.00e+00  t_eval=2.39e-02  t_dbdsqr=2.34e-03
  ev5_ec1_n10_s2_gm                                n=    30  res=     0.100  ortU=   250.600  ortV=   250.600    drift=0.00e+00  t_eval=3.53e-04  t_dbdsqr=2.38e-05
  ev8_ec1_n46_s1_gm                                n=   138  res=     0.000  ortU=   250.300  ortV=   250.200    drift=0.00e+00  t_eval=6.43e-03  t_dbdsqr=7.46e-04
  ev9_ec1_n3_s2_gm                                 n=     9  res=     0.600  ortU=   245.200  ortV=   245.300    drift=0.00e+00  t_eval=3.72e-05  t_dbdsqr=6.66e-06
  tri6_n91_gm                                      n=   273  res=     0.000  ortU=   244.500  ortV=   244.500    drift=0.00e+00  t_eval=2.20e-02  t_dbdsqr=1.97e-03
  ev5_ec1_n84_s3_gm                                n=   252  res=     0.000  ortU=   243.300  ortV=   243.300    drift=0.00e+00  t_eval=2.95e-02  t_dbdsqr=1.06e-03
  ev8_ec1_n38_s0_gm                                n=   114  res=     0.000  ortU=   242.600  ortV=   242.600    drift=0.00e+00  t_eval=4.30e-03  t_dbdsqr=5.20e-04
  ev3_ec1_n26_s2_gm                                n=    78  res=     0.100  ortU=   238.500  ortV=   238.500    drift=0.00e+00  t_eval=2.50e-03  t_dbdsqr=1.72e-04
  ev8_ec1_n96_s0_gm                                n=   288  res=     0.000  ortU=   237.100  ortV=   237.100    drift=0.00e+00  t_eval=3.06e-02  t_dbdsqr=2.93e-03
  ev3_ec1_n86_s2_gm                                n=   258  res=     0.000  ortU=   233.100  ortV=   233.100    drift=0.00e+00  t_eval=3.05e-02  t_dbdsqr=1.27e-03
  ev5_ec1_n99_s2_gm                                n=   297  res=     0.000  ortU=   233.000  ortV=   233.000    drift=0.00e+00  t_eval=4.03e-02  t_dbdsqr=1.03e-03
  ev5_ec4_n33_s0_gm                                n=    99  res=     0.100  ortU=   227.800  ortV=   227.800    drift=0.00e+00  t_eval=4.35e-03  t_dbdsqr=9.63e-05
  tri6_n72_gm                                      n=   216  res=     0.000  ortU=   227.400  ortV=   227.400    drift=0.00e+00  t_eval=1.33e-02  t_dbdsqr=1.25e-03
  ev8_ec1_n96_s1_gm                                n=   288  res=     0.100  ortU=   224.500  ortV=   224.500    drift=0.00e+00  t_eval=3.18e-02  t_dbdsqr=3.07e-03
  ev7_ec1_n36_s0_gm                                n=   108  res=     0.100  ortU=   223.100  ortV=   223.000    drift=0.00e+00  t_eval=4.92e-03  t_dbdsqr=1.85e-04
  ev5_ec1_n60_s0_gm                                n=   180  res=     0.000  ortU=   219.300  ortV=   219.200    drift=0.00e+00  t_eval=1.40e-02  t_dbdsqr=6.07e-04
  tri3_n23_gm                                      n=    69  res=     0.200  ortU=   217.200  ortV=   217.200    drift=0.00e+00  t_eval=1.66e-03  t_dbdsqr=1.57e-04
  ev8_ec1_n100_s0_gm                               n=   300  res=     0.000  ortU=   217.000  ortV=   217.000    drift=0.00e+00  t_eval=3.27e-02  t_dbdsqr=3.16e-03
  ev3_ec1_n20_s1_gm                                n=    60  res=     0.100  ortU=   214.600  ortV=   214.600    drift=0.00e+00  t_eval=1.43e-03  t_dbdsqr=1.16e-04
  ev3_ec4_n13_s0_gm                                n=    39  res=     0.100  ortU=   207.400  ortV=   207.400    drift=0.00e+00  t_eval=7.71e-04  t_dbdsqr=5.26e-05
  ev8_ec1_n97_s1_gm                                n=   291  res=     0.000  ortU=   203.800  ortV=   203.800    drift=0.00e+00  t_eval=3.14e-02  t_dbdsqr=3.01e-03
  ev6_ec1_n12_s0_gs                                n=    24  res=     0.100  ortU=   197.800  ortV=   197.800    drift=0.00e+00  t_eval=2.36e-04  t_dbdsqr=1.53e-05
  ev7_ec1_n70_s0_gm                                n=   210  res=     0.000  ortU=   191.300  ortV=   191.300    drift=0.00e+00  t_eval=1.96e-02  t_dbdsqr=3.58e-04
  ev9_ec1_n44_s3_gm                                n=   132  res=     0.000  ortU=   191.200  ortV=   191.100    drift=0.00e+00  t_eval=6.80e-03  t_dbdsqr=6.95e-04
  ev8_ec1_n46_s3_gm                                n=   138  res=     0.200  ortU=   188.300  ortV=   188.300    drift=0.00e+00  t_eval=6.10e-03  t_dbdsqr=6.70e-04
  ev8_ec1_n83_s0_gm                                n=   249  res=     0.000  ortU=   186.600  ortV=   186.600    drift=0.00e+00  t_eval=2.11e-02  t_dbdsqr=2.13e-03
  ev5_ec1_n16_s1_gm                                n=    48  res=     0.100  ortU=   186.300  ortV=   186.300    drift=0.00e+00  t_eval=8.06e-04  t_dbdsqr=7.41e-05
  ev8_ec1_n54_s2_gm                                n=   162  res=     0.000  ortU=   184.100  ortV=   184.100    drift=0.00e+00  t_eval=9.12e-03  t_dbdsqr=9.87e-04
  ev4_ec1_n17_s3_gs                                n=    34  res=     0.100  ortU=   183.500  ortV=   183.500    drift=0.00e+00  t_eval=4.24e-04  t_dbdsqr=2.73e-05
  ev5_ec4_n53_s3_gm                                n=   159  res=     0.000  ortU=   183.000  ortV=   183.000    drift=0.00e+00  t_eval=1.20e-02  t_dbdsqr=1.73e-04
  ev4_ec4_n13_s2_gs                                n=    26  res=     0.100  ortU=   180.600  ortV=   180.600    drift=0.00e+00  t_eval=2.76e-04  t_dbdsqr=2.11e-05
  ev8_ec1_n23_s3_gm                                n=    69  res=     0.500  ortU=   180.100  ortV=   180.100    drift=0.00e+00  t_eval=1.58e-03  t_dbdsqr=1.99e-04
  ev5_ec1_n20_s3_gm                                n=    60  res=     0.100  ortU=   179.600  ortV=   179.500    drift=0.00e+00  t_eval=1.36e-03  t_dbdsqr=1.00e-04
  ev3_ec1_n7_s2                                    n=     7  res=     0.300  ortU=   178.900  ortV=   178.800    drift=0.00e+00  t_eval=1.45e-05  t_dbdsqr=4.42e-06
  ev7_ec1_n74_s3_gm                                n=   222  res=     0.000  ortU=   178.600  ortV=   178.600    drift=0.00e+00  t_eval=2.28e-02  t_dbdsqr=5.61e-04
  ev8_ec1_n59_s1_gm                                n=   177  res=     0.000  ortU=   178.600  ortV=   178.600    drift=0.00e+00  t_eval=1.08e-02  t_dbdsqr=1.16e-03
  ev5_ec4_n54_s0_gm                                n=   162  res=     0.000  ortU=   176.900  ortV=   176.900    drift=0.00e+00  t_eval=1.18e-02  t_dbdsqr=3.42e-04
  ev8_ec1_n31_s3_gm                                n=    93  res=     0.100  ortU=   176.000  ortV=   176.100    drift=0.00e+00  t_eval=2.88e-03  t_dbdsqr=3.48e-04
  ev2_ec1_n4_s1_gm                                 n=    12  res=     0.400  ortU=   172.900  ortV=   172.800    drift=0.00e+00  t_eval=6.80e-05  t_dbdsqr=4.11e-06
  ev7_ec1_n67_s1_gm                                n=   201  res=     0.100  ortU=   171.500  ortV=   171.500    drift=0.00e+00  t_eval=1.77e-02  t_dbdsqr=1.57e-04
  ev3_ec4_n22_s3_gm                                n=    66  res=     0.100  ortU=   171.000  ortV=   171.000    drift=0.00e+00  t_eval=2.12e-03  t_dbdsqr=6.08e-05
  ev8_ec1_n44_s3_gm                                n=   132  res=     0.200  ortU=   171.000  ortV=   171.000    drift=0.00e+00  t_eval=5.49e-03  t_dbdsqr=6.66e-04
  ev8_ec1_n98_s3_gm                                n=   294  res=     0.000  ortU=   170.300  ortV=   170.300    drift=0.00e+00  t_eval=3.15e-02  t_dbdsqr=2.99e-03
  ev8_ec1_n58_s2_gm                                n=   174  res=     0.100  ortU=   168.900  ortV=   169.000    drift=0.00e+00  t_eval=1.06e-02  t_dbdsqr=1.14e-03
  ev9_ec1_n33_s3_gm                                n=    99  res=     0.100  ortU=   168.700  ortV=   168.700    drift=0.00e+00  t_eval=3.47e-03  t_dbdsqr=1.63e-04
  ev8_ec1_n54_s1_gm                                n=   162  res=     0.200  ortU=   168.600  ortV=   168.600    drift=0.00e+00  t_eval=8.96e-03  t_dbdsqr=9.77e-04
  ev5_ec1_n66_s0_gm                                n=   198  res=     0.000  ortU=   167.700  ortV=   167.700    drift=0.00e+00  t_eval=1.75e-02  t_dbdsqr=6.82e-04
  ev3_ec4_n47_s1_gm                                n=   141  res=     0.000  ortU=   165.900  ortV=   165.900    drift=0.00e+00  t_eval=9.41e-03  t_dbdsqr=1.54e-04
  ev5_ec4_n76_s1_gm                                n=   228  res=     0.000  ortU=   162.100  ortV=   162.100    drift=0.00e+00  t_eval=2.40e-02  t_dbdsqr=3.18e-04
  ev8_ec1_n95_s2_gm                                n=   285  res=     0.000  ortU=   162.100  ortV=   162.100    drift=0.00e+00  t_eval=3.00e-02  t_dbdsqr=2.91e-03
  ev8_ec1_n75_s0_gm                                n=   225  res=     0.000  ortU=   161.200  ortV=   161.200    drift=0.00e+00  t_eval=1.79e-02  t_dbdsqr=1.84e-03
  ev7_ec1_n50_s2_gm                                n=   150  res=     0.200  ortU=   159.000  ortV=   158.900    drift=0.00e+00  t_eval=1.03e-02  t_dbdsqr=1.84e-05
  ev6_ec1_n65_s1_gm                                n=   195  res=     0.000  ortU=   158.900  ortV=   158.900    drift=0.00e+00  t_eval=1.44e-02  t_dbdsqr=1.11e-03
  ev8_ec1_n60_s3_gm                                n=   180  res=     0.000  ortU=   157.900  ortV=   157.900    drift=0.00e+00  t_eval=1.13e-02  t_dbdsqr=1.18e-03
  ev3_ec4_n88_s0_gm                                n=   264  res=     0.000  ortU=   157.700  ortV=   157.700    drift=0.00e+00  t_eval=3.31e-02  t_dbdsqr=3.98e-04
  ev5_ec1_n21_s1_gm                                n=    63  res=     0.100  ortU=   155.700  ortV=   155.600    drift=0.00e+00  t_eval=1.61e-03  t_dbdsqr=1.31e-04
  ev3_ec1_n17_s1_gm                                n=    51  res=     0.100  ortU=   154.900  ortV=   154.900    drift=0.00e+00  t_eval=1.01e-03  t_dbdsqr=5.18e-05
  ev5_ec4_n53_s0_gm                                n=   159  res=     0.000  ortU=   152.800  ortV=   152.800    drift=0.00e+00  t_eval=1.14e-02  t_dbdsqr=1.79e-04
  ev5_ec4_n31_s1_gm                                n=    93  res=     0.100  ortU=   151.200  ortV=   151.200    drift=0.00e+00  t_eval=4.03e-03  t_dbdsqr=2.24e-04
  ev8_ec1_n56_s1_gm                                n=   168  res=     0.000  ortU=   151.100  ortV=   151.100    drift=0.00e+00  t_eval=9.78e-03  t_dbdsqr=1.05e-03
  ev3_ec4_n4_s3_gs                                 n=     8  res=     0.500  ortU=   149.200  ortV=   148.300    drift=0.00e+00  t_eval=3.54e-05  t_dbdsqr=4.59e-06
  ev8_ec1_n65_s0_gm                                n=   195  res=     0.000  ortU=   148.600  ortV=   148.600    drift=0.00e+00  t_eval=1.29e-02  t_dbdsqr=1.37e-03
  ev6_ec1_n18_s3_gs                                n=    36  res=     0.100  ortU=   147.000  ortV=   147.000    drift=0.00e+00  t_eval=5.05e-04  t_dbdsqr=3.12e-05
  ev5_ec1_n17_s2_gm                                n=    51  res=     0.100  ortU=   145.400  ortV=   145.400    drift=0.00e+00  t_eval=1.08e-03  t_dbdsqr=8.32e-05
  ev8_ec1_n59_s0_gm                                n=   177  res=     0.000  ortU=   144.900  ortV=   144.900    drift=0.00e+00  t_eval=1.08e-02  t_dbdsqr=1.19e-03
  ev3_ec1_n87_s1_gm                                n=   261  res=     0.000  ortU=   144.100  ortV=   144.100    drift=0.00e+00  t_eval=3.12e-02  t_dbdsqr=1.32e-03
  ev5_ec1_n12_s2_gm                                n=    36  res=     0.300  ortU=   139.200  ortV=   139.200    drift=0.00e+00  t_eval=5.28e-04  t_dbdsqr=3.62e-05
  ev4_ec4_n15_s2_gs                                n=    30  res=     0.100  ortU=   138.900  ortV=   138.800    drift=0.00e+00  t_eval=3.00e-04  t_dbdsqr=2.19e-05
  ev8_ec1_n68_s1_gm                                n=   204  res=     0.100  ortU=   138.100  ortV=   138.100    drift=0.00e+00  t_eval=1.46e-02  t_dbdsqr=1.58e-03
  tri7_n40_gs                                      n=    80  res=     0.000  ortU=   137.600  ortV=   137.600    drift=0.00e+00  t_eval=2.99e-03  t_dbdsqr=8.60e-05
  ev8_ec1_n12_s2_gs                                n=    24  res=     0.200  ortU=   137.000  ortV=   137.000    drift=0.00e+00  t_eval=2.90e-04  t_dbdsqr=1.65e-05
  ev8_ec1_n40_s0_gm                                n=   120  res=     0.000  ortU=   135.800  ortV=   135.800    drift=0.00e+00  t_eval=4.63e-03  t_dbdsqr=5.49e-04
  ev5_ec1_n3_s3_gs                                 n=     6  res=     0.400  ortU=   135.100  ortV=   134.800    drift=0.00e+00  t_eval=2.05e-05  t_dbdsqr=2.90e-06
  ev8_ec1_n97_s2_gm                                n=   291  res=     0.000  ortU=   133.100  ortV=   133.100    drift=0.00e+00  t_eval=3.21e-02  t_dbdsqr=2.96e-03
  ev3_ec1_n18_s0_gm                                n=    54  res=     0.100  ortU=   133.000  ortV=   132.900    drift=0.00e+00  t_eval=1.17e-03  t_dbdsqr=9.47e-05
  ev8_ec1_n51_s1_gm                                n=   153  res=     0.000  ortU=   133.000  ortV=   133.000    drift=0.00e+00  t_eval=7.66e-03  t_dbdsqr=8.85e-04
  ev8_ec1_n76_s3_gm                                n=   228  res=     0.000  ortU=   132.700  ortV=   132.700    drift=0.00e+00  t_eval=1.87e-02  t_dbdsqr=1.80e-03
  ev3_ec4_n72_s0_gm                                n=   216  res=     0.000  ortU=   132.600  ortV=   132.600    drift=0.00e+00  t_eval=2.23e-02  t_dbdsqr=4.41e-04
  ev8_ec1_n77_s1_gm                                n=   231  res=     0.000  ortU=   130.800  ortV=   130.800    drift=0.00e+00  t_eval=1.87e-02  t_dbdsqr=1.93e-03
  ev4_ec4_n20_s2_gs                                n=    40  res=     0.100  ortU=   130.000  ortV=   130.100    drift=0.00e+00  t_eval=6.11e-04  t_dbdsqr=3.33e-05
  ev3_ec1_n19_s3_gm                                n=    57  res=     0.100  ortU=   129.200  ortV=   129.200    drift=0.00e+00  t_eval=1.31e-03  t_dbdsqr=1.02e-04
  tri3_n63_gm                                      n=   189  res=     0.100  ortU=   129.100  ortV=   129.000    drift=0.00e+00  t_eval=1.95e-02  t_dbdsqr=9.72e-04
  ev5_ec1_n76_s0_gm                                n=   228  res=     0.000  ortU=   128.600  ortV=   128.600    drift=0.00e+00  t_eval=2.40e-02  t_dbdsqr=7.97e-04
  ev9_ec1_n25_s3_gm                                n=    75  res=     0.100  ortU=   128.100  ortV=   128.200    drift=0.00e+00  t_eval=2.17e-03  t_dbdsqr=9.99e-05
  ev3_ec1_n26_s0_gm                                n=    78  res=     0.100  ortU=   127.700  ortV=   127.600    drift=0.00e+00  t_eval=2.46e-03  t_dbdsqr=1.78e-04
  ev5_ec1_n5_s1_gs                                 n=    10  res=     0.200  ortU=   126.900  ortV=   126.900    drift=0.00e+00  t_eval=5.37e-05  t_dbdsqr=6.81e-06
  ev8_ec1_n73_s0_gm                                n=   219  res=     0.100  ortU=   126.300  ortV=   126.300    drift=0.00e+00  t_eval=1.68e-02  t_dbdsqr=1.75e-03
  ev9_ec1_n50_s2_gm                                n=   150  res=     0.000  ortU=   125.300  ortV=   125.300    drift=0.00e+00  t_eval=8.86e-03  t_dbdsqr=9.25e-04
  ev3_ec1_n4_s3_gm                                 n=    12  res=     0.200  ortU=   125.200  ortV=   125.200    drift=0.00e+00  t_eval=4.04e-05  t_dbdsqr=7.19e-06
  ev8_ec1_n45_s0_gm                                n=   135  res=     0.100  ortU=   124.500  ortV=   124.500    drift=0.00e+00  t_eval=6.10e-03  t_dbdsqr=7.00e-04
  ev8_ec1_n73_s1_gm                                n=   219  res=     0.000  ortU=   124.100  ortV=   124.100    drift=0.00e+00  t_eval=1.63e-02  t_dbdsqr=1.75e-03
  ev7_ec1_n6_s0_gm                                 n=    18  res=     0.200  ortU=   123.900  ortV=   124.000    drift=0.00e+00  t_eval=1.36e-04  t_dbdsqr=4.42e-06
  ev8_ec1_n77_s0_gm                                n=   231  res=     0.000  ortU=   123.500  ortV=   123.500    drift=0.00e+00  t_eval=1.94e-02  t_dbdsqr=1.91e-03
  ev3_ec4_n35_s1_gm                                n=   105  res=     0.000  ortU=   122.900  ortV=   123.000    drift=0.00e+00  t_eval=5.20e-03  t_dbdsqr=1.20e-04
  ev3_ec4_n37_s2_gm                                n=   111  res=     0.000  ortU=   122.000  ortV=   122.000    drift=0.00e+00  t_eval=5.83e-03  t_dbdsqr=1.11e-04
  ev7_ec1_n18_s0_gm                                n=    54  res=     0.200  ortU=   121.900  ortV=   121.900    drift=0.00e+00  t_eval=1.18e-03  t_dbdsqr=6.57e-06
  tri3_n9_gs                                       n=    18  res=     0.200  ortU=   121.700  ortV=   121.500    drift=0.00e+00  t_eval=1.21e-04  t_dbdsqr=1.19e-05
  ev3_ec1_n18_s3_gm                                n=    54  res=     0.100  ortU=   121.100  ortV=   121.100    drift=0.00e+00  t_eval=1.15e-03  t_dbdsqr=6.65e-05
  ev6_ec1_n7_s3_gs                                 n=    14  res=     0.300  ortU=   120.700  ortV=   120.400    drift=0.00e+00  t_eval=7.52e-05  t_dbdsqr=9.34e-06
  tri3_n59_gs                                      n=   118  res=     0.200  ortU=   120.000  ortV=   120.000    drift=0.00e+00  t_eval=7.94e-03  t_dbdsqr=2.50e-04
  ev8_ec1_n40_s3_gm                                n=   120  res=     0.000  ortU=   119.300  ortV=   119.300    drift=0.00e+00  t_eval=4.74e-03  t_dbdsqr=5.23e-04
  ev8_ec1_n14_s1_gm                                n=    42  res=     0.100  ortU=   118.900  ortV=   118.900    drift=0.00e+00  t_eval=5.37e-04  t_dbdsqr=8.18e-05
  ev3_ec1_n3_s3                                    n=     3  res=     0.300  ortU=   118.600  ortV=   117.700    drift=0.00e+00  t_eval=7.46e-06  t_dbdsqr=2.10e-06
  ev9_ec1_n30_s3_gm                                n=    90  res=     0.100  ortU=   118.100  ortV=   118.100    drift=0.00e+00  t_eval=2.74e-03  t_dbdsqr=1.52e-04
  ev9_ec1_n57_s2_gm                                n=   171  res=     0.100  ortU=   118.000  ortV=   118.000    drift=0.00e+00  t_eval=1.17e-02  t_dbdsqr=1.15e-03
  ev3_ec1_n21_s2_gm                                n=    63  res=     0.100  ortU=   116.800  ortV=   116.800    drift=0.00e+00  t_eval=1.56e-03  t_dbdsqr=1.08e-04
  tri6_n60_gs                                      n=   120  res=     0.000  ortU=   116.700  ortV=   116.800    drift=0.00e+00  t_eval=7.87e-03  t_dbdsqr=3.55e-04
  ev4_ec4_n60_s3_gs                                n=   120  res=     0.000  ortU=   115.600  ortV=   115.600    drift=0.00e+00  t_eval=7.51e-03  t_dbdsqr=2.17e-04
  ev8_ec1_n63_s0_gm                                n=   189  res=     0.100  ortU=   114.700  ortV=   114.700    drift=0.00e+00  t_eval=1.23e-02  t_dbdsqr=1.35e-03
  ev8_ec1_n59_s3_gm                                n=   177  res=     0.000  ortU=   113.700  ortV=   113.700    drift=0.00e+00  t_eval=1.10e-02  t_dbdsqr=1.16e-03
  ev7_ec1_n73_s0_gm                                n=   219  res=     0.100  ortU=   113.600  ortV=   113.600    drift=0.00e+00  t_eval=2.16e-02  t_dbdsqr=2.31e-04
  ev3_ec4_n49_s1_gm                                n=   147  res=     0.000  ortU=   113.100  ortV=   113.100    drift=0.00e+00  t_eval=1.02e-02  t_dbdsqr=1.70e-04
  tri6_n63_gs                                      n=   126  res=     0.000  ortU=   113.100  ortV=   113.100    drift=0.00e+00  t_eval=8.71e-03  t_dbdsqr=3.81e-04
  ev3_ec4_n96_s1_gm                                n=   288  res=     0.000  ortU=   112.800  ortV=   112.800    drift=0.00e+00  t_eval=4.11e-02  t_dbdsqr=4.57e-04
  ev8_ec1_n79_s0_gm                                n=   237  res=     0.000  ortU=   111.900  ortV=   112.000    drift=0.00e+00  t_eval=2.04e-02  t_dbdsqr=2.01e-03
  ev8_ec1_n58_s3_gm                                n=   174  res=     0.000  ortU=   111.700  ortV=   111.700    drift=0.00e+00  t_eval=1.03e-02  t_dbdsqr=1.09e-03
  ev3_ec1_n26_s1_gm                                n=    78  res=     0.100  ortU=   111.200  ortV=   111.200    drift=0.00e+00  t_eval=2.51e-03  t_dbdsqr=1.39e-04
  ev8_ec1_n35_s0_gm                                n=   105  res=     0.100  ortU=   110.400  ortV=   110.400    drift=0.00e+00  t_eval=3.76e-03  t_dbdsqr=5.08e-04
  ev8_ec1_n94_s2_gm                                n=   282  res=     0.000  ortU=   109.100  ortV=   109.100    drift=0.00e+00  t_eval=2.85e-02  t_dbdsqr=2.84e-03
  ev8_ec1_n73_s3_gm                                n=   219  res=     0.100  ortU=   109.000  ortV=   109.000    drift=0.00e+00  t_eval=1.67e-02  t_dbdsqr=1.75e-03
  tri7_n86_gs                                      n=   172  res=     0.000  ortU=   108.100  ortV=   108.100    drift=0.00e+00  t_eval=1.50e-02  t_dbdsqr=2.88e-04
  ev8_ec1_n44_s2_gm                                n=   132  res=     0.000  ortU=   107.800  ortV=   107.800    drift=0.00e+00  t_eval=5.56e-03  t_dbdsqr=6.75e-04
  ev9_ec1_n95_s2_gm                                n=   285  res=     0.000  ortU=   107.500  ortV=   107.500    drift=0.00e+00  t_eval=3.46e-02  t_dbdsqr=8.88e-04
  ev5_ec4_n55_s0_gm                                n=   165  res=     0.000  ortU=   107.300  ortV=   107.300    drift=0.00e+00  t_eval=1.25e-02  t_dbdsqr=3.22e-04
  ev9_ec1_n94_s1_gm                                n=   282  res=     0.100  ortU=   107.200  ortV=   107.200    drift=0.00e+00  t_eval=3.27e-02  t_dbdsqr=2.78e-03
  ev8_ec1_n53_s1_gm                                n=   159  res=     0.100  ortU=   105.600  ortV=   105.600    drift=0.00e+00  t_eval=8.97e-03  t_dbdsqr=9.65e-04
  ev4_ec4_n92_s3_gm                                n=   276  res=     0.000  ortU=   105.400  ortV=   105.400    drift=0.00e+00  t_eval=2.69e-02  t_dbdsqr=2.08e-03
  ev6_ec1_n22_s0_gs                                n=    44  res=     0.100  ortU=   104.800  ortV=   104.800    drift=0.00e+00  t_eval=6.90e-04  t_dbdsqr=4.23e-05
  ev8_ec1_n70_s2_gm                                n=   210  res=     0.100  ortU=   104.800  ortV=   104.800    drift=0.00e+00  t_eval=1.64e-02  t_dbdsqr=1.65e-03
  ev7_ec1_n12_s3_gm                                n=    36  res=     0.100  ortU=   104.200  ortV=   104.100    drift=0.00e+00  t_eval=5.31e-04  t_dbdsqr=5.96e-06
  tri3_n47_gs                                      n=    94  res=     0.200  ortU=   103.800  ortV=   103.800    drift=0.00e+00  t_eval=5.02e-03  t_dbdsqr=1.63e-04
  ev5_ec4_n73_s1_gm                                n=   219  res=     0.000  ortU=   103.700  ortV=   103.700    drift=0.00e+00  t_eval=2.23e-02  t_dbdsqr=4.45e-04
  ev8_ec1_n25_s0_gm                                n=    75  res=     0.100  ortU=   103.700  ortV=   103.700    drift=0.00e+00  t_eval=1.83e-03  t_dbdsqr=2.54e-04
  tri4_n34_gs                                      n=    68  res=     0.000  ortU=   103.300  ortV=   103.200    drift=0.00e+00  t_eval=1.86e-03  t_dbdsqr=6.84e-05
  ev9_ec1_n23_s1_gs                                n=    46  res=     0.300  ortU=   102.800  ortV=   102.800    drift=0.00e+00  t_eval=7.96e-04  t_dbdsqr=7.38e-05
  ev4_ec4_n23_s2_gs                                n=    46  res=     0.100  ortU=   102.000  ortV=   102.000    drift=0.00e+00  t_eval=8.37e-04  t_dbdsqr=4.18e-05
  ev3_ec4_n89_s0_gm                                n=   267  res=     0.000  ortU=   101.500  ortV=   101.500    drift=0.00e+00  t_eval=3.42e-02  t_dbdsqr=3.87e-04
  ev4_ec4_n38_s0_gs                                n=    76  res=     0.000  ortU=   101.100  ortV=   101.100    drift=0.00e+00  t_eval=2.68e-03  t_dbdsqr=9.21e-05
  ev5_ec4_n79_s0_gm                                n=   237  res=     0.000  ortU=   101.100  ortV=   101.100    drift=0.00e+00  t_eval=2.66e-02  t_dbdsqr=3.13e-04
  ev9_ec1_n84_s1_gm                                n=   252  res=     0.000  ortU=   101.000  ortV=   101.000    drift=0.00e+00  t_eval=2.67e-02  t_dbdsqr=7.17e-04
  ev6_ec1_n47_s1_gs                                n=    94  res=     0.000  ortU=   100.600  ortV=   100.500    drift=0.00e+00  t_eval=4.70e-03  t_dbdsqr=1.40e-04
  tri6_n69_gm                                      n=   207  res=     0.000  ortU=   100.000  ortV=   100.000    drift=0.00e+00  t_eval=1.25e-02  t_dbdsqr=1.17e-03
  ev4_ec1_n73_s1_gs                                n=   146  res=     0.000  ortU=    99.900  ortV=    99.900    drift=0.00e+00  t_eval=1.10e-02  t_dbdsqr=3.65e-04
  ev9_ec1_n53_s3_gm                                n=   159  res=     0.100  ortU=    99.300  ortV=    99.300    drift=0.00e+00  t_eval=1.01e-02  t_dbdsqr=9.89e-04
  ev7_ec1_n75_s0_gm                                n=   225  res=     0.000  ortU=    98.800  ortV=    98.800    drift=0.00e+00  t_eval=2.27e-02  t_dbdsqr=5.34e-04
  ev8_ec1_n95_s3_gm                                n=   285  res=     0.100  ortU=    98.400  ortV=    98.400    drift=0.00e+00  t_eval=3.04e-02  t_dbdsqr=2.88e-03
  ev4_ec1_n32_s2_gs                                n=    64  res=     0.000  ortU=    98.000  ortV=    98.000    drift=0.00e+00  t_eval=1.77e-03  t_dbdsqr=6.77e-05
  ev4_ec4_n12_s3_gs                                n=    24  res=     0.100  ortU=    97.500  ortV=    97.400    drift=0.00e+00  t_eval=1.99e-04  t_dbdsqr=1.58e-05
  ev9_ec1_n79_s0_gm                                n=   237  res=     0.000  ortU=    97.000  ortV=    97.000    drift=0.00e+00  t_eval=2.41e-02  t_dbdsqr=2.12e-03
  ev4_ec1_n66_s2_gm                                n=   198  res=     0.100  ortU=    96.900  ortV=    96.900    drift=0.00e+00  t_eval=1.19e-02  t_dbdsqr=1.16e-03
  ev8_ec1_n61_s2_gm                                n=   183  res=     0.100  ortU=    96.700  ortV=    96.700    drift=0.00e+00  t_eval=1.18e-02  t_dbdsqr=1.21e-03
  ev6_ec1_n10_s0_gs                                n=    20  res=     0.200  ortU=    96.300  ortV=    96.400    drift=0.00e+00  t_eval=1.56e-04  t_dbdsqr=1.17e-05
  ev4_ec4_n15_s3_gs                                n=    30  res=     0.100  ortU=    96.200  ortV=    96.200    drift=0.00e+00  t_eval=3.62e-04  t_dbdsqr=2.29e-05
  ev4_ec1_n19_s1_gs                                n=    38  res=     0.100  ortU=    95.900  ortV=    95.800    drift=0.00e+00  t_eval=5.75e-04  t_dbdsqr=3.36e-05
  ev8_ec1_n66_s3_gm                                n=   198  res=     0.100  ortU=    95.600  ortV=    95.600    drift=0.00e+00  t_eval=1.48e-02  t_dbdsqr=1.45e-03
  ev4_ec1_n21_s1_gs                                n=    42  res=     0.100  ortU=    95.500  ortV=    95.500    drift=0.00e+00  t_eval=6.88e-04  t_dbdsqr=3.75e-05
  ev7_ec1_n83_s3_gm                                n=   249  res=     0.000  ortU=    95.400  ortV=    95.400    drift=0.00e+00  t_eval=2.79e-02  t_dbdsqr=7.16e-04
  ev4_ec4_n20_s1_gs                                n=    40  res=     0.100  ortU=    95.300  ortV=    95.300    drift=0.00e+00  t_eval=5.94e-04  t_dbdsqr=3.32e-05
  ev8_ec1_n15_s1_gs                                n=    30  res=     0.100  ortU=    95.200  ortV=    95.300    drift=0.00e+00  t_eval=4.45e-04  t_dbdsqr=2.43e-05
  ev8_ec1_n39_s2_gm                                n=   117  res=     0.100  ortU=    95.000  ortV=    94.900    drift=0.00e+00  t_eval=4.50e-03  t_dbdsqr=5.31e-04
  ev7_ec1_n52_s3_gm                                n=   156  res=     0.000  ortU=    94.900  ortV=    94.900    drift=0.00e+00  t_eval=1.06e-02  t_dbdsqr=3.22e-04
  ev5_ec4_n90_s2_gm                                n=   270  res=     0.000  ortU=    94.300  ortV=    94.300    drift=8.95e-16  t_eval=4.76e-03  t_dbdsqr=5.00e-04
  ev4_ec4_n16_s1_gs                                n=    32  res=     0.100  ortU=    94.200  ortV=    94.200    drift=0.00e+00  t_eval=4.13e-04  t_dbdsqr=2.49e-05
  ev8_ec1_n98_s1_gm                                n=   294  res=     0.000  ortU=    93.700  ortV=    93.700    drift=0.00e+00  t_eval=3.35e-02  t_dbdsqr=3.18e-03
  ev4_ec4_n9_s3_gs                                 n=    18  res=     0.200  ortU=    93.300  ortV=    93.400    drift=0.00e+00  t_eval=1.30e-04  t_dbdsqr=1.22e-05
  ev5_ec1_n36_s3_gm                                n=   108  res=     0.100  ortU=    93.300  ortV=    93.200    drift=0.00e+00  t_eval=4.99e-03  t_dbdsqr=3.14e-04
  ev8_ec1_n91_s0_gm                                n=   273  res=     0.000  ortU=    92.900  ortV=    92.900    drift=0.00e+00  t_eval=2.77e-02  t_dbdsqr=2.61e-03
  ev8_ec1_n89_s0_gm                                n=   267  res=     0.000  ortU=    92.600  ortV=    92.600    drift=0.00e+00  t_eval=2.59e-02  t_dbdsqr=2.51e-03
  ev9_ec1_n60_s0_gm                                n=   180  res=     0.000  ortU=    91.700  ortV=    91.700    drift=0.00e+00  t_eval=1.32e-02  t_dbdsqr=1.29e-03
  ev8_ec1_n97_s0_gm                                n=   291  res=     0.000  ortU=    91.600  ortV=    91.600    drift=0.00e+00  t_eval=2.90e-02  t_dbdsqr=2.98e-03
  ev6_ec1_n52_s1_gs                                n=   104  res=     0.000  ortU=    90.900  ortV=    90.900    drift=0.00e+00  t_eval=5.78e-03  t_dbdsqr=1.69e-04
  ev9_ec1_n92_s1_gm                                n=   276  res=     0.000  ortU=    90.900  ortV=    90.900    drift=0.00e+00  t_eval=3.37e-02  t_dbdsqr=2.70e-03
  ev4_ec4_n11_s0_gs                                n=    22  res=     0.100  ortU=    90.800  ortV=    90.800    drift=0.00e+00  t_eval=1.87e-04  t_dbdsqr=1.58e-05
  ev8_ec1_n62_s2_gm                                n=   186  res=     0.000  ortU=    90.700  ortV=    90.700    drift=0.00e+00  t_eval=1.27e-02  t_dbdsqr=1.32e-03
  ev4_ec1_n19_s3_gs                                n=    38  res=     0.100  ortU=    89.400  ortV=    89.400    drift=0.00e+00  t_eval=5.76e-04  t_dbdsqr=3.40e-05
  tri7_n22_gs                                      n=    44  res=     0.100  ortU=    89.400  ortV=    89.400    drift=0.00e+00  t_eval=7.50e-04  t_dbdsqr=3.38e-05
  ev8_ec1_n6_s3_gm                                 n=    18  res=     0.200  ortU=    89.100  ortV=    89.100    drift=0.00e+00  t_eval=1.10e-04  t_dbdsqr=1.63e-05
  ev5_ec1_n56_s0_gm                                n=   168  res=     0.000  ortU=    88.600  ortV=    88.500    drift=0.00e+00  t_eval=1.23e-02  t_dbdsqr=5.32e-04
  tri4_n44_gs                                      n=    88  res=     0.000  ortU=    87.800  ortV=    87.800    drift=0.00e+00  t_eval=3.41e-03  t_dbdsqr=1.01e-04
  tri4_n78_gm                                      n=   234  res=     0.100  ortU=    86.600  ortV=    86.600    drift=0.00e+00  t_eval=1.73e-02  t_dbdsqr=1.40e-03
  ev4_ec4_n81_s1_gs                                n=   162  res=     0.000  ortU=    86.100  ortV=    86.100    drift=0.00e+00  t_eval=1.36e-02  t_dbdsqr=3.76e-04
  ev8_ec1_n47_s2_gm                                n=   141  res=     0.000  ortU=    85.800  ortV=    85.900    drift=0.00e+00  t_eval=6.70e-03  t_dbdsqr=7.47e-04
  ev5_ec1_n78_s2_gs                                n=   156  res=     0.100  ortU=    85.400  ortV=    85.400    drift=0.00e+00  t_eval=1.28e-02  t_dbdsqr=4.30e-04
  tri7_n87_gm                                      n=   261  res=     0.000  ortU=    85.400  ortV=    85.400    drift=0.00e+00  t_eval=2.26e-02  t_dbdsqr=1.63e-03
  ev8_ec1_n95_s0_gm                                n=   285  res=     0.000  ortU=    84.900  ortV=    84.900    drift=0.00e+00  t_eval=3.08e-02  t_dbdsqr=2.90e-03
  ev9_ec1_n38_s1_gm                                n=   114  res=     0.000  ortU=    84.700  ortV=    84.700    drift=0.00e+00  t_eval=4.85e-03  t_dbdsqr=5.43e-04
  ev6_ec1_n43_s0_gs                                n=    86  res=     0.100  ortU=    84.400  ortV=    84.400    drift=0.00e+00  t_eval=3.50e-03  t_dbdsqr=1.46e-04
  ev9_ec1_n28_s0_gm                                n=    84  res=     0.100  ortU=    84.300  ortV=    84.400    drift=0.00e+00  t_eval=2.46e-03  t_dbdsqr=1.42e-04
  ev4_ec4_n16_s3_gs                                n=    32  res=     0.100  ortU=    84.100  ortV=    84.300    drift=0.00e+00  t_eval=3.50e-04  t_dbdsqr=2.41e-05
  tri4_n32_gs                                      n=    64  res=     0.000  ortU=    84.200  ortV=    84.300    drift=0.00e+00  t_eval=1.67e-03  t_dbdsqr=6.12e-05
  ev4_ec4_n29_s2_gs                                n=    58  res=     0.000  ortU=    83.800  ortV=    83.800    drift=0.00e+00  t_eval=1.52e-03  t_dbdsqr=5.80e-05
  ev8_ec1_n64_s0_gm                                n=   192  res=     0.000  ortU=    83.000  ortV=    83.000    drift=0.00e+00  t_eval=1.28e-02  t_dbdsqr=1.37e-03
  ev5_ec1_n4_s1                                    n=     4  res=     0.200  ortU=    82.500  ortV=    82.900    drift=0.00e+00  t_eval=1.35e-05  t_dbdsqr=4.45e-06
  ev9_ec1_n10_s3_gs                                n=    20  res=     0.200  ortU=    82.800  ortV=    82.800    drift=0.00e+00  t_eval=1.18e-04  t_dbdsqr=1.66e-05
  ev8_ec1_n89_s1_gm                                n=   267  res=     0.000  ortU=    82.600  ortV=    82.600    drift=0.00e+00  t_eval=2.60e-02  t_dbdsqr=2.61e-03
  ev8_ec1_n60_s2_gm                                n=   180  res=     0.000  ortU=    82.500  ortV=    82.500    drift=0.00e+00  t_eval=1.14e-02  t_dbdsqr=1.20e-03
  tri6_n10_gs                                      n=    20  res=     0.100  ortU=    82.200  ortV=    82.300    drift=0.00e+00  t_eval=1.52e-04  t_dbdsqr=1.17e-05
  ev4_ec1_n23_s2_gs                                n=    46  res=     0.100  ortU=    82.000  ortV=    82.000    drift=0.00e+00  t_eval=8.30e-04  t_dbdsqr=4.40e-05
  ev5_ec1_n38_s1_gm                                n=   114  res=     0.000  ortU=    82.000  ortV=    82.000    drift=0.00e+00  t_eval=5.08e-03  t_dbdsqr=3.08e-04
  ev8_ec1_n77_s2_gm                                n=   231  res=     0.100  ortU=    81.800  ortV=    81.800    drift=0.00e+00  t_eval=1.96e-02  t_dbdsqr=1.91e-03
  tri7_n95_gm                                      n=   285  res=     0.000  ortU=    81.700  ortV=    81.700    drift=0.00e+00  t_eval=2.80e-02  t_dbdsqr=2.00e-03
  ev8_ec1_n21_s0_gm                                n=    63  res=     0.100  ortU=    81.500  ortV=    81.500    drift=0.00e+00  t_eval=1.16e-03  t_dbdsqr=1.64e-04
  ev5_ec1_n5_s3_gs                                 n=    10  res=     0.300  ortU=    81.100  ortV=    80.700    drift=0.00e+00  t_eval=4.85e-05  t_dbdsqr=7.49e-06
  ev4_ec1_n17_s1_gs                                n=    34  res=     0.100  ortU=    81.000  ortV=    80.900    drift=0.00e+00  t_eval=4.06e-04  t_dbdsqr=2.77e-05
  ev8_ec1_n50_s0_gm                                n=   150  res=     0.000  ortU=    80.800  ortV=    80.800    drift=0.00e+00  t_eval=7.51e-03  t_dbdsqr=8.42e-04
  tri6_n25_gs                                      n=    50  res=     0.100  ortU=    80.800  ortV=    80.800    drift=0.00e+00  t_eval=1.18e-03  t_dbdsqr=6.63e-05
  ev5_ec4_n47_s1_gm                                n=   141  res=     0.000  ortU=    80.600  ortV=    80.600    drift=0.00e+00  t_eval=8.99e-03  t_dbdsqr=1.67e-04
  ev8_ec1_n52_s0_gm                                n=   156  res=     0.000  ortU=    80.300  ortV=    80.300    drift=0.00e+00  t_eval=9.34e-03  t_dbdsqr=9.84e-04
  ev5_ec1_n8_s0_gm                                 n=    24  res=     0.100  ortU=    79.800  ortV=    79.700    drift=0.00e+00  t_eval=1.70e-04  t_dbdsqr=2.49e-05
  ev6_ec1_n40_s1_gs                                n=    80  res=     0.000  ortU=    79.600  ortV=    79.600    drift=0.00e+00  t_eval=3.54e-03  t_dbdsqr=1.31e-04
  ev4_ec1_n19_s2_gs                                n=    38  res=     0.100  ortU=    79.300  ortV=    79.400    drift=0.00e+00  t_eval=5.25e-04  t_dbdsqr=3.25e-05
  ev4_ec1_n44_s1_gs                                n=    88  res=     0.000  ortU=    79.300  ortV=    79.200    drift=0.00e+00  t_eval=3.36e-03  t_dbdsqr=1.21e-04
  ev4_ec1_n61_s0_gs                                n=   122  res=     0.000  ortU=    79.000  ortV=    79.000    drift=0.00e+00  t_eval=7.32e-03  t_dbdsqr=2.42e-04
  ev4_ec4_n93_s2_gs                                n=   186  res=     0.000  ortU=    78.900  ortV=    78.900    drift=0.00e+00  t_eval=1.92e-02  t_dbdsqr=4.95e-04
  ev6_ec1_n20_s2_gm                                n=    60  res=     0.100  ortU=    78.600  ortV=    78.500    drift=0.00e+00  t_eval=9.92e-04  t_dbdsqr=1.31e-04
  ev5_ec4_n94_s2_gm                                n=   282  res=     0.000  ortU=    78.300  ortV=    78.400    drift=0.00e+00  t_eval=3.82e-02  t_dbdsqr=5.78e-04
  ev5_ec1_n14_s0_gm                                n=    42  res=     0.100  ortU=    78.000  ortV=    77.900    drift=0.00e+00  t_eval=7.30e-04  t_dbdsqr=4.32e-05
  ev5_ec1_n78_s2                                   n=    78  res=     0.100  ortU=    77.900  ortV=    77.900    drift=0.00e+00  t_eval=7.02e-04  t_dbdsqr=1.45e-04
  ev4_ec1_n19_s0_gs                                n=    38  res=     0.100  ortU=    77.600  ortV=    77.600    drift=0.00e+00  t_eval=6.20e-04  t_dbdsqr=3.63e-05
  ev8_ec1_n55_s2_gm                                n=   165  res=     0.000  ortU=    77.600  ortV=    77.600    drift=0.00e+00  t_eval=9.55e-03  t_dbdsqr=1.04e-03
  ev8_ec1_n68_s3_gm                                n=   204  res=     0.000  ortU=    77.500  ortV=    77.500    drift=0.00e+00  t_eval=1.40e-02  t_dbdsqr=1.51e-03
  ev9_ec1_n8_s1_gs                                 n=    16  res=     0.200  ortU=    77.400  ortV=    77.400    drift=0.00e+00  t_eval=7.50e-05  t_dbdsqr=1.49e-05
  ev3_ec4_n51_s2_gm                                n=   153  res=     0.000  ortU=    77.100  ortV=    77.100    drift=0.00e+00  t_eval=1.12e-02  t_dbdsqr=1.70e-04
  tri4_n59_gs                                      n=   118  res=     0.100  ortU=    76.800  ortV=    76.800    drift=0.00e+00  t_eval=6.54e-03  t_dbdsqr=1.70e-04
  ev4_ec1_n89_s2_gs                                n=   178  res=     0.100  ortU=    76.500  ortV=    76.500    drift=0.00e+00  t_eval=1.74e-02  t_dbdsqr=9.25e-04
  ev5_ec1_n19_s2_gm                                n=    57  res=     0.100  ortU=    76.400  ortV=    76.500    drift=0.00e+00  t_eval=1.31e-03  t_dbdsqr=7.63e-05
  ev8_ec1_n55_s0_gm                                n=   165  res=     0.000  ortU=    76.400  ortV=    76.400    drift=0.00e+00  t_eval=9.56e-03  t_dbdsqr=1.02e-03
  tri4_n78_gs                                      n=   156  res=     0.000  ortU=    76.400  ortV=    76.400    drift=0.00e+00  t_eval=1.21e-02  t_dbdsqr=2.72e-04
  ev6_ec1_n14_s2_gs                                n=    28  res=     0.100  ortU=    76.300  ortV=    76.300    drift=0.00e+00  t_eval=3.07e-04  t_dbdsqr=2.09e-05
  ev6_ec1_n59_s0_gs                                n=   118  res=     0.000  ortU=    76.200  ortV=    76.200    drift=0.00e+00  t_eval=6.36e-03  t_dbdsqr=2.84e-04
  ev7_ec1_n57_s3_gm                                n=   171  res=     0.000  ortU=    75.900  ortV=    75.900    drift=0.00e+00  t_eval=1.31e-02  t_dbdsqr=3.55e-04
  ev9_ec1_n11_s2_gs                                n=    22  res=     0.300  ortU=    75.600  ortV=    75.600    drift=0.00e+00  t_eval=1.34e-04  t_dbdsqr=1.94e-05
  tri4_n81_gs                                      n=   162  res=     0.000  ortU=    75.400  ortV=    75.300    drift=0.00e+00  t_eval=1.35e-02  t_dbdsqr=2.91e-04
  ev6_ec1_n86_s1_gm                                n=   258  res=     0.000  ortU=    75.200  ortV=    75.200    drift=0.00e+00  t_eval=2.82e-02  t_dbdsqr=1.91e-03
  ev8_ec1_n65_s2_gm                                n=   195  res=     0.200  ortU=    75.000  ortV=    75.000    drift=0.00e+00  t_eval=1.34e-02  t_dbdsqr=1.40e-03
  ev8_ec1_n83_s1_gm                                n=   249  res=     0.000  ortU=    75.000  ortV=    75.000    drift=0.00e+00  t_eval=2.32e-02  t_dbdsqr=2.31e-03
  ev8_ec1_n53_s3_gm                                n=   159  res=     0.100  ortU=    74.700  ortV=    74.700    drift=0.00e+00  t_eval=8.38e-03  t_dbdsqr=9.17e-04
  ev4_ec1_n35_s2_gs                                n=    70  res=     0.000  ortU=    74.500  ortV=    74.500    drift=0.00e+00  t_eval=2.18e-03  t_dbdsqr=7.36e-05
  tri4_n86_gs                                      n=   172  res=     0.000  ortU=    74.400  ortV=    74.400    drift=0.00e+00  t_eval=1.51e-02  t_dbdsqr=3.31e-04
  ev6_ec1_n16_s1_gs                                n=    32  res=     0.100  ortU=    74.200  ortV=    74.200    drift=0.00e+00  t_eval=3.91e-04  t_dbdsqr=2.68e-05
  tri4_n23_gs                                      n=    46  res=     0.100  ortU=    74.100  ortV=    74.200    drift=0.00e+00  t_eval=7.70e-04  t_dbdsqr=3.91e-05
  ev8_ec1_n28_s1_gm                                n=    84  res=     0.100  ortU=    74.100  ortV=    74.100    drift=0.00e+00  t_eval=2.39e-03  t_dbdsqr=3.13e-04
  ev6_ec1_n68_s2_gm                                n=   204  res=     0.100  ortU=    73.900  ortV=    73.900    drift=0.00e+00  t_eval=1.67e-02  t_dbdsqr=1.20e-03
  ev4_ec4_n97_s3_gm                                n=   291  res=     0.000  ortU=    73.700  ortV=    73.700    drift=0.00e+00  t_eval=2.94e-02  t_dbdsqr=2.30e-03
  ev7_ec1_n93_s0_gs                                n=   186  res=     0.000  ortU=    73.500  ortV=    73.500    drift=0.00e+00  t_eval=1.17e-02  t_dbdsqr=3.61e-04
  ev5_ec4_n32_s3_gm                                n=    96  res=     0.000  ortU=    73.400  ortV=    73.300    drift=0.00e+00  t_eval=4.44e-03  t_dbdsqr=8.73e-05
  tri6_n13_gs                                      n=    26  res=     0.100  ortU=    73.000  ortV=    73.100    drift=0.00e+00  t_eval=2.73e-04  t_dbdsqr=1.43e-05
  ev4_ec1_n30_s1_gs                                n=    60  res=     0.000  ortU=    72.900  ortV=    73.000    drift=0.00e+00  t_eval=1.50e-03  t_dbdsqr=6.04e-05
  ev4_ec4_n36_s2_gs                                n=    72  res=     0.000  ortU=    72.900  ortV=    72.900    drift=0.00e+00  t_eval=2.26e-03  t_dbdsqr=8.05e-05
  ev4_ec1_n81_s1_gs                                n=   162  res=     0.000  ortU=    72.800  ortV=    72.800    drift=0.00e+00  t_eval=1.54e-02  t_dbdsqr=3.87e-04
  tri4_n31_gs                                      n=    62  res=     0.100  ortU=    72.600  ortV=    72.600    drift=0.00e+00  t_eval=1.53e-03  t_dbdsqr=5.77e-05
  ev8_ec1_n98_s2_gm                                n=   294  res=     0.100  ortU=    72.500  ortV=    72.500    drift=0.00e+00  t_eval=3.21e-02  t_dbdsqr=2.99e-03
  ev4_ec1_n16_s3_gs                                n=    32  res=     0.100  ortU=    72.100  ortV=    72.100    drift=0.00e+00  t_eval=4.22e-04  t_dbdsqr=2.56e-05
  tri7_n24_gs                                      n=    48  res=     0.100  ortU=    71.700  ortV=    71.700    drift=0.00e+00  t_eval=8.74e-04  t_dbdsqr=4.07e-05
  ev4_ec1_n37_s1_gs                                n=    74  res=     0.000  ortU=    71.500  ortV=    71.500    drift=0.00e+00  t_eval=2.46e-03  t_dbdsqr=9.11e-05
  ev6_ec1_n13_s0_gs                                n=    26  res=     0.100  ortU=    71.400  ortV=    71.300    drift=0.00e+00  t_eval=2.47e-04  t_dbdsqr=1.91e-05
  tri4_n84_gs                                      n=   168  res=     0.000  ortU=    71.400  ortV=    71.400    drift=0.00e+00  t_eval=1.44e-02  t_dbdsqr=3.27e-04
  tri6_n98_gs                                      n=   196  res=     0.000  ortU=    70.400  ortV=    70.400    drift=0.00e+00  t_eval=2.22e-02  t_dbdsqr=8.63e-04
  ev3_ec1_n69_s2_gm                                n=   207  res=     0.000  ortU=    70.300  ortV=    70.300    drift=0.00e+00  t_eval=1.95e-02  t_dbdsqr=8.55e-04
  tri6_n12_gs                                      n=    24  res=     0.100  ortU=    70.200  ortV=    70.300    drift=0.00e+00  t_eval=2.29e-04  t_dbdsqr=1.38e-05
  ev4_ec1_n37_s2_gs                                n=    74  res=     0.000  ortU=    69.900  ortV=    69.900    drift=0.00e+00  t_eval=2.42e-03  t_dbdsqr=9.03e-05
  ev8_ec1_n62_s0_gm                                n=   186  res=     0.100  ortU=    69.900  ortV=    69.900    drift=0.00e+00  t_eval=1.21e-02  t_dbdsqr=1.24e-03
  tri7_n88_gs                                      n=   176  res=     0.000  ortU=    69.900  ortV=    69.900    drift=0.00e+00  t_eval=1.60e-02  t_dbdsqr=3.00e-04
  ev4_ec1_n22_s1_gs                                n=    44  res=     0.100  ortU=    69.800  ortV=    69.700    drift=0.00e+00  t_eval=7.51e-04  t_dbdsqr=3.93e-05
  ev5_ec1_n29_s1_gm                                n=    87  res=     0.100  ortU=    69.600  ortV=    69.600    drift=0.00e+00  t_eval=2.94e-03  t_dbdsqr=2.25e-04
  ev4_ec1_n28_s1_gs                                n=    56  res=     0.100  ortU=    69.300  ortV=    69.300    drift=0.00e+00  t_eval=1.32e-03  t_dbdsqr=5.64e-05
  ev4_ec1_n47_s3_gs                                n=    94  res=     0.000  ortU=    69.200  ortV=    69.200    drift=0.00e+00  t_eval=4.09e-03  t_dbdsqr=1.37e-04
  ev6_ec1_n38_s0_gs                                n=    76  res=     0.000  ortU=    69.100  ortV=    69.100    drift=0.00e+00  t_eval=2.46e-03  t_dbdsqr=1.11e-04
  ev4_ec4_n96_s1_gs                                n=   192  res=     0.000  ortU=    68.800  ortV=    68.800    drift=0.00e+00  t_eval=2.03e-02  t_dbdsqr=5.38e-04
  ev4_ec4_n45_s0_gs                                n=    90  res=     0.100  ortU=    68.700  ortV=    68.700    drift=0.00e+00  t_eval=3.87e-03  t_dbdsqr=1.29e-04
  ev6_ec1_n20_s2_gs                                n=    40  res=     0.100  ortU=    68.700  ortV=    68.600    drift=0.00e+00  t_eval=8.22e-04  t_dbdsqr=3.34e-05
  ev8_ec1_n90_s1_gm                                n=   270  res=     0.000  ortU=    68.400  ortV=    68.400    drift=0.00e+00  t_eval=2.75e-02  t_dbdsqr=2.67e-03
  ev4_ec4_n19_s0_gs                                n=    38  res=     0.100  ortU=    68.000  ortV=    68.000    drift=0.00e+00  t_eval=5.08e-04  t_dbdsqr=3.28e-05
  ev6_ec1_n8_s1_gs                                 n=    16  res=     0.200  ortU=    67.800  ortV=    67.900    drift=0.00e+00  t_eval=9.68e-05  t_dbdsqr=1.08e-05
  tri4_n13_gs                                      n=    26  res=     0.200  ortU=    67.900  ortV=    67.900    drift=0.00e+00  t_eval=2.28e-04  t_dbdsqr=1.65e-05
  ev9_ec1_n7_s3_gs                                 n=    14  res=     0.100  ortU=    67.800  ortV=    67.800    drift=0.00e+00  t_eval=5.09e-05  t_dbdsqr=1.01e-05
  ev6_ec1_n31_s2_gs                                n=    62  res=     0.100  ortU=    67.400  ortV=    67.400    drift=0.00e+00  t_eval=2.15e-03  t_dbdsqr=1.04e-04
  ev4_ec4_n44_s1_gs                                n=    88  res=     0.000  ortU=    67.200  ortV=    67.300    drift=0.00e+00  t_eval=3.61e-03  t_dbdsqr=1.33e-04
  ev9_ec1_n11_s1_gs                                n=    22  res=     1.000  ortU=    67.300  ortV=    67.300    drift=0.00e+00  t_eval=1.63e-04  t_dbdsqr=2.15e-05
  ev9_ec1_n8_s2_gs                                 n=    16  res=     0.200  ortU=    67.100  ortV=    67.000    drift=0.00e+00  t_eval=7.00e-05  t_dbdsqr=1.24e-05
  tri6_n35_gs                                      n=    70  res=     0.100  ortU=    67.100  ortV=    67.100    drift=0.00e+00  t_eval=2.43e-03  t_dbdsqr=1.32e-04
  tri4_n21_gs                                      n=    42  res=     0.100  ortU=    67.000  ortV=    67.000    drift=0.00e+00  t_eval=6.47e-04  t_dbdsqr=3.14e-05
  ev4_ec1_n33_s2_gs                                n=    66  res=     0.000  ortU=    66.900  ortV=    66.900    drift=0.00e+00  t_eval=2.12e-03  t_dbdsqr=7.99e-05
  ev4_ec1_n86_s3_gs                                n=   172  res=     0.000  ortU=    66.900  ortV=    66.900    drift=0.00e+00  t_eval=1.61e-02  t_dbdsqr=4.27e-04
  tri4_n30_gs                                      n=    60  res=     0.000  ortU=    66.800  ortV=    66.800    drift=0.00e+00  t_eval=1.39e-03  t_dbdsqr=5.56e-05
  ev5_ec1_n33_s0_gm                                n=    99  res=     0.100  ortU=    66.700  ortV=    66.700    drift=0.00e+00  t_eval=4.41e-03  t_dbdsqr=2.38e-04
  ev3_ec4_n12_s0                                   n=    12  res=     0.100  ortU=    66.000  ortV=    66.100    drift=0.00e+00  t_eval=3.74e-05  t_dbdsqr=5.23e-06
  tri6_n75_gs                                      n=   150  res=     0.000  ortU=    65.700  ortV=    65.700    drift=0.00e+00  t_eval=1.27e-02  t_dbdsqr=5.30e-04
  tri7_n93_gs                                      n=   186  res=     0.000  ortU=    65.500  ortV=    65.500    drift=0.00e+00  t_eval=1.77e-02  t_dbdsqr=3.30e-04
  ev3_ec1_n4_s0_gm                                 n=    12  res=     0.200  ortU=    65.300  ortV=    65.400    drift=0.00e+00  t_eval=4.26e-05  t_dbdsqr=8.81e-06
  ev4_ec4_n69_s2_gs                                n=   138  res=     0.000  ortU=    65.400  ortV=    65.400    drift=0.00e+00  t_eval=1.04e-02  t_dbdsqr=2.86e-04
  ev2_ec1_n4_s2_gm                                 n=    12  res=     0.400  ortU=    65.200  ortV=    65.200    drift=0.00e+00  t_eval=7.01e-05  t_dbdsqr=4.28e-06
  ev5_ec4_n100_s3_gm                               n=   300  res=     0.000  ortU=    65.200  ortV=    65.200    drift=0.00e+00  t_eval=4.30e-02  t_dbdsqr=3.99e-04
  tri6_n83_gm                                      n=   249  res=     0.000  ortU=    65.200  ortV=    65.200    drift=0.00e+00  t_eval=1.83e-02  t_dbdsqr=1.65e-03
  ev4_ec4_n10_s0_gs                                n=    20  res=     0.100  ortU=    64.900  ortV=    65.000    drift=0.00e+00  t_eval=1.49e-04  t_dbdsqr=1.50e-05
  ev5_ec1_n86_s0_gm                                n=   258  res=     0.000  ortU=    65.000  ortV=    65.000    drift=0.00e+00  t_eval=3.08e-02  t_dbdsqr=1.03e-03
  tri4_n50_gs                                      n=   100  res=     0.000  ortU=    65.000  ortV=    65.000    drift=0.00e+00  t_eval=4.57e-03  t_dbdsqr=1.27e-04
  ev3_ec4_n91_s0_gm                                n=   273  res=     0.000  ortU=    64.900  ortV=    64.900    drift=0.00e+00  t_eval=3.57e-02  t_dbdsqr=4.17e-04
  ev4_ec1_n20_s0_gs                                n=    40  res=     0.100  ortU=    64.800  ortV=    64.900    drift=0.00e+00  t_eval=6.02e-04  t_dbdsqr=3.45e-05
  ev5_ec1_n14_s1_gm                                n=    42  res=     0.100  ortU=    64.700  ortV=    64.800    drift=0.00e+00  t_eval=5.60e-04  t_dbdsqr=5.26e-05
  ev6_ec1_n30_s3_gs                                n=    60  res=     0.100  ortU=    64.800  ortV=    64.800    drift=0.00e+00  t_eval=1.89e-03  t_dbdsqr=6.34e-05
  ev8_ec1_n99_s1_gm                                n=   297  res=     0.000  ortU=    64.800  ortV=    64.800    drift=0.00e+00  t_eval=3.26e-02  t_dbdsqr=3.14e-03
  ev6_ec1_n32_s3_gm                                n=    96  res=     0.000  ortU=    64.700  ortV=    64.700    drift=0.00e+00  t_eval=2.77e-03  t_dbdsqr=3.18e-04
  ev5_ec1_n13_s2_gm                                n=    39  res=     0.100  ortU=    64.400  ortV=    64.400    drift=0.00e+00  t_eval=6.46e-04  t_dbdsqr=4.51e-05
  ev8_ec1_n86_s1_gm                                n=   258  res=     0.100  ortU=    64.300  ortV=    64.300    drift=0.00e+00  t_eval=2.42e-02  t_dbdsqr=2.49e-03
  ev3_ec4_n35_s3_gm                                n=   105  res=     0.000  ortU=    64.100  ortV=    64.000    drift=0.00e+00  t_eval=5.18e-03  t_dbdsqr=1.06e-04
  ev8_ec1_n87_s1_gm                                n=   261  res=     0.000  ortU=    63.900  ortV=    63.900    drift=0.00e+00  t_eval=2.56e-02  t_dbdsqr=2.50e-03
  ev8_ec1_n89_s2_gm                                n=   267  res=     0.000  ortU=    63.900  ortV=    63.900    drift=0.00e+00  t_eval=2.73e-02  t_dbdsqr=2.65e-03
  ev4_ec1_n97_s2_gs                                n=   194  res=     0.000  ortU=    63.800  ortV=    63.800    drift=0.00e+00  t_eval=2.14e-02  t_dbdsqr=1.08e-03
  ev5_ec1_n7_s1_gm                                 n=    21  res=     0.200  ortU=    63.800  ortV=    63.700    drift=0.00e+00  t_eval=1.32e-04  t_dbdsqr=1.73e-05
  ev4_ec4_n15_s0_gs                                n=    30  res=     0.100  ortU=    63.700  ortV=    63.600    drift=0.00e+00  t_eval=3.42e-04  t_dbdsqr=2.18e-05
  ev5_ec4_n6_s0_gm                                 n=    18  res=     0.200  ortU=    63.700  ortV=    63.600    drift=0.00e+00  t_eval=1.60e-04  t_dbdsqr=2.19e-05
  ev5_ec4_n81_s1_gm                                n=   243  res=     0.000  ortU=    63.700  ortV=    63.700    drift=0.00e+00  t_eval=2.71e-02  t_dbdsqr=3.43e-04
  ev6_ec1_n73_s0_gm                                n=   219  res=     0.000  ortU=    63.600  ortV=    63.600    drift=0.00e+00  t_eval=1.40e-02  t_dbdsqr=1.37e-03
  ev3_ec4_n92_s0_gm                                n=   276  res=     0.000  ortU=    62.500  ortV=    62.500    drift=0.00e+00  t_eval=3.62e-02  t_dbdsqr=3.38e-04
  ev7_ec1_n64_s0_gm                                n=   192  res=     0.000  ortU=    62.300  ortV=    62.200    drift=0.00e+00  t_eval=1.63e-02  t_dbdsqr=3.69e-04
  ev5_ec4_n7_s1_gm                                 n=    21  res=     0.300  ortU=    62.100  ortV=    62.100    drift=0.00e+00  t_eval=1.62e-04  t_dbdsqr=2.39e-05
  ev3_ec4_n6_s3_gs                                 n=    12  res=     0.300  ortU=    61.900  ortV=    62.000    drift=0.00e+00  t_eval=7.50e-05  t_dbdsqr=5.63e-06
  ev4_ec1_n24_s3_gs                                n=    48  res=     0.100  ortU=    62.000  ortV=    62.000    drift=0.00e+00  t_eval=8.81e-04  t_dbdsqr=4.50e-05
  ev6_ec1_n37_s1_gm                                n=   111  res=     0.100  ortU=    61.900  ortV=    61.900    drift=0.00e+00  t_eval=3.57e-03  t_dbdsqr=4.06e-04
  ev8_ec1_n81_s2_gm                                n=   243  res=     0.000  ortU=    61.900  ortV=    61.900    drift=0.00e+00  t_eval=2.14e-02  t_dbdsqr=2.12e-03
  ev6_ec1_n51_s2_gs                                n=   102  res=     0.100  ortU=    61.800  ortV=    61.800    drift=0.00e+00  t_eval=6.19e-03  t_dbdsqr=2.26e-04
  tri6_n96_gs                                      n=   192  res=     0.000  ortU=    61.800  ortV=    61.800    drift=0.00e+00  t_eval=2.15e-02  t_dbdsqr=8.74e-04
  ev5_ec1_n23_s2_gm                                n=    69  res=     0.100  ortU=    61.600  ortV=    61.700    drift=0.00e+00  t_eval=2.06e-03  t_dbdsqr=1.20e-04
  tri4_n90_gs                                      n=   180  res=     0.000  ortU=    61.700  ortV=    61.700    drift=0.00e+00  t_eval=1.66e-02  t_dbdsqr=3.55e-04
  ev6_ec1_n51_s0_gs                                n=   102  res=     0.000  ortU=    61.600  ortV=    61.600    drift=0.00e+00  t_eval=5.68e-03  t_dbdsqr=1.66e-04
  tri6_n79_gs                                      n=   158  res=     0.000  ortU=    61.100  ortV=    61.100    drift=0.00e+00  t_eval=1.43e-02  t_dbdsqr=5.89e-04
  ev4_ec4_n98_s3_gs                                n=   196  res=     0.000  ortU=    61.000  ortV=    61.000    drift=0.00e+00  t_eval=2.19e-02  t_dbdsqr=1.11e-03
  ev8_ec1_n92_s0_gm                                n=   276  res=     0.000  ortU=    60.900  ortV=    60.900    drift=0.00e+00  t_eval=2.82e-02  t_dbdsqr=2.70e-03
  ev4_ec1_n52_s2_gs                                n=   104  res=     0.000  ortU=    60.000  ortV=    60.000    drift=0.00e+00  t_eval=5.02e-03  t_dbdsqr=1.70e-04
  ev6_ec1_n58_s2_gs                                n=   116  res=     0.000  ortU=    59.800  ortV=    59.900    drift=0.00e+00  t_eval=7.83e-03  t_dbdsqr=2.99e-04
  ev7_ec1_n100_s1_gm                               n=   300  res=     0.000  ortU=    59.900  ortV=    59.800    drift=0.00e+00  t_eval=4.05e-02  t_dbdsqr=9.91e-04
  ev8_ec1_n50_s3_gm                                n=   150  res=     0.000  ortU=    59.900  ortV=    59.900    drift=0.00e+00  t_eval=7.66e-03  t_dbdsqr=8.64e-04
  ev9_ec1_n4_s1_gs                                 n=     8  res=     0.100  ortU=    59.800  ortV=    59.900    drift=0.00e+00  t_eval=2.25e-05  t_dbdsqr=5.59e-06
  ev5_ec4_n7_s0_gm                                 n=    21  res=     0.300  ortU=    59.700  ortV=    59.500    drift=0.00e+00  t_eval=2.09e-04  t_dbdsqr=2.80e-05
  ev8_ec1_n79_s2_gm                                n=   237  res=     0.100  ortU=    59.700  ortV=    59.700    drift=0.00e+00  t_eval=1.97e-02  t_dbdsqr=2.04e-03
  ev5_ec1_n56_s2_gm                                n=   168  res=     0.000  ortU=    59.600  ortV=    59.600    drift=0.00e+00  t_eval=1.27e-02  t_dbdsqr=3.74e-04
  ev3_ec4_n4_s0_gs                                 n=     8  res=     0.400  ortU=    59.400  ortV=    58.400    drift=0.00e+00  t_eval=3.94e-05  t_dbdsqr=4.36e-06
  ev4_ec1_n42_s1_gs                                n=    84  res=     0.000  ortU=    59.400  ortV=    59.400    drift=0.00e+00  t_eval=3.09e-03  t_dbdsqr=1.05e-04
  ev5_ec1_n6_s3_gs                                 n=    12  res=     0.200  ortU=    59.300  ortV=    59.300    drift=0.00e+00  t_eval=6.30e-05  t_dbdsqr=9.41e-06
  ev8_ec1_n76_s2_gm                                n=   228  res=     0.000  ortU=    59.100  ortV=    59.200    drift=0.00e+00  t_eval=1.86e-02  t_dbdsqr=1.89e-03
  ev9_ec1_n3_s2_gs                                 n=     6  res=     3.100  ortU=    59.200  ortV=    58.500    drift=0.00e+00  t_eval=1.94e-05  t_dbdsqr=3.75e-06
  ev9_ec1_n13_s1_gm                                n=    39  res=     0.100  ortU=    59.100  ortV=    59.000    drift=0.00e+00  t_eval=5.22e-04  t_dbdsqr=6.40e-05
  ev4_ec4_n37_s1_gs                                n=    74  res=     0.000  ortU=    59.000  ortV=    59.000    drift=0.00e+00  t_eval=2.45e-03  t_dbdsqr=9.12e-05
  ev8_ec1_n100_s2_gm                               n=   300  res=     0.000  ortU=    59.000  ortV=    59.000    drift=0.00e+00  t_eval=3.49e-02  t_dbdsqr=3.19e-03
  ev4_ec1_n12_s1_gs                                n=    24  res=     0.100  ortU=    58.900  ortV=    58.900    drift=0.00e+00  t_eval=1.95e-04  t_dbdsqr=1.71e-05
  ev8_ec1_n85_s1_gm                                n=   255  res=     0.000  ortU=    58.900  ortV=    58.900    drift=0.00e+00  t_eval=2.44e-02  t_dbdsqr=2.54e-03
  tri6_n44_gs                                      n=    88  res=     0.100  ortU=    58.900  ortV=    58.900    drift=0.00e+00  t_eval=4.05e-03  t_dbdsqr=1.92e-04
  ev3_ec4_n45_s3_gm                                n=   135  res=     0.000  ortU=    58.800  ortV=    58.800    drift=0.00e+00  t_eval=8.47e-03  t_dbdsqr=1.41e-04
  ev6_ec1_n12_s2_gs                                n=    24  res=     0.200  ortU=    58.800  ortV=    58.700    drift=0.00e+00  t_eval=2.48e-04  t_dbdsqr=1.67e-05
  ev6_ec1_n23_s0_gs                                n=    46  res=     0.100  ortU=    58.300  ortV=    58.300    drift=0.00e+00  t_eval=8.43e-04  t_dbdsqr=4.74e-05
  tri7_n44_gs                                      n=    88  res=     0.000  ortU=    58.300  ortV=    58.200    drift=0.00e+00  t_eval=3.58e-03  t_dbdsqr=9.80e-05
  ev5_ec1_n56_s1_gm                                n=   168  res=     0.100  ortU=    58.200  ortV=    58.200    drift=0.00e+00  t_eval=1.23e-02  t_dbdsqr=4.51e-04
  ev8_ec1_n65_s3_gm                                n=   195  res=     0.100  ortU=    58.000  ortV=    58.000    drift=0.00e+00  t_eval=1.28e-02  t_dbdsqr=1.41e-03
  tri3_n61_gm                                      n=   183  res=     0.000  ortU=    58.000  ortV=    58.000    drift=0.00e+00  t_eval=1.80e-02  t_dbdsqr=8.60e-04
  tri4_n51_gs                                      n=   102  res=     0.000  ortU=    58.000  ortV=    58.000    drift=0.00e+00  t_eval=4.68e-03  t_dbdsqr=1.30e-04
  tri7_n92_gs                                      n=   184  res=     0.000  ortU=    57.900  ortV=    57.900    drift=0.00e+00  t_eval=1.74e-02  t_dbdsqr=3.26e-04
  tri7_n71_gs                                      n=   142  res=     0.000  ortU=    57.800  ortV=    57.800    drift=0.00e+00  t_eval=9.79e-03  t_dbdsqr=2.07e-04
  tri6_n42_gs                                      n=    84  res=     0.100  ortU=    57.700  ortV=    57.700    drift=0.00e+00  t_eval=3.68e-03  t_dbdsqr=1.76e-04
  ev4_ec1_n91_s3_gm                                n=   273  res=     0.000  ortU=    57.500  ortV=    57.500    drift=0.00e+00  t_eval=2.57e-02  t_dbdsqr=2.08e-03
  ev4_ec4_n63_s3_gs                                n=   126  res=     0.000  ortU=    57.300  ortV=    57.300    drift=0.00e+00  t_eval=8.15e-03  t_dbdsqr=2.62e-04
  ev6_ec1_n10_s3_gs                                n=    20  res=     0.100  ortU=    57.300  ortV=    57.200    drift=0.00e+00  t_eval=1.45e-04  t_dbdsqr=1.47e-05
  ev9_ec1_n19_s1_gm                                n=    57  res=     0.100  ortU=    57.300  ortV=    57.200    drift=0.00e+00  t_eval=1.22e-03  t_dbdsqr=7.58e-05
  tri4_n46_gs                                      n=    92  res=     0.000  ortU=    56.900  ortV=    57.000    drift=0.00e+00  t_eval=3.67e-03  t_dbdsqr=1.13e-04
  ev4_ec1_n14_s3_gs                                n=    28  res=     0.100  ortU=    56.800  ortV=    56.900    drift=0.00e+00  t_eval=2.81e-04  t_dbdsqr=2.26e-05
  ev7_ec1_n65_s2_gm                                n=   195  res=     0.200  ortU=    56.800  ortV=    56.800    drift=0.00e+00  t_eval=1.71e-02  t_dbdsqr=1.80e-05
  tri4_n47_gs                                      n=    94  res=     0.100  ortU=    56.800  ortV=    56.700    drift=0.00e+00  t_eval=3.94e-03  t_dbdsqr=1.14e-04
  ev4_ec1_n56_s1_gs                                n=   112  res=     0.000  ortU=    56.700  ortV=    56.600    drift=0.00e+00  t_eval=6.49e-03  t_dbdsqr=1.95e-04
  ev1_ec1_n78_s3_gs                                n=   156  res=     0.000  ortU=    56.600  ortV=    56.500    drift=0.00e+00  t_eval=6.43e-04  t_dbdsqr=1.41e-05
  ev3_ec1_n15_s3_gm                                n=    45  res=     0.100  ortU=    56.600  ortV=    56.500    drift=0.00e+00  t_eval=7.64e-04  t_dbdsqr=3.97e-05
  ev4_ec4_n70_s0_gs                                n=   140  res=     0.000  ortU=    56.500  ortV=    56.500    drift=0.00e+00  t_eval=1.01e-02  t_dbdsqr=2.97e-04
  ev4_ec1_n11_s1_gs                                n=    22  res=     0.100  ortU=    56.300  ortV=    56.400    drift=0.00e+00  t_eval=1.72e-04  t_dbdsqr=1.60e-05
  ev4_ec4_n41_s2_gs                                n=    82  res=     0.000  ortU=    56.300  ortV=    56.300    drift=0.00e+00  t_eval=3.30e-03  t_dbdsqr=1.01e-04
  ev5_ec4_n8_s2_gm                                 n=    24  res=     0.100  ortU=    56.200  ortV=    56.200    drift=0.00e+00  t_eval=1.74e-04  t_dbdsqr=1.97e-05
  ev8_ec1_n51_s2_gm                                n=   153  res=     0.100  ortU=    56.200  ortV=    56.100    drift=0.00e+00  t_eval=8.34e-03  t_dbdsqr=9.68e-04
  ev6_ec1_n44_s0_gs                                n=    88  res=     0.000  ortU=    56.100  ortV=    56.100    drift=0.00e+00  t_eval=3.82e-03  t_dbdsqr=1.19e-04
  ev7_ec1_n62_s1_gm                                n=   186  res=     0.100  ortU=    56.100  ortV=    56.100    drift=0.00e+00  t_eval=1.55e-02  t_dbdsqr=7.05e-05
  ev9_ec1_n5_s0_gs                                 n=    10  res=     0.300  ortU=    56.100  ortV=    55.600    drift=0.00e+00  t_eval=3.06e-05  t_dbdsqr=7.48e-06
  tri4_n68_gs                                      n=   136  res=     0.000  ortU=    56.100  ortV=    56.100    drift=0.00e+00  t_eval=9.02e-03  t_dbdsqr=2.25e-04
  ev3_ec1_n84_s2_gm                                n=   252  res=     0.000  ortU=    56.000  ortV=    56.000    drift=0.00e+00  t_eval=2.82e-02  t_dbdsqr=1.18e-03
  ev8_ec1_n53_s2_gm                                n=   159  res=     0.000  ortU=    56.000  ortV=    56.000    drift=0.00e+00  t_eval=8.66e-03  t_dbdsqr=9.36e-04
  ev4_ec4_n30_s0_gs                                n=    60  res=     0.100  ortU=    55.800  ortV=    55.800    drift=0.00e+00  t_eval=1.46e-03  t_dbdsqr=5.87e-05
  ev8_ec1_n84_s0_gm                                n=   252  res=     0.000  ortU=    55.700  ortV=    55.700    drift=0.00e+00  t_eval=2.34e-02  t_dbdsqr=2.43e-03
  tri6_n40_gs                                      n=    80  res=     0.100  ortU=    55.700  ortV=    55.700    drift=0.00e+00  t_eval=3.36e-03  t_dbdsqr=1.60e-04
  ev3_ec1_n8_s0                                    n=     8  res=     0.100  ortU=    55.300  ortV=    55.500    drift=0.00e+00  t_eval=1.79e-05  t_dbdsqr=4.63e-06
  ev9_ec1_n55_s2_gm                                n=   165  res=     0.000  ortU=    55.400  ortV=    55.400    drift=0.00e+00  t_eval=1.31e-02  t_dbdsqr=1.05e-03
  ev4_ec1_n13_s2_gs                                n=    26  res=     0.100  ortU=    55.100  ortV=    55.200    drift=0.00e+00  t_eval=2.44e-04  t_dbdsqr=1.93e-05
  ev3_ec4_n34_s0_gm                                n=   102  res=     0.100  ortU=    55.100  ortV=    55.100    drift=0.00e+00  t_eval=4.96e-03  t_dbdsqr=9.93e-05
  ev5_ec1_n7_s2_gm                                 n=    21  res=     0.200  ortU=    55.000  ortV=    55.100    drift=0.00e+00  t_eval=1.45e-04  t_dbdsqr=1.82e-05
  ev3_ec4_n61_s2_gm                                n=   183  res=     0.000  ortU=    55.000  ortV=    55.000    drift=7.23e-16  t_eval=1.88e-03  t_dbdsqr=2.25e-04
  ev4_ec1_n46_s3_gm                                n=   138  res=     0.000  ortU=    55.000  ortV=    55.000    drift=0.00e+00  t_eval=5.38e-03  t_dbdsqr=5.93e-04
  ev8_ec1_n66_s2_gm                                n=   198  res=     0.000  ortU=    54.900  ortV=    54.900    drift=0.00e+00  t_eval=1.43e-02  t_dbdsqr=1.48e-03
  ev4_ec1_n36_s0_gm                                n=   108  res=     0.000  ortU=    54.800  ortV=    54.800    drift=0.00e+00  t_eval=3.06e-03  t_dbdsqr=3.75e-04
  ev4_ec4_n17_s0_gs                                n=    34  res=     0.100  ortU=    54.800  ortV=    54.800    drift=0.00e+00  t_eval=4.16e-04  t_dbdsqr=2.63e-05
  ev4_ec4_n64_s3_gs                                n=   128  res=     0.000  ortU=    54.800  ortV=    54.800    drift=0.00e+00  t_eval=8.42e-03  t_dbdsqr=2.56e-04
  ev6_ec1_n17_s2_gs                                n=    34  res=     0.100  ortU=    54.800  ortV=    54.800    drift=0.00e+00  t_eval=5.82e-04  t_dbdsqr=3.12e-05
  ev5_ec4_n40_s0_gm                                n=   120  res=     0.000  ortU=    54.700  ortV=    54.700    drift=0.00e+00  t_eval=6.72e-03  t_dbdsqr=1.29e-04
  ev7_ec1_n33_s2_gm                                n=    99  res=     0.200  ortU=    54.600  ortV=    54.600    drift=0.00e+00  t_eval=4.03e-03  t_dbdsqr=9.57e-06
  ev8_ec1_n61_s1_gm                                n=   183  res=     0.000  ortU=    54.600  ortV=    54.600    drift=0.00e+00  t_eval=1.17e-02  t_dbdsqr=1.24e-03
  ev5_ec4_n5_s2_gs                                 n=    10  res=     0.300  ortU=    54.100  ortV=    54.400    drift=0.00e+00  t_eval=4.61e-05  t_dbdsqr=5.59e-06
  ev8_ec1_n66_s1_gm                                n=   198  res=     0.000  ortU=    54.400  ortV=    54.400    drift=0.00e+00  t_eval=1.33e-02  t_dbdsqr=1.39e-03
  ev4_ec1_n71_s3_gs                                n=   142  res=     0.000  ortU=    54.100  ortV=    54.100    drift=0.00e+00  t_eval=1.08e-02  t_dbdsqr=3.08e-04
  tri4_n100_gs                                     n=   200  res=     0.000  ortU=    54.100  ortV=    54.100    drift=0.00e+00  t_eval=2.09e-02  t_dbdsqr=4.31e-04
  ev4_ec4_n80_s0_gs                                n=   160  res=     0.000  ortU=    53.900  ortV=    53.900    drift=0.00e+00  t_eval=1.35e-02  t_dbdsqr=3.83e-04
  ev8_ec1_n32_s3_gm                                n=    96  res=     0.100  ortU=    53.700  ortV=    53.700    drift=0.00e+00  t_eval=2.87e-03  t_dbdsqr=3.50e-04
  ev5_ec1_n49_s0_gm                                n=   147  res=     0.100  ortU=    53.600  ortV=    53.600    drift=0.00e+00  t_eval=9.60e-03  t_dbdsqr=4.53e-04
  ev4_ec1_n51_s3_gs                                n=   102  res=     0.000  ortU=    53.400  ortV=    53.500    drift=0.00e+00  t_eval=5.08e-03  t_dbdsqr=1.85e-04
  ev4_ec4_n34_s3_gs                                n=    68  res=     0.000  ortU=    53.500  ortV=    53.500    drift=0.00e+00  t_eval=1.98e-03  t_dbdsqr=7.93e-05
  ev8_ec1_n36_s3_gm                                n=   108  res=     0.000  ortU=    53.400  ortV=    53.400    drift=0.00e+00  t_eval=3.61e-03  t_dbdsqr=4.33e-04
  tri2_n65_gs                                      n=   130  res=     0.100  ortU=    53.400  ortV=    53.400    drift=0.00e+00  t_eval=5.60e-03  t_dbdsqr=4.07e-04
  tri4_n85_gs                                      n=   170  res=     0.100  ortU=    53.300  ortV=    53.300    drift=0.00e+00  t_eval=1.50e-02  t_dbdsqr=3.17e-04
  ev3_ec1_n67_s2_gm                                n=   201  res=     0.100  ortU=    53.200  ortV=    53.100    drift=0.00e+00  t_eval=1.79e-02  t_dbdsqr=7.99e-04
  ev5_ec1_n84_s1_gm                                n=   252  res=     0.000  ortU=    53.100  ortV=    53.100    drift=0.00e+00  t_eval=2.88e-02  t_dbdsqr=9.59e-04
  ev4_ec4_n38_s3_gs                                n=    76  res=     0.000  ortU=    52.900  ortV=    52.900    drift=0.00e+00  t_eval=2.52e-03  t_dbdsqr=9.64e-05
  tri7_n75_gm                                      n=   225  res=     0.000  ortU=    52.900  ortV=    52.900    drift=0.00e+00  t_eval=1.64e-02  t_dbdsqr=1.25e-03
  ev8_ec1_n88_s0_gm                                n=   264  res=     0.000  ortU=    52.600  ortV=    52.600    drift=0.00e+00  t_eval=2.58e-02  t_dbdsqr=2.54e-03
  ev4_ec4_n84_s3_gs                                n=   168  res=     0.000  ortU=    52.500  ortV=    52.500    drift=0.00e+00  t_eval=1.50e-02  t_dbdsqr=4.58e-04
  ev6_ec1_n32_s1_gs                                n=    64  res=     0.000  ortU=    52.500  ortV=    52.500    drift=0.00e+00  t_eval=2.13e-03  t_dbdsqr=6.92e-05
  ev7_ec1_n15_s3_gm                                n=    45  res=     0.200  ortU=    52.500  ortV=    52.500    drift=0.00e+00  t_eval=8.56e-04  t_dbdsqr=7.63e-06
  ev4_ec1_n78_s1_gm                                n=   234  res=     0.000  ortU=    52.200  ortV=    52.200    drift=0.00e+00  t_eval=1.85e-02  t_dbdsqr=1.56e-03
  ev9_ec1_n12_s3_gs                                n=    24  res=     0.400  ortU=    52.200  ortV=    52.100    drift=0.00e+00  t_eval=2.01e-04  t_dbdsqr=2.31e-05
  ev4_ec1_n46_s1_gs                                n=    92  res=     0.000  ortU=    52.000  ortV=    52.000    drift=0.00e+00  t_eval=3.91e-03  t_dbdsqr=1.35e-04
  ev8_ec1_n21_s3_gm                                n=    63  res=     0.100  ortU=    51.900  ortV=    52.000    drift=0.00e+00  t_eval=1.16e-03  t_dbdsqr=1.78e-04
  tri3_n25_gm                                      n=    75  res=     0.000  ortU=    52.000  ortV=    52.000    drift=0.00e+00  t_eval=2.11e-03  t_dbdsqr=1.80e-04
  ev8_ec1_n63_s2_gm                                n=   189  res=     0.000  ortU=    51.800  ortV=    51.800    drift=0.00e+00  t_eval=1.26e-02  t_dbdsqr=1.42e-03
  ev3_ec1_n38_s2_gm                                n=   114  res=     0.000  ortU=    51.600  ortV=    51.600    drift=0.00e+00  t_eval=5.69e-03  t_dbdsqr=3.11e-04
  ev9_ec1_n9_s1_gm                                 n=    27  res=     0.200  ortU=    51.600  ortV=    51.500    drift=0.00e+00  t_eval=2.29e-04  t_dbdsqr=3.45e-05
  tri4_n35_gs                                      n=    70  res=     0.100  ortU=    51.600  ortV=    51.600    drift=0.00e+00  t_eval=1.96e-03  t_dbdsqr=7.14e-05
  ev4_ec1_n16_s1_gs                                n=    32  res=     0.100  ortU=    51.500  ortV=    51.400    drift=0.00e+00  t_eval=3.63e-04  t_dbdsqr=2.76e-05
  ev8_ec1_n52_s2_gm                                n=   156  res=     0.000  ortU=    51.500  ortV=    51.500    drift=0.00e+00  t_eval=8.55e-03  t_dbdsqr=9.10e-04
  ev4_ec4_n18_s2_gs                                n=    36  res=     0.100  ortU=    51.400  ortV=    51.400    drift=0.00e+00  t_eval=4.54e-04  t_dbdsqr=2.67e-05
  tri7_n53_gs                                      n=   106  res=     0.000  ortU=    51.400  ortV=    51.400    drift=0.00e+00  t_eval=5.48e-03  t_dbdsqr=1.35e-04
  ev4_ec4_n27_s0_gs                                n=    54  res=     0.000  ortU=    51.300  ortV=    51.300    drift=0.00e+00  t_eval=1.25e-03  t_dbdsqr=5.40e-05
  tri4_n80_gs                                      n=   160  res=     0.000  ortU=    51.200  ortV=    51.200    drift=0.00e+00  t_eval=1.27e-02  t_dbdsqr=2.83e-04
  tri6_n47_gs                                      n=    94  res=     0.100  ortU=    51.200  ortV=    51.200    drift=0.00e+00  t_eval=4.64e-03  t_dbdsqr=2.20e-04
  tri7_n15_gs                                      n=    30  res=     0.100  ortU=    51.100  ortV=    51.000    drift=0.00e+00  t_eval=3.29e-04  t_dbdsqr=2.14e-05
  ev4_ec4_n24_s0_gs                                n=    48  res=     0.100  ortU=    50.800  ortV=    50.800    drift=0.00e+00  t_eval=9.41e-04  t_dbdsqr=4.32e-05
  ev9_ec1_n74_s3_gm                                n=   222  res=     0.200  ortU=    50.800  ortV=    50.800    drift=0.00e+00  t_eval=2.07e-02  t_dbdsqr=1.83e-03
  ev6_ec1_n23_s1_gs                                n=    46  res=     0.100  ortU=    50.700  ortV=    50.700    drift=0.00e+00  t_eval=1.03e-03  t_dbdsqr=4.69e-05
  ev4_ec1_n52_s1_gs                                n=   104  res=     0.000  ortU=    50.600  ortV=    50.500    drift=0.00e+00  t_eval=5.01e-03  t_dbdsqr=1.68e-04
  ev6_ec1_n62_s0_gs                                n=   124  res=     0.000  ortU=    50.600  ortV=    50.600    drift=0.00e+00  t_eval=7.40e-03  t_dbdsqr=2.43e-04
  ev8_ec1_n71_s0_gm                                n=   213  res=     0.000  ortU=    50.600  ortV=    50.600    drift=0.00e+00  t_eval=1.64e-02  t_dbdsqr=1.73e-03
  ev8_ec1_n90_s0_gm                                n=   270  res=     0.000  ortU=    50.600  ortV=    50.600    drift=0.00e+00  t_eval=2.68e-02  t_dbdsqr=2.56e-03
  ev4_ec1_n95_s3_gs                                n=   190  res=     0.000  ortU=    50.500  ortV=    50.500    drift=0.00e+00  t_eval=2.00e-02  t_dbdsqr=1.04e-03
  ev8_ec1_n44_s0_gm                                n=   132  res=     0.100  ortU=    50.400  ortV=    50.400    drift=0.00e+00  t_eval=6.00e-03  t_dbdsqr=6.70e-04
  ev6_ec1_n34_s1_gs                                n=    68  res=     0.100  ortU=    50.000  ortV=    50.100    drift=0.00e+00  t_eval=2.43e-03  t_dbdsqr=9.86e-05
  ev8_ec1_n60_s0_gm                                n=   180  res=     0.000  ortU=    50.100  ortV=    50.100    drift=0.00e+00  t_eval=1.14e-02  t_dbdsqr=1.18e-03
  ev4_ec1_n59_s0_gm                                n=   177  res=     0.000  ortU=    49.700  ortV=    49.700    drift=0.00e+00  t_eval=9.24e-03  t_dbdsqr=9.26e-04
  ev8_ec1_n73_s2_gm                                n=   219  res=     0.000  ortU=    49.700  ortV=    49.700    drift=0.00e+00  t_eval=1.70e-02  t_dbdsqr=1.87e-03
  tri7_n65_gs                                      n=   130  res=     0.000  ortU=    49.700  ortV=    49.700    drift=0.00e+00  t_eval=8.06e-03  t_dbdsqr=1.80e-04
  ev3_ec4_n7_s0                                    n=     7  res=     0.100  ortU=    49.500  ortV=    49.600    drift=0.00e+00  t_eval=1.80e-05  t_dbdsqr=3.60e-06
  ev8_ec1_n14_s3_gs                                n=    28  res=     0.100  ortU=    49.600  ortV=    49.600    drift=0.00e+00  t_eval=3.81e-04  t_dbdsqr=2.16e-05
  ev1_ec1_n72_s0_gs                                n=   144  res=     0.000  ortU=    49.500  ortV=    49.500    drift=3.21e-16  t_eval=3.54e-04  t_dbdsqr=1.44e-05
  tri7_n21_gs                                      n=    42  res=     0.100  ortU=    49.400  ortV=    49.500    drift=0.00e+00  t_eval=6.72e-04  t_dbdsqr=3.14e-05
  ev3_ec4_n92_s3_gm                                n=   276  res=     0.100  ortU=    49.400  ortV=    49.400    drift=0.00e+00  t_eval=3.69e-02  t_dbdsqr=4.07e-04
  ev4_ec4_n49_s2_gs                                n=    98  res=     0.000  ortU=    49.400  ortV=    49.400    drift=0.00e+00  t_eval=4.90e-03  t_dbdsqr=1.70e-04
  ev6_ec1_n19_s1_gs                                n=    38  res=     0.100  ortU=    49.400  ortV=    49.400    drift=0.00e+00  t_eval=6.26e-04  t_dbdsqr=3.68e-05
  ev6_ec1_n45_s0_gs                                n=    90  res=     0.000  ortU=    49.400  ortV=    49.400    drift=0.00e+00  t_eval=4.16e-03  t_dbdsqr=1.24e-04
  ev6_ec1_n46_s0_gs                                n=    92  res=     0.100  ortU=    49.400  ortV=    49.400    drift=0.00e+00  t_eval=4.23e-03  t_dbdsqr=1.73e-04
  ev4_ec1_n77_s2_gs                                n=   154  res=     0.000  ortU=    49.300  ortV=    49.300    drift=0.00e+00  t_eval=1.32e-02  t_dbdsqr=3.46e-04
  ev4_ec4_n42_s2_gs                                n=    84  res=     0.000  ortU=    49.200  ortV=    49.200    drift=0.00e+00  t_eval=3.21e-03  t_dbdsqr=1.05e-04
  ev6_ec1_n63_s2_gs                                n=   126  res=     0.100  ortU=    49.200  ortV=    49.200    drift=0.00e+00  t_eval=9.31e-03  t_dbdsqr=2.74e-04
  tri4_n99_gs                                      n=   198  res=     0.100  ortU=    49.200  ortV=    49.200    drift=0.00e+00  t_eval=2.06e-02  t_dbdsqr=4.14e-04
  ev6_ec1_n26_s0_gs                                n=    52  res=     0.100  ortU=    49.000  ortV=    49.100    drift=0.00e+00  t_eval=1.07e-03  t_dbdsqr=5.45e-05
  ev6_ec1_n4_s0_gs                                 n=     8  res=     0.400  ortU=    49.000  ortV=    48.800    drift=0.00e+00  t_eval=2.85e-05  t_dbdsqr=3.49e-06
  ev8_ec1_n38_s2_gm                                n=   114  res=     0.100  ortU=    49.000  ortV=    49.000    drift=0.00e+00  t_eval=4.45e-03  t_dbdsqr=5.51e-04
  ev4_ec1_n83_s2_gs                                n=   166  res=     0.000  ortU=    48.900  ortV=    48.900    drift=0.00e+00  t_eval=1.55e-02  t_dbdsqr=3.98e-04
  tri4_n97_gs                                      n=   194  res=     0.000  ortU=    48.900  ortV=    48.900    drift=0.00e+00  t_eval=1.99e-02  t_dbdsqr=4.03e-04
  ev4_ec1_n40_s3_gs                                n=    80  res=     0.000  ortU=    48.800  ortV=    48.800    drift=0.00e+00  t_eval=2.86e-03  t_dbdsqr=1.09e-04
  ev5_ec1_n85_s2_gm                                n=   255  res=     0.000  ortU=    48.800  ortV=    48.800    drift=0.00e+00  t_eval=3.03e-02  t_dbdsqr=9.36e-04
  ev6_ec1_n42_s0_gs                                n=    84  res=     0.000  ortU=    48.700  ortV=    48.700    drift=0.00e+00  t_eval=3.51e-03  t_dbdsqr=1.41e-04
  ev8_ec1_n74_s3_gm                                n=   222  res=     0.000  ortU=    48.700  ortV=    48.700    drift=0.00e+00  t_eval=1.70e-02  t_dbdsqr=1.74e-03
  tri4_n98_gs                                      n=   196  res=     0.000  ortU=    48.600  ortV=    48.600    drift=0.00e+00  t_eval=2.01e-02  t_dbdsqr=4.05e-04
  ev4_ec4_n33_s3_gs                                n=    66  res=     0.000  ortU=    48.500  ortV=    48.500    drift=0.00e+00  t_eval=1.88e-03  t_dbdsqr=7.22e-05
  ev4_ec4_n55_s0_gm                                n=   165  res=     0.000  ortU=    48.500  ortV=    48.500    drift=0.00e+00  t_eval=7.92e-03  t_dbdsqr=8.11e-04
  ev4_ec1_n11_s2_gs                                n=    22  res=     0.100  ortU=    48.200  ortV=    48.000    drift=0.00e+00  t_eval=1.84e-04  t_dbdsqr=1.93e-05
  ev4_ec1_n28_s0_gs                                n=    56  res=     0.000  ortU=    48.200  ortV=    48.200    drift=0.00e+00  t_eval=1.25e-03  t_dbdsqr=5.51e-05
  ev4_ec4_n76_s0_gs                                n=   152  res=     0.000  ortU=    48.200  ortV=    48.200    drift=0.00e+00  t_eval=1.17e-02  t_dbdsqr=3.49e-04
  ev6_ec1_n43_s3_gs                                n=    86  res=     0.000  ortU=    48.200  ortV=    48.200    drift=0.00e+00  t_eval=4.28e-03  t_dbdsqr=1.11e-04
  ev8_ec1_n57_s0_gm                                n=   171  res=     0.100  ortU=    48.200  ortV=    48.200    drift=0.00e+00  t_eval=1.02e-02  t_dbdsqr=1.12e-03
  ev4_ec1_n26_s3_gs                                n=    52  res=     0.100  ortU=    48.100  ortV=    48.100    drift=0.00e+00  t_eval=1.08e-03  t_dbdsqr=5.32e-05
  ev7_ec1_n14_s2_gm                                n=    42  res=     0.100  ortU=    48.100  ortV=    48.100    drift=0.00e+00  t_eval=7.32e-04  t_dbdsqr=6.43e-06
  tri6_n84_gm                                      n=   252  res=     0.000  ortU=    48.100  ortV=    48.100    drift=0.00e+00  t_eval=1.96e-02  t_dbdsqr=1.69e-03
  tri7_n68_gs                                      n=   136  res=     0.000  ortU=    48.100  ortV=    48.000    drift=0.00e+00  t_eval=8.94e-03  t_dbdsqr=1.94e-04
  ev6_ec1_n76_s0_gs                                n=   152  res=     0.100  ortU=    47.900  ortV=    47.900    drift=0.00e+00  t_eval=1.04e-02  t_dbdsqr=3.49e-04
  ev4_ec1_n59_s2_gs                                n=   118  res=     0.000  ortU=    47.800  ortV=    47.800    drift=0.00e+00  t_eval=7.41e-03  t_dbdsqr=2.14e-04
  ev6_ec1_n83_s0_gm                                n=   249  res=     0.200  ortU=    47.800  ortV=    47.800    drift=0.00e+00  t_eval=2.12e-02  t_dbdsqr=1.78e-03
  ev8_ec1_n67_s3_gm                                n=   201  res=     0.100  ortU=    47.800  ortV=    47.800    drift=0.00e+00  t_eval=1.29e-02  t_dbdsqr=1.40e-03
  ev9_ec1_n28_s1_gm                                n=    84  res=     0.100  ortU=    47.800  ortV=    47.800    drift=0.00e+00  t_eval=2.38e-03  t_dbdsqr=1.14e-04
  ev6_ec1_n21_s3_gs                                n=    42  res=     0.100  ortU=    47.600  ortV=    47.600    drift=0.00e+00  t_eval=7.96e-04  t_dbdsqr=3.99e-05
  ev4_ec4_n51_s1_gm                                n=   153  res=     0.000  ortU=    47.500  ortV=    47.500    drift=0.00e+00  t_eval=6.66e-03  t_dbdsqr=7.23e-04
  ev4_ec1_n68_s2_gs                                n=   136  res=     0.000  ortU=    47.400  ortV=    47.400    drift=0.00e+00  t_eval=9.50e-03  t_dbdsqr=3.08e-04
  tri7_n34_gs                                      n=    68  res=     0.000  ortU=    47.300  ortV=    47.300    drift=0.00e+00  t_eval=2.04e-03  t_dbdsqr=6.59e-05
  ev4_ec1_n42_s2_gs                                n=    84  res=     0.000  ortU=    47.200  ortV=    47.100    drift=0.00e+00  t_eval=3.23e-03  t_dbdsqr=1.10e-04
  tri7_n67_gs                                      n=   134  res=     0.000  ortU=    47.200  ortV=    47.200    drift=0.00e+00  t_eval=8.67e-03  t_dbdsqr=1.89e-04
  ev4_ec4_n18_s0_gs                                n=    36  res=     0.100  ortU=    47.100  ortV=    47.100    drift=0.00e+00  t_eval=5.23e-04  t_dbdsqr=2.76e-05
  ev8_ec1_n27_s2_gm                                n=    81  res=     0.100  ortU=    47.100  ortV=    47.100    drift=0.00e+00  t_eval=2.14e-03  t_dbdsqr=2.86e-04
  ev6_ec1_n41_s1_gs                                n=    82  res=     0.000  ortU=    47.000  ortV=    47.000    drift=0.00e+00  t_eval=3.56e-03  t_dbdsqr=1.46e-04
  ev8_ec1_n25_s2_gm                                n=    75  res=     0.100  ortU=    47.000  ortV=    47.000    drift=0.00e+00  t_eval=1.56e-03  t_dbdsqr=2.23e-04
  ev4_ec1_n47_s1_gs                                n=    94  res=     0.000  ortU=    46.900  ortV=    46.900    drift=0.00e+00  t_eval=4.31e-03  t_dbdsqr=1.58e-04
  tri7_n56_gs                                      n=   112  res=     0.000  ortU=    46.900  ortV=    46.900    drift=0.00e+00  t_eval=6.19e-03  t_dbdsqr=1.45e-04
  ev6_ec1_n10_s1_gs                                n=    20  res=     0.200  ortU=    46.700  ortV=    46.800    drift=0.00e+00  t_eval=1.60e-04  t_dbdsqr=1.66e-05
  ev4_ec1_n57_s1_gs                                n=   114  res=     0.000  ortU=    46.600  ortV=    46.700    drift=0.00e+00  t_eval=6.28e-03  t_dbdsqr=1.99e-04
  ev7_ec1_n58_s1_gm                                n=   174  res=     0.000  ortU=    46.700  ortV=    46.700    drift=0.00e+00  t_eval=1.35e-02  t_dbdsqr=3.78e-04
  ev4_ec1_n38_s3_gm                                n=   114  res=     0.100  ortU=    46.600  ortV=    46.500    drift=0.00e+00  t_eval=3.32e-03  t_dbdsqr=4.32e-04
  tri4_n60_gs                                      n=   120  res=     0.000  ortU=    46.600  ortV=    46.600    drift=0.00e+00  t_eval=6.75e-03  t_dbdsqr=1.81e-04
  tri6_n62_gs                                      n=   124  res=     0.000  ortU=    46.400  ortV=    46.400    drift=0.00e+00  t_eval=8.45e-03  t_dbdsqr=3.73e-04
  ev3_ec4_n98_s3_gm                                n=   294  res=     0.000  ortU=    46.300  ortV=    46.300    drift=0.00e+00  t_eval=4.12e-02  t_dbdsqr=4.58e-04
  ev9_ec1_n41_s1_gm                                n=   123  res=     0.100  ortU=    46.300  ortV=    46.300    drift=0.00e+00  t_eval=6.57e-03  t_dbdsqr=2.24e-04
  ev4_ec4_n93_s3_gs                                n=   186  res=     0.000  ortU=    46.200  ortV=    46.200    drift=0.00e+00  t_eval=1.83e-02  t_dbdsqr=5.49e-04
  ev5_ec1_n7_s0_gm                                 n=    21  res=     0.200  ortU=    46.000  ortV=    46.100    drift=0.00e+00  t_eval=1.25e-04  t_dbdsqr=2.03e-05
  ev8_ec1_n34_s0_gm                                n=   102  res=     0.100  ortU=    46.100  ortV=    46.100    drift=0.00e+00  t_eval=3.60e-03  t_dbdsqr=4.37e-04
  ev7_ec1_n49_s1_gm                                n=   147  res=     0.000  ortU=    46.000  ortV=    45.900    drift=0.00e+00  t_eval=9.41e-03  t_dbdsqr=1.72e-04
  ev6_ec1_n35_s1_gs                                n=    70  res=     0.000  ortU=    45.900  ortV=    45.800    drift=0.00e+00  t_eval=2.54e-03  t_dbdsqr=1.13e-04
  ev9_ec1_n100_s0_gm                               n=   300  res=     0.100  ortU=    45.900  ortV=    45.900    drift=0.00e+00  t_eval=3.97e-02  t_dbdsqr=3.19e-03
  ev6_ec1_n95_s2_gs                                n=   190  res=     0.000  ortU=    45.800  ortV=    45.800    drift=0.00e+00  t_eval=2.00e-02  t_dbdsqr=5.14e-04
  ev5_ec1_n7_s1                                    n=     7  res=     0.200  ortU=    45.700  ortV=    45.700    drift=0.00e+00  t_eval=1.75e-05  t_dbdsqr=7.89e-06
  ev3_ec1_n10_s2_gm                                n=    30  res=     0.100  ortU=    45.600  ortV=    45.500    drift=0.00e+00  t_eval=3.21e-04  t_dbdsqr=2.24e-05
  ev4_ec4_n13_s1_gs                                n=    26  res=     0.100  ortU=    45.500  ortV=    45.600    drift=0.00e+00  t_eval=2.36e-04  t_dbdsqr=1.71e-05
  ev4_ec4_n27_s2_gs                                n=    54  res=     0.000  ortU=    45.600  ortV=    45.600    drift=0.00e+00  t_eval=1.22e-03  t_dbdsqr=5.32e-05
  ev9_ec1_n44_s2_gm                                n=   132  res=     0.000  ortU=    45.600  ortV=    45.600    drift=0.00e+00  t_eval=6.89e-03  t_dbdsqr=2.50e-04
  ev6_ec1_n73_s0_gs                                n=   146  res=     0.100  ortU=    45.500  ortV=    45.500    drift=0.00e+00  t_eval=9.91e-03  t_dbdsqr=3.37e-04
  ev4_ec4_n27_s3_gs                                n=    54  res=     0.100  ortU=    45.400  ortV=    45.400    drift=0.00e+00  t_eval=1.17e-03  t_dbdsqr=5.08e-05
  ev5_ec1_n11_s2                                   n=    11  res=     0.100  ortU=    45.400  ortV=    45.400    drift=0.00e+00  t_eval=2.47e-05  t_dbdsqr=8.50e-06
  ev9_ec1_n14_s0_gm                                n=    42  res=     0.100  ortU=    45.400  ortV=    45.300    drift=0.00e+00  t_eval=5.57e-04  t_dbdsqr=8.75e-05
  ev4_ec4_n16_s0_gs                                n=    32  res=     0.100  ortU=    45.300  ortV=    45.300    drift=0.00e+00  t_eval=3.49e-04  t_dbdsqr=2.32e-05
  ev9_ec1_n26_s3_gs                                n=    52  res=     0.200  ortU=    45.200  ortV=    45.200    drift=0.00e+00  t_eval=9.35e-04  t_dbdsqr=9.02e-05
  ev6_ec1_n84_s3_gm                                n=   252  res=     0.000  ortU=    45.100  ortV=    45.100    drift=0.00e+00  t_eval=2.73e-02  t_dbdsqr=1.83e-03
  tri4_n11_gs                                      n=    22  res=     0.200  ortU=    45.100  ortV=    45.000    drift=0.00e+00  t_eval=1.60e-04  t_dbdsqr=1.26e-05
  tri4_n43_gs                                      n=    86  res=     0.000  ortU=    45.100  ortV=    45.100    drift=0.00e+00  t_eval=3.18e-03  t_dbdsqr=9.83e-05
  ev3_ec4_n67_s1_gm                                n=   201  res=     0.000  ortU=    45.000  ortV=    45.000    drift=0.00e+00  t_eval=1.91e-02  t_dbdsqr=2.05e-04
  ev4_ec1_n72_s0_gs                                n=   144  res=     0.000  ortU=    44.900  ortV=    44.900    drift=0.00e+00  t_eval=1.07e-02  t_dbdsqr=2.95e-04
  ev4_ec4_n59_s1_gs                                n=   118  res=     0.000  ortU=    44.900  ortV=    44.900    drift=0.00e+00  t_eval=6.84e-03  t_dbdsqr=2.33e-04
  ev3_ec4_n95_s1_gm                                n=   285  res=     0.000  ortU=    44.800  ortV=    44.800    drift=0.00e+00  t_eval=3.89e-02  t_dbdsqr=4.61e-04
  ev4_ec4_n19_s2_gs                                n=    38  res=     0.100  ortU=    44.700  ortV=    44.800    drift=0.00e+00  t_eval=5.65e-04  t_dbdsqr=3.13e-05
  ev3_ec4_n90_s0_gm                                n=   270  res=     0.000  ortU=    44.700  ortV=    44.700    drift=0.00e+00  t_eval=3.48e-02  t_dbdsqr=4.02e-04
  ev4_ec4_n77_s1_gs                                n=   154  res=     0.000  ortU=    44.600  ortV=    44.600    drift=0.00e+00  t_eval=1.22e-02  t_dbdsqr=3.54e-04
  ev4_ec4_n89_s3_gm                                n=   267  res=     0.000  ortU=    44.600  ortV=    44.600    drift=0.00e+00  t_eval=2.43e-02  t_dbdsqr=1.98e-03
  ev8_ec1_n13_s1_gs                                n=    26  res=     0.200  ortU=    44.500  ortV=    44.600    drift=0.00e+00  t_eval=3.53e-04  t_dbdsqr=2.62e-05
  ev4_ec1_n88_s1_gs                                n=   176  res=     0.000  ortU=    44.500  ortV=    44.500    drift=0.00e+00  t_eval=1.83e-02  t_dbdsqr=4.41e-04
  ev6_ec1_n25_s3_gs                                n=    50  res=     0.100  ortU=    44.500  ortV=    44.400    drift=0.00e+00  t_eval=1.15e-03  t_dbdsqr=4.77e-05
  ev8_ec1_n72_s3_gm                                n=   216  res=     0.000  ortU=    44.400  ortV=    44.400    drift=0.00e+00  t_eval=1.61e-02  t_dbdsqr=1.65e-03
  ev9_ec1_n39_s2_gm                                n=   117  res=     0.100  ortU=    44.400  ortV=    44.400    drift=0.00e+00  t_eval=5.34e-03  t_dbdsqr=2.05e-04
  tri7_n77_gs                                      n=   154  res=     0.000  ortU=    44.400  ortV=    44.400    drift=0.00e+00  t_eval=1.18e-02  t_dbdsqr=2.39e-04
  tri7_n99_gm                                      n=   297  res=     0.000  ortU=    44.400  ortV=    44.400    drift=0.00e+00  t_eval=3.04e-02  t_dbdsqr=2.11e-03
  ev4_ec4_n45_s3_gs                                n=    90  res=     0.000  ortU=    44.300  ortV=    44.300    drift=0.00e+00  t_eval=3.90e-03  t_dbdsqr=1.34e-04
  ev4_ec1_n70_s2_gm                                n=   210  res=     0.100  ortU=    44.200  ortV=    44.200    drift=0.00e+00  t_eval=1.36e-02  t_dbdsqr=1.27e-03
  ev4_ec4_n48_s1_gs                                n=    96  res=     0.000  ortU=    44.200  ortV=    44.200    drift=0.00e+00  t_eval=4.40e-03  t_dbdsqr=1.58e-04
  ev4_ec4_n73_s0_gs                                n=   146  res=     0.000  ortU=    44.200  ortV=    44.200    drift=0.00e+00  t_eval=1.09e-02  t_dbdsqr=3.21e-04
  ev4_ec1_n25_s1_gs                                n=    50  res=     0.000  ortU=    44.100  ortV=    44.100    drift=0.00e+00  t_eval=9.58e-04  t_dbdsqr=4.74e-05
  ev4_ec4_n43_s2_gs                                n=    86  res=     0.000  ortU=    44.100  ortV=    44.100    drift=0.00e+00  t_eval=4.04e-03  t_dbdsqr=1.13e-04
  ev6_ec1_n41_s0_gm                                n=   123  res=     0.000  ortU=    43.900  ortV=    43.900    drift=0.00e+00  t_eval=4.03e-03  t_dbdsqr=4.70e-04
  ev9_ec1_n61_s2_gm                                n=   183  res=     0.100  ortU=    43.800  ortV=    43.800    drift=0.00e+00  t_eval=1.38e-02  t_dbdsqr=1.34e-03
  ev4_ec1_n80_s1_gs                                n=   160  res=     0.000  ortU=    43.700  ortV=    43.700    drift=0.00e+00  t_eval=1.34e-02  t_dbdsqr=3.72e-04
  ev9_ec1_n8_s3_gs                                 n=    16  res=     0.700  ortU=    43.700  ortV=    43.700    drift=0.00e+00  t_eval=8.06e-05  t_dbdsqr=1.29e-05
  tri7_n98_gm                                      n=   294  res=     0.000  ortU=    43.700  ortV=    43.700    drift=0.00e+00  t_eval=2.98e-02  t_dbdsqr=2.09e-03
  ev4_ec1_n25_s2_gs                                n=    50  res=     0.100  ortU=    43.600  ortV=    43.600    drift=0.00e+00  t_eval=9.65e-04  t_dbdsqr=4.37e-05
  ev4_ec4_n40_s1_gs                                n=    80  res=     0.000  ortU=    43.600  ortV=    43.500    drift=0.00e+00  t_eval=2.83e-03  t_dbdsqr=1.07e-04
  ev5_ec1_n10_s1                                   n=    10  res=     0.100  ortU=    43.600  ortV=    43.400    drift=0.00e+00  t_eval=2.61e-05  t_dbdsqr=5.82e-06
  ev3_ec4_n33_s1_gm                                n=    99  res=     0.100  ortU=    43.300  ortV=    43.500    drift=0.00e+00  t_eval=4.65e-03  t_dbdsqr=9.83e-05
  ev9_ec1_n61_s1_gm                                n=   183  res=     0.000  ortU=    43.200  ortV=    43.300    drift=0.00e+00  t_eval=1.36e-02  t_dbdsqr=1.24e-03
  tri7_n23_gs                                      n=    46  res=     0.100  ortU=    43.300  ortV=    43.300    drift=0.00e+00  t_eval=8.43e-04  t_dbdsqr=3.59e-05
  ev3_ec4_n91_s1_gm                                n=   273  res=     0.000  ortU=    43.100  ortV=    43.200    drift=0.00e+00  t_eval=3.60e-02  t_dbdsqr=6.47e-04
  ev4_ec4_n42_s1_gs                                n=    84  res=     0.000  ortU=    43.200  ortV=    43.200    drift=0.00e+00  t_eval=3.24e-03  t_dbdsqr=1.06e-04
  ev4_ec4_n100_s2_gs                               n=   200  res=     0.100  ortU=    43.200  ortV=    43.200    drift=0.00e+00  t_eval=2.31e-02  t_dbdsqr=1.20e-03
  ev3_ec4_n52_s1_gm                                n=   156  res=     0.100  ortU=    43.000  ortV=    43.100    drift=0.00e+00  t_eval=1.14e-02  t_dbdsqr=1.83e-04
  ev8_ec1_n74_s2_gm                                n=   222  res=     0.000  ortU=    43.000  ortV=    43.100    drift=0.00e+00  t_eval=1.79e-02  t_dbdsqr=1.79e-03
  ev4_ec1_n50_s3_gs                                n=   100  res=     0.000  ortU=    43.000  ortV=    42.900    drift=0.00e+00  t_eval=4.85e-03  t_dbdsqr=1.74e-04
  ev8_ec1_n85_s2_gm                                n=   255  res=     0.100  ortU=    43.000  ortV=    43.000    drift=0.00e+00  t_eval=2.27e-02  t_dbdsqr=2.25e-03
  ev9_ec1_n96_s2_gm                                n=   288  res=     0.000  ortU=    43.000  ortV=    43.000    drift=0.00e+00  t_eval=3.67e-02  t_dbdsqr=8.78e-04
  ev4_ec1_n72_s3_gs                                n=   144  res=     0.000  ortU=    42.900  ortV=    42.900    drift=0.00e+00  t_eval=1.03e-02  t_dbdsqr=3.15e-04
  tri4_n58_gs                                      n=   116  res=     0.000  ortU=    42.800  ortV=    42.900    drift=0.00e+00  t_eval=6.33e-03  t_dbdsqr=1.63e-04
  ev4_ec4_n68_s1_gs                                n=   136  res=     0.000  ortU=    42.800  ortV=    42.800    drift=0.00e+00  t_eval=9.23e-03  t_dbdsqr=2.80e-04
  tri4_n91_gs                                      n=   182  res=     0.000  ortU=    42.800  ortV=    42.800    drift=0.00e+00  t_eval=1.71e-02  t_dbdsqr=3.57e-04
  tri6_n27_gs                                      n=    54  res=     0.100  ortU=    42.700  ortV=    42.700    drift=0.00e+00  t_eval=1.42e-03  t_dbdsqr=8.03e-05
  ev4_ec1_n43_s3_gs                                n=    86  res=     0.000  ortU=    42.600  ortV=    42.600    drift=0.00e+00  t_eval=3.63e-03  t_dbdsqr=1.24e-04
  ev4_ec4_n26_s1_gs                                n=    52  res=     0.100  ortU=    42.600  ortV=    42.600    drift=0.00e+00  t_eval=1.20e-03  t_dbdsqr=5.27e-05
  ev8_ec1_n91_s2_gm                                n=   273  res=     0.000  ortU=    42.600  ortV=    42.600    drift=0.00e+00  t_eval=2.86e-02  t_dbdsqr=2.70e-03
  ev6_ec1_n78_s1_gs                                n=   156  res=     0.000  ortU=    42.400  ortV=    42.400    drift=0.00e+00  t_eval=1.49e-02  t_dbdsqr=4.76e-04
  ev4_ec4_n67_s3_gs                                n=   134  res=     0.000  ortU=    42.300  ortV=    42.300    drift=0.00e+00  t_eval=9.16e-03  t_dbdsqr=2.72e-04
  ev5_ec4_n9_s2                                    n=     9  res=     0.200  ortU=    42.300  ortV=    42.300    drift=0.00e+00  t_eval=2.13e-05  t_dbdsqr=5.97e-06
  tri7_n31_gs                                      n=    62  res=     0.000  ortU=    42.300  ortV=    42.300    drift=0.00e+00  t_eval=1.66e-03  t_dbdsqr=5.66e-05
  ev3_ec1_n15_s2_gm                                n=    45  res=     0.100  ortU=    42.200  ortV=    42.200    drift=0.00e+00  t_eval=8.13e-04  t_dbdsqr=7.15e-05
  ev5_ec1_n33_s3_gm                                n=    99  res=     0.100  ortU=    42.200  ortV=    42.200    drift=0.00e+00  t_eval=4.31e-03  t_dbdsqr=2.72e-04
  ev8_ec1_n84_s2_gm                                n=   252  res=     0.100  ortU=    42.200  ortV=    42.200    drift=0.00e+00  t_eval=2.39e-02  t_dbdsqr=2.34e-03
  ev3_ec1_n91_s0_gm                                n=   273  res=     0.000  ortU=    42.100  ortV=    42.100    drift=0.00e+00  t_eval=3.36e-02  t_dbdsqr=1.38e-03
  ev4_ec4_n100_s1_gs                               n=   200  res=     0.000  ortU=    42.000  ortV=    42.000    drift=0.00e+00  t_eval=2.26e-02  t_dbdsqr=5.57e-04
  ev8_ec1_n99_s0_gm                                n=   297  res=     0.000  ortU=    42.000  ortV=    42.000    drift=0.00e+00  t_eval=3.25e-02  t_dbdsqr=3.14e-03
  tri7_n89_gs                                      n=   178  res=     0.000  ortU=    41.900  ortV=    41.900    drift=0.00e+00  t_eval=1.61e-02  t_dbdsqr=3.06e-04
  tri7_n94_gm                                      n=   282  res=     0.000  ortU=    41.900  ortV=    41.900    drift=0.00e+00  t_eval=2.72e-02  t_dbdsqr=1.96e-03
  ev4_ec1_n63_s0_gs                                n=   126  res=     0.000  ortU=    41.800  ortV=    41.800    drift=0.00e+00  t_eval=8.04e-03  t_dbdsqr=2.73e-04
  ev6_ec1_n73_s1_gm                                n=   219  res=     0.100  ortU=    41.800  ortV=    41.800    drift=0.00e+00  t_eval=1.92e-02  t_dbdsqr=1.41e-03
  ev4_ec4_n21_s3_gs                                n=    42  res=     0.100  ortU=    41.600  ortV=    41.700    drift=0.00e+00  t_eval=7.12e-04  t_dbdsqr=3.59e-05
  ev4_ec4_n90_s0_gs                                n=   180  res=     0.000  ortU=    41.700  ortV=    41.700    drift=0.00e+00  t_eval=1.71e-02  t_dbdsqr=4.72e-04
  ev9_ec1_n3_s3_gs                                 n=     6  res=     0.200  ortU=    41.700  ortV=    41.400    drift=0.00e+00  t_eval=1.54e-05  t_dbdsqr=5.78e-06
  ev3_ec1_n68_s2_gm                                n=   204  res=     0.000  ortU=    41.600  ortV=    41.600    drift=0.00e+00  t_eval=1.86e-02  t_dbdsqr=8.30e-04
  ev3_ec1_n99_s3_gm                                n=   297  res=     0.000  ortU=    41.600  ortV=    41.600    drift=0.00e+00  t_eval=4.05e-02  t_dbdsqr=1.57e-03
  ev6_ec1_n14_s1_gs                                n=    28  res=     0.100  ortU=    41.500  ortV=    41.600    drift=0.00e+00  t_eval=2.86e-04  t_dbdsqr=1.92e-05
  ev8_ec1_n16_s0_gs                                n=    32  res=     0.200  ortU=    41.600  ortV=    41.600    drift=0.00e+00  t_eval=5.19e-04  t_dbdsqr=2.57e-05
  ev9_ec1_n5_s3_gs                                 n=    10  res=     0.100  ortU=    41.600  ortV=    41.500    drift=0.00e+00  t_eval=3.06e-05  t_dbdsqr=7.20e-06
  ev9_ec1_n51_s3_gm                                n=   153  res=     0.000  ortU=    41.600  ortV=    41.600    drift=0.00e+00  t_eval=9.45e-03  t_dbdsqr=3.05e-04
  tri4_n62_gs                                      n=   124  res=     0.000  ortU=    41.600  ortV=    41.600    drift=0.00e+00  t_eval=7.42e-03  t_dbdsqr=1.90e-04
  ev4_ec1_n20_s3_gs                                n=    40  res=     0.100  ortU=    41.400  ortV=    41.400    drift=0.00e+00  t_eval=5.81e-04  t_dbdsqr=3.70e-05
  ev8_ec1_n82_s1_gm                                n=   246  res=     0.100  ortU=    41.300  ortV=    41.300    drift=0.00e+00  t_eval=2.21e-02  t_dbdsqr=2.19e-03
  ev8_ec1_n36_s1_gm                                n=   108  res=     0.100  ortU=    41.200  ortV=    41.200    drift=0.00e+00  t_eval=3.96e-03  t_dbdsqr=4.79e-04
  ev4_ec4_n47_s0_gs                                n=    94  res=     0.000  ortU=    41.100  ortV=    41.100    drift=0.00e+00  t_eval=4.09e-03  t_dbdsqr=1.52e-04
  tri4_n25_gs                                      n=    50  res=     0.100  ortU=    41.100  ortV=    41.100    drift=0.00e+00  t_eval=9.49e-04  t_dbdsqr=4.13e-05
  tri4_n37_gs                                      n=    74  res=     0.200  ortU=    41.100  ortV=    41.100    drift=0.00e+00  t_eval=2.24e-03  t_dbdsqr=7.70e-05
  tri4_n65_gs                                      n=   130  res=     0.000  ortU=    41.100  ortV=    41.100    drift=0.00e+00  t_eval=8.19e-03  t_dbdsqr=2.06e-04
  ev4_ec1_n63_s3_gs                                n=   126  res=     0.000  ortU=    41.000  ortV=    41.000    drift=0.00e+00  t_eval=8.25e-03  t_dbdsqr=2.86e-04
  ev8_ec1_n80_s0_gm                                n=   240  res=     0.000  ortU=    41.000  ortV=    41.000    drift=0.00e+00  t_eval=1.95e-02  t_dbdsqr=2.03e-03
  ev9_ec1_n11_s0_gs                                n=    22  res=     0.200  ortU=    41.000  ortV=    41.000    drift=0.00e+00  t_eval=1.52e-04  t_dbdsqr=2.12e-05
  ev4_ec1_n37_s3_gs                                n=    74  res=     0.000  ortU=    40.900  ortV=    40.900    drift=0.00e+00  t_eval=2.33e-03  t_dbdsqr=8.74e-05
  ev4_ec4_n33_s1_gs                                n=    66  res=     0.000  ortU=    40.900  ortV=    40.900    drift=0.00e+00  t_eval=1.98e-03  t_dbdsqr=7.31e-05
  ev6_ec1_n33_s0_gm                                n=    99  res=     0.000  ortU=    40.900  ortV=    40.900    drift=0.00e+00  t_eval=2.45e-03  t_dbdsqr=3.31e-04
  ev3_ec4_n12_s1_gm                                n=    36  res=     0.100  ortU=    40.800  ortV=    40.600    drift=0.00e+00  t_eval=6.20e-04  t_dbdsqr=2.97e-05
  ev4_ec1_n33_s0_gs                                n=    66  res=     0.000  ortU=    40.800  ortV=    40.800    drift=0.00e+00  t_eval=1.91e-03  t_dbdsqr=6.91e-05
  ev4_ec1_n36_s0_gs                                n=    72  res=     0.000  ortU=    40.700  ortV=    40.800    drift=0.00e+00  t_eval=2.41e-03  t_dbdsqr=8.35e-05
  ev4_ec1_n48_s1_gs                                n=    96  res=     0.000  ortU=    40.800  ortV=    40.800    drift=0.00e+00  t_eval=4.71e-03  t_dbdsqr=1.42e-04
  ev5_ec1_n23_s1_gm                                n=    69  res=     0.100  ortU=    40.800  ortV=    40.800    drift=0.00e+00  t_eval=1.91e-03  t_dbdsqr=1.79e-04
  ev6_ec1_n41_s2_gs                                n=    82  res=     0.000  ortU=    40.800  ortV=    40.800    drift=0.00e+00  t_eval=4.13e-03  t_dbdsqr=1.69e-04
  ev9_ec1_n6_s3_gs                                 n=    12  res=     0.300  ortU=    40.800  ortV=    40.700    drift=0.00e+00  t_eval=4.91e-05  t_dbdsqr=9.20e-06
  tri7_n73_gs                                      n=   146  res=     0.000  ortU=    40.700  ortV=    40.800    drift=0.00e+00  t_eval=1.04e-02  t_dbdsqr=2.17e-04
  ev3_ec1_n56_s3_gm                                n=   168  res=     0.000  ortU=    40.700  ortV=    40.700    drift=0.00e+00  t_eval=1.28e-02  t_dbdsqr=5.08e-04
  ev3_ec4_n8_s0_gm                                 n=    24  res=     0.100  ortU=    40.700  ortV=    40.700    drift=0.00e+00  t_eval=2.82e-04  t_dbdsqr=2.62e-05
  ev4_ec4_n60_s3_gm                                n=   180  res=     0.000  ortU=    40.700  ortV=    40.700    drift=0.00e+00  t_eval=9.94e-03  t_dbdsqr=9.75e-04
  ev4_ec4_n93_s0_gs                                n=   186  res=     0.000  ortU=    40.600  ortV=    40.600    drift=0.00e+00  t_eval=1.85e-02  t_dbdsqr=5.00e-04
  ev6_ec1_n98_s0                                   n=    98  res=     0.200  ortU=    40.500  ortV=    40.600    drift=0.00e+00  t_eval=1.09e-03  t_dbdsqr=3.55e-04
  tri4_n74_gs                                      n=   148  res=     0.000  ortU=    40.600  ortV=    40.600    drift=0.00e+00  t_eval=1.08e-02  t_dbdsqr=2.54e-04
  tri7_n35_gs                                      n=    70  res=     0.000  ortU=    40.600  ortV=    40.600    drift=0.00e+00  t_eval=2.18e-03  t_dbdsqr=6.75e-05
  ev5_ec4_n28_s2_gm                                n=    84  res=     0.000  ortU=    40.500  ortV=    40.400    drift=0.00e+00  t_eval=3.25e-03  t_dbdsqr=7.73e-05
  ev4_ec1_n73_s0_gs                                n=   146  res=     0.000  ortU=    40.400  ortV=    40.400    drift=0.00e+00  t_eval=1.13e-02  t_dbdsqr=3.67e-04
  ev4_ec4_n84_s0_gs                                n=   168  res=     0.000  ortU=    40.400  ortV=    40.400    drift=0.00e+00  t_eval=1.48e-02  t_dbdsqr=3.98e-04
  ev8_ec1_n23_s1_gm                                n=    69  res=     0.100  ortU=    40.400  ortV=    40.400    drift=0.00e+00  t_eval=1.65e-03  t_dbdsqr=2.14e-04
  ev8_ec1_n86_s2_gm                                n=   258  res=     0.000  ortU=    40.400  ortV=    40.400    drift=0.00e+00  t_eval=2.52e-02  t_dbdsqr=2.49e-03
  ev8_ec1_n26_s0_gm                                n=    78  res=     0.100  ortU=    40.300  ortV=    40.300    drift=0.00e+00  t_eval=1.98e-03  t_dbdsqr=2.58e-04
  ev3_ec1_n11_s3_gm                                n=    33  res=     0.100  ortU=    40.200  ortV=    40.200    drift=0.00e+00  t_eval=3.85e-04  t_dbdsqr=3.49e-05
  ev4_ec1_n41_s1_gs                                n=    82  res=     0.000  ortU=    40.200  ortV=    40.200    drift=0.00e+00  t_eval=3.04e-03  t_dbdsqr=9.87e-05
  ev5_ec1_n11_s1_gm                                n=    33  res=     0.100  ortU=    40.000  ortV=    40.200    drift=0.00e+00  t_eval=3.43e-04  t_dbdsqr=3.24e-05
  ev6_ec1_n76_s1_gm                                n=   228  res=     0.100  ortU=    40.100  ortV=    40.100    drift=0.00e+00  t_eval=2.12e-02  t_dbdsqr=1.48e-03
  ev7_ec1_n77_s0_gm                                n=   231  res=     0.000  ortU=    40.100  ortV=    40.100    drift=0.00e+00  t_eval=2.38e-02  t_dbdsqr=2.94e-04
  tri7_n38_gs                                      n=    76  res=     0.000  ortU=    40.100  ortV=    40.100    drift=0.00e+00  t_eval=2.63e-03  t_dbdsqr=7.96e-05
  ev4_ec4_n50_s1_gs                                n=   100  res=     0.000  ortU=    40.000  ortV=    40.000    drift=0.00e+00  t_eval=5.00e-03  t_dbdsqr=1.73e-04
  ev5_ec1_n55_s0_gm                                n=   165  res=     0.000  ortU=    40.000  ortV=    40.000    drift=0.00e+00  t_eval=1.18e-02  t_dbdsqr=5.13e-04
  ev4_ec1_n58_s2_gs                                n=   116  res=     0.000  ortU=    39.900  ortV=    39.800    drift=0.00e+00  t_eval=6.92e-03  t_dbdsqr=2.10e-04
  ev9_ec1_n29_s1_gs                                n=    58  res=     0.500  ortU=    39.900  ortV=    39.900    drift=0.00e+00  t_eval=1.22e-03  t_dbdsqr=1.12e-04
  ev3_ec1_n8_s0_gm                                 n=    24  res=     0.100  ortU=    39.800  ortV=    39.800    drift=0.00e+00  t_eval=1.94e-04  t_dbdsqr=1.60e-05
  ev8_ec1_n54_s3_gm                                n=   162  res=     0.000  ortU=    39.700  ortV=    39.700    drift=0.00e+00  t_eval=8.84e-03  t_dbdsqr=9.07e-04
  ev9_ec1_n38_s0_gm                                n=   114  res=     0.000  ortU=    39.600  ortV=    39.700    drift=0.00e+00  t_eval=4.89e-03  t_dbdsqr=1.95e-04
  ev4_ec1_n31_s0_gs                                n=    62  res=     0.000  ortU=    39.600  ortV=    39.600    drift=0.00e+00  t_eval=1.56e-03  t_dbdsqr=6.90e-05
  tri7_n66_gs                                      n=   132  res=     0.000  ortU=    39.600  ortV=    39.600    drift=0.00e+00  t_eval=8.40e-03  t_dbdsqr=1.84e-04
  tri6_n23_gs                                      n=    46  res=     0.100  ortU=    39.500  ortV=    39.500    drift=0.00e+00  t_eval=9.99e-04  t_dbdsqr=5.65e-05
  ev4_ec1_n80_s3_gs                                n=   160  res=     0.000  ortU=    39.400  ortV=    39.400    drift=0.00e+00  t_eval=1.32e-02  t_dbdsqr=3.66e-04
  ev4_ec1_n90_s0_gs                                n=   180  res=     0.000  ortU=    39.300  ortV=    39.400    drift=0.00e+00  t_eval=1.85e-02  t_dbdsqr=4.60e-04
  ev8_ec1_n43_s1_gm                                n=   129  res=     0.000  ortU=    39.300  ortV=    39.300    drift=0.00e+00  t_eval=5.42e-03  t_dbdsqr=6.40e-04
  tri6_n51_gm                                      n=   153  res=     0.000  ortU=    39.300  ortV=    39.300    drift=0.00e+00  t_eval=6.73e-03  t_dbdsqr=6.69e-04
  tri7_n25_gs                                      n=    50  res=     0.100  ortU=    39.300  ortV=    39.300    drift=0.00e+00  t_eval=9.92e-04  t_dbdsqr=4.31e-05
  ev4_ec4_n75_s2_gs                                n=   150  res=     0.000  ortU=    39.200  ortV=    39.200    drift=0.00e+00  t_eval=1.20e-02  t_dbdsqr=3.31e-04
  ev6_ec1_n45_s1_gs                                n=    90  res=     0.000  ortU=    39.200  ortV=    39.100    drift=0.00e+00  t_eval=4.34e-03  t_dbdsqr=1.76e-04
  ev4_ec4_n48_s3_gm                                n=   144  res=     0.000  ortU=    39.100  ortV=    39.000    drift=0.00e+00  t_eval=5.70e-03  t_dbdsqr=6.48e-04
  ev4_ec4_n52_s2_gs                                n=   104  res=     0.000  ortU=    39.100  ortV=    39.100    drift=0.00e+00  t_eval=5.11e-03  t_dbdsqr=2.03e-04
  ev8_ec1_n82_s2_gm                                n=   246  res=     0.000  ortU=    39.100  ortV=    39.100    drift=0.00e+00  t_eval=2.26e-02  t_dbdsqr=2.26e-03
  ev9_ec1_n40_s1_gm                                n=   120  res=     0.100  ortU=    39.100  ortV=    39.100    drift=0.00e+00  t_eval=5.55e-03  t_dbdsqr=5.68e-04
  ev4_ec4_n94_s0_gs                                n=   188  res=     0.000  ortU=    39.000  ortV=    39.000    drift=0.00e+00  t_eval=1.91e-02  t_dbdsqr=5.03e-04
  ev6_ec1_n28_s0_gs                                n=    56  res=     0.100  ortU=    39.000  ortV=    39.000    drift=0.00e+00  t_eval=1.23e-03  t_dbdsqr=6.28e-05
  ev9_ec1_n2_s2_gs                                 n=     4  res=     0.300  ortU=    38.900  ortV=    38.600    drift=0.00e+00  t_eval=1.08e-05  t_dbdsqr=3.41e-06
  ev4_ec1_n84_s0_gs                                n=   168  res=     0.000  ortU=    38.800  ortV=    38.800    drift=0.00e+00  t_eval=1.49e-02  t_dbdsqr=4.74e-04
  ev6_ec1_n41_s0_gs                                n=    82  res=     0.000  ortU=    38.800  ortV=    38.700    drift=0.00e+00  t_eval=3.32e-03  t_dbdsqr=1.07e-04
  ev8_ec1_n10_s3_gm                                n=    30  res=     0.100  ortU=    38.700  ortV=    38.800    drift=0.00e+00  t_eval=2.63e-04  t_dbdsqr=3.96e-05
  ev8_ec1_n20_s2_gm                                n=    60  res=     0.100  ortU=    38.800  ortV=    38.800    drift=0.00e+00  t_eval=9.92e-04  t_dbdsqr=1.49e-04
  ev8_ec1_n99_s3_gm                                n=   297  res=     0.000  ortU=    38.800  ortV=    38.800    drift=0.00e+00  t_eval=3.09e-02  t_dbdsqr=2.96e-03
  ev9_ec1_n91_s2_gm                                n=   273  res=     0.100  ortU=    38.800  ortV=    38.800    drift=0.00e+00  t_eval=3.32e-02  t_dbdsqr=8.02e-04
  ev4_ec1_n57_s0_gs                                n=   114  res=     0.000  ortU=    38.700  ortV=    38.700    drift=0.00e+00  t_eval=6.38e-03  t_dbdsqr=2.02e-04
  tri4_n89_gs                                      n=   178  res=     0.100  ortU=    38.600  ortV=    38.600    drift=0.00e+00  t_eval=1.65e-02  t_dbdsqr=3.40e-04
  tri7_n55_gm                                      n=   165  res=     0.100  ortU=    38.600  ortV=    38.600    drift=0.00e+00  t_eval=8.32e-03  t_dbdsqr=7.37e-04
  ev4_ec4_n56_s1_gs                                n=   112  res=     0.000  ortU=    38.500  ortV=    38.500    drift=0.00e+00  t_eval=6.05e-03  t_dbdsqr=1.97e-04
  ev4_ec1_n53_s1_gs                                n=   106  res=     0.000  ortU=    38.400  ortV=    38.400    drift=0.00e+00  t_eval=5.27e-03  t_dbdsqr=1.87e-04
  ev4_ec4_n80_s1_gs                                n=   160  res=     0.000  ortU=    38.400  ortV=    38.400    drift=0.00e+00  t_eval=1.33e-02  t_dbdsqr=4.12e-04
  ev6_ec1_n28_s1_gs                                n=    56  res=     0.100  ortU=    38.400  ortV=    38.400    drift=0.00e+00  t_eval=1.59e-03  t_dbdsqr=6.97e-05
  ev7_ec1_n21_s2_gm                                n=    63  res=     0.200  ortU=    38.300  ortV=    38.300    drift=0.00e+00  t_eval=1.63e-03  t_dbdsqr=9.19e-06
  ev3_ec1_n5_s3                                    n=     5  res=     0.200  ortU=    38.200  ortV=    38.100    drift=0.00e+00  t_eval=1.38e-05  t_dbdsqr=3.85e-06
  ev4_ec4_n67_s1_gs                                n=   134  res=     0.000  ortU=    38.200  ortV=    38.200    drift=0.00e+00  t_eval=8.97e-03  t_dbdsqr=3.05e-04
  ev4_ec1_n54_s1_gs                                n=   108  res=     0.000  ortU=    38.100  ortV=    38.100    drift=0.00e+00  t_eval=5.92e-03  t_dbdsqr=2.09e-04
  ev4_ec1_n82_s1_gs                                n=   164  res=     0.000  ortU=    38.000  ortV=    38.000    drift=0.00e+00  t_eval=1.42e-02  t_dbdsqr=4.02e-04
  ev4_ec1_n86_s0_gs                                n=   172  res=     0.000  ortU=    37.900  ortV=    38.000    drift=0.00e+00  t_eval=1.65e-02  t_dbdsqr=4.89e-04
  ev6_ec1_n85_s3_gm                                n=   255  res=     0.100  ortU=    37.900  ortV=    37.900    drift=0.00e+00  t_eval=2.81e-02  t_dbdsqr=1.95e-03
  ev4_ec1_n33_s3_gm                                n=    99  res=     0.000  ortU=    37.800  ortV=    37.700    drift=0.00e+00  t_eval=2.99e-03  t_dbdsqr=3.27e-04
  ev4_ec4_n31_s1_gs                                n=    62  res=     0.100  ortU=    37.800  ortV=    37.800    drift=0.00e+00  t_eval=1.55e-03  t_dbdsqr=6.50e-05
  ev4_ec4_n35_s3_gs                                n=    70  res=     0.000  ortU=    37.800  ortV=    37.800    drift=0.00e+00  t_eval=2.36e-03  t_dbdsqr=8.84e-05
  ev8_ec1_n72_s0_gm                                n=   216  res=     0.000  ortU=    37.800  ortV=    37.800    drift=0.00e+00  t_eval=1.61e-02  t_dbdsqr=1.71e-03
  tri7_n80_gm                                      n=   240  res=     0.000  ortU=    37.800  ortV=    37.800    drift=0.00e+00  t_eval=1.91e-02  t_dbdsqr=1.40e-03
  ev4_ec1_n21_s0_gs                                n=    42  res=     0.100  ortU=    37.700  ortV=    37.700    drift=0.00e+00  t_eval=6.54e-04  t_dbdsqr=3.62e-05
  ev4_ec4_n53_s3_gs                                n=   106  res=     0.000  ortU=    37.700  ortV=    37.700    drift=0.00e+00  t_eval=5.77e-03  t_dbdsqr=1.94e-04
  ev6_ec1_n39_s0_gs                                n=    78  res=     0.000  ortU=    37.500  ortV=    37.500    drift=0.00e+00  t_eval=2.55e-03  t_dbdsqr=1.14e-04
  ev4_ec1_n31_s1_gs                                n=    62  res=     0.000  ortU=    37.400  ortV=    37.400    drift=0.00e+00  t_eval=1.67e-03  t_dbdsqr=6.54e-05
  ev4_ec1_n61_s1_gs                                n=   122  res=     0.000  ortU=    37.400  ortV=    37.400    drift=0.00e+00  t_eval=7.96e-03  t_dbdsqr=2.25e-04
  ev5_ec1_n88_s2_gm                                n=   264  res=     0.000  ortU=    37.400  ortV=    37.400    drift=0.00e+00  t_eval=3.14e-02  t_dbdsqr=9.64e-04
  ev7_ec1_n11_s2_gs                                n=    22  res=     0.300  ortU=    37.400  ortV=    37.200    drift=0.00e+00  t_eval=1.53e-04  t_dbdsqr=4.11e-06
  tri3_n61_gs                                      n=   122  res=     0.100  ortU=    37.400  ortV=    37.400    drift=0.00e+00  t_eval=8.59e-03  t_dbdsqr=2.59e-04
  ev3_ec4_n47_s2_gm                                n=   141  res=     0.000  ortU=    37.200  ortV=    37.200    drift=0.00e+00  t_eval=9.36e-03  t_dbdsqr=1.55e-04
  ev6_ec1_n15_s2_gs                                n=    30  res=     0.100  ortU=    37.100  ortV=    37.200    drift=0.00e+00  t_eval=4.44e-04  t_dbdsqr=2.21e-05
  ev4_ec1_n89_s0_gm                                n=   267  res=     0.100  ortU=    37.100  ortV=    37.100    drift=0.00e+00  t_eval=2.45e-02  t_dbdsqr=1.96e-03
  ev4_ec4_n65_s3_gs                                n=   130  res=     0.000  ortU=    37.100  ortV=    37.100    drift=0.00e+00  t_eval=8.76e-03  t_dbdsqr=2.62e-04
  ev4_ec4_n84_s1_gs                                n=   168  res=     0.000  ortU=    37.100  ortV=    37.100    drift=0.00e+00  t_eval=1.48e-02  t_dbdsqr=4.05e-04
  tri7_n47_gs                                      n=    94  res=     0.000  ortU=    37.100  ortV=    37.100    drift=0.00e+00  t_eval=4.29e-03  t_dbdsqr=1.10e-04
  ev4_ec1_n77_s1_gs                                n=   154  res=     0.000  ortU=    37.000  ortV=    37.000    drift=0.00e+00  t_eval=1.28e-02  t_dbdsqr=3.47e-04
  ev6_ec1_n50_s3                                   n=    50  res=     0.100  ortU=    37.000  ortV=    37.000    drift=0.00e+00  t_eval=2.51e-04  t_dbdsqr=8.23e-05
  ev6_ec1_n93_s1_gs                                n=   186  res=     0.000  ortU=    37.000  ortV=    37.000    drift=0.00e+00  t_eval=2.13e-02  t_dbdsqr=6.56e-04
  tri6_n94_gs                                      n=   188  res=     0.000  ortU=    37.000  ortV=    37.000    drift=0.00e+00  t_eval=2.06e-02  t_dbdsqr=8.50e-04
  ev6_ec1_n14_s3_gs                                n=    28  res=     0.100  ortU=    36.800  ortV=    36.900    drift=0.00e+00  t_eval=3.16e-04  t_dbdsqr=2.09e-05
  ev6_ec1_n38_s1_gs                                n=    76  res=     0.000  ortU=    36.900  ortV=    36.900    drift=0.00e+00  t_eval=2.98e-03  t_dbdsqr=9.69e-05
  ev7_ec1_n60_s3_gm                                n=   180  res=     0.000  ortU=    36.900  ortV=    36.900    drift=0.00e+00  t_eval=1.44e-02  t_dbdsqr=3.96e-04
  ev9_ec1_n51_s2_gm                                n=   153  res=     0.000  ortU=    36.800  ortV=    36.900    drift=0.00e+00  t_eval=9.16e-03  t_dbdsqr=3.11e-04
  ev9_ec1_n80_s2_gm                                n=   240  res=     0.000  ortU=    36.900  ortV=    36.900    drift=0.00e+00  t_eval=2.39e-02  t_dbdsqr=2.12e-03
  tri2_n85_gs                                      n=   170  res=     0.100  ortU=    36.900  ortV=    36.900    drift=0.00e+00  t_eval=9.65e-03  t_dbdsqr=6.82e-04
  ev4_ec4_n39_s2_gs                                n=    78  res=     0.000  ortU=    36.800  ortV=    36.800    drift=0.00e+00  t_eval=2.84e-03  t_dbdsqr=1.03e-04
  ev4_ec1_n54_s3_gm                                n=   162  res=     0.000  ortU=    36.700  ortV=    36.600    drift=0.00e+00  t_eval=7.54e-03  t_dbdsqr=7.90e-04
  ev4_ec4_n88_s1_gs                                n=   176  res=     0.000  ortU=    36.700  ortV=    36.700    drift=0.00e+00  t_eval=1.62e-02  t_dbdsqr=4.47e-04
  ev2_ec1_n45_s3_gm                                n=   135  res=     0.000  ortU=    36.600  ortV=    36.600    drift=1.53e-16  t_eval=7.46e-04  t_dbdsqr=1.33e-05
  ev4_ec1_n69_s3_gs                                n=   138  res=     0.000  ortU=    36.600  ortV=    36.600    drift=0.00e+00  t_eval=9.73e-03  t_dbdsqr=2.88e-04
  ev7_ec1_n82_s3_gm                                n=   246  res=     0.000  ortU=    36.600  ortV=    36.600    drift=0.00e+00  t_eval=2.81e-02  t_dbdsqr=5.84e-04
  ev7_ec1_n99_s1_gm                                n=   297  res=     0.000  ortU=    36.600  ortV=    36.600    drift=0.00e+00  t_eval=4.12e-02  t_dbdsqr=7.31e-04
  ev4_ec4_n37_s2_gs                                n=    74  res=     0.000  ortU=    36.500  ortV=    36.500    drift=0.00e+00  t_eval=2.45e-03  t_dbdsqr=9.57e-05
  tri6_n52_gs                                      n=   104  res=     0.100  ortU=    36.500  ortV=    36.500    drift=0.00e+00  t_eval=5.83e-03  t_dbdsqr=2.62e-04
  tri7_n69_gm                                      n=   207  res=     0.000  ortU=    36.500  ortV=    36.500    drift=0.00e+00  t_eval=1.33e-02  t_dbdsqr=1.06e-03
  ev6_ec1_n93_s2_gs                                n=   186  res=     0.100  ortU=    36.400  ortV=    36.400    drift=0.00e+00  t_eval=1.89e-02  t_dbdsqr=5.28e-04
  ev4_ec1_n15_s2_gs                                n=    30  res=     0.100  ortU=    36.300  ortV=    36.300    drift=0.00e+00  t_eval=3.17e-04  t_dbdsqr=2.37e-05
  ev4_ec1_n51_s0_gm                                n=   153  res=     0.100  ortU=    36.300  ortV=    36.300    drift=0.00e+00  t_eval=6.51e-03  t_dbdsqr=7.23e-04
  ev4_ec1_n54_s1_gm                                n=   162  res=     0.000  ortU=    36.200  ortV=    36.300    drift=0.00e+00  t_eval=7.83e-03  t_dbdsqr=7.84e-04
  ev4_ec1_n62_s3_gs                                n=   124  res=     0.000  ortU=    36.300  ortV=    36.300    drift=0.00e+00  t_eval=7.60e-03  t_dbdsqr=2.36e-04
  ev9_ec1_n19_s2_gs                                n=    38  res=     0.200  ortU=    36.200  ortV=    36.300    drift=0.00e+00  t_eval=4.48e-04  t_dbdsqr=4.74e-05
  ev3_ec4_n36_s2_gm                                n=   108  res=     0.000  ortU=    36.200  ortV=    36.200    drift=0.00e+00  t_eval=5.48e-03  t_dbdsqr=1.10e-04
  ev4_ec4_n41_s0_gm                                n=   123  res=     0.000  ortU=    36.200  ortV=    36.200    drift=0.00e+00  t_eval=3.94e-03  t_dbdsqr=4.73e-04
  ev4_ec4_n69_s1_gs                                n=   138  res=     0.000  ortU=    36.200  ortV=    36.200    drift=0.00e+00  t_eval=9.30e-03  t_dbdsqr=2.82e-04
  ev3_ec4_n77_s2_gm                                n=   231  res=     0.000  ortU=    36.100  ortV=    36.100    drift=0.00e+00  t_eval=2.52e-02  t_dbdsqr=3.14e-04
  ev4_ec1_n50_s1_gs                                n=   100  res=     0.000  ortU=    36.100  ortV=    36.100    drift=0.00e+00  t_eval=4.98e-03  t_dbdsqr=1.56e-04
  ev4_ec4_n75_s0_gs                                n=   150  res=     0.000  ortU=    36.000  ortV=    36.100    drift=0.00e+00  t_eval=1.21e-02  t_dbdsqr=3.27e-04
  ev5_ec1_n20_s1_gm                                n=    60  res=     0.100  ortU=    36.100  ortV=    36.100    drift=0.00e+00  t_eval=1.45e-03  t_dbdsqr=1.14e-04
  ev6_ec1_n18_s0                                   n=    18  res=     0.100  ortU=    36.100  ortV=    36.000    drift=0.00e+00  t_eval=3.22e-05  t_dbdsqr=1.56e-05
  ev6_ec1_n48_s0_gs                                n=    96  res=     0.000  ortU=    36.100  ortV=    36.100    drift=0.00e+00  t_eval=4.95e-03  t_dbdsqr=1.74e-04
  ev6_ec1_n65_s3_gm                                n=   195  res=     0.100  ortU=    36.100  ortV=    36.100    drift=0.00e+00  t_eval=1.55e-02  t_dbdsqr=1.18e-03
  tri2_n59_gs                                      n=   118  res=     0.300  ortU=    36.100  ortV=    36.100    drift=0.00e+00  t_eval=4.60e-03  t_dbdsqr=3.43e-04
  ev3_ec1_n35_s2                                   n=    35  res=     0.100  ortU=    36.000  ortV=    36.000    drift=0.00e+00  t_eval=1.27e-04  t_dbdsqr=2.57e-05
  ev3_ec4_n26_s3_gm                                n=    78  res=     0.100  ortU=    36.000  ortV=    36.000    drift=0.00e+00  t_eval=2.94e-03  t_dbdsqr=6.86e-05
  ev6_ec1_n78_s1                                   n=    78  res=     0.300  ortU=    35.900  ortV=    36.000    drift=0.00e+00  t_eval=6.37e-04  t_dbdsqr=2.37e-04
  tri7_n85_gs                                      n=   170  res=     0.000  ortU=    35.900  ortV=    35.900    drift=0.00e+00  t_eval=1.46e-02  t_dbdsqr=2.83e-04
  ev4_ec1_n22_s3_gs                                n=    44  res=     0.100  ortU=    35.800  ortV=    35.800    drift=0.00e+00  t_eval=7.40e-04  t_dbdsqr=3.76e-05
  ev4_ec1_n27_s2_gs                                n=    54  res=     0.100  ortU=    35.800  ortV=    35.800    drift=0.00e+00  t_eval=1.22e-03  t_dbdsqr=5.31e-05
  ev4_ec4_n45_s2_gs                                n=    90  res=     0.000  ortU=    35.800  ortV=    35.800    drift=0.00e+00  t_eval=3.88e-03  t_dbdsqr=1.40e-04
  tri6_n88_gs                                      n=   176  res=     0.000  ortU=    35.800  ortV=    35.800    drift=0.00e+00  t_eval=1.79e-02  t_dbdsqr=7.33e-04
  ev6_ec1_n9_s3                                    n=     9  res=     0.400  ortU=    35.600  ortV=    35.700    drift=0.00e+00  t_eval=1.59e-05  t_dbdsqr=6.30e-06
  ev6_ec1_n25_s2_gm                                n=    75  res=     0.000  ortU=    35.600  ortV=    35.700    drift=0.00e+00  t_eval=1.74e-03  t_dbdsqr=1.91e-04
  ev5_ec4_n65_s2_gm                                n=   195  res=     0.000  ortU=    35.600  ortV=    35.600    drift=0.00e+00  t_eval=1.79e-02  t_dbdsqr=2.28e-04
  ev6_ec1_n28_s0                                   n=    28  res=     0.200  ortU=    35.600  ortV=    35.600    drift=0.00e+00  t_eval=7.08e-05  t_dbdsqr=3.12e-05
  ev6_ec1_n80_s1_gs                                n=   160  res=     0.000  ortU=    35.600  ortV=    35.600    drift=0.00e+00  t_eval=1.60e-02  t_dbdsqr=3.77e-04
  ev4_ec4_n50_s0_gs                                n=   100  res=     0.000  ortU=    35.500  ortV=    35.500    drift=0.00e+00  t_eval=5.02e-03  t_dbdsqr=1.67e-04
  ev5_ec1_n15_s3_gm                                n=    45  res=     0.100  ortU=    35.500  ortV=    35.500    drift=0.00e+00  t_eval=6.91e-04  t_dbdsqr=4.90e-05
  ev8_ec1_n17_s0_gs                                n=    34  res=     0.100  ortU=    35.500  ortV=    35.500    drift=0.00e+00  t_eval=5.51e-04  t_dbdsqr=2.87e-05
  ev5_ec1_n9_s0_gs                                 n=    18  res=     0.300  ortU=    35.100  ortV=    35.300    drift=0.00e+00  t_eval=1.83e-04  t_dbdsqr=9.61e-06
  ev6_ec1_n15_s3_gs                                n=    30  res=     0.100  ortU=    35.300  ortV=    35.300    drift=0.00e+00  t_eval=3.70e-04  t_dbdsqr=2.15e-05
  ev6_ec1_n63_s3_gs                                n=   126  res=     0.000  ortU=    35.300  ortV=    35.300    drift=0.00e+00  t_eval=9.84e-03  t_dbdsqr=2.48e-04
  ev6_ec1_n78_s0_gs                                n=   156  res=     0.000  ortU=    35.300  ortV=    35.200    drift=0.00e+00  t_eval=1.17e-02  t_dbdsqr=4.69e-04
  tri7_n96_gm                                      n=   288  res=     0.000  ortU=    35.300  ortV=    35.300    drift=0.00e+00  t_eval=2.85e-02  t_dbdsqr=2.03e-03
  ev4_ec4_n18_s3_gs                                n=    36  res=     0.100  ortU=    35.100  ortV=    35.200    drift=0.00e+00  t_eval=4.89e-04  t_dbdsqr=2.86e-05
  ev6_ec1_n18_s2_gs                                n=    36  res=     0.100  ortU=    35.100  ortV=    35.100    drift=0.00e+00  t_eval=6.59e-04  t_dbdsqr=3.28e-05
  ev9_ec1_n95_s0_gm                                n=   285  res=     0.000  ortU=    35.100  ortV=    35.100    drift=0.00e+00  t_eval=3.22e-02  t_dbdsqr=9.40e-04
  tri6_n18_gs                                      n=    36  res=     0.100  ortU=    35.100  ortV=    35.100    drift=0.00e+00  t_eval=5.79e-04  t_dbdsqr=3.85e-05
  ev3_ec4_n8_s3_gs                                 n=    16  res=     0.300  ortU=    35.000  ortV=    34.900    drift=0.00e+00  t_eval=1.54e-04  t_dbdsqr=2.02e-05
  ev4_ec1_n28_s3_gs                                n=    56  res=     0.000  ortU=    35.000  ortV=    35.000    drift=0.00e+00  t_eval=1.28e-03  t_dbdsqr=5.27e-05
  ev4_ec4_n53_s2_gs                                n=   106  res=     0.000  ortU=    35.000  ortV=    35.000    drift=0.00e+00  t_eval=5.52e-03  t_dbdsqr=1.73e-04
  ev4_ec4_n88_s3_gs                                n=   176  res=     0.000  ortU=    35.000  ortV=    35.000    drift=0.00e+00  t_eval=1.63e-02  t_dbdsqr=4.41e-04
  ev4_ec4_n93_s1_gs                                n=   186  res=     0.000  ortU=    35.000  ortV=    35.000    drift=0.00e+00  t_eval=1.86e-02  t_dbdsqr=5.60e-04
  tri6_n20_gs                                      n=    40  res=     0.100  ortU=    35.000  ortV=    35.000    drift=0.00e+00  t_eval=7.07e-04  t_dbdsqr=4.44e-05
  ev6_ec1_n26_s1_gs                                n=    52  res=     0.100  ortU=    34.900  ortV=    34.900    drift=0.00e+00  t_eval=1.35e-03  t_dbdsqr=6.27e-05
  ev5_ec1_n15_s0                                   n=    15  res=     0.100  ortU=    34.800  ortV=    34.800    drift=0.00e+00  t_eval=3.44e-05  t_dbdsqr=8.76e-06
  ev6_ec1_n36_s0_gs                                n=    72  res=     0.000  ortU=    34.800  ortV=    34.800    drift=0.00e+00  t_eval=2.65e-03  t_dbdsqr=8.42e-05
  ev6_ec1_n87_s2_gs                                n=   174  res=     0.000  ortU=    34.700  ortV=    34.700    drift=0.00e+00  t_eval=1.73e-02  t_dbdsqr=5.77e-04
  ev8_ec1_n45_s2_gm                                n=   135  res=     0.100  ortU=    34.700  ortV=    34.700    drift=0.00e+00  t_eval=6.36e-03  t_dbdsqr=7.19e-04
  ev4_ec1_n27_s0_gs                                n=    54  res=     0.000  ortU=    34.600  ortV=    34.600    drift=0.00e+00  t_eval=1.17e-03  t_dbdsqr=5.26e-05
  ev4_ec1_n38_s1_gs                                n=    76  res=     0.000  ortU=    34.600  ortV=    34.600    drift=0.00e+00  t_eval=2.52e-03  t_dbdsqr=9.28e-05
  ev4_ec4_n90_s1_gs                                n=   180  res=     0.000  ortU=    34.600  ortV=    34.600    drift=0.00e+00  t_eval=1.84e-02  t_dbdsqr=9.53e-04
  ev4_ec4_n90_s3_gm                                n=   270  res=     0.000  ortU=    34.600  ortV=    34.600    drift=0.00e+00  t_eval=2.48e-02  t_dbdsqr=2.04e-03
  ev4_ec4_n22_s0_gs                                n=    44  res=     0.100  ortU=    34.500  ortV=    34.500    drift=0.00e+00  t_eval=7.19e-04  t_dbdsqr=3.95e-05
  ev4_ec4_n61_s0_gs                                n=   122  res=     0.000  ortU=    34.500  ortV=    34.500    drift=0.00e+00  t_eval=7.39e-03  t_dbdsqr=2.27e-04
  ev6_ec1_n74_s2_gs                                n=   148  res=     0.100  ortU=    34.500  ortV=    34.500    drift=0.00e+00  t_eval=1.32e-02  t_dbdsqr=3.24e-04
  ev7_ec1_n40_s3_gm                                n=   120  res=     0.200  ortU=    34.500  ortV=    34.500    drift=0.00e+00  t_eval=5.82e-03  t_dbdsqr=1.19e-05
  ev8_ec1_n15_s3_gm                                n=    45  res=     0.200  ortU=    34.500  ortV=    34.500    drift=0.00e+00  t_eval=6.20e-04  t_dbdsqr=8.58e-05
  tri7_n43_gs                                      n=    86  res=     0.000  ortU=    34.500  ortV=    34.500    drift=0.00e+00  t_eval=3.42e-03  t_dbdsqr=9.73e-05
  ev4_ec1_n49_s1_gs                                n=    98  res=     0.000  ortU=    34.400  ortV=    34.400    drift=0.00e+00  t_eval=4.59e-03  t_dbdsqr=1.76e-04
  ev4_ec1_n85_s0_gs                                n=   170  res=     0.000  ortU=    34.400  ortV=    34.400    drift=0.00e+00  t_eval=1.50e-02  t_dbdsqr=4.09e-04
  ev4_ec4_n38_s2_gs                                n=    76  res=     0.000  ortU=    34.400  ortV=    34.400    drift=0.00e+00  t_eval=2.51e-03  t_dbdsqr=9.00e-05
  ev4_ec4_n43_s3_gs                                n=    86  res=     0.000  ortU=    34.400  ortV=    34.400    drift=0.00e+00  t_eval=3.28e-03  t_dbdsqr=1.14e-04
  ev6_ec1_n65_s3_gs                                n=   130  res=     0.000  ortU=    34.400  ortV=    34.400    drift=0.00e+00  t_eval=1.04e-02  t_dbdsqr=2.63e-04
  ev4_ec1_n60_s2_gm                                n=   180  res=     0.000  ortU=    34.300  ortV=    34.300    drift=0.00e+00  t_eval=9.56e-03  t_dbdsqr=9.92e-04
  ev4_ec4_n54_s1_gs                                n=   108  res=     0.000  ortU=    34.300  ortV=    34.300    drift=0.00e+00  t_eval=5.88e-03  t_dbdsqr=1.78e-04
  ev8_ec1_n46_s2_gm                                n=   138  res=     0.000  ortU=    34.300  ortV=    34.300    drift=0.00e+00  t_eval=6.79e-03  t_dbdsqr=7.49e-04
  tri7_n48_gs                                      n=    96  res=     0.000  ortU=    34.300  ortV=    34.300    drift=0.00e+00  t_eval=4.42e-03  t_dbdsqr=1.15e-04
  ev4_ec1_n69_s0_gs                                n=   138  res=     0.000  ortU=    34.200  ortV=    34.200    drift=0.00e+00  t_eval=9.62e-03  t_dbdsqr=3.24e-04
  ev4_ec4_n49_s1_gs                                n=    98  res=     0.000  ortU=    34.200  ortV=    34.200    drift=0.00e+00  t_eval=4.56e-03  t_dbdsqr=1.61e-04
  ev4_ec4_n100_s3_gs                               n=   200  res=     0.000  ortU=    34.200  ortV=    34.200    drift=0.00e+00  t_eval=2.17e-02  t_dbdsqr=5.52e-04
  ev5_ec4_n56_s0_gm                                n=   168  res=     0.000  ortU=    34.100  ortV=    34.100    drift=0.00e+00  t_eval=1.32e-02  t_dbdsqr=3.44e-04
  ev8_ec1_n13_s1_gm                                n=    39  res=     0.100  ortU=    34.100  ortV=    34.000    drift=0.00e+00  t_eval=4.94e-04  t_dbdsqr=6.90e-05
  ev8_ec1_n94_s3_gm                                n=   282  res=     0.100  ortU=    34.100  ortV=    34.100    drift=0.00e+00  t_eval=2.98e-02  t_dbdsqr=2.83e-03
  tri7_n33_gs                                      n=    66  res=     0.000  ortU=    34.100  ortV=    34.100    drift=0.00e+00  t_eval=1.88e-03  t_dbdsqr=6.41e-05
  tri7_n100_gs                                     n=   200  res=     0.000  ortU=    34.100  ortV=    34.100    drift=0.00e+00  t_eval=2.10e-02  t_dbdsqr=3.76e-04
  ev6_ec1_n60_s0_gs                                n=   120  res=     0.100  ortU=    33.900  ortV=    34.000    drift=0.00e+00  t_eval=6.94e-03  t_dbdsqr=3.09e-04
  ev8_ec1_n50_s1_gm                                n=   150  res=     0.000  ortU=    34.000  ortV=    34.000    drift=0.00e+00  t_eval=7.44e-03  t_dbdsqr=8.61e-04
  ev8_ec1_n58_s1_gm                                n=   174  res=     0.000  ortU=    34.000  ortV=    34.000    drift=0.00e+00  t_eval=1.06e-02  t_dbdsqr=1.15e-03
  ev9_ec1_n38_s1_gs                                n=    76  res=     0.300  ortU=    34.000  ortV=    34.000    drift=0.00e+00  t_eval=2.18e-03  t_dbdsqr=1.80e-04
  ev9_ec1_n79_s3_gm                                n=   237  res=     0.000  ortU=    34.000  ortV=    34.000    drift=0.00e+00  t_eval=2.50e-02  t_dbdsqr=2.04e-03
  ev4_ec1_n83_s0_gs                                n=   166  res=     0.000  ortU=    33.900  ortV=    33.900    drift=0.00e+00  t_eval=1.41e-02  t_dbdsqr=3.97e-04
  ev6_ec1_n66_s2_gs                                n=   132  res=     0.000  ortU=    33.900  ortV=    33.900    drift=0.00e+00  t_eval=1.01e-02  t_dbdsqr=2.56e-04
  ev9_ec1_n22_s2_gs                                n=    44  res=     0.100  ortU=    33.900  ortV=    33.800    drift=0.00e+00  t_eval=6.53e-04  t_dbdsqr=6.58e-05
  ev4_ec1_n41_s2_gs                                n=    82  res=     0.000  ortU=    33.800  ortV=    33.800    drift=0.00e+00  t_eval=3.24e-03  t_dbdsqr=1.20e-04
  ev4_ec1_n44_s3_gs                                n=    88  res=     0.000  ortU=    33.800  ortV=    33.800    drift=0.00e+00  t_eval=3.45e-03  t_dbdsqr=1.28e-04
  ev4_ec4_n41_s0_gs                                n=    82  res=     0.000  ortU=    33.800  ortV=    33.800    drift=0.00e+00  t_eval=2.95e-03  t_dbdsqr=1.03e-04
  ev6_ec1_n77_s0_gs                                n=   154  res=     0.000  ortU=    33.800  ortV=    33.800    drift=0.00e+00  t_eval=1.10e-02  t_dbdsqr=3.72e-04
  ev8_ec1_n69_s0_gm                                n=   207  res=     0.000  ortU=    33.800  ortV=    33.800    drift=0.00e+00  t_eval=1.49e-02  t_dbdsqr=1.53e-03
  ev4_ec1_n96_s3_gs                                n=   192  res=     0.000  ortU=    33.700  ortV=    33.700    drift=0.00e+00  t_eval=1.97e-02  t_dbdsqr=5.13e-04
  ev6_ec1_n62_s0                                   n=    62  res=     0.100  ortU=    33.600  ortV=    33.700    drift=0.00e+00  t_eval=4.41e-04  t_dbdsqr=1.24e-04
  ev8_ec1_n92_s1_gm                                n=   276  res=     0.000  ortU=    33.700  ortV=    33.700    drift=0.00e+00  t_eval=2.81e-02  t_dbdsqr=2.72e-03
  ev4_ec4_n14_s0_gs                                n=    28  res=     0.100  ortU=    33.600  ortV=    33.500    drift=0.00e+00  t_eval=2.85e-04  t_dbdsqr=1.99e-05
  ev4_ec4_n62_s3_gs                                n=   124  res=     0.000  ortU=    33.600  ortV=    33.600    drift=0.00e+00  t_eval=8.36e-03  t_dbdsqr=2.32e-04
  ev4_ec4_n99_s2_gs                                n=   198  res=     0.100  ortU=    33.600  ortV=    33.600    drift=0.00e+00  t_eval=2.27e-02  t_dbdsqr=1.14e-03
  ev6_ec1_n66_s0_gs                                n=   132  res=     0.000  ortU=    33.600  ortV=    33.600    drift=0.00e+00  t_eval=7.60e-03  t_dbdsqr=3.45e-04
  tri6_n61_gs                                      n=   122  res=     0.000  ortU=    33.600  ortV=    33.600    drift=0.00e+00  t_eval=8.06e-03  t_dbdsqr=3.64e-04
  tri4_n22_gs                                      n=    44  res=     0.100  ortU=    33.500  ortV=    33.500    drift=0.00e+00  t_eval=7.01e-04  t_dbdsqr=3.39e-05
  ev3_ec4_n19_s1_gm                                n=    57  res=     0.100  ortU=    33.400  ortV=    33.300    drift=0.00e+00  t_eval=1.56e-03  t_dbdsqr=4.92e-05
  ev4_ec1_n34_s1_gs                                n=    68  res=     0.000  ortU=    33.400  ortV=    33.400    drift=0.00e+00  t_eval=1.99e-03  t_dbdsqr=7.87e-05
  ev5_ec1_n14_s1                                   n=    14  res=     0.100  ortU=    33.200  ortV=    33.400    drift=0.00e+00  t_eval=3.54e-05  t_dbdsqr=1.16e-05
  ev4_ec1_n39_s2_gs                                n=    78  res=     0.000  ortU=    33.300  ortV=    33.300    drift=0.00e+00  t_eval=2.91e-03  t_dbdsqr=1.07e-04
  ev4_ec4_n85_s0_gs                                n=   170  res=     0.000  ortU=    33.300  ortV=    33.300    drift=0.00e+00  t_eval=1.48e-02  t_dbdsqr=4.13e-04
  ev6_ec1_n19_s0_gs                                n=    38  res=     0.100  ortU=    33.300  ortV=    33.300    drift=0.00e+00  t_eval=4.97e-04  t_dbdsqr=3.09e-05
  ev6_ec1_n89_s2_gs                                n=   178  res=     0.000  ortU=    33.200  ortV=    33.300    drift=0.00e+00  t_eval=1.74e-02  t_dbdsqr=4.60e-04
  ev9_ec1_n9_s1_gs                                 n=    18  res=     0.200  ortU=    33.300  ortV=    33.200    drift=0.00e+00  t_eval=9.13e-05  t_dbdsqr=1.59e-05
  tri7_n18_gs                                      n=    36  res=     0.100  ortU=    33.300  ortV=    33.200    drift=0.00e+00  t_eval=4.84e-04  t_dbdsqr=2.62e-05
  ev3_ec1_n75_s1_gm                                n=   225  res=     0.000  ortU=    33.200  ortV=    33.200    drift=0.00e+00  t_eval=2.29e-02  t_dbdsqr=9.89e-04
  ev4_ec1_n27_s1_gs                                n=    54  res=     0.000  ortU=    33.200  ortV=    33.100    drift=0.00e+00  t_eval=1.14e-03  t_dbdsqr=4.91e-05
  ev5_ec4_n84_s1_gm                                n=   252  res=     0.000  ortU=    33.200  ortV=    33.200    drift=0.00e+00  t_eval=2.91e-02  t_dbdsqr=5.39e-04
  ev7_ec1_n90_s2_gm                                n=   270  res=     0.000  ortU=    33.200  ortV=    33.200    drift=0.00e+00  t_eval=3.47e-02  t_dbdsqr=8.14e-04
  ev4_ec1_n36_s1_gs                                n=    72  res=     0.000  ortU=    33.100  ortV=    33.000    drift=0.00e+00  t_eval=2.19e-03  t_dbdsqr=8.22e-05
  ev4_ec4_n24_s1_gs                                n=    48  res=     0.100  ortU=    33.100  ortV=    33.100    drift=0.00e+00  t_eval=8.77e-04  t_dbdsqr=4.20e-05
  ev5_ec1_n19_s3_gm                                n=    57  res=     0.100  ortU=    33.100  ortV=    33.100    drift=0.00e+00  t_eval=1.22e-03  t_dbdsqr=8.85e-05
  ev5_ec4_n55_s2_gm                                n=   165  res=     0.100  ortU=    33.100  ortV=    33.100    drift=0.00e+00  t_eval=1.28e-02  t_dbdsqr=1.71e-04
  ev4_ec1_n60_s0_gs                                n=   120  res=     0.000  ortU=    32.900  ortV=    33.000    drift=0.00e+00  t_eval=7.11e-03  t_dbdsqr=2.29e-04
  ev4_ec4_n31_s2_gs                                n=    62  res=     0.000  ortU=    33.000  ortV=    33.000    drift=0.00e+00  t_eval=1.56e-03  t_dbdsqr=6.79e-05
  ev4_ec4_n33_s0_gs                                n=    66  res=     0.000  ortU=    33.000  ortV=    32.900    drift=0.00e+00  t_eval=1.83e-03  t_dbdsqr=6.85e-05
  ev4_ec4_n35_s3_gm                                n=   105  res=     0.000  ortU=    33.000  ortV=    33.000    drift=0.00e+00  t_eval=2.89e-03  t_dbdsqr=3.55e-04
  ev6_ec1_n71_s0_gs                                n=   142  res=     0.000  ortU=    33.000  ortV=    33.000    drift=0.00e+00  t_eval=9.28e-03  t_dbdsqr=2.99e-04
  tri7_n98_gs                                      n=   196  res=     0.000  ortU=    33.000  ortV=    33.000    drift=0.00e+00  t_eval=1.95e-02  t_dbdsqr=3.64e-04
  ev4_ec4_n33_s2_gs                                n=    66  res=     0.000  ortU=    32.900  ortV=    32.900    drift=0.00e+00  t_eval=1.89e-03  t_dbdsqr=7.32e-05
  ev6_ec1_n39_s3                                   n=    39  res=     0.100  ortU=    32.900  ortV=    32.900    drift=0.00e+00  t_eval=1.58e-04  t_dbdsqr=5.47e-05
  ev6_ec1_n53_s2_gs                                n=   106  res=     0.100  ortU=    32.900  ortV=    32.900    drift=0.00e+00  t_eval=6.42e-03  t_dbdsqr=1.79e-04
  ev6_ec1_n100_s2_gm                               n=   300  res=     0.000  ortU=    32.900  ortV=    32.900    drift=0.00e+00  t_eval=3.51e-02  t_dbdsqr=2.48e-03
  ev4_ec4_n39_s3_gm                                n=   117  res=     0.100  ortU=    32.800  ortV=    32.800    drift=0.00e+00  t_eval=3.51e-03  t_dbdsqr=4.42e-04
  ev4_ec4_n97_s0_gs                                n=   194  res=     0.000  ortU=    32.800  ortV=    32.800    drift=0.00e+00  t_eval=2.02e-02  t_dbdsqr=5.31e-04
  ev5_ec1_n92_s1                                   n=    92  res=     0.100  ortU=    32.800  ortV=    32.800    drift=0.00e+00  t_eval=8.59e-04  t_dbdsqr=1.32e-04
  ev6_ec1_n29_s0_gs                                n=    58  res=     0.100  ortU=    32.800  ortV=    32.800    drift=0.00e+00  t_eval=1.52e-03  t_dbdsqr=6.62e-05
  ev9_ec1_n12_s2_gs                                n=    24  res=     0.200  ortU=    32.800  ortV=    32.700    drift=0.00e+00  t_eval=2.04e-04  t_dbdsqr=2.28e-05
  tri4_n67_gs                                      n=   134  res=     0.000  ortU=    32.800  ortV=    32.800    drift=0.00e+00  t_eval=8.76e-03  t_dbdsqr=2.16e-04
  ev4_ec1_n44_s2_gs                                n=    88  res=     0.000  ortU=    32.600  ortV=    32.600    drift=0.00e+00  t_eval=3.58e-03  t_dbdsqr=1.33e-04
  ev4_ec4_n16_s2_gs                                n=    32  res=     0.100  ortU=    32.600  ortV=    32.500    drift=0.00e+00  t_eval=3.82e-04  t_dbdsqr=2.52e-05
  ev4_ec4_n96_s0_gs                                n=   192  res=     0.000  ortU=    32.600  ortV=    32.600    drift=0.00e+00  t_eval=1.95e-02  t_dbdsqr=5.23e-04
  ev5_ec1_n78_s2_gm                                n=   234  res=     0.000  ortU=    32.600  ortV=    32.600    drift=0.00e+00  t_eval=2.47e-02  t_dbdsqr=7.96e-04
  ev4_ec1_n39_s1_gs                                n=    78  res=     0.000  ortU=    32.500  ortV=    32.500    drift=0.00e+00  t_eval=2.70e-03  t_dbdsqr=9.22e-05
  ev4_ec4_n19_s1_gs                                n=    38  res=     0.100  ortU=    32.500  ortV=    32.500    drift=0.00e+00  t_eval=5.26e-04  t_dbdsqr=2.99e-05
  ev5_ec1_n78_s3_gm                                n=   234  res=     0.000  ortU=    32.500  ortV=    32.500    drift=0.00e+00  t_eval=2.58e-02  t_dbdsqr=8.43e-04
  ev6_ec1_n20_s0_gs                                n=    40  res=     0.100  ortU=    32.500  ortV=    32.500    drift=0.00e+00  t_eval=5.65e-04  t_dbdsqr=3.54e-05
  ev6_ec1_n53_s3_gm                                n=   159  res=     0.000  ortU=    32.500  ortV=    32.500    drift=0.00e+00  t_eval=8.99e-03  t_dbdsqr=7.80e-04
  tri4_n88_gs                                      n=   176  res=     0.000  ortU=    32.500  ortV=    32.500    drift=0.00e+00  t_eval=1.60e-02  t_dbdsqr=3.47e-04
  ev5_ec1_n85_s1                                   n=    85  res=     0.100  ortU=    32.400  ortV=    32.300    drift=0.00e+00  t_eval=8.06e-04  t_dbdsqr=1.67e-04
  ev6_ec1_n27_s0_gs                                n=    54  res=     0.000  ortU=    32.400  ortV=    32.300    drift=0.00e+00  t_eval=1.23e-03  t_dbdsqr=5.85e-05
  ev6_ec1_n36_s1_gs                                n=    72  res=     0.000  ortU=    32.400  ortV=    32.400    drift=0.00e+00  t_eval=2.64e-03  t_dbdsqr=8.38e-05
  ev6_ec1_n64_s0_gs                                n=   128  res=     0.100  ortU=    32.400  ortV=    32.400    drift=0.00e+00  t_eval=7.65e-03  t_dbdsqr=3.32e-04
  tri4_n36_gs                                      n=    72  res=     0.000  ortU=    32.400  ortV=    32.400    drift=0.00e+00  t_eval=2.16e-03  t_dbdsqr=7.69e-05
  tri6_n37_gs                                      n=    74  res=     0.000  ortU=    32.400  ortV=    32.400    drift=0.00e+00  t_eval=2.73e-03  t_dbdsqr=1.38e-04
  tri7_n26_gs                                      n=    52  res=     0.000  ortU=    32.400  ortV=    32.300    drift=0.00e+00  t_eval=1.07e-03  t_dbdsqr=4.35e-05
  ev5_ec1_n22_s3                                   n=    22  res=     0.100  ortU=    32.300  ortV=    32.200    drift=0.00e+00  t_eval=6.24e-05  t_dbdsqr=1.62e-05
  ev4_ec1_n78_s1_gs                                n=   156  res=     0.100  ortU=    32.200  ortV=    32.200    drift=0.00e+00  t_eval=1.38e-02  t_dbdsqr=7.24e-04
  ev4_ec1_n95_s1_gs                                n=   190  res=     0.000  ortU=    32.200  ortV=    32.200    drift=0.00e+00  t_eval=2.05e-02  t_dbdsqr=5.83e-04
  ev4_ec4_n45_s2_gm                                n=   135  res=     0.000  ortU=    32.200  ortV=    32.200    drift=0.00e+00  t_eval=4.89e-03  t_dbdsqr=5.69e-04
  ev4_ec4_n58_s2_gm                                n=   174  res=     0.000  ortU=    32.200  ortV=    32.200    drift=0.00e+00  t_eval=8.89e-03  t_dbdsqr=8.83e-04
  ev4_ec4_n74_s2_gs                                n=   148  res=     0.000  ortU=    32.200  ortV=    32.200    drift=0.00e+00  t_eval=1.15e-02  t_dbdsqr=3.27e-04
  ev6_ec1_n84_s0_gs                                n=   168  res=     0.100  ortU=    32.100  ortV=    32.100    drift=0.00e+00  t_eval=1.62e-02  t_dbdsqr=5.32e-04
  ev9_ec1_n28_s2_gs                                n=    56  res=     0.200  ortU=    32.100  ortV=    32.100    drift=0.00e+00  t_eval=1.14e-03  t_dbdsqr=1.10e-04
  tri4_n49_gs                                      n=    98  res=     0.000  ortU=    32.100  ortV=    32.000    drift=0.00e+00  t_eval=4.26e-03  t_dbdsqr=1.21e-04
  ev4_ec1_n66_s1_gs                                n=   132  res=     0.000  ortU=    32.000  ortV=    32.000    drift=0.00e+00  t_eval=9.30e-03  t_dbdsqr=2.62e-04
  ev6_ec1_n22_s3_gs                                n=    44  res=     0.100  ortU=    32.000  ortV=    32.000    drift=0.00e+00  t_eval=9.43e-04  t_dbdsqr=3.90e-05
  ev6_ec1_n55_s3_gs                                n=   110  res=     0.000  ortU=    32.000  ortV=    32.000    drift=0.00e+00  t_eval=7.29e-03  t_dbdsqr=1.94e-04
  ev9_ec1_n16_s1_gs                                n=    32  res=     0.400  ortU=    32.000  ortV=    31.900    drift=0.00e+00  t_eval=3.91e-04  t_dbdsqr=3.73e-05
  ev4_ec4_n29_s3_gs                                n=    58  res=     0.100  ortU=    31.900  ortV=    31.900    drift=0.00e+00  t_eval=1.40e-03  t_dbdsqr=5.88e-05
  ev9_ec1_n30_s3_gs                                n=    60  res=     0.100  ortU=    31.900  ortV=    31.900    drift=0.00e+00  t_eval=1.33e-03  t_dbdsqr=1.24e-04
  ev6_ec1_n58_s1_gm                                n=   174  res=     0.100  ortU=    31.800  ortV=    31.800    drift=0.00e+00  t_eval=1.13e-02  t_dbdsqr=8.97e-04
  ev4_ec1_n90_s1_gs                                n=   180  res=     0.000  ortU=    31.700  ortV=    31.700    drift=0.00e+00  t_eval=1.80e-02  t_dbdsqr=9.33e-04
  ev4_ec4_n13_s0_gs                                n=    26  res=     0.100  ortU=    31.600  ortV=    31.700    drift=0.00e+00  t_eval=2.39e-04  t_dbdsqr=1.79e-05
  ev6_ec1_n40_s2_gm                                n=   120  res=     0.000  ortU=    31.700  ortV=    31.700    drift=0.00e+00  t_eval=5.53e-03  t_dbdsqr=4.45e-04
  ev4_ec4_n20_s3_gs                                n=    40  res=     0.100  ortU=    31.500  ortV=    31.600    drift=0.00e+00  t_eval=5.86e-04  t_dbdsqr=3.31e-05
  ev4_ec4_n31_s0_gs                                n=    62  res=     0.000  ortU=    31.600  ortV=    31.600    drift=0.00e+00  t_eval=1.55e-03  t_dbdsqr=6.04e-05
  ev6_ec1_n12_s3                                   n=    12  res=     0.400  ortU=    31.600  ortV=    31.500    drift=0.00e+00  t_eval=2.05e-05  t_dbdsqr=1.01e-05
  ev6_ec1_n66_s0                                   n=    66  res=     0.200  ortU=    31.600  ortV=    31.500    drift=0.00e+00  t_eval=5.14e-04  t_dbdsqr=1.76e-04
  ev3_ec1_n12_s3_gs                                n=    24  res=     0.200  ortU=    31.500  ortV=    31.300    drift=0.00e+00  t_eval=3.33e-04  t_dbdsqr=1.12e-05
  ev3_ec4_n12_s0_gs                                n=    24  res=     0.100  ortU=    31.500  ortV=    31.300    drift=0.00e+00  t_eval=2.86e-04  t_dbdsqr=8.79e-06
  ev4_ec1_n25_s3_gs                                n=    50  res=     0.100  ortU=    31.400  ortV=    31.400    drift=0.00e+00  t_eval=1.03e-03  t_dbdsqr=5.18e-05
  ev4_ec4_n79_s1_gs                                n=   158  res=     0.000  ortU=    31.400  ortV=    31.400    drift=0.00e+00  t_eval=1.31e-02  t_dbdsqr=3.59e-04
  ev4_ec4_n87_s1_gs                                n=   174  res=     0.000  ortU=    31.400  ortV=    31.400    drift=0.00e+00  t_eval=1.67e-02  t_dbdsqr=4.87e-04
  ev6_ec1_n67_s0_gs                                n=   134  res=     0.000  ortU=    31.300  ortV=    31.400    drift=0.00e+00  t_eval=8.00e-03  t_dbdsqr=3.70e-04
  ev8_ec1_n97_s3_gm                                n=   291  res=     0.000  ortU=    31.400  ortV=    31.400    drift=0.00e+00  t_eval=3.12e-02  t_dbdsqr=2.97e-03
  ev4_ec4_n81_s0_gm                                n=   243  res=     0.000  ortU=    31.300  ortV=    31.300    drift=0.00e+00  t_eval=2.01e-02  t_dbdsqr=1.61e-03
  ev5_ec1_n89_s3_gm                                n=   267  res=     0.000  ortU=    31.300  ortV=    31.300    drift=0.00e+00  t_eval=3.36e-02  t_dbdsqr=1.18e-03
  ev6_ec1_n34_s3_gm                                n=   102  res=     0.000  ortU=    31.300  ortV=    31.300    drift=0.00e+00  t_eval=3.63e-03  t_dbdsqr=3.44e-04
  ev6_ec1_n91_s3_gs                                n=   182  res=     0.000  ortU=    31.300  ortV=    31.300    drift=0.00e+00  t_eval=2.10e-02  t_dbdsqr=4.80e-04
  tri4_n16_gs                                      n=    32  res=     0.100  ortU=    31.200  ortV=    31.300    drift=0.00e+00  t_eval=3.39e-04  t_dbdsqr=2.19e-05
  ev2_ec1_n74_s0                                   n=    74  res=     0.100  ortU=    31.200  ortV=    31.200    drift=0.00e+00  t_eval=4.84e-04  t_dbdsqr=7.79e-06
  ev6_ec1_n60_s2_gs                                n=   120  res=     0.000  ortU=    31.200  ortV=    31.200    drift=0.00e+00  t_eval=8.24e-03  t_dbdsqr=2.40e-04
  ev3_ec4_n15_s3                                   n=    15  res=     0.100  ortU=    31.000  ortV=    31.100    drift=0.00e+00  t_eval=3.80e-05  t_dbdsqr=6.46e-06
  ev3_ec4_n28_s3_gm                                n=    84  res=     0.100  ortU=    31.100  ortV=    31.000    drift=0.00e+00  t_eval=3.35e-03  t_dbdsqr=8.58e-05
  ev4_ec4_n86_s3_gs                                n=   172  res=     0.000  ortU=    31.100  ortV=    31.100    drift=0.00e+00  t_eval=1.55e-02  t_dbdsqr=4.28e-04
  ev5_ec1_n75_s0_gm                                n=   225  res=     0.000  ortU=    31.100  ortV=    31.100    drift=0.00e+00  t_eval=2.30e-02  t_dbdsqr=7.73e-04
  ev9_ec1_n20_s2_gs                                n=    40  res=     0.100  ortU=    31.100  ortV=    31.100    drift=0.00e+00  t_eval=5.19e-04  t_dbdsqr=5.40e-05
  ev9_ec1_n75_s2_gm                                n=   225  res=     0.000  ortU=    31.100  ortV=    31.100    drift=0.00e+00  t_eval=2.06e-02  t_dbdsqr=9.08e-04
  tri4_n92_gs                                      n=   184  res=     0.000  ortU=    31.100  ortV=    31.100    drift=0.00e+00  t_eval=1.75e-02  t_dbdsqr=3.79e-04
  tri5_n90_gs                                      n=   180  res=     0.000  ortU=    31.100  ortV=    31.100    drift=0.00e+00  t_eval=1.05e-02  t_dbdsqr=3.40e-04
  tri6_n7_gs                                       n=    14  res=     0.100  ortU=    31.100  ortV=    31.100    drift=0.00e+00  t_eval=7.08e-05  t_dbdsqr=6.53e-06
  tri7_n42_gs                                      n=    84  res=     0.000  ortU=    31.000  ortV=    31.100    drift=0.00e+00  t_eval=3.32e-03  t_dbdsqr=9.12e-05
  ev4_ec1_n60_s2_gs                                n=   120  res=     0.000  ortU=    30.900  ortV=    31.000    drift=0.00e+00  t_eval=6.99e-03  t_dbdsqr=2.28e-04
  ev4_ec4_n25_s2_gs                                n=    50  res=     0.100  ortU=    31.000  ortV=    31.000    drift=0.00e+00  t_eval=9.69e-04  t_dbdsqr=4.71e-05
  ev4_ec4_n70_s3_gs                                n=   140  res=     0.000  ortU=    31.000  ortV=    31.000    drift=0.00e+00  t_eval=1.01e-02  t_dbdsqr=2.86e-04
  ev3_ec4_n15_s1_gs                                n=    30  res=     0.200  ortU=    30.700  ortV=    30.900    drift=0.00e+00  t_eval=4.37e-04  t_dbdsqr=1.28e-05
  ev6_ec1_n44_s1_gs                                n=    88  res=     0.000  ortU=    30.900  ortV=    30.900    drift=0.00e+00  t_eval=4.16e-03  t_dbdsqr=1.25e-04
  ev6_ec1_n55_s2_gs                                n=   110  res=     0.000  ortU=    30.900  ortV=    30.800    drift=0.00e+00  t_eval=6.78e-03  t_dbdsqr=1.99e-04
  ev6_ec1_n68_s1_gm                                n=   204  res=     0.000  ortU=    30.900  ortV=    30.900    drift=0.00e+00  t_eval=1.71e-02  t_dbdsqr=1.22e-03
  ev9_ec1_n15_s1_gs                                n=    30  res=     0.400  ortU=    30.800  ortV=    30.900    drift=0.00e+00  t_eval=2.89e-04  t_dbdsqr=3.30e-05
  ev4_ec1_n41_s0_gs                                n=    82  res=     0.000  ortU=    30.800  ortV=    30.800    drift=0.00e+00  t_eval=3.01e-03  t_dbdsqr=1.12e-04
  ev4_ec1_n48_s3_gs                                n=    96  res=     0.000  ortU=    30.800  ortV=    30.800    drift=0.00e+00  t_eval=4.24e-03  t_dbdsqr=1.46e-04
  ev4_ec1_n51_s2_gm                                n=   153  res=     0.000  ortU=    30.700  ortV=    30.800    drift=0.00e+00  t_eval=6.60e-03  t_dbdsqr=7.05e-04
  ev4_ec1_n95_s0_gs                                n=   190  res=     0.000  ortU=    30.800  ortV=    30.700    drift=0.00e+00  t_eval=1.97e-02  t_dbdsqr=5.17e-04
  ev5_ec4_n50_s0_gm                                n=   150  res=     0.000  ortU=    30.800  ortV=    30.800    drift=0.00e+00  t_eval=1.04e-02  t_dbdsqr=1.70e-04
  ev9_ec1_n30_s0_gs                                n=    60  res=     0.200  ortU=    30.700  ortV=    30.800    drift=0.00e+00  t_eval=1.29e-03  t_dbdsqr=1.19e-04
  ev9_ec1_n50_s3_gm                                n=   150  res=     0.000  ortU=    30.800  ortV=    30.800    drift=0.00e+00  t_eval=8.78e-03  t_dbdsqr=8.81e-04
  ev4_ec4_n48_s0_gs                                n=    96  res=     0.000  ortU=    30.700  ortV=    30.700    drift=0.00e+00  t_eval=4.19e-03  t_dbdsqr=1.58e-04
  ev6_ec1_n28_s3                                   n=    28  res=     0.200  ortU=    30.700  ortV=    30.700    drift=0.00e+00  t_eval=6.84e-05  t_dbdsqr=3.10e-05
  ev6_ec1_n97_s1_gs                                n=   194  res=     0.100  ortU=    30.700  ortV=    30.700    drift=0.00e+00  t_eval=2.35e-02  t_dbdsqr=6.62e-04
  ev8_ec1_n12_s3_gm                                n=    36  res=     0.100  ortU=    30.700  ortV=    30.600    drift=0.00e+00  t_eval=3.63e-04  t_dbdsqr=5.42e-05
  ev9_ec1_n79_s1_gm                                n=   237  res=     0.000  ortU=    30.700  ortV=    30.700    drift=0.00e+00  t_eval=2.28e-02  t_dbdsqr=7.07e-04
  tri4_n94_gs                                      n=   188  res=     0.000  ortU=    30.700  ortV=    30.700    drift=0.00e+00  t_eval=1.85e-02  t_dbdsqr=3.92e-04
  ev3_ec4_n49_s3_gm                                n=   147  res=     0.000  ortU=    30.600  ortV=    30.600    drift=0.00e+00  t_eval=1.03e-02  t_dbdsqr=1.63e-04
  ev4_ec4_n50_s3_gs                                n=   100  res=     0.000  ortU=    30.600  ortV=    30.600    drift=0.00e+00  t_eval=4.83e-03  t_dbdsqr=1.47e-04
  ev4_ec4_n99_s1_gs                                n=   198  res=     0.000  ortU=    30.600  ortV=    30.600    drift=0.00e+00  t_eval=2.20e-02  t_dbdsqr=5.52e-04
  ev5_ec4_n15_s1_gm                                n=    45  res=     0.100  ortU=    30.400  ortV=    30.600    drift=0.00e+00  t_eval=9.68e-04  t_dbdsqr=8.33e-05
  ev3_ec1_n15_s3                                   n=    15  res=     0.100  ortU=    30.400  ortV=    30.500    drift=0.00e+00  t_eval=3.99e-05  t_dbdsqr=9.95e-06
  ev3_ec4_n46_s2_gm                                n=   138  res=     0.000  ortU=    30.500  ortV=    30.500    drift=0.00e+00  t_eval=8.95e-03  t_dbdsqr=1.22e-04
  ev6_ec1_n24_s1_gs                                n=    48  res=     0.100  ortU=    30.400  ortV=    30.500    drift=0.00e+00  t_eval=9.92e-04  t_dbdsqr=4.77e-05
  ev6_ec1_n76_s2                                   n=    76  res=     0.200  ortU=    30.500  ortV=    30.500    drift=0.00e+00  t_eval=7.29e-04  t_dbdsqr=2.33e-04
  ev6_ec1_n82_s3_gs                                n=   164  res=     0.000  ortU=    30.500  ortV=    30.500    drift=0.00e+00  t_eval=1.67e-02  t_dbdsqr=3.89e-04
  tri7_n54_gs                                      n=   108  res=     0.000  ortU=    30.500  ortV=    30.500    drift=0.00e+00  t_eval=5.66e-03  t_dbdsqr=1.40e-04
  ev6_ec1_n36_s2_gs                                n=    72  res=     0.100  ortU=    30.400  ortV=    30.400    drift=0.00e+00  t_eval=3.15e-03  t_dbdsqr=8.68e-05
  tri4_n48_gm                                      n=   144  res=     0.000  ortU=    30.400  ortV=    30.400    drift=0.00e+00  t_eval=5.42e-03  t_dbdsqr=5.92e-04
  tri7_n71_gm                                      n=   213  res=     0.000  ortU=    30.400  ortV=    30.400    drift=0.00e+00  t_eval=1.43e-02  t_dbdsqr=1.13e-03
  ev4_ec1_n39_s2_gm                                n=   117  res=     0.000  ortU=    30.300  ortV=    30.300    drift=0.00e+00  t_eval=3.69e-03  t_dbdsqr=4.30e-04
  ev4_ec1_n55_s1_gs                                n=   110  res=     0.000  ortU=    30.300  ortV=    30.300    drift=0.00e+00  t_eval=5.85e-03  t_dbdsqr=1.88e-04
  ev4_ec4_n99_s3_gs                                n=   198  res=     0.000  ortU=    30.300  ortV=    30.300    drift=0.00e+00  t_eval=2.26e-02  t_dbdsqr=1.11e-03
  ev6_ec1_n22_s1_gs                                n=    44  res=     0.100  ortU=    30.300  ortV=    30.200    drift=0.00e+00  t_eval=9.21e-04  t_dbdsqr=3.80e-05
  ev7_ec1_n53_s0_gm                                n=   159  res=     0.000  ortU=    30.300  ortV=    30.300    drift=0.00e+00  t_eval=1.14e-02  t_dbdsqr=3.82e-04
  tri4_n55_gs                                      n=   110  res=     0.000  ortU=    30.300  ortV=    30.300    drift=0.00e+00  t_eval=5.58e-03  t_dbdsqr=1.50e-04
  ev6_ec1_n47_s2                                   n=    47  res=     0.200  ortU=    30.100  ortV=    30.200    drift=0.00e+00  t_eval=3.23e-04  t_dbdsqr=1.06e-04
  ev9_ec1_n11_s3_gs                                n=    22  res=     0.500  ortU=    30.200  ortV=    30.100    drift=0.00e+00  t_eval=1.43e-04  t_dbdsqr=2.15e-05
  ev3_ec4_n10_s1                                   n=    10  res=     0.100  ortU=    30.100  ortV=    30.100    drift=0.00e+00  t_eval=2.28e-05  t_dbdsqr=4.81e-06
  ev4_ec4_n39_s2_gm                                n=   117  res=     0.100  ortU=    30.100  ortV=    30.100    drift=0.00e+00  t_eval=3.56e-03  t_dbdsqr=4.37e-04
  ev4_ec4_n41_s3_gm                                n=   123  res=     0.100  ortU=    30.100  ortV=    30.100    drift=0.00e+00  t_eval=3.88e-03  t_dbdsqr=4.88e-04
  ev6_ec1_n53_s1_gs                                n=   106  res=     0.000  ortU=    30.100  ortV=    30.100    drift=0.00e+00  t_eval=6.68e-03  t_dbdsqr=1.81e-04
  ev6_ec1_n68_s0_gs                                n=   136  res=     0.100  ortU=    30.100  ortV=    30.100    drift=0.00e+00  t_eval=9.21e-03  t_dbdsqr=2.96e-04
  ev6_ec1_n98_s2_gs                                n=   196  res=     0.100  ortU=    30.100  ortV=    30.100    drift=0.00e+00  t_eval=2.16e-02  t_dbdsqr=5.79e-04
  ev4_ec1_n45_s1_gs                                n=    90  res=     0.000  ortU=    30.000  ortV=    30.000    drift=0.00e+00  t_eval=3.71e-03  t_dbdsqr=1.26e-04
  ev4_ec4_n29_s0_gs                                n=    58  res=     0.000  ortU=    29.900  ortV=    30.000    drift=0.00e+00  t_eval=1.45e-03  t_dbdsqr=5.63e-05
  ev6_ec1_n77_s2_gs                                n=   154  res=     0.000  ortU=    30.000  ortV=    30.000    drift=0.00e+00  t_eval=1.41e-02  t_dbdsqr=3.46e-04
  tri6_n64_gs                                      n=   128  res=     0.100  ortU=    30.000  ortV=    30.000    drift=0.00e+00  t_eval=9.05e-03  t_dbdsqr=4.02e-04
  ev3_ec4_n100_s1_gm                               n=   300  res=     0.000  ortU=    29.900  ortV=    29.900    drift=0.00e+00  t_eval=4.27e-02  t_dbdsqr=4.88e-04
  ev4_ec1_n37_s0_gm                                n=   111  res=     0.000  ortU=    29.900  ortV=    29.900    drift=0.00e+00  t_eval=3.13e-03  t_dbdsqr=3.92e-04
  ev4_ec1_n57_s0_gm                                n=   171  res=     0.000  ortU=    29.900  ortV=    29.900    drift=0.00e+00  t_eval=8.58e-03  t_dbdsqr=8.62e-04
  ev4_ec1_n62_s1_gs                                n=   124  res=     0.000  ortU=    29.900  ortV=    29.900    drift=0.00e+00  t_eval=7.83e-03  t_dbdsqr=2.38e-04
  ev4_ec4_n47_s2_gs                                n=    94  res=     0.200  ortU=    29.900  ortV=    29.900    drift=0.00e+00  t_eval=4.21e-03  t_dbdsqr=1.53e-04
  ev4_ec4_n83_s1_gs                                n=   166  res=     0.000  ortU=    29.900  ortV=    29.900    drift=0.00e+00  t_eval=1.49e-02  t_dbdsqr=4.51e-04
  ev4_ec4_n91_s1_gs                                n=   182  res=     0.000  ortU=    29.900  ortV=    29.900    drift=0.00e+00  t_eval=1.77e-02  t_dbdsqr=4.60e-04
  ev5_ec1_n9_s0_gm                                 n=    27  res=     0.100  ortU=    29.900  ortV=    29.700    drift=0.00e+00  t_eval=2.26e-04  t_dbdsqr=2.81e-05
  tri4_n42_gs                                      n=    84  res=     0.000  ortU=    29.900  ortV=    29.900    drift=0.00e+00  t_eval=3.07e-03  t_dbdsqr=9.69e-05
  ev4_ec1_n64_s1_gs                                n=   128  res=     0.000  ortU=    29.800  ortV=    29.800    drift=0.00e+00  t_eval=8.19e-03  t_dbdsqr=2.45e-04
  ev4_ec1_n87_s0_gs                                n=   174  res=     0.000  ortU=    29.800  ortV=    29.800    drift=0.00e+00  t_eval=1.69e-02  t_dbdsqr=4.30e-04
  ev4_ec4_n63_s0_gm                                n=   189  res=     0.000  ortU=    29.800  ortV=    29.800    drift=0.00e+00  t_eval=1.09e-02  t_dbdsqr=1.04e-03
  ev6_ec1_n99_s0_gs                                n=   198  res=     0.100  ortU=    29.800  ortV=    29.800    drift=0.00e+00  t_eval=2.26e-02  t_dbdsqr=1.20e-03
  tri2_n47                                         n=    47  res=     0.400  ortU=    29.800  ortV=    29.800    drift=0.00e+00  t_eval=1.54e-04  t_dbdsqr=5.35e-05
  tri2_n87_gs                                      n=   174  res=     0.100  ortU=    29.800  ortV=    29.800    drift=0.00e+00  t_eval=1.01e-02  t_dbdsqr=6.71e-04
  tri7_n83_gs                                      n=   166  res=     0.000  ortU=    29.800  ortV=    29.800    drift=0.00e+00  t_eval=1.40e-02  t_dbdsqr=2.72e-04
  tri7_n70_gm                                      n=   210  res=     0.000  ortU=    29.700  ortV=    29.700    drift=0.00e+00  t_eval=1.38e-02  t_dbdsqr=1.10e-03
  ev4_ec1_n33_s2_gm                                n=    99  res=     0.000  ortU=    29.600  ortV=    29.500    drift=0.00e+00  t_eval=2.58e-03  t_dbdsqr=3.31e-04
  ev4_ec1_n66_s0_gs                                n=   132  res=     0.000  ortU=    29.600  ortV=    29.600    drift=0.00e+00  t_eval=8.76e-03  t_dbdsqr=2.72e-04
  ev4_ec1_n96_s0_gs                                n=   192  res=     0.000  ortU=    29.600  ortV=    29.600    drift=0.00e+00  t_eval=1.97e-02  t_dbdsqr=5.21e-04
  ev4_ec4_n18_s1_gs                                n=    36  res=     0.100  ortU=    29.600  ortV=    29.600    drift=0.00e+00  t_eval=4.68e-04  t_dbdsqr=2.91e-05
  ev4_ec4_n76_s1_gs                                n=   152  res=     0.000  ortU=    29.600  ortV=    29.600    drift=0.00e+00  t_eval=1.18e-02  t_dbdsqr=3.41e-04
  ev5_ec1_n70_s2_gs                                n=   140  res=     0.100  ortU=    29.600  ortV=    29.600    drift=0.00e+00  t_eval=1.02e-02  t_dbdsqr=3.01e-04
  ev5_ec4_n8_s2                                    n=     8  res=     0.200  ortU=    29.600  ortV=    29.400    drift=0.00e+00  t_eval=1.47e-05  t_dbdsqr=4.28e-06
  ev7_ec1_n99_s3_gm                                n=   297  res=     0.000  ortU=    29.600  ortV=    29.600    drift=0.00e+00  t_eval=4.21e-02  t_dbdsqr=9.30e-04
  tri7_n52_gs                                      n=   104  res=     0.000  ortU=    29.600  ortV=    29.600    drift=0.00e+00  t_eval=5.25e-03  t_dbdsqr=1.33e-04
  ev4_ec1_n30_s0_gs                                n=    60  res=     0.000  ortU=    29.500  ortV=    29.500    drift=0.00e+00  t_eval=1.52e-03  t_dbdsqr=6.78e-05
  ev4_ec1_n79_s2_gs                                n=   158  res=     0.000  ortU=    29.500  ortV=    29.500    drift=0.00e+00  t_eval=1.32e-02  t_dbdsqr=3.61e-04
  ev6_ec1_n57_s1_gm                                n=   171  res=     0.000  ortU=    29.500  ortV=    29.500    drift=0.00e+00  t_eval=1.08e-02  t_dbdsqr=8.48e-04
  ev8_ec1_n81_s1_gm                                n=   243  res=     0.000  ortU=    29.500  ortV=    29.500    drift=0.00e+00  t_eval=2.10e-02  t_dbdsqr=2.13e-03
  ev4_ec4_n19_s3_gs                                n=    38  res=     0.100  ortU=    29.400  ortV=    29.400    drift=0.00e+00  t_eval=5.49e-04  t_dbdsqr=3.12e-05
  ev6_ec1_n64_s0_gm                                n=   192  res=     0.000  ortU=    29.400  ortV=    29.400    drift=0.00e+00  t_eval=1.01e-02  t_dbdsqr=1.09e-03
  ev8_ec1_n16_s1_gs                                n=    32  res=     0.200  ortU=    29.300  ortV=    29.400    drift=0.00e+00  t_eval=5.03e-04  t_dbdsqr=2.66e-05
  ev8_ec1_n21_s2_gm                                n=    63  res=     0.100  ortU=    29.400  ortV=    29.300    drift=0.00e+00  t_eval=1.06e-03  t_dbdsqr=1.59e-04
  ev8_ec1_n71_s2_gm                                n=   213  res=     0.100  ortU=    29.300  ortV=    29.400    drift=0.00e+00  t_eval=1.67e-02  t_dbdsqr=1.64e-03
  ev4_ec4_n58_s1_gs                                n=   116  res=     0.000  ortU=    29.300  ortV=    29.300    drift=0.00e+00  t_eval=6.52e-03  t_dbdsqr=2.25e-04
  ev4_ec4_n89_s1_gm                                n=   267  res=     0.000  ortU=    29.300  ortV=    29.300    drift=0.00e+00  t_eval=2.42e-02  t_dbdsqr=1.98e-03
  ev6_ec1_n50_s0                                   n=    50  res=     0.300  ortU=    29.300  ortV=    29.200    drift=0.00e+00  t_eval=2.64e-04  t_dbdsqr=1.08e-04
  ev6_ec1_n72_s0_gs                                n=   144  res=     0.000  ortU=    29.300  ortV=    29.300    drift=0.00e+00  t_eval=9.83e-03  t_dbdsqr=3.29e-04
  ev6_ec1_n74_s0_gs                                n=   148  res=     0.400  ortU=    29.300  ortV=    29.300    drift=0.00e+00  t_eval=1.04e-02  t_dbdsqr=3.35e-04
  ev3_ec1_n23_s3                                   n=    23  res=     0.100  ortU=    29.200  ortV=    29.200    drift=0.00e+00  t_eval=7.91e-05  t_dbdsqr=3.10e-05
  ev4_ec4_n61_s1_gs                                n=   122  res=     0.000  ortU=    29.200  ortV=    29.200    drift=0.00e+00  t_eval=7.60e-03  t_dbdsqr=2.26e-04
  ev8_ec1_n38_s3_gm                                n=   114  res=     0.000  ortU=    29.200  ortV=    29.200    drift=0.00e+00  t_eval=4.06e-03  t_dbdsqr=5.19e-04
  tri6_n74_gs                                      n=   148  res=     0.000  ortU=    29.200  ortV=    29.200    drift=0.00e+00  t_eval=1.23e-02  t_dbdsqr=5.31e-04
  tri7_n69_gs                                      n=   138  res=     0.000  ortU=    29.200  ortV=    29.200    drift=0.00e+00  t_eval=9.33e-03  t_dbdsqr=1.97e-04
  ev4_ec1_n29_s1_gs                                n=    58  res=     0.000  ortU=    29.100  ortV=    29.100    drift=0.00e+00  t_eval=1.37e-03  t_dbdsqr=5.95e-05
  ev4_ec4_n44_s3_gs                                n=    88  res=     0.000  ortU=    29.100  ortV=    29.100    drift=0.00e+00  t_eval=3.51e-03  t_dbdsqr=1.22e-04
  ev4_ec1_n91_s1_gs                                n=   182  res=     0.000  ortU=    29.000  ortV=    28.900    drift=0.00e+00  t_eval=1.89e-02  t_dbdsqr=4.62e-04
  ev4_ec4_n25_s0_gs                                n=    50  res=     0.100  ortU=    29.000  ortV=    29.000    drift=0.00e+00  t_eval=9.50e-04  t_dbdsqr=4.55e-05
  ev6_ec1_n22_s2                                   n=    22  res=     0.200  ortU=    28.900  ortV=    29.000    drift=0.00e+00  t_eval=6.23e-05  t_dbdsqr=2.55e-05
  ev6_ec1_n54_s1                                   n=    54  res=     0.100  ortU=    29.000  ortV=    29.000    drift=0.00e+00  t_eval=2.94e-04  t_dbdsqr=9.27e-05
  tri6_n81_gm                                      n=   243  res=     0.000  ortU=    29.000  ortV=    29.000    drift=0.00e+00  t_eval=1.75e-02  t_dbdsqr=1.58e-03
  ev4_ec1_n80_s0_gs                                n=   160  res=     0.000  ortU=    28.900  ortV=    28.900    drift=0.00e+00  t_eval=1.35e-02  t_dbdsqr=3.72e-04
  ev5_ec1_n16_s2_gm                                n=    48  res=     0.100  ortU=    28.800  ortV=    28.900    drift=0.00e+00  t_eval=9.93e-04  t_dbdsqr=8.11e-05
  ev6_ec1_n36_s3_gm                                n=   108  res=     0.000  ortU=    28.900  ortV=    28.900    drift=0.00e+00  t_eval=3.90e-03  t_dbdsqr=3.78e-04
  ev6_ec1_n76_s2_gs                                n=   152  res=     0.000  ortU=    28.800  ortV=    28.700    drift=0.00e+00  t_eval=1.38e-02  t_dbdsqr=4.64e-04
  ev8_ec1_n81_s0_gm                                n=   243  res=     0.100  ortU=    28.800  ortV=    28.700    drift=0.00e+00  t_eval=2.29e-02  t_dbdsqr=2.18e-03
  ev8_ec1_n8_s0_gm                                 n=    24  res=     0.200  ortU=    28.700  ortV=    28.700    drift=0.00e+00  t_eval=1.70e-04  t_dbdsqr=2.66e-05
  ev4_ec4_n15_s1_gs                                n=    30  res=     0.100  ortU=    28.600  ortV=    28.600    drift=0.00e+00  t_eval=3.01e-04  t_dbdsqr=2.11e-05
  ev6_ec1_n52_s3_gm                                n=   156  res=     0.100  ortU=    28.600  ortV=    28.600    drift=0.00e+00  t_eval=8.61e-03  t_dbdsqr=7.48e-04
  ev4_ec1_n69_s1_gs                                n=   138  res=     0.000  ortU=    28.400  ortV=    28.500    drift=0.00e+00  t_eval=1.01e-02  t_dbdsqr=2.78e-04
  ev5_ec4_n26_s3_gm                                n=    78  res=     0.100  ortU=    28.500  ortV=    28.400    drift=0.00e+00  t_eval=2.90e-03  t_dbdsqr=6.35e-05
  ev6_ec1_n23_s2_gs                                n=    46  res=     0.100  ortU=    28.500  ortV=    28.500    drift=0.00e+00  t_eval=1.12e-03  t_dbdsqr=5.38e-05
  tri7_n50_gs                                      n=   100  res=     0.000  ortU=    28.500  ortV=    28.500    drift=0.00e+00  t_eval=4.82e-03  t_dbdsqr=1.23e-04
  ev3_ec1_n17_s2                                   n=    17  res=     0.200  ortU=    28.400  ortV=    28.400    drift=0.00e+00  t_eval=3.93e-05  t_dbdsqr=1.04e-05
  ev3_ec4_n7_s3_gs                                 n=    14  res=     0.300  ortU=    28.100  ortV=    28.400    drift=0.00e+00  t_eval=1.10e-04  t_dbdsqr=1.92e-05
  ev4_ec4_n49_s0_gm                                n=   147  res=     0.000  ortU=    28.400  ortV=    28.400    drift=0.00e+00  t_eval=5.99e-03  t_dbdsqr=6.62e-04
  ev4_ec4_n64_s2_gs                                n=   128  res=     0.000  ortU=    28.400  ortV=    28.400    drift=0.00e+00  t_eval=1.03e-02  t_dbdsqr=3.01e-04
  ev4_ec4_n74_s3_gs                                n=   148  res=     0.000  ortU=    28.400  ortV=    28.400    drift=0.00e+00  t_eval=1.24e-02  t_dbdsqr=3.14e-04
  ev5_ec1_n77_s0_gm                                n=   231  res=     0.000  ortU=    28.400  ortV=    28.400    drift=0.00e+00  t_eval=2.44e-02  t_dbdsqr=8.90e-04
  tri6_n41_gs                                      n=    82  res=     0.100  ortU=    28.400  ortV=    28.400    drift=0.00e+00  t_eval=3.49e-03  t_dbdsqr=1.73e-04
  ev4_ec4_n66_s0_gs                                n=   132  res=     0.000  ortU=    28.300  ortV=    28.300    drift=0.00e+00  t_eval=8.86e-03  t_dbdsqr=2.71e-04
  ev4_ec4_n71_s0_gm                                n=   213  res=     0.000  ortU=    28.200  ortV=    28.300    drift=0.00e+00  t_eval=1.45e-02  t_dbdsqr=1.29e-03
  ev6_ec1_n79_s0_gs                                n=   158  res=     0.000  ortU=    28.300  ortV=    28.300    drift=0.00e+00  t_eval=1.27e-02  t_dbdsqr=3.84e-04
  ev8_ec1_n48_s0_gm                                n=   144  res=     0.000  ortU=    28.300  ortV=    28.300    drift=0.00e+00  t_eval=6.84e-03  t_dbdsqr=7.74e-04
  tri6_n66_gs                                      n=   132  res=     0.000  ortU=    28.300  ortV=    28.300    drift=0.00e+00  t_eval=9.68e-03  t_dbdsqr=4.21e-04
  tri6_n81_gs                                      n=   162  res=     0.000  ortU=    28.300  ortV=    28.300    drift=0.00e+00  t_eval=1.50e-02  t_dbdsqr=6.04e-04
  ev6_ec1_n31_s1_gs                                n=    62  res=     0.000  ortU=    28.200  ortV=    28.100    drift=0.00e+00  t_eval=1.93e-03  t_dbdsqr=6.17e-05
  ev8_ec1_n14_s1_gs                                n=    28  res=     0.100  ortU=    28.200  ortV=    28.200    drift=0.00e+00  t_eval=3.86e-04  t_dbdsqr=2.32e-05
  ev4_ec4_n62_s1_gs                                n=   124  res=     0.000  ortU=    28.100  ortV=    28.100    drift=0.00e+00  t_eval=7.44e-03  t_dbdsqr=2.35e-04
  ev4_ec1_n45_s2_gs                                n=    90  res=     0.000  ortU=    28.000  ortV=    28.000    drift=0.00e+00  t_eval=3.79e-03  t_dbdsqr=1.28e-04
  ev4_ec1_n98_s1_gs                                n=   196  res=     0.100  ortU=    28.000  ortV=    28.000    drift=0.00e+00  t_eval=2.17e-02  t_dbdsqr=1.11e-03
  ev4_ec4_n95_s2_gs                                n=   190  res=     0.000  ortU=    27.900  ortV=    27.900    drift=0.00e+00  t_eval=1.99e-02  t_dbdsqr=1.06e-03
  ev4_ec1_n81_s2_gs                                n=   162  res=     0.000  ortU=    27.800  ortV=    27.800    drift=0.00e+00  t_eval=1.39e-02  t_dbdsqr=3.84e-04
  ev8_ec1_n75_s2_gm                                n=   225  res=     0.000  ortU=    27.800  ortV=    27.700    drift=0.00e+00  t_eval=1.86e-02  t_dbdsqr=1.83e-03
  ev9_ec1_n2_s0_gs                                 n=     4  res=     0.200  ortU=    27.800  ortV=    27.800    drift=0.00e+00  t_eval=1.34e-05  t_dbdsqr=3.26e-06
  ev4_ec1_n70_s3_gs                                n=   140  res=     0.000  ortU=    27.700  ortV=    27.600    drift=0.00e+00  t_eval=9.87e-03  t_dbdsqr=2.99e-04
  ev4_ec4_n71_s1_gm                                n=   213  res=     0.000  ortU=    27.700  ortV=    27.700    drift=0.00e+00  t_eval=1.47e-02  t_dbdsqr=1.31e-03
  ev6_ec1_n47_s3                                   n=    47  res=     0.200  ortU=    27.700  ortV=    27.600    drift=0.00e+00  t_eval=2.23e-04  t_dbdsqr=7.14e-05
  ev6_ec1_n69_s2_gs                                n=   138  res=     0.000  ortU=    27.700  ortV=    27.700    drift=0.00e+00  t_eval=1.13e-02  t_dbdsqr=3.29e-04
  ev6_ec1_n71_s0_gm                                n=   213  res=     0.000  ortU=    27.600  ortV=    27.700    drift=0.00e+00  t_eval=1.30e-02  t_dbdsqr=1.35e-03
  ev9_ec1_n62_s0_gm                                n=   186  res=     0.100  ortU=    27.600  ortV=    27.700    drift=0.00e+00  t_eval=1.42e-02  t_dbdsqr=1.34e-03
  ev9_ec1_n78_s1_gm                                n=   234  res=     0.200  ortU=    27.700  ortV=    27.600    drift=0.00e+00  t_eval=2.49e-02  t_dbdsqr=2.02e-03
  ev3_ec1_n8_s3_gs                                 n=    16  res=     0.200  ortU=    27.600  ortV=    27.600    drift=0.00e+00  t_eval=1.58e-04  t_dbdsqr=1.38e-05
  ev5_ec1_n66_s1_gm                                n=   198  res=     0.000  ortU=    27.600  ortV=    27.600    drift=0.00e+00  t_eval=1.79e-02  t_dbdsqr=7.18e-04
  ev5_ec4_n44_s3_gm                                n=   132  res=     0.000  ortU=    27.600  ortV=    27.600    drift=0.00e+00  t_eval=8.08e-03  t_dbdsqr=1.31e-04
  ev6_ec1_n84_s1_gs                                n=   168  res=     0.100  ortU=    27.600  ortV=    27.600    drift=0.00e+00  t_eval=1.77e-02  t_dbdsqr=4.27e-04
  ev6_ec1_n84_s2_gs                                n=   168  res=     0.000  ortU=    27.600  ortV=    27.600    drift=0.00e+00  t_eval=1.63e-02  t_dbdsqr=5.47e-04
  ev7_ec1_n60_s2_gm                                n=   180  res=     0.000  ortU=    27.600  ortV=    27.600    drift=0.00e+00  t_eval=1.39e-02  t_dbdsqr=2.63e-04
  tri2_n53                                         n=    53  res=     0.400  ortU=    27.600  ortV=    27.600    drift=0.00e+00  t_eval=1.95e-04  t_dbdsqr=6.41e-05
  ev4_ec4_n35_s1_gs                                n=    70  res=     0.000  ortU=    27.500  ortV=    27.500    drift=0.00e+00  t_eval=2.24e-03  t_dbdsqr=8.18e-05
  ev5_ec1_n67_s1_gm                                n=   201  res=     0.000  ortU=    27.500  ortV=    27.500    drift=0.00e+00  t_eval=1.80e-02  t_dbdsqr=5.94e-04
  ev6_ec1_n97_s0                                   n=    97  res=     0.100  ortU=    27.500  ortV=    27.500    drift=0.00e+00  t_eval=1.01e-03  t_dbdsqr=2.81e-04
  ev9_ec1_n9_s0_gs                                 n=    18  res=     0.200  ortU=    27.500  ortV=    27.400    drift=0.00e+00  t_eval=9.02e-05  t_dbdsqr=1.49e-05
  ev3_ec1_n12_s2                                   n=    12  res=     0.200  ortU=    27.400  ortV=    27.400    drift=0.00e+00  t_eval=2.30e-05  t_dbdsqr=7.20e-06
  ev4_ec4_n2_s0_gs                                 n=     4  res=     0.700  ortU=    26.000  ortV=    27.400    drift=0.00e+00  t_eval=1.38e-05  t_dbdsqr=1.70e-06
  ev4_ec4_n62_s2_gm                                n=   186  res=     0.100  ortU=    27.400  ortV=    27.400    drift=0.00e+00  t_eval=1.04e-02  t_dbdsqr=1.00e-03
  ev4_ec1_n29_s0_gs                                n=    58  res=     0.000  ortU=    27.200  ortV=    27.300    drift=0.00e+00  t_eval=1.39e-03  t_dbdsqr=6.10e-05
  ev4_ec1_n67_s1_gs                                n=   134  res=     0.000  ortU=    27.300  ortV=    27.300    drift=0.00e+00  t_eval=9.55e-03  t_dbdsqr=2.72e-04
  ev4_ec4_n58_s0_gs                                n=   116  res=     0.000  ortU=    27.300  ortV=    27.300    drift=0.00e+00  t_eval=6.68e-03  t_dbdsqr=2.12e-04
  tri6_n98_gm                                      n=   294  res=     0.000  ortU=    27.300  ortV=    27.300    drift=0.00e+00  t_eval=2.57e-02  t_dbdsqr=2.24e-03
  ev4_ec1_n99_s3_gs                                n=   198  res=     0.200  ortU=    27.200  ortV=    27.200    drift=0.00e+00  t_eval=2.22e-02  t_dbdsqr=1.11e-03
  ev4_ec4_n62_s1_gm                                n=   186  res=     0.100  ortU=    27.200  ortV=    27.200    drift=0.00e+00  t_eval=1.03e-02  t_dbdsqr=1.00e-03
  ev6_ec1_n61_s1_gm                                n=   183  res=     0.000  ortU=    27.200  ortV=    27.200    drift=0.00e+00  t_eval=1.27e-02  t_dbdsqr=9.86e-04
  ev7_ec1_n23_s3_gm                                n=    69  res=     0.100  ortU=    27.200  ortV=    27.200    drift=0.00e+00  t_eval=1.93e-03  t_dbdsqr=8.27e-06
  ev8_ec1_n11_s3_gm                                n=    33  res=     0.100  ortU=    27.200  ortV=    27.200    drift=0.00e+00  t_eval=2.81e-04  t_dbdsqr=4.85e-05
  tri7_n91_gm                                      n=   273  res=     0.000  ortU=    27.200  ortV=    27.200    drift=0.00e+00  t_eval=2.52e-02  t_dbdsqr=1.79e-03
  ev4_ec4_n68_s3_gs                                n=   136  res=     0.000  ortU=    27.100  ortV=    27.100    drift=0.00e+00  t_eval=1.04e-02  t_dbdsqr=2.72e-04
  ev6_ec1_n34_s2_gs                                n=    68  res=     0.100  ortU=    27.100  ortV=    27.100    drift=0.00e+00  t_eval=2.69e-03  t_dbdsqr=8.08e-05
  ev6_ec1_n60_s2_gm                                n=   180  res=     0.000  ortU=    27.100  ortV=    27.100    drift=0.00e+00  t_eval=1.18e-02  t_dbdsqr=9.49e-04
  ev4_ec4_n32_s2_gs                                n=    64  res=     0.100  ortU=    27.000  ortV=    27.000    drift=0.00e+00  t_eval=1.69e-03  t_dbdsqr=6.88e-05
  ev6_ec1_n6_s3_gs                                 n=    12  res=     0.300  ortU=    27.000  ortV=    26.900    drift=0.00e+00  t_eval=5.59e-05  t_dbdsqr=7.50e-06
  ev6_ec1_n36_s3_gs                                n=    72  res=     0.100  ortU=    27.000  ortV=    27.000    drift=0.00e+00  t_eval=2.99e-03  t_dbdsqr=8.25e-05
  tri6_n82_gs                                      n=   164  res=     0.000  ortU=    27.000  ortV=    27.000    drift=0.00e+00  t_eval=1.54e-02  t_dbdsqr=6.61e-04
  ev6_ec1_n33_s0                                   n=    33  res=     0.300  ortU=    26.800  ortV=    26.900    drift=0.00e+00  t_eval=9.90e-05  t_dbdsqr=4.59e-05
  ev6_ec1_n84_s0                                   n=    84  res=     0.300  ortU=    26.900  ortV=    26.900    drift=0.00e+00  t_eval=7.69e-04  t_dbdsqr=2.69e-04
  ev7_ec1_n62_s3_gm                                n=   186  res=     0.000  ortU=    26.900  ortV=    26.900    drift=0.00e+00  t_eval=1.58e-02  t_dbdsqr=1.96e-04
  ev8_ec1_n10_s2_gm                                n=    30  res=     0.200  ortU=    26.900  ortV=    26.800    drift=0.00e+00  t_eval=2.39e-04  t_dbdsqr=3.32e-05
  tri6_n100_gs                                     n=   200  res=     0.000  ortU=    26.900  ortV=    26.900    drift=0.00e+00  t_eval=2.34e-02  t_dbdsqr=8.98e-04
  tri7_n32_gs                                      n=    64  res=     0.000  ortU=    26.900  ortV=    26.900    drift=0.00e+00  t_eval=1.78e-03  t_dbdsqr=5.92e-05
  ev6_ec1_n55_s0_gs                                n=   110  res=     0.000  ortU=    26.800  ortV=    26.800    drift=0.00e+00  t_eval=6.74e-03  t_dbdsqr=1.98e-04
  ev6_ec1_n98_s0_gm                                n=   294  res=     0.000  ortU=    26.800  ortV=    26.800    drift=0.00e+00  t_eval=3.09e-02  t_dbdsqr=2.42e-03
  ev8_ec1_n15_s1_gm                                n=    45  res=     0.100  ortU=    26.800  ortV=    26.800    drift=0.00e+00  t_eval=6.16e-04  t_dbdsqr=9.34e-05
  tri7_n58_gs                                      n=   116  res=     0.000  ortU=    26.800  ortV=    26.800    drift=0.00e+00  t_eval=6.74e-03  t_dbdsqr=1.54e-04
  ev3_ec4_n19_s0_gm                                n=    57  res=     0.100  ortU=    26.700  ortV=    26.700    drift=0.00e+00  t_eval=1.56e-03  t_dbdsqr=5.22e-05
  ev4_ec1_n15_s0_gs                                n=    30  res=     0.100  ortU=    26.700  ortV=    26.600    drift=0.00e+00  t_eval=3.11e-04  t_dbdsqr=2.30e-05
  ev4_ec4_n89_s0_gm                                n=   267  res=     0.000  ortU=    26.700  ortV=    26.700    drift=0.00e+00  t_eval=2.43e-02  t_dbdsqr=1.96e-03
  ev5_ec1_n24_s3_gm                                n=    72  res=     0.100  ortU=    26.700  ortV=    26.700    drift=0.00e+00  t_eval=2.13e-03  t_dbdsqr=1.56e-04
  tri4_n73_gs                                      n=   146  res=     0.000  ortU=    26.700  ortV=    26.700    drift=0.00e+00  t_eval=1.07e-02  t_dbdsqr=2.56e-04
  ev3_ec4_n23_s2_gm                                n=    69  res=     0.100  ortU=    26.600  ortV=    26.600    drift=0.00e+00  t_eval=2.29e-03  t_dbdsqr=5.99e-05
  ev8_ec1_n17_s3_gm                                n=    51  res=     0.100  ortU=    26.600  ortV=    26.600    drift=0.00e+00  t_eval=7.15e-04  t_dbdsqr=1.08e-04
  tri6_n36_gs                                      n=    72  res=     0.100  ortU=    26.600  ortV=    26.600    drift=0.00e+00  t_eval=2.57e-03  t_dbdsqr=1.33e-04
  ev4_ec1_n60_s1_gs                                n=   120  res=     0.000  ortU=    26.400  ortV=    26.500    drift=0.00e+00  t_eval=7.33e-03  t_dbdsqr=2.21e-04
  ev4_ec1_n85_s3_gm                                n=   255  res=     0.000  ortU=    26.500  ortV=    26.500    drift=0.00e+00  t_eval=2.18e-02  t_dbdsqr=1.82e-03
  ev4_ec4_n82_s2_gs                                n=   164  res=     0.000  ortU=    26.500  ortV=    26.500    drift=0.00e+00  t_eval=1.46e-02  t_dbdsqr=4.45e-04
  ev6_ec1_n80_s1_gm                                n=   240  res=     0.000  ortU=    26.500  ortV=    26.500    drift=0.00e+00  t_eval=2.44e-02  t_dbdsqr=1.64e-03
  ev6_ec1_n91_s0_gs                                n=   182  res=     0.000  ortU=    26.500  ortV=    26.500    drift=0.00e+00  t_eval=1.88e-02  t_dbdsqr=4.93e-04
  tri4_n72_gs                                      n=   144  res=     0.000  ortU=    26.500  ortV=    26.500    drift=0.00e+00  t_eval=1.04e-02  t_dbdsqr=2.36e-04
  ev3_ec1_n3_s2                                    n=     3  res=     0.300  ortU=    26.100  ortV=    26.400    drift=0.00e+00  t_eval=7.29e-06  t_dbdsqr=2.01e-06
  ev3_ec4_n6_s1                                    n=     6  res=     0.200  ortU=    26.300  ortV=    26.400    drift=0.00e+00  t_eval=1.46e-05  t_dbdsqr=3.84e-06
  ev4_ec1_n93_s1_gs                                n=   186  res=     0.100  ortU=    26.400  ortV=    26.400    drift=0.00e+00  t_eval=1.91e-02  t_dbdsqr=1.01e-03
  ev6_ec1_n32_s0                                   n=    32  res=     0.200  ortU=    26.400  ortV=    26.300    drift=0.00e+00  t_eval=9.10e-05  t_dbdsqr=3.79e-05
  ev6_ec1_n56_s3_gs                                n=   112  res=     0.000  ortU=    26.400  ortV=    26.400    drift=0.00e+00  t_eval=7.71e-03  t_dbdsqr=2.03e-04
  tri4_n82_gs                                      n=   164  res=     0.000  ortU=    26.400  ortV=    26.400    drift=0.00e+00  t_eval=1.35e-02  t_dbdsqr=3.06e-04
  ev7_ec1_n47_s3_gm                                n=   141  res=     0.200  ortU=    26.300  ortV=    26.300    drift=0.00e+00  t_eval=8.91e-03  t_dbdsqr=1.31e-05
  tri5_n68_gs                                      n=   136  res=     0.000  ortU=    26.300  ortV=    26.300    drift=0.00e+00  t_eval=5.83e-03  t_dbdsqr=2.07e-04
  ev1_ec1_n92_s2_gs                                n=   184  res=     0.000  ortU=    26.200  ortV=    26.200    drift=2.93e-16  t_eval=4.98e-04  t_dbdsqr=1.73e-05
  ev4_ec1_n99_s2_gs                                n=   198  res=     0.000  ortU=    26.100  ortV=    26.200    drift=0.00e+00  t_eval=2.23e-02  t_dbdsqr=1.12e-03
  ev4_ec4_n79_s3_gs                                n=   158  res=     0.000  ortU=    26.200  ortV=    26.200    drift=0.00e+00  t_eval=1.43e-02  t_dbdsqr=3.62e-04
  ev5_ec1_n11_s1                                   n=    11  res=     0.200  ortU=    26.200  ortV=    26.100    drift=0.00e+00  t_eval=2.68e-05  t_dbdsqr=7.87e-06
  ev5_ec4_n15_s3_gm                                n=    45  res=     0.100  ortU=    26.200  ortV=    26.200    drift=0.00e+00  t_eval=9.94e-04  t_dbdsqr=4.81e-05
  ev8_ec1_n42_s2_gm                                n=   126  res=     0.100  ortU=    26.200  ortV=    26.200    drift=0.00e+00  t_eval=5.54e-03  t_dbdsqr=6.14e-04
  tri3_n55_gm                                      n=   165  res=     0.100  ortU=    26.200  ortV=    26.200    drift=0.00e+00  t_eval=1.50e-02  t_dbdsqr=6.62e-04
  ev4_ec1_n9_s3_gs                                 n=    18  res=     0.100  ortU=    26.100  ortV=    26.100    drift=0.00e+00  t_eval=1.21e-04  t_dbdsqr=1.35e-05
  ev4_ec1_n74_s2_gs                                n=   148  res=     0.000  ortU=    26.100  ortV=    26.100    drift=0.00e+00  t_eval=1.12e-02  t_dbdsqr=3.26e-04
  ev6_ec1_n16_s2_gs                                n=    32  res=     0.100  ortU=    26.100  ortV=    26.000    drift=0.00e+00  t_eval=5.07e-04  t_dbdsqr=2.45e-05
  ev6_ec1_n32_s2                                   n=    32  res=     0.500  ortU=    26.100  ortV=    26.100    drift=0.00e+00  t_eval=1.60e-04  t_dbdsqr=5.38e-05
  ev9_ec1_n9_s2_gs                                 n=    18  res=     1.200  ortU=    25.900  ortV=    26.100    drift=0.00e+00  t_eval=1.09e-04  t_dbdsqr=1.51e-05
  tri7_n99_gs                                      n=   198  res=     0.000  ortU=    26.100  ortV=    26.100    drift=0.00e+00  t_eval=2.05e-02  t_dbdsqr=3.70e-04
  ev4_ec4_n54_s0_gs                                n=   108  res=     0.000  ortU=    26.000  ortV=    26.000    drift=0.00e+00  t_eval=6.02e-03  t_dbdsqr=1.88e-04
  ev4_ec4_n77_s3_gs                                n=   154  res=     0.000  ortU=    26.000  ortV=    26.000    drift=0.00e+00  t_eval=1.25e-02  t_dbdsqr=3.51e-04
  ev5_ec1_n9_s0                                    n=     9  res=     0.100  ortU=    25.900  ortV=    26.000    drift=0.00e+00  t_eval=2.38e-05  t_dbdsqr=6.75e-06
  ev5_ec1_n89_s1                                   n=    89  res=     0.100  ortU=    26.000  ortV=    25.900    drift=0.00e+00  t_eval=8.10e-04  t_dbdsqr=1.26e-04
  ev6_ec1_n41_s2_gm                                n=   123  res=     0.000  ortU=    25.900  ortV=    26.000    drift=0.00e+00  t_eval=5.67e-03  t_dbdsqr=4.49e-04
  ev6_ec1_n53_s0_gs                                n=   106  res=     0.000  ortU=    26.000  ortV=    26.000    drift=0.00e+00  t_eval=6.11e-03  t_dbdsqr=1.77e-04
  ev9_ec1_n75_s0_gm                                n=   225  res=     0.000  ortU=    26.000  ortV=    26.000    drift=0.00e+00  t_eval=2.11e-02  t_dbdsqr=5.72e-04
  tri3_n75_gm                                      n=   225  res=     0.000  ortU=    25.900  ortV=    26.000    drift=0.00e+00  t_eval=2.74e-02  t_dbdsqr=1.34e-03
  tri4_n41_gs                                      n=    82  res=     0.000  ortU=    26.000  ortV=    26.000    drift=0.00e+00  t_eval=2.90e-03  t_dbdsqr=9.26e-05
  ev4_ec1_n49_s0_gs                                n=    98  res=     0.000  ortU=    25.800  ortV=    25.900    drift=0.00e+00  t_eval=4.57e-03  t_dbdsqr=1.48e-04
  ev4_ec4_n52_s1_gs                                n=   104  res=     0.000  ortU=    25.900  ortV=    25.900    drift=0.00e+00  t_eval=5.07e-03  t_dbdsqr=1.71e-04
  ev4_ec1_n57_s2_gs                                n=   114  res=     0.000  ortU=    25.800  ortV=    25.800    drift=0.00e+00  t_eval=6.21e-03  t_dbdsqr=2.18e-04
  ev4_ec1_n65_s2_gs                                n=   130  res=     0.000  ortU=    25.800  ortV=    25.800    drift=0.00e+00  t_eval=8.34e-03  t_dbdsqr=2.55e-04
  ev4_ec4_n36_s0_gs                                n=    72  res=     0.000  ortU=    25.800  ortV=    25.800    drift=0.00e+00  t_eval=2.17e-03  t_dbdsqr=8.01e-05
  ev4_ec4_n89_s1_gs                                n=   178  res=     0.000  ortU=    25.800  ortV=    25.800    drift=0.00e+00  t_eval=1.68e-02  t_dbdsqr=4.50e-04
  ev6_ec1_n15_s0_gs                                n=    30  res=     0.100  ortU=    25.800  ortV=    25.700    drift=0.00e+00  t_eval=3.17e-04  t_dbdsqr=2.52e-05
  ev6_ec1_n58_s0_gs                                n=   116  res=     0.000  ortU=    25.800  ortV=    25.800    drift=0.00e+00  t_eval=6.37e-03  t_dbdsqr=2.22e-04
  ev8_ec1_n49_s3_gm                                n=   147  res=     0.200  ortU=    25.800  ortV=    25.800    drift=0.00e+00  t_eval=6.55e-03  t_dbdsqr=7.81e-04
  ev9_ec1_n53_s2_gm                                n=   159  res=     0.300  ortU=    25.700  ortV=    25.800    drift=0.00e+00  t_eval=9.76e-03  t_dbdsqr=5.05e-04
  ev4_ec4_n75_s3_gs                                n=   150  res=     0.000  ortU=    25.700  ortV=    25.700    drift=0.00e+00  t_eval=1.22e-02  t_dbdsqr=3.71e-04
  ev5_ec1_n80_s2_gm                                n=   240  res=     0.000  ortU=    25.700  ortV=    25.700    drift=0.00e+00  t_eval=2.66e-02  t_dbdsqr=8.21e-04
  ev6_ec1_n40_s3_gm                                n=   120  res=     0.100  ortU=    25.700  ortV=    25.700    drift=0.00e+00  t_eval=4.94e-03  t_dbdsqr=4.73e-04
  ev6_ec1_n100_s0_gs                               n=   200  res=     0.100  ortU=    25.700  ortV=    25.700    drift=0.00e+00  t_eval=2.29e-02  t_dbdsqr=1.27e-03
  ev3_ec4_n61_s0_gm                                n=   183  res=     0.000  ortU=    25.600  ortV=    25.600    drift=0.00e+00  t_eval=1.61e-02  t_dbdsqr=3.12e-04
  ev4_ec1_n70_s1_gs                                n=   140  res=     0.000  ortU=    25.600  ortV=    25.600    drift=0.00e+00  t_eval=9.88e-03  t_dbdsqr=3.03e-04
  ev4_ec1_n97_s3_gs                                n=   194  res=     0.000  ortU=    25.600  ortV=    25.600    drift=0.00e+00  t_eval=2.02e-02  t_dbdsqr=5.44e-04
  ev4_ec4_n21_s2_gs                                n=    42  res=     0.100  ortU=    25.600  ortV=    25.600    drift=0.00e+00  t_eval=6.32e-04  t_dbdsqr=3.32e-05
  ev4_ec4_n46_s0_gm                                n=   138  res=     0.000  ortU=    25.600  ortV=    25.600    drift=0.00e+00  t_eval=5.12e-03  t_dbdsqr=5.57e-04
  ev5_ec1_n52_s1_gm                                n=   156  res=     0.000  ortU=    25.600  ortV=    25.600    drift=0.00e+00  t_eval=1.09e-02  t_dbdsqr=4.84e-04
  ev8_ec1_n9_s1_gm                                 n=    27  res=     0.100  ortU=    25.600  ortV=    25.600    drift=0.00e+00  t_eval=2.01e-04  t_dbdsqr=3.12e-05
  ev4_ec1_n9_s0_gs                                 n=    18  res=     0.200  ortU=    25.500  ortV=    25.400    drift=0.00e+00  t_eval=1.30e-04  t_dbdsqr=1.26e-05
  ev6_ec1_n11_s3_gs                                n=    22  res=     0.100  ortU=    25.500  ortV=    25.400    drift=0.00e+00  t_eval=1.77e-04  t_dbdsqr=1.61e-05
  ev9_ec1_n89_s0_gm                                n=   267  res=     0.100  ortU=    25.500  ortV=    25.500    drift=0.00e+00  t_eval=2.83e-02  t_dbdsqr=8.66e-04
  ev4_ec4_n95_s1_gm                                n=   285  res=     0.100  ortU=    25.400  ortV=    25.400    drift=0.00e+00  t_eval=2.89e-02  t_dbdsqr=2.22e-03
  tri4_n66_gs                                      n=   132  res=     0.000  ortU=    25.400  ortV=    25.400    drift=0.00e+00  t_eval=8.46e-03  t_dbdsqr=2.12e-04
  ev4_ec1_n96_s2_gs                                n=   192  res=     0.000  ortU=    25.200  ortV=    25.300    drift=0.00e+00  t_eval=1.96e-02  t_dbdsqr=5.11e-04
  ev6_ec1_n69_s1_gs                                n=   138  res=     0.000  ortU=    25.300  ortV=    25.300    drift=0.00e+00  t_eval=1.20e-02  t_dbdsqr=2.88e-04
  ev7_ec1_n29_s2_gm                                n=    87  res=     0.100  ortU=    25.300  ortV=    25.300    drift=0.00e+00  t_eval=3.14e-03  t_dbdsqr=9.57e-06
  ev9_ec1_n35_s2                                   n=    35  res=     0.000  ortU=    25.200  ortV=    25.300    drift=0.00e+00  t_eval=2.42e-04  t_dbdsqr=3.90e-05
  ev3_ec4_n55_s1_gm                                n=   165  res=     0.000  ortU=    25.200  ortV=    25.200    drift=0.00e+00  t_eval=1.31e-02  t_dbdsqr=1.96e-04
  ev6_ec1_n16_s3_gs                                n=    32  res=     0.100  ortU=    25.100  ortV=    25.200    drift=0.00e+00  t_eval=4.08e-04  t_dbdsqr=2.36e-05
  ev6_ec1_n27_s1_gm                                n=    81  res=     0.200  ortU=    25.200  ortV=    25.200    drift=0.00e+00  t_eval=1.75e-03  t_dbdsqr=2.15e-04
  ev6_ec1_n69_s0_gs                                n=   138  res=     0.100  ortU=    25.200  ortV=    25.100    drift=0.00e+00  t_eval=8.23e-03  t_dbdsqr=3.11e-04
  ev4_ec1_n38_s0_gs                                n=    76  res=     0.000  ortU=    25.100  ortV=    25.000    drift=0.00e+00  t_eval=2.64e-03  t_dbdsqr=8.60e-05
  ev4_ec1_n58_s0_gs                                n=   116  res=     0.000  ortU=    25.100  ortV=    25.100    drift=0.00e+00  t_eval=6.66e-03  t_dbdsqr=2.10e-04
  ev4_ec1_n84_s2_gm                                n=   252  res=     0.000  ortU=    25.100  ortV=    25.100    drift=0.00e+00  t_eval=2.19e-02  t_dbdsqr=1.80e-03
  ev4_ec4_n26_s3_gs                                n=    52  res=     0.000  ortU=    25.000  ortV=    25.100    drift=0.00e+00  t_eval=1.05e-03  t_dbdsqr=4.79e-05
  ev4_ec4_n58_s2_gs                                n=   116  res=     0.000  ortU=    25.100  ortV=    25.100    drift=0.00e+00  t_eval=6.57e-03  t_dbdsqr=2.26e-04
  tri6_n49_gs                                      n=    98  res=     0.000  ortU=    25.000  ortV=    25.100    drift=0.00e+00  t_eval=5.06e-03  t_dbdsqr=2.34e-04
  tri7_n95_gs                                      n=   190  res=     0.000  ortU=    25.100  ortV=    25.100    drift=0.00e+00  t_eval=1.87e-02  t_dbdsqr=3.43e-04
  ev4_ec1_n72_s2_gm                                n=   216  res=     0.000  ortU=    25.000  ortV=    25.000    drift=0.00e+00  t_eval=1.56e-02  t_dbdsqr=1.36e-03
  ev4_ec1_n91_s3_gs                                n=   182  res=     0.000  ortU=    25.000  ortV=    25.000    drift=0.00e+00  t_eval=1.74e-02  t_dbdsqr=4.64e-04
  ev4_ec4_n58_s3_gs                                n=   116  res=     0.000  ortU=    25.000  ortV=    25.000    drift=0.00e+00  t_eval=6.97e-03  t_dbdsqr=2.09e-04
  ev6_ec1_n66_s1_gm                                n=   198  res=     0.000  ortU=    25.000  ortV=    25.000    drift=0.00e+00  t_eval=1.64e-02  t_dbdsqr=1.15e-03
  ev6_ec1_n81_s1_gs                                n=   162  res=     0.000  ortU=    25.000  ortV=    25.000    drift=0.00e+00  t_eval=1.60e-02  t_dbdsqr=5.24e-04
  ev8_ec1_n2_s2_gs                                 n=     4  res=     0.700  ortU=    23.800  ortV=    25.000    drift=0.00e+00  t_eval=1.44e-05  t_dbdsqr=1.56e-06
  ev3_ec4_n38_s2_gm                                n=   114  res=     0.000  ortU=    24.900  ortV=    24.900    drift=0.00e+00  t_eval=6.24e-03  t_dbdsqr=1.62e-04
  ev4_ec1_n25_s0_gs                                n=    50  res=     0.100  ortU=    24.900  ortV=    24.900    drift=0.00e+00  t_eval=9.79e-04  t_dbdsqr=5.10e-05
  ev4_ec4_n52_s2_gm                                n=   156  res=     0.000  ortU=    24.900  ortV=    24.900    drift=0.00e+00  t_eval=6.84e-03  t_dbdsqr=7.55e-04
  ev4_ec4_n89_s2_gs                                n=   178  res=     0.000  ortU=    24.900  ortV=    24.900    drift=0.00e+00  t_eval=1.75e-02  t_dbdsqr=4.51e-04
  ev6_ec1_n67_s1_gs                                n=   134  res=     0.000  ortU=    24.900  ortV=    24.900    drift=0.00e+00  t_eval=1.15e-02  t_dbdsqr=3.92e-04
  ev6_ec1_n75_s3_gs                                n=   150  res=     0.000  ortU=    24.900  ortV=    24.900    drift=0.00e+00  t_eval=1.40e-02  t_dbdsqr=3.49e-04
  ev8_ec1_n83_s3_gm                                n=   249  res=     0.000  ortU=    24.900  ortV=    24.900    drift=0.00e+00  t_eval=2.26e-02  t_dbdsqr=2.15e-03
  tri4_n69_gs                                      n=   138  res=     0.000  ortU=    24.900  ortV=    24.900    drift=0.00e+00  t_eval=9.44e-03  t_dbdsqr=2.24e-04
  tri5_n70_gs                                      n=   140  res=     0.000  ortU=    24.900  ortV=    24.900    drift=0.00e+00  t_eval=6.35e-03  t_dbdsqr=2.14e-04
  tri6_n71_gs                                      n=   142  res=     0.000  ortU=    24.900  ortV=    24.900    drift=0.00e+00  t_eval=1.12e-02  t_dbdsqr=4.83e-04
  tri7_n37_gs                                      n=    74  res=     0.000  ortU=    24.900  ortV=    24.900    drift=0.00e+00  t_eval=2.46e-03  t_dbdsqr=7.73e-05
  ev4_ec1_n33_s1_gs                                n=    66  res=     0.100  ortU=    24.800  ortV=    24.800    drift=0.00e+00  t_eval=1.91e-03  t_dbdsqr=7.65e-05
  ev4_ec1_n38_s0_gm                                n=   114  res=     0.000  ortU=    24.800  ortV=    24.700    drift=0.00e+00  t_eval=3.41e-03  t_dbdsqr=4.22e-04
  ev4_ec4_n50_s1_gm                                n=   150  res=     0.000  ortU=    24.800  ortV=    24.800    drift=0.00e+00  t_eval=6.29e-03  t_dbdsqr=6.82e-04
  ev5_ec1_n28_s3_gm                                n=    84  res=     0.100  ortU=    24.800  ortV=    24.800    drift=0.00e+00  t_eval=2.89e-03  t_dbdsqr=1.75e-04
  ev6_ec1_n29_s2                                   n=    29  res=     0.200  ortU=    24.800  ortV=    24.700    drift=0.00e+00  t_eval=1.18e-04  t_dbdsqr=3.03e-05
  ev9_ec1_n17_s0_gs                                n=    34  res=     0.300  ortU=    24.800  ortV=    24.700    drift=0.00e+00  t_eval=3.77e-04  t_dbdsqr=3.99e-05
  tri4_n77_gs                                      n=   154  res=     0.000  ortU=    24.800  ortV=    24.800    drift=0.00e+00  t_eval=1.20e-02  t_dbdsqr=2.68e-04
  tri7_n30_gs                                      n=    60  res=     0.000  ortU=    24.800  ortV=    24.800    drift=0.00e+00  t_eval=1.53e-03  t_dbdsqr=5.33e-05
  ev4_ec1_n34_s3_gs                                n=    68  res=     0.100  ortU=    24.700  ortV=    24.700    drift=0.00e+00  t_eval=2.04e-03  t_dbdsqr=7.75e-05
  ev4_ec1_n52_s2_gm                                n=   156  res=     0.000  ortU=    24.700  ortV=    24.700    drift=0.00e+00  t_eval=6.69e-03  t_dbdsqr=7.18e-04
  ev4_ec1_n70_s0_gm                                n=   210  res=     0.000  ortU=    24.700  ortV=    24.700    drift=0.00e+00  t_eval=1.40e-02  t_dbdsqr=1.28e-03
  ev4_ec4_n7_s2_gs                                 n=    14  res=     0.200  ortU=    24.500  ortV=    24.700    drift=0.00e+00  t_eval=7.20e-05  t_dbdsqr=8.46e-06
  ev4_ec4_n57_s2_gs                                n=   114  res=     0.000  ortU=    24.600  ortV=    24.700    drift=0.00e+00  t_eval=6.29e-03  t_dbdsqr=1.97e-04
  ev7_ec1_n33_s3_gm                                n=    99  res=     0.100  ortU=    24.700  ortV=    24.700    drift=0.00e+00  t_eval=3.98e-03  t_dbdsqr=1.62e-04
  ev9_ec1_n4_s0_gs                                 n=     8  res=     0.200  ortU=    24.700  ortV=    24.700    drift=0.00e+00  t_eval=2.01e-05  t_dbdsqr=6.14e-06
  ev3_ec1_n75_s2_gm                                n=   225  res=     0.000  ortU=    24.600  ortV=    24.600    drift=0.00e+00  t_eval=2.31e-02  t_dbdsqr=9.99e-04
  ev3_ec4_n11_s0                                   n=    11  res=     0.100  ortU=    24.500  ortV=    24.600    drift=0.00e+00  t_eval=2.55e-05  t_dbdsqr=5.51e-06
  ev4_ec1_n47_s1_gm                                n=   141  res=     0.000  ortU=    24.600  ortV=    24.600    drift=0.00e+00  t_eval=5.55e-03  t_dbdsqr=6.17e-04
  ev4_ec4_n46_s2_gs                                n=    92  res=     0.100  ortU=    24.600  ortV=    24.600    drift=0.00e+00  t_eval=3.94e-03  t_dbdsqr=1.37e-04
  ev5_ec1_n5_s1                                    n=     5  res=     0.100  ortU=    24.300  ortV=    24.600    drift=0.00e+00  t_eval=1.41e-05  t_dbdsqr=3.98e-06
  ev5_ec1_n25_s3                                   n=    25  res=     0.100  ortU=    24.600  ortV=    24.500    drift=0.00e+00  t_eval=7.97e-05  t_dbdsqr=1.98e-05
  ev6_ec1_n17_s3_gs                                n=    34  res=     0.100  ortU=    24.600  ortV=    24.600    drift=0.00e+00  t_eval=4.68e-04  t_dbdsqr=2.62e-05
  ev6_ec1_n46_s3                                   n=    46  res=     0.100  ortU=    24.600  ortV=    24.600    drift=0.00e+00  t_eval=2.36e-04  t_dbdsqr=7.40e-05
  ev6_ec1_n87_s3_gs                                n=   174  res=     0.000  ortU=    24.600  ortV=    24.600    drift=0.00e+00  t_eval=1.90e-02  t_dbdsqr=4.24e-04
  ev7_ec1_n90_s3_gm                                n=   270  res=     0.000  ortU=    24.600  ortV=    24.600    drift=0.00e+00  t_eval=3.28e-02  t_dbdsqr=8.76e-04
  ev9_ec1_n5_s2_gs                                 n=    10  res=     0.300  ortU=    24.500  ortV=    24.600    drift=0.00e+00  t_eval=3.51e-05  t_dbdsqr=7.19e-06
  ev9_ec1_n12_s1_gs                                n=    24  res=     0.200  ortU=    24.600  ortV=    24.500    drift=0.00e+00  t_eval=1.64e-04  t_dbdsqr=2.26e-05
  tri4_n54_gs                                      n=   108  res=     0.000  ortU=    24.600  ortV=    24.600    drift=0.00e+00  t_eval=5.36e-03  t_dbdsqr=1.48e-04
  ev4_ec4_n36_s1_gs                                n=    72  res=     0.100  ortU=    24.500  ortV=    24.500    drift=0.00e+00  t_eval=2.26e-03  t_dbdsqr=8.10e-05
  ev6_ec1_n30_s2_gs                                n=    60  res=     0.100  ortU=    24.500  ortV=    24.500    drift=0.00e+00  t_eval=1.99e-03  t_dbdsqr=6.83e-05
  ev6_ec1_n34_s2                                   n=    34  res=     0.200  ortU=    24.500  ortV=    24.500    drift=0.00e+00  t_eval=1.55e-04  t_dbdsqr=4.22e-05
  ev9_ec1_n7_s1_gs                                 n=    14  res=     0.200  ortU=    24.500  ortV=    24.500    drift=0.00e+00  t_eval=5.39e-05  t_dbdsqr=1.21e-05
  tri7_n64_gs                                      n=   128  res=     0.000  ortU=    24.500  ortV=    24.500    drift=0.00e+00  t_eval=7.82e-03  t_dbdsqr=1.75e-04
  ev3_ec4_n8_s0                                    n=     8  res=     0.100  ortU=    24.400  ortV=    24.400    drift=0.00e+00  t_eval=2.08e-05  t_dbdsqr=4.33e-06
  ev3_ec4_n82_s2_gm                                n=   246  res=     0.000  ortU=    24.400  ortV=    24.400    drift=0.00e+00  t_eval=2.86e-02  t_dbdsqr=5.31e-04
  ev4_ec4_n40_s2_gs                                n=    80  res=     0.000  ortU=    24.400  ortV=    24.400    drift=0.00e+00  t_eval=2.86e-03  t_dbdsqr=1.05e-04
  ev6_ec1_n33_s3_gm                                n=    99  res=     0.000  ortU=    24.400  ortV=    24.400    drift=0.00e+00  t_eval=3.42e-03  t_dbdsqr=3.38e-04
  ev7_ec1_n68_s0_gm                                n=   204  res=     0.000  ortU=    24.400  ortV=    24.400    drift=0.00e+00  t_eval=1.94e-02  t_dbdsqr=3.32e-04
  ev4_ec1_n52_s1_gm                                n=   156  res=     0.100  ortU=    24.300  ortV=    24.300    drift=0.00e+00  t_eval=6.89e-03  t_dbdsqr=7.51e-04
  ev4_ec1_n66_s3_gs                                n=   132  res=     0.000  ortU=    24.300  ortV=    24.300    drift=0.00e+00  t_eval=8.72e-03  t_dbdsqr=2.69e-04
  ev4_ec4_n31_s3_gs                                n=    62  res=     0.000  ortU=    24.300  ortV=    24.300    drift=0.00e+00  t_eval=1.59e-03  t_dbdsqr=6.38e-05
  ev8_ec1_n79_s3_gm                                n=   237  res=     0.100  ortU=    24.300  ortV=    24.300    drift=0.00e+00  t_eval=2.01e-02  t_dbdsqr=2.01e-03
  ev9_ec1_n100_s1_gm                               n=   300  res=     0.000  ortU=    24.300  ortV=    24.300    drift=0.00e+00  t_eval=3.91e-02  t_dbdsqr=3.15e-03
  tri7_n53_gm                                      n=   159  res=     0.000  ortU=    24.300  ortV=    24.300    drift=0.00e+00  t_eval=7.59e-03  t_dbdsqr=7.02e-04
  ev4_ec4_n37_s0_gs                                n=    74  res=     0.000  ortU=    24.200  ortV=    24.200    drift=0.00e+00  t_eval=2.38e-03  t_dbdsqr=8.51e-05
  ev5_ec1_n9_s1                                    n=     9  res=     0.100  ortU=    24.200  ortV=    24.100    drift=0.00e+00  t_eval=2.29e-05  t_dbdsqr=6.63e-06
  ev6_ec1_n77_s1_gm                                n=   231  res=     0.100  ortU=    24.200  ortV=    24.200    drift=0.00e+00  t_eval=2.10e-02  t_dbdsqr=1.54e-03
  ev6_ec1_n100_s3_gs                               n=   200  res=     0.000  ortU=    24.200  ortV=    24.200    drift=0.00e+00  t_eval=2.54e-02  t_dbdsqr=1.29e-03
  ev7_ec1_n68_s3_gm                                n=   204  res=     0.000  ortU=    24.200  ortV=    24.100    drift=0.00e+00  t_eval=1.90e-02  t_dbdsqr=3.98e-04
  ev7_ec1_n83_s0_gm                                n=   249  res=     0.000  ortU=    24.200  ortV=    24.200    drift=0.00e+00  t_eval=2.88e-02  t_dbdsqr=5.96e-04
  ev9_ec1_n36_s0_gs                                n=    72  res=     0.100  ortU=    24.200  ortV=    24.200    drift=0.00e+00  t_eval=1.96e-03  t_dbdsqr=1.74e-04
  tri2_n56_gs                                      n=   112  res=     0.000  ortU=    24.200  ortV=    24.200    drift=0.00e+00  t_eval=4.06e-03  t_dbdsqr=2.97e-04
  ev3_ec1_n12_s1                                   n=    12  res=     0.100  ortU=    24.100  ortV=    24.100    drift=0.00e+00  t_eval=2.45e-05  t_dbdsqr=7.53e-06
  ev4_ec1_n73_s1_gm                                n=   219  res=     0.000  ortU=    24.100  ortV=    24.100    drift=0.00e+00  t_eval=1.51e-02  t_dbdsqr=1.36e-03
  ev4_ec1_n95_s2_gs                                n=   190  res=     0.000  ortU=    24.100  ortV=    24.100    drift=0.00e+00  t_eval=1.94e-02  t_dbdsqr=5.15e-04
  ev4_ec4_n56_s1_gm                                n=   168  res=     0.000  ortU=    24.100  ortV=    24.100    drift=0.00e+00  t_eval=8.26e-03  t_dbdsqr=8.47e-04
  ev5_ec4_n42_s1_gm                                n=   126  res=     0.100  ortU=    24.100  ortV=    24.000    drift=0.00e+00  t_eval=7.39e-03  t_dbdsqr=2.86e-04
  ev6_ec1_n56_s1_gm                                n=   168  res=     0.100  ortU=    24.100  ortV=    24.100    drift=0.00e+00  t_eval=9.92e-03  t_dbdsqr=8.35e-04
  ev6_ec1_n83_s0_gs                                n=   166  res=     0.100  ortU=    24.100  ortV=    24.100    drift=0.00e+00  t_eval=1.54e-02  t_dbdsqr=4.04e-04
  ev9_ec1_n49_s1_gm                                n=   147  res=     0.000  ortU=    24.100  ortV=    24.100    drift=0.00e+00  t_eval=8.16e-03  t_dbdsqr=8.64e-04
  ev4_ec1_n55_s2_gm                                n=   165  res=     0.000  ortU=    24.000  ortV=    24.000    drift=0.00e+00  t_eval=7.73e-03  t_dbdsqr=8.17e-04
  ev4_ec4_n50_s2_gm                                n=   150  res=     0.000  ortU=    24.000  ortV=    24.000    drift=0.00e+00  t_eval=6.22e-03  t_dbdsqr=6.74e-04
  ev6_ec1_n52_s3                                   n=    52  res=     0.100  ortU=    24.000  ortV=    24.000    drift=0.00e+00  t_eval=2.85e-04  t_dbdsqr=8.40e-05
  tri7_n27_gs                                      n=    54  res=     0.100  ortU=    24.000  ortV=    24.000    drift=0.00e+00  t_eval=1.19e-03  t_dbdsqr=4.57e-05
  tri7_n61_gs                                      n=   122  res=     0.100  ortU=    24.000  ortV=    24.000    drift=0.00e+00  t_eval=7.53e-03  t_dbdsqr=1.68e-04
  ev4_ec1_n64_s2_gs                                n=   128  res=     0.000  ortU=    23.800  ortV=    23.900    drift=0.00e+00  t_eval=8.16e-03  t_dbdsqr=2.52e-04
  ev4_ec1_n73_s2_gs                                n=   146  res=     0.000  ortU=    23.900  ortV=    23.900    drift=0.00e+00  t_eval=1.08e-02  t_dbdsqr=3.07e-04
  tri6_n15_gs                                      n=    30  res=     0.200  ortU=    23.900  ortV=    23.800    drift=0.00e+00  t_eval=3.73e-04  t_dbdsqr=2.93e-05
  tri7_n17_gs                                      n=    34  res=     0.100  ortU=    23.800  ortV=    23.900    drift=0.00e+00  t_eval=4.22e-04  t_dbdsqr=2.38e-05
  ev4_ec4_n43_s0_gm                                n=   129  res=     0.000  ortU=    23.800  ortV=    23.800    drift=0.00e+00  t_eval=4.33e-03  t_dbdsqr=5.22e-04
  ev4_ec4_n63_s1_gm                                n=   189  res=     0.000  ortU=    23.800  ortV=    23.800    drift=0.00e+00  t_eval=1.10e-02  t_dbdsqr=1.05e-03
  ev8_ec1_n12_s2_gm                                n=    36  res=     0.200  ortU=    23.800  ortV=    23.700    drift=0.00e+00  t_eval=3.71e-04  t_dbdsqr=4.94e-05
  ev9_ec1_n41_s0_gm                                n=   123  res=     0.100  ortU=    23.800  ortV=    23.800    drift=0.00e+00  t_eval=6.19e-03  t_dbdsqr=6.35e-04
  tri4_n83_gs                                      n=   166  res=     0.100  ortU=    23.800  ortV=    23.800    drift=0.00e+00  t_eval=1.42e-02  t_dbdsqr=3.14e-04
  ev3_ec1_n8_s1_gs                                 n=    16  res=     0.200  ortU=    23.700  ortV=    23.600    drift=0.00e+00  t_eval=1.44e-04  t_dbdsqr=8.46e-06
  ev3_ec1_n9_s2                                    n=     9  res=     0.100  ortU=    23.700  ortV=    23.600    drift=0.00e+00  t_eval=2.08e-05  t_dbdsqr=4.59e-06
  ev4_ec1_n55_s0_gs                                n=   110  res=     0.100  ortU=    23.700  ortV=    23.700    drift=0.00e+00  t_eval=6.03e-03  t_dbdsqr=2.05e-04
  ev4_ec4_n65_s3_gm                                n=   195  res=     0.100  ortU=    23.700  ortV=    23.700    drift=0.00e+00  t_eval=1.19e-02  t_dbdsqr=1.13e-03
  ev5_ec1_n5_s3                                    n=     5  res=     0.400  ortU=    23.400  ortV=    23.700    drift=0.00e+00  t_eval=8.61e-06  t_dbdsqr=3.83e-06
  ev6_ec1_n34_s1_gm                                n=   102  res=     0.000  ortU=    23.700  ortV=    23.700    drift=0.00e+00  t_eval=3.12e-03  t_dbdsqr=3.55e-04
  ev6_ec1_n44_s3_gs                                n=    88  res=     0.000  ortU=    23.700  ortV=    23.700    drift=0.00e+00  t_eval=4.53e-03  t_dbdsqr=1.23e-04
  ev6_ec1_n54_s1_gm                                n=   162  res=     0.200  ortU=    23.700  ortV=    23.700    drift=0.00e+00  t_eval=9.57e-03  t_dbdsqr=7.94e-04
  ev6_ec1_n66_s1                                   n=    66  res=     0.100  ortU=    23.700  ortV=    23.700    drift=0.00e+00  t_eval=4.29e-04  t_dbdsqr=1.32e-04
  ev7_ec1_n22_s3_gm                                n=    66  res=     0.200  ortU=    23.700  ortV=    23.700    drift=0.00e+00  t_eval=1.88e-03  t_dbdsqr=7.62e-06
  ev7_ec1_n86_s3_gm                                n=   258  res=     0.000  ortU=    23.700  ortV=    23.700    drift=0.00e+00  t_eval=2.96e-02  t_dbdsqr=7.79e-04
  ev8_ec1_n13_s2_gm                                n=    39  res=     0.100  ortU=    23.700  ortV=    23.600    drift=0.00e+00  t_eval=4.06e-04  t_dbdsqr=5.91e-05
  tri4_n17_gs                                      n=    34  res=     0.100  ortU=    23.700  ortV=    23.600    drift=0.00e+00  t_eval=3.96e-04  t_dbdsqr=2.41e-05
  ev3_ec4_n86_s0_gm                                n=   258  res=     0.000  ortU=    23.600  ortV=    23.600    drift=0.00e+00  t_eval=3.15e-02  t_dbdsqr=3.66e-04
  ev4_ec1_n44_s0_gs                                n=    88  res=     0.000  ortU=    23.600  ortV=    23.600    drift=0.00e+00  t_eval=3.73e-03  t_dbdsqr=1.31e-04
  ev5_ec1_n82_s2_gm                                n=   246  res=     0.000  ortU=    23.600  ortV=    23.600    drift=0.00e+00  t_eval=2.78e-02  t_dbdsqr=8.90e-04
  ev6_ec1_n70_s0_gs                                n=   140  res=     0.300  ortU=    23.600  ortV=    23.600    drift=0.00e+00  t_eval=9.82e-03  t_dbdsqr=3.13e-04
  ev6_ec1_n80_s0_gs                                n=   160  res=     0.200  ortU=    23.600  ortV=    23.600    drift=0.00e+00  t_eval=1.33e-02  t_dbdsqr=4.00e-04
  ev6_ec1_n82_s1_gs                                n=   164  res=     0.000  ortU=    23.600  ortV=    23.600    drift=0.00e+00  t_eval=1.74e-02  t_dbdsqr=5.26e-04
  ev7_ec1_n40_s0_gm                                n=   120  res=     0.000  ortU=    23.600  ortV=    23.600    drift=0.00e+00  t_eval=6.41e-03  t_dbdsqr=1.83e-04
  ev7_ec1_n76_s3_gm                                n=   228  res=     0.000  ortU=    23.500  ortV=    23.600    drift=0.00e+00  t_eval=2.38e-02  t_dbdsqr=5.39e-04
  ev9_ec1_n29_s0_gs                                n=    58  res=     0.400  ortU=    23.600  ortV=    23.600    drift=0.00e+00  t_eval=1.28e-03  t_dbdsqr=1.18e-04
  ev9_ec1_n99_s3_gm                                n=   297  res=     0.000  ortU=    23.600  ortV=    23.600    drift=0.00e+00  t_eval=3.94e-02  t_dbdsqr=3.03e-03
  tri3_n19_gs                                      n=    38  res=     0.100  ortU=    23.600  ortV=    23.600    drift=0.00e+00  t_eval=6.85e-04  t_dbdsqr=3.38e-05
  tri4_n93_gs                                      n=   186  res=     0.100  ortU=    23.600  ortV=    23.600    drift=0.00e+00  t_eval=1.81e-02  t_dbdsqr=3.84e-04
  ev3_ec1_n66_s2_gm                                n=   198  res=     0.000  ortU=    23.500  ortV=    23.400    drift=0.00e+00  t_eval=1.78e-02  t_dbdsqr=7.98e-04
  ev4_ec1_n39_s1_gm                                n=   117  res=     0.000  ortU=    23.500  ortV=    23.500    drift=0.00e+00  t_eval=3.52e-03  t_dbdsqr=4.30e-04
  ev4_ec1_n53_s0_gs                                n=   106  res=     0.000  ortU=    23.400  ortV=    23.500    drift=0.00e+00  t_eval=5.50e-03  t_dbdsqr=1.81e-04
  ev4_ec1_n56_s0_gs                                n=   112  res=     0.000  ortU=    23.400  ortV=    23.500    drift=0.00e+00  t_eval=6.21e-03  t_dbdsqr=2.15e-04
  ev4_ec1_n78_s2_gs                                n=   156  res=     0.000  ortU=    23.500  ortV=    23.500    drift=0.00e+00  t_eval=1.30e-02  t_dbdsqr=3.57e-04
  ev4_ec1_n85_s1_gs                                n=   170  res=     0.000  ortU=    23.500  ortV=    23.500    drift=0.00e+00  t_eval=1.61e-02  t_dbdsqr=3.97e-04
  ev4_ec4_n95_s1_gs                                n=   190  res=     0.000  ortU=    23.500  ortV=    23.500    drift=0.00e+00  t_eval=2.06e-02  t_dbdsqr=1.05e-03
  ev9_ec1_n38_s3_gm                                n=   114  res=     0.000  ortU=    23.500  ortV=    23.500    drift=0.00e+00  t_eval=4.81e-03  t_dbdsqr=1.92e-04
  ev9_ec1_n55_s0_gm                                n=   165  res=     0.000  ortU=    23.500  ortV=    23.500    drift=0.00e+00  t_eval=1.11e-02  t_dbdsqr=1.11e-03
  tri7_n10_gs                                      n=    20  res=     0.100  ortU=    23.500  ortV=    23.400    drift=0.00e+00  t_eval=1.39e-04  t_dbdsqr=1.37e-05
  ev4_ec1_n83_s3_gs                                n=   166  res=     0.000  ortU=    23.400  ortV=    23.400    drift=0.00e+00  t_eval=1.41e-02  t_dbdsqr=3.95e-04
  ev5_ec1_n25_s2                                   n=    25  res=     0.200  ortU=    23.400  ortV=    23.400    drift=0.00e+00  t_eval=7.69e-05  t_dbdsqr=1.82e-05
  ev8_ec1_n7_s1_gm                                 n=    21  res=     0.200  ortU=    23.400  ortV=    23.400    drift=0.00e+00  t_eval=1.54e-04  t_dbdsqr=3.57e-05
  ev3_ec1_n13_s0_gm                                n=    39  res=     0.100  ortU=    23.300  ortV=    23.300    drift=0.00e+00  t_eval=5.90e-04  t_dbdsqr=4.27e-05
  ev4_ec4_n50_s2_gs                                n=   100  res=     0.000  ortU=    23.300  ortV=    23.300    drift=0.00e+00  t_eval=4.75e-03  t_dbdsqr=1.51e-04
  ev5_ec1_n27_s3                                   n=    27  res=     0.100  ortU=    23.300  ortV=    23.300    drift=0.00e+00  t_eval=9.80e-05  t_dbdsqr=2.03e-05
  ev6_ec1_n12_s3_gs                                n=    24  res=     0.100  ortU=    23.300  ortV=    23.300    drift=0.00e+00  t_eval=2.13e-04  t_dbdsqr=1.82e-05
  ev7_ec1_n94_s2_gm                                n=   282  res=     0.000  ortU=    23.300  ortV=    23.300    drift=0.00e+00  t_eval=3.59e-02  t_dbdsqr=6.17e-04
  ev8_ec1_n14_s0_gm                                n=    42  res=     0.100  ortU=    23.300  ortV=    23.300    drift=0.00e+00  t_eval=5.29e-04  t_dbdsqr=1.01e-04
  ev8_ec1_n72_s2_gm                                n=   216  res=     0.000  ortU=    23.300  ortV=    23.300    drift=0.00e+00  t_eval=1.66e-02  t_dbdsqr=1.74e-03
  ev3_ec4_n79_s3_gm                                n=   237  res=     0.000  ortU=    23.200  ortV=    23.200    drift=0.00e+00  t_eval=2.65e-02  t_dbdsqr=3.22e-04
  ev4_ec1_n68_s0_gs                                n=   136  res=     0.000  ortU=    23.200  ortV=    23.200    drift=0.00e+00  t_eval=9.65e-03  t_dbdsqr=2.85e-04
  ev4_ec4_n72_s2_gs                                n=   144  res=     0.000  ortU=    23.200  ortV=    23.200    drift=0.00e+00  t_eval=1.10e-02  t_dbdsqr=3.18e-04
  ev6_ec1_n57_s2_gm                                n=   171  res=     0.000  ortU=    23.200  ortV=    23.200    drift=0.00e+00  t_eval=9.96e-03  t_dbdsqr=8.48e-04
  ev9_ec1_n24_s0_gs                                n=    48  res=     0.200  ortU=    23.200  ortV=    23.200    drift=0.00e+00  t_eval=7.58e-04  t_dbdsqr=7.68e-05
  ev4_ec1_n72_s2_gs                                n=   144  res=     0.000  ortU=    23.100  ortV=    23.100    drift=0.00e+00  t_eval=1.13e-02  t_dbdsqr=3.15e-04
  ev4_ec4_n24_s3_gs                                n=    48  res=     0.100  ortU=    23.100  ortV=    23.100    drift=0.00e+00  t_eval=1.01e-03  t_dbdsqr=4.47e-05
  ev6_ec1_n9_s2_gs                                 n=    18  res=     0.100  ortU=    23.100  ortV=    23.100    drift=0.00e+00  t_eval=1.20e-04  t_dbdsqr=1.22e-05
  ev6_ec1_n26_s2_gs                                n=    52  res=     0.100  ortU=    23.100  ortV=    23.100    drift=0.00e+00  t_eval=1.54e-03  t_dbdsqr=5.07e-05
  ev6_ec1_n46_s0                                   n=    46  res=     0.200  ortU=    23.000  ortV=    23.100    drift=0.00e+00  t_eval=2.07e-04  t_dbdsqr=8.90e-05
  ev6_ec1_n91_s2_gs                                n=   182  res=     0.100  ortU=    23.100  ortV=    23.100    drift=0.00e+00  t_eval=1.88e-02  t_dbdsqr=6.56e-04
  ev7_ec1_n98_s3_gs                                n=   196  res=     0.000  ortU=    23.100  ortV=    23.100    drift=0.00e+00  t_eval=1.25e-02  t_dbdsqr=5.09e-04
  tri2_n97_gs                                      n=   194  res=     0.000  ortU=    23.100  ortV=    23.000    drift=0.00e+00  t_eval=1.25e-02  t_dbdsqr=8.38e-04
  ev4_ec1_n37_s0_gs                                n=    74  res=     0.000  ortU=    23.000  ortV=    23.000    drift=0.00e+00  t_eval=2.41e-03  t_dbdsqr=9.34e-05
  ev6_ec1_n24_s3_gs                                n=    48  res=     0.100  ortU=    23.000  ortV=    23.000    drift=0.00e+00  t_eval=1.10e-03  t_dbdsqr=4.58e-05
  ev6_ec1_n92_s0_gm                                n=   276  res=     0.100  ortU=    23.000  ortV=    23.000    drift=0.00e+00  t_eval=2.69e-02  t_dbdsqr=2.21e-03
  tri3_n87_gm                                      n=   261  res=     0.000  ortU=    23.000  ortV=    23.000    drift=0.00e+00  t_eval=3.67e-02  t_dbdsqr=1.94e-03
  tri7_n75_gs                                      n=   150  res=     0.000  ortU=    23.000  ortV=    23.000    drift=0.00e+00  t_eval=1.11e-02  t_dbdsqr=2.28e-04
  ev4_ec1_n61_s0_gm                                n=   183  res=     0.000  ortU=    22.900  ortV=    22.900    drift=0.00e+00  t_eval=9.85e-03  t_dbdsqr=9.85e-04
  ev4_ec1_n98_s3_gs                                n=   196  res=     0.000  ortU=    22.900  ortV=    22.900    drift=0.00e+00  t_eval=2.11e-02  t_dbdsqr=1.11e-03
  ev6_ec1_n62_s3_gs                                n=   124  res=     0.000  ortU=    22.900  ortV=    22.900    drift=0.00e+00  t_eval=9.31e-03  t_dbdsqr=2.38e-04
  ev8_ec1_n76_s1_gm                                n=   228  res=     0.000  ortU=    22.900  ortV=    22.900    drift=0.00e+00  t_eval=1.85e-02  t_dbdsqr=1.88e-03
  tri7_n72_gs                                      n=   144  res=     0.000  ortU=    22.900  ortV=    22.900    drift=0.00e+00  t_eval=1.02e-02  t_dbdsqr=2.12e-04
  ev3_ec1_n21_s1_gm                                n=    63  res=     0.100  ortU=    22.800  ortV=    22.800    drift=0.00e+00  t_eval=1.63e-03  t_dbdsqr=1.22e-04
  ev4_ec1_n42_s3_gs                                n=    84  res=     0.000  ortU=    22.800  ortV=    22.800    drift=0.00e+00  t_eval=3.10e-03  t_dbdsqr=1.18e-04
  ev7_ec1_n39_s2_gm                                n=   117  res=     0.100  ortU=    22.800  ortV=    22.800    drift=0.00e+00  t_eval=5.47e-03  t_dbdsqr=1.12e-05
  ev9_ec1_n57_s0_gm                                n=   171  res=     0.200  ortU=    22.800  ortV=    22.800    drift=0.00e+00  t_eval=1.13e-02  t_dbdsqr=5.83e-04
  ev9_ec1_n69_s2_gm                                n=   207  res=     0.100  ortU=    22.800  ortV=    22.800    drift=0.00e+00  t_eval=1.90e-02  t_dbdsqr=1.57e-03
  tri2_n54                                         n=    54  res=     0.300  ortU=    22.700  ortV=    22.800    drift=0.00e+00  t_eval=1.96e-04  t_dbdsqr=6.74e-05
  tri6_n48_gs                                      n=    96  res=     0.100  ortU=    22.800  ortV=    22.800    drift=0.00e+00  t_eval=4.84e-03  t_dbdsqr=2.31e-04
  ev1_ec1_n71_s2_gs                                n=   142  res=     0.000  ortU=    22.700  ortV=    22.700    drift=0.00e+00  t_eval=3.64e-04  t_dbdsqr=1.39e-05
  ev3_ec1_n21_s1                                   n=    21  res=     0.100  ortU=    22.700  ortV=    22.700    drift=0.00e+00  t_eval=5.37e-05  t_dbdsqr=1.28e-05
  ev4_ec1_n88_s0_gs                                n=   176  res=     0.000  ortU=    22.600  ortV=    22.700    drift=0.00e+00  t_eval=1.61e-02  t_dbdsqr=4.38e-04
  ev5_ec4_n34_s0_gm                                n=   102  res=     0.100  ortU=    22.700  ortV=    22.700    drift=0.00e+00  t_eval=4.53e-03  t_dbdsqr=6.91e-05
  ev6_ec1_n37_s1_gs                                n=    74  res=     0.100  ortU=    22.700  ortV=    22.600    drift=0.00e+00  t_eval=2.86e-03  t_dbdsqr=1.27e-04
  ev6_ec1_n65_s0_gs                                n=   130  res=     0.000  ortU=    22.700  ortV=    22.700    drift=0.00e+00  t_eval=7.16e-03  t_dbdsqr=2.62e-04
  ev8_ec1_n50_s2_gm                                n=   150  res=     0.000  ortU=    22.700  ortV=    22.700    drift=0.00e+00  t_eval=7.30e-03  t_dbdsqr=8.22e-04
  ev9_ec1_n42_s1_gm                                n=   126  res=     0.000  ortU=    22.600  ortV=    22.700    drift=0.00e+00  t_eval=6.00e-03  t_dbdsqr=6.63e-04
  tri5_n74_gs                                      n=   148  res=     0.000  ortU=    22.700  ortV=    22.700    drift=0.00e+00  t_eval=6.97e-03  t_dbdsqr=2.40e-04
  tri6_n57_gs                                      n=   114  res=     0.100  ortU=    22.600  ortV=    22.700    drift=0.00e+00  t_eval=7.05e-03  t_dbdsqr=3.28e-04
  tri7_n70_gs                                      n=   140  res=     0.000  ortU=    22.700  ortV=    22.700    drift=0.00e+00  t_eval=9.55e-03  t_dbdsqr=2.04e-04
  ev4_ec4_n12_s0_gs                                n=    24  res=     0.100  ortU=    22.600  ortV=    22.600    drift=0.00e+00  t_eval=1.95e-04  t_dbdsqr=1.56e-05
  ev4_ec4_n77_s2_gs                                n=   154  res=     0.000  ortU=    22.600  ortV=    22.600    drift=0.00e+00  t_eval=1.24e-02  t_dbdsqr=3.48e-04
  ev8_ec1_n93_s2_gm                                n=   279  res=     0.100  ortU=    22.600  ortV=    22.600    drift=0.00e+00  t_eval=2.76e-02  t_dbdsqr=2.72e-03
  ev4_ec1_n82_s3_gs                                n=   164  res=     0.000  ortU=    22.500  ortV=    22.500    drift=0.00e+00  t_eval=1.49e-02  t_dbdsqr=3.89e-04
  ev4_ec4_n43_s2_gm                                n=   129  res=     0.000  ortU=    22.500  ortV=    22.500    drift=0.00e+00  t_eval=5.00e-03  t_dbdsqr=5.30e-04
  ev4_ec4_n47_s1_gs                                n=    94  res=     0.000  ortU=    22.500  ortV=    22.500    drift=0.00e+00  t_eval=4.48e-03  t_dbdsqr=1.42e-04
  ev4_ec4_n76_s2_gs                                n=   152  res=     0.000  ortU=    22.500  ortV=    22.500    drift=0.00e+00  t_eval=1.20e-02  t_dbdsqr=3.47e-04
  ev4_ec4_n79_s0_gs                                n=   158  res=     0.000  ortU=    22.500  ortV=    22.400    drift=0.00e+00  t_eval=1.28e-02  t_dbdsqr=3.75e-04
  ev4_ec4_n81_s2_gm                                n=   243  res=     0.000  ortU=    22.500  ortV=    22.500    drift=0.00e+00  t_eval=2.00e-02  t_dbdsqr=1.67e-03
  ev6_ec1_n43_s2_gm                                n=   129  res=     0.100  ortU=    22.500  ortV=    22.500    drift=0.00e+00  t_eval=6.56e-03  t_dbdsqr=4.93e-04
  ev7_ec1_n77_s1_gm                                n=   231  res=     0.000  ortU=    22.500  ortV=    22.500    drift=0.00e+00  t_eval=2.40e-02  t_dbdsqr=6.21e-04
  ev8_ec1_n45_s1_gm                                n=   135  res=     0.100  ortU=    22.500  ortV=    22.500    drift=0.00e+00  t_eval=6.21e-03  t_dbdsqr=7.38e-04
  tri6_n99_gs                                      n=   198  res=     0.000  ortU=    22.500  ortV=    22.500    drift=0.00e+00  t_eval=2.27e-02  t_dbdsqr=8.95e-04
  ev4_ec1_n45_s1_gm                                n=   135  res=     0.000  ortU=    22.400  ortV=    22.400    drift=0.00e+00  t_eval=4.86e-03  t_dbdsqr=5.86e-04
  ev4_ec4_n51_s2_gs                                n=   102  res=     0.000  ortU=    22.400  ortV=    22.400    drift=0.00e+00  t_eval=5.07e-03  t_dbdsqr=1.60e-04
  ev4_ec4_n81_s3_gs                                n=   162  res=     0.000  ortU=    22.400  ortV=    22.400    drift=0.00e+00  t_eval=1.42e-02  t_dbdsqr=3.86e-04
  ev7_ec1_n13_s0_gm                                n=    39  res=     0.200  ortU=    22.400  ortV=    22.400    drift=0.00e+00  t_eval=6.30e-04  t_dbdsqr=6.69e-06
  ev6_ec1_n31_s3                                   n=    31  res=     0.200  ortU=    22.300  ortV=    22.300    drift=0.00e+00  t_eval=9.32e-05  t_dbdsqr=3.52e-05
  ev6_ec1_n35_s2_gs                                n=    70  res=     0.000  ortU=    22.300  ortV=    22.300    drift=0.00e+00  t_eval=2.88e-03  t_dbdsqr=1.21e-04
  ev4_ec1_n92_s3_gs                                n=   184  res=     0.000  ortU=    22.200  ortV=    22.200    drift=0.00e+00  t_eval=1.81e-02  t_dbdsqr=4.87e-04
  ev4_ec1_n98_s3_gm                                n=   294  res=     0.100  ortU=    22.200  ortV=    22.200    drift=0.00e+00  t_eval=2.98e-02  t_dbdsqr=2.36e-03
  ev6_ec1_n40_s3                                   n=    40  res=     0.100  ortU=    22.200  ortV=    22.100    drift=0.00e+00  t_eval=1.69e-04  t_dbdsqr=5.82e-05
  ev6_ec1_n43_s3_gm                                n=   129  res=     0.100  ortU=    22.100  ortV=    22.200    drift=0.00e+00  t_eval=5.55e-03  t_dbdsqr=5.01e-04
  ev9_ec1_n28_s3_gm                                n=    84  res=     0.100  ortU=    22.200  ortV=    22.200    drift=0.00e+00  t_eval=2.81e-03  t_dbdsqr=1.16e-04
  tri7_n16_gs                                      n=    32  res=     0.100  ortU=    22.200  ortV=    22.200    drift=0.00e+00  t_eval=3.73e-04  t_dbdsqr=2.14e-05
  ev4_ec1_n26_s1_gs                                n=    52  res=     0.000  ortU=    22.100  ortV=    22.100    drift=0.00e+00  t_eval=1.09e-03  t_dbdsqr=5.41e-05
  ev4_ec4_n87_s1_gm                                n=   261  res=     0.000  ortU=    22.100  ortV=    22.100    drift=0.00e+00  t_eval=2.37e-02  t_dbdsqr=1.91e-03
  ev6_ec1_n38_s3                                   n=    38  res=     0.100  ortU=    22.100  ortV=    22.000    drift=0.00e+00  t_eval=1.47e-04  t_dbdsqr=4.89e-05
  ev6_ec1_n56_s0                                   n=    56  res=     0.200  ortU=    22.000  ortV=    22.100    drift=0.00e+00  t_eval=3.20e-04  t_dbdsqr=1.06e-04
  ev9_ec1_n40_s0_gm                                n=   120  res=     0.100  ortU=    22.100  ortV=    22.100    drift=0.00e+00  t_eval=5.64e-03  t_dbdsqr=6.34e-04
  tri2_n78                                         n=    78  res=     0.300  ortU=    22.100  ortV=    22.100    drift=0.00e+00  t_eval=4.21e-04  t_dbdsqr=1.29e-04
  tri4_n61_gs                                      n=   122  res=     0.000  ortU=    22.100  ortV=    22.100    drift=0.00e+00  t_eval=7.11e-03  t_dbdsqr=1.78e-04
  ev3_ec4_n6_s2                                    n=     6  res=     0.200  ortU=    21.700  ortV=    22.000    drift=0.00e+00  t_eval=1.42e-05  t_dbdsqr=2.99e-06
  ev4_ec1_n59_s3_gm                                n=   177  res=     0.100  ortU=    22.000  ortV=    21.900    drift=0.00e+00  t_eval=9.23e-03  t_dbdsqr=9.38e-04
  ev4_ec1_n71_s2_gs                                n=   142  res=     0.000  ortU=    22.000  ortV=    22.000    drift=0.00e+00  t_eval=1.14e-02  t_dbdsqr=3.53e-04
  ev4_ec4_n29_s1_gs                                n=    58  res=     0.100  ortU=    22.000  ortV=    22.000    drift=0.00e+00  t_eval=1.37e-03  t_dbdsqr=6.07e-05
  ev4_ec4_n85_s2_gs                                n=   170  res=     0.000  ortU=    22.000  ortV=    22.000    drift=0.00e+00  t_eval=1.53e-02  t_dbdsqr=4.71e-04
  ev5_ec1_n16_s3                                   n=    16  res=     0.100  ortU=    21.900  ortV=    22.000    drift=0.00e+00  t_eval=3.95e-05  t_dbdsqr=1.06e-05
  ev8_ec1_n26_s3_gm                                n=    78  res=     0.100  ortU=    22.000  ortV=    22.000    drift=0.00e+00  t_eval=1.85e-03  t_dbdsqr=2.53e-04
  tri4_n88_gm                                      n=   264  res=     0.000  ortU=    22.000  ortV=    22.000    drift=0.00e+00  t_eval=2.29e-02  t_dbdsqr=1.71e-03
  ev3_ec4_n29_s3_gm                                n=    87  res=     0.100  ortU=    21.800  ortV=    21.900    drift=0.00e+00  t_eval=3.58e-03  t_dbdsqr=8.04e-05
  ev4_ec4_n40_s3_gs                                n=    80  res=     0.000  ortU=    21.900  ortV=    21.900    drift=0.00e+00  t_eval=2.86e-03  t_dbdsqr=1.02e-04
  ev8_ec1_n12_s0_gs                                n=    24  res=     0.200  ortU=    21.900  ortV=    21.900    drift=0.00e+00  t_eval=2.88e-04  t_dbdsqr=1.83e-05
  ev3_ec1_n6_s2_gm                                 n=    18  res=     0.300  ortU=    21.800  ortV=    21.800    drift=0.00e+00  t_eval=8.87e-05  t_dbdsqr=1.23e-05
  ev3_ec1_n12_s3                                   n=    12  res=     0.200  ortU=    21.700  ortV=    21.800    drift=0.00e+00  t_eval=2.43e-05  t_dbdsqr=6.32e-06
  ev4_ec4_n24_s2_gs                                n=    48  res=     0.000  ortU=    21.800  ortV=    21.800    drift=0.00e+00  t_eval=9.69e-04  t_dbdsqr=4.48e-05
  ev4_ec4_n44_s2_gm                                n=   132  res=     0.000  ortU=    21.800  ortV=    21.800    drift=0.00e+00  t_eval=4.71e-03  t_dbdsqr=5.48e-04
  ev4_ec4_n89_s3_gs                                n=   178  res=     0.000  ortU=    21.800  ortV=    21.700    drift=0.00e+00  t_eval=1.68e-02  t_dbdsqr=4.55e-04
  ev6_ec1_n88_s1_gm                                n=   264  res=     0.000  ortU=    21.800  ortV=    21.800    drift=0.00e+00  t_eval=2.96e-02  t_dbdsqr=1.95e-03
  ev6_ec1_n96_s3_gs                                n=   192  res=     0.000  ortU=    21.800  ortV=    21.800    drift=0.00e+00  t_eval=2.27e-02  t_dbdsqr=5.03e-04
  ev8_ec1_n48_s3_gm                                n=   144  res=     0.000  ortU=    21.800  ortV=    21.800    drift=0.00e+00  t_eval=6.91e-03  t_dbdsqr=8.00e-04
  ev9_ec1_n8_s2_gm                                 n=    24  res=     0.200  ortU=    21.800  ortV=    21.800    drift=0.00e+00  t_eval=1.81e-04  t_dbdsqr=3.00e-05
  ev3_ec4_n85_s1_gm                                n=   255  res=     0.000  ortU=    21.700  ortV=    21.700    drift=0.00e+00  t_eval=3.08e-02  t_dbdsqr=3.85e-04
  ev4_ec1_n24_s1_gs                                n=    48  res=     0.100  ortU=    21.700  ortV=    21.700    drift=0.00e+00  t_eval=1.00e-03  t_dbdsqr=4.84e-05
  ev4_ec1_n48_s2_gm                                n=   144  res=     0.000  ortU=    21.700  ortV=    21.700    drift=0.00e+00  t_eval=5.61e-03  t_dbdsqr=6.39e-04
  ev4_ec1_n71_s0_gm                                n=   213  res=     0.100  ortU=    21.700  ortV=    21.700    drift=0.00e+00  t_eval=1.46e-02  t_dbdsqr=1.27e-03
  ev4_ec4_n56_s2_gs                                n=   112  res=     0.000  ortU=    21.700  ortV=    21.700    drift=0.00e+00  t_eval=5.89e-03  t_dbdsqr=1.85e-04
  ev6_ec1_n33_s0_gs                                n=    66  res=     0.000  ortU=    21.700  ortV=    21.700    drift=0.00e+00  t_eval=1.98e-03  t_dbdsqr=8.61e-05
  ev6_ec1_n47_s0                                   n=    47  res=     0.100  ortU=    21.700  ortV=    21.700    drift=0.00e+00  t_eval=1.93e-04  t_dbdsqr=6.97e-05
  ev6_ec1_n97_s3                                   n=    97  res=     0.100  ortU=    21.700  ortV=    21.700    drift=0.00e+00  t_eval=1.02e-03  t_dbdsqr=2.69e-04
  tri6_n58_gm                                      n=   174  res=     0.000  ortU=    21.700  ortV=    21.700    drift=0.00e+00  t_eval=8.62e-03  t_dbdsqr=8.52e-04
  tri7_n51_gs                                      n=   102  res=     0.000  ortU=    21.700  ortV=    21.700    drift=0.00e+00  t_eval=5.09e-03  t_dbdsqr=1.23e-04
  ev3_ec4_n38_s0_gm                                n=   114  res=     0.100  ortU=    21.600  ortV=    21.600    drift=0.00e+00  t_eval=6.19e-03  t_dbdsqr=1.17e-04
  ev4_ec1_n34_s2_gs                                n=    68  res=     0.000  ortU=    21.600  ortV=    21.600    drift=0.00e+00  t_eval=2.19e-03  t_dbdsqr=8.56e-05
  ev4_ec1_n53_s2_gm                                n=   159  res=     0.100  ortU=    21.600  ortV=    21.600    drift=0.00e+00  t_eval=7.92e-03  t_dbdsqr=7.64e-04
  ev4_ec4_n82_s2_gm                                n=   246  res=     0.000  ortU=    21.600  ortV=    21.600    drift=0.00e+00  t_eval=2.01e-02  t_dbdsqr=1.69e-03
  ev5_ec4_n12_s3_gm                                n=    36  res=     0.100  ortU=    21.600  ortV=    21.600    drift=0.00e+00  t_eval=6.53e-04  t_dbdsqr=3.04e-05
  ev6_ec1_n14_s0_gs                                n=    28  res=     0.100  ortU=    21.600  ortV=    21.600    drift=0.00e+00  t_eval=2.81e-04  t_dbdsqr=1.99e-05
  ev6_ec1_n51_s3_gm                                n=   153  res=     0.100  ortU=    21.600  ortV=    21.600    drift=0.00e+00  t_eval=8.18e-03  t_dbdsqr=7.19e-04
  ev6_ec1_n61_s0_gs                                n=   122  res=     0.100  ortU=    21.500  ortV=    21.600    drift=0.00e+00  t_eval=7.26e-03  t_dbdsqr=2.44e-04
  ev6_ec1_n94_s2_gs                                n=   188  res=     0.000  ortU=    21.600  ortV=    21.600    drift=0.00e+00  t_eval=1.95e-02  t_dbdsqr=5.14e-04
  ev9_ec1_n25_s1_gm                                n=    75  res=     0.100  ortU=    21.600  ortV=    21.600    drift=0.00e+00  t_eval=2.24e-03  t_dbdsqr=2.58e-04
  ev4_ec4_n76_s2_gm                                n=   228  res=     0.000  ortU=    21.500  ortV=    21.500    drift=0.00e+00  t_eval=1.68e-02  t_dbdsqr=1.42e-03
  ev5_ec1_n9_s3                                    n=     9  res=     0.400  ortU=    21.500  ortV=    21.500    drift=0.00e+00  t_eval=1.67e-05  t_dbdsqr=8.00e-06
  ev5_ec1_n93_s3_gm                                n=   279  res=     0.000  ortU=    21.500  ortV=    21.500    drift=0.00e+00  t_eval=3.62e-02  t_dbdsqr=1.10e-03
  ev5_ec4_n3_s0_gs                                 n=     6  res=     0.300  ortU=    21.400  ortV=    21.500    drift=0.00e+00  t_eval=2.15e-05  t_dbdsqr=1.77e-06
  ev9_ec1_n14_s1_gs                                n=    28  res=     0.500  ortU=    21.500  ortV=    21.500    drift=0.00e+00  t_eval=2.51e-04  t_dbdsqr=3.00e-05
  ev9_ec1_n99_s1_gm                                n=   297  res=     0.000  ortU=    21.500  ortV=    21.500    drift=0.00e+00  t_eval=3.64e-02  t_dbdsqr=3.15e-03
  ev4_ec1_n66_s1_gm                                n=   198  res=     0.000  ortU=    21.400  ortV=    21.400    drift=0.00e+00  t_eval=1.26e-02  t_dbdsqr=1.15e-03
  ev6_ec1_n90_s1_gs                                n=   180  res=     0.000  ortU=    21.400  ortV=    21.400    drift=0.00e+00  t_eval=2.01e-02  t_dbdsqr=4.62e-04
  tri2_n66                                         n=    66  res=     0.300  ortU=    21.300  ortV=    21.400    drift=0.00e+00  t_eval=3.01e-04  t_dbdsqr=9.28e-05
  tri7_n61_gm                                      n=   183  res=     0.000  ortU=    21.400  ortV=    21.400    drift=0.00e+00  t_eval=1.07e-02  t_dbdsqr=8.78e-04
  ev4_ec1_n35_s3_gs                                n=    70  res=     0.000  ortU=    21.300  ortV=    21.200    drift=0.00e+00  t_eval=2.13e-03  t_dbdsqr=7.83e-05
  ev6_ec1_n49_s0_gm                                n=   147  res=     0.100  ortU=    21.300  ortV=    21.300    drift=0.00e+00  t_eval=6.84e-03  t_dbdsqr=6.48e-04
  ev6_ec1_n61_s3_gs                                n=   122  res=     0.000  ortU=    21.300  ortV=    21.300    drift=0.00e+00  t_eval=9.09e-03  t_dbdsqr=2.31e-04
  ev7_ec1_n68_s3_gs                                n=   136  res=     0.000  ortU=    21.300  ortV=    21.300    drift=0.00e+00  t_eval=5.93e-03  t_dbdsqr=2.61e-04
  ev8_ec1_n51_s0_gm                                n=   153  res=     0.100  ortU=    21.300  ortV=    21.300    drift=0.00e+00  t_eval=7.60e-03  t_dbdsqr=8.74e-04
  ev9_ec1_n4_s3_gs                                 n=     8  res=     0.200  ortU=    21.200  ortV=    21.300    drift=0.00e+00  t_eval=2.21e-05  t_dbdsqr=6.58e-06
  tri4_n79_gs                                      n=   158  res=     0.000  ortU=    21.300  ortV=    21.300    drift=0.00e+00  t_eval=1.25e-02  t_dbdsqr=2.78e-04
  tri6_n73_gs                                      n=   146  res=     0.000  ortU=    21.300  ortV=    21.300    drift=0.00e+00  t_eval=1.20e-02  t_dbdsqr=5.09e-04
  tri7_n58_gm                                      n=   174  res=     0.000  ortU=    21.300  ortV=    21.300    drift=0.00e+00  t_eval=9.44e-03  t_dbdsqr=8.01e-04
  ev4_ec1_n35_s1_gs                                n=    70  res=     0.000  ortU=    21.200  ortV=    21.200    drift=0.00e+00  t_eval=2.09e-03  t_dbdsqr=8.18e-05
  ev5_ec1_n81_s2_gm                                n=   243  res=     0.000  ortU=    21.200  ortV=    21.200    drift=0.00e+00  t_eval=2.74e-02  t_dbdsqr=8.97e-04
  ev7_ec1_n26_s1_gm                                n=    78  res=     0.100  ortU=    21.200  ortV=    21.200    drift=0.00e+00  t_eval=2.52e-03  t_dbdsqr=8.17e-06
  ev4_ec1_n59_s3_gs                                n=   118  res=     0.000  ortU=    21.100  ortV=    21.100    drift=0.00e+00  t_eval=6.85e-03  t_dbdsqr=2.43e-04
  ev4_ec4_n46_s3_gm                                n=   138  res=     0.000  ortU=    21.100  ortV=    21.100    drift=0.00e+00  t_eval=6.59e-03  t_dbdsqr=5.80e-04
  ev4_ec4_n82_s1_gm                                n=   246  res=     0.100  ortU=    21.100  ortV=    21.100    drift=0.00e+00  t_eval=1.99e-02  t_dbdsqr=1.71e-03
  ev5_ec4_n44_s1_gm                                n=   132  res=     0.000  ortU=    21.100  ortV=    21.100    drift=0.00e+00  t_eval=8.09e-03  t_dbdsqr=3.62e-04
  ev6_ec1_n28_s1                                   n=    28  res=     0.200  ortU=    21.000  ortV=    21.100    drift=0.00e+00  t_eval=7.82e-05  t_dbdsqr=3.64e-05
  ev6_ec1_n59_s1_gs                                n=   118  res=     0.000  ortU=    21.100  ortV=    21.100    drift=0.00e+00  t_eval=8.35e-03  t_dbdsqr=2.08e-04
  tri6_n55_gs                                      n=   110  res=     0.100  ortU=    21.100  ortV=    21.100    drift=0.00e+00  t_eval=6.59e-03  t_dbdsqr=3.08e-04
  ev3_ec1_n9_s0_gm                                 n=    27  res=     0.100  ortU=    21.000  ortV=    21.000    drift=0.00e+00  t_eval=2.51e-04  t_dbdsqr=1.86e-05
  ev3_ec4_n7_s1_gs                                 n=    14  res=     0.400  ortU=    21.000  ortV=    20.700    drift=0.00e+00  t_eval=9.78e-05  t_dbdsqr=5.70e-06
  ev4_ec1_n17_s2_gs                                n=    34  res=     0.100  ortU=    21.000  ortV=    21.000    drift=0.00e+00  t_eval=4.25e-04  t_dbdsqr=2.51e-05
  ev4_ec1_n87_s2_gs                                n=   174  res=     0.000  ortU=    21.000  ortV=    21.000    drift=0.00e+00  t_eval=1.64e-02  t_dbdsqr=4.30e-04
  ev4_ec4_n60_s0_gs                                n=   120  res=     0.000  ortU=    21.000  ortV=    21.000    drift=0.00e+00  t_eval=7.02e-03  t_dbdsqr=2.18e-04
  ev4_ec4_n73_s1_gs                                n=   146  res=     0.000  ortU=    21.000  ortV=    21.000    drift=0.00e+00  t_eval=1.12e-02  t_dbdsqr=3.58e-04
  ev6_ec1_n15_s1_gs                                n=    30  res=     0.100  ortU=    20.900  ortV=    21.000    drift=0.00e+00  t_eval=3.37e-04  t_dbdsqr=2.42e-05
  ev6_ec1_n44_s0_gm                                n=   132  res=     0.000  ortU=    21.000  ortV=    20.900    drift=0.00e+00  t_eval=4.76e-03  t_dbdsqr=5.45e-04
  ev6_ec1_n52_s1_gm                                n=   156  res=     0.000  ortU=    21.000  ortV=    21.000    drift=0.00e+00  t_eval=7.89e-03  t_dbdsqr=7.22e-04
  ev9_ec1_n35_s0_gm                                n=   105  res=     0.000  ortU=    20.900  ortV=    21.000    drift=0.00e+00  t_eval=4.28e-03  t_dbdsqr=1.93e-04
  tri2_n94_gs                                      n=   188  res=     0.000  ortU=    21.000  ortV=    21.000    drift=0.00e+00  t_eval=1.17e-02  t_dbdsqr=7.65e-04
  tri4_n56_gs                                      n=   112  res=     0.000  ortU=    21.000  ortV=    21.000    drift=0.00e+00  t_eval=5.85e-03  t_dbdsqr=1.57e-04
  tri5_n47                                         n=    47  res=     0.200  ortU=    21.000  ortV=    21.000    drift=0.00e+00  t_eval=1.54e-04  t_dbdsqr=5.31e-05
  tri6_n50_gm                                      n=   150  res=     0.000  ortU=    21.000  ortV=    21.000    drift=0.00e+00  t_eval=6.47e-03  t_dbdsqr=6.45e-04
  ev4_ec1_n40_s0_gs                                n=    80  res=     0.000  ortU=    20.900  ortV=    20.900    drift=0.00e+00  t_eval=3.10e-03  t_dbdsqr=1.01e-04
  ev4_ec1_n68_s3_gs                                n=   136  res=     0.000  ortU=    20.900  ortV=    20.900    drift=0.00e+00  t_eval=9.68e-03  t_dbdsqr=2.83e-04
  ev4_ec4_n69_s1_gm                                n=   207  res=     0.000  ortU=    20.900  ortV=    20.900    drift=0.00e+00  t_eval=1.33e-02  t_dbdsqr=1.22e-03
  ev4_ec4_n79_s0_gm                                n=   237  res=     0.000  ortU=    20.900  ortV=    20.900    drift=0.00e+00  t_eval=1.86e-02  t_dbdsqr=1.60e-03
  ev5_ec1_n21_s3_gm                                n=    63  res=     0.100  ortU=    20.900  ortV=    20.800    drift=0.00e+00  t_eval=1.55e-03  t_dbdsqr=1.04e-04
  ev6_ec1_n20_s1_gs                                n=    40  res=     0.100  ortU=    20.900  ortV=    20.900    drift=0.00e+00  t_eval=6.43e-04  t_dbdsqr=3.92e-05
  ev4_ec4_n80_s3_gs                                n=   160  res=     0.000  ortU=    20.800  ortV=    20.800    drift=0.00e+00  t_eval=1.34e-02  t_dbdsqr=4.13e-04
  ev6_ec1_n35_s1                                   n=    35  res=     0.100  ortU=    20.800  ortV=    20.800    drift=0.00e+00  t_eval=1.31e-04  t_dbdsqr=5.75e-05
  ev6_ec1_n99_s0_gm                                n=   297  res=     0.000  ortU=    20.800  ortV=    20.800    drift=0.00e+00  t_eval=3.10e-02  t_dbdsqr=2.43e-03
  ev9_ec1_n73_s3_gm                                n=   219  res=     0.000  ortU=    20.800  ortV=    20.800    drift=0.00e+00  t_eval=2.10e-02  t_dbdsqr=1.76e-03
  ev3_ec4_n77_s1_gm                                n=   231  res=     0.000  ortU=    20.700  ortV=    20.700    drift=0.00e+00  t_eval=2.55e-02  t_dbdsqr=3.09e-04
  ev4_ec4_n50_s3_gm                                n=   150  res=     0.000  ortU=    20.700  ortV=    20.700    drift=0.00e+00  t_eval=6.35e-03  t_dbdsqr=6.77e-04
  ev6_ec1_n47_s1_gm                                n=   141  res=     0.100  ortU=    20.700  ortV=    20.700    drift=0.00e+00  t_eval=5.95e-03  t_dbdsqr=6.02e-04
  ev6_ec1_n71_s2_gs                                n=   142  res=     0.100  ortU=    20.700  ortV=    20.700    drift=0.00e+00  t_eval=1.20e-02  t_dbdsqr=4.28e-04
  ev7_ec1_n25_s0_gm                                n=    75  res=     0.200  ortU=    20.700  ortV=    20.600    drift=0.00e+00  t_eval=2.53e-03  t_dbdsqr=8.53e-06
  ev9_ec1_n15_s3_gm                                n=    45  res=     0.100  ortU=    20.600  ortV=    20.700    drift=0.00e+00  t_eval=6.44e-04  t_dbdsqr=5.85e-05
  tri6_n72_gs                                      n=   144  res=     0.100  ortU=    20.700  ortV=    20.700    drift=0.00e+00  t_eval=1.17e-02  t_dbdsqr=4.97e-04
  tri7_n81_gs                                      n=   162  res=     0.000  ortU=    20.700  ortV=    20.700    drift=0.00e+00  t_eval=1.32e-02  t_dbdsqr=2.62e-04
  ev4_ec4_n46_s1_gs                                n=    92  res=     0.000  ortU=    20.600  ortV=    20.600    drift=0.00e+00  t_eval=4.06e-03  t_dbdsqr=1.39e-04
  ev4_ec4_n61_s3_gm                                n=   183  res=     0.000  ortU=    20.600  ortV=    20.600    drift=0.00e+00  t_eval=1.01e-02  t_dbdsqr=1.00e-03
  ev6_ec1_n66_s3_gm                                n=   198  res=     0.000  ortU=    20.600  ortV=    20.600    drift=0.00e+00  t_eval=1.65e-02  t_dbdsqr=1.16e-03
  ev6_ec1_n87_s1_gs                                n=   174  res=     0.000  ortU=    20.600  ortV=    20.600    drift=0.00e+00  t_eval=1.92e-02  t_dbdsqr=5.86e-04
  ev8_ec1_n12_s1_gm                                n=    36  res=     0.200  ortU=    20.600  ortV=    20.600    drift=0.00e+00  t_eval=4.15e-04  t_dbdsqr=6.10e-05
  tri3_n8_gm                                       n=    24  res=     0.100  ortU=    20.600  ortV=    20.600    drift=2.22e-16  t_eval=2.80e-05  t_dbdsqr=1.34e-05
  tri6_n24_gm                                      n=    72  res=     0.100  ortU=    20.600  ortV=    20.600    drift=0.00e+00  t_eval=1.38e-03  t_dbdsqr=1.72e-04
  ev4_ec1_n56_s3_gs                                n=   112  res=     0.000  ortU=    20.500  ortV=    20.500    drift=0.00e+00  t_eval=6.28e-03  t_dbdsqr=1.94e-04
  ev4_ec4_n62_s3_gm                                n=   186  res=     0.000  ortU=    20.500  ortV=    20.500    drift=0.00e+00  t_eval=1.12e-02  t_dbdsqr=1.02e-03
  ev4_ec4_n79_s2_gs                                n=   158  res=     0.000  ortU=    20.500  ortV=    20.500    drift=0.00e+00  t_eval=1.31e-02  t_dbdsqr=3.60e-04
  ev4_ec4_n88_s2_gs                                n=   176  res=     0.000  ortU=    20.500  ortV=    20.500    drift=0.00e+00  t_eval=1.67e-02  t_dbdsqr=4.49e-04
  ev5_ec4_n33_s0_gs                                n=    66  res=     0.100  ortU=    20.500  ortV=    20.500    drift=0.00e+00  t_eval=2.05e-03  t_dbdsqr=5.03e-05
  ev6_ec1_n58_s0                                   n=    58  res=     0.100  ortU=    20.500  ortV=    20.500    drift=0.00e+00  t_eval=3.57e-04  t_dbdsqr=1.11e-04
  ev8_ec1_n27_s1_gm                                n=    81  res=     0.100  ortU=    20.500  ortV=    20.500    drift=0.00e+00  t_eval=2.03e-03  t_dbdsqr=2.75e-04
  ev9_ec1_n3_s0_gs                                 n=     6  res=     0.200  ortU=    20.200  ortV=    20.500    drift=0.00e+00  t_eval=1.64e-05  t_dbdsqr=4.30e-06
  ev3_ec1_n4_s1_gm                                 n=    12  res=     0.300  ortU=    20.400  ortV=    20.400    drift=0.00e+00  t_eval=4.03e-05  t_dbdsqr=6.95e-06
  ev6_ec1_n19_s3_gs                                n=    38  res=     0.100  ortU=    20.400  ortV=    20.400    drift=0.00e+00  t_eval=6.85e-04  t_dbdsqr=3.59e-05
  ev6_ec1_n22_s3                                   n=    22  res=     0.200  ortU=    20.400  ortV=    20.400    drift=0.00e+00  t_eval=4.65e-05  t_dbdsqr=2.11e-05
  ev6_ec1_n26_s2                                   n=    26  res=     0.200  ortU=    20.300  ortV=    20.400    drift=0.00e+00  t_eval=8.08e-05  t_dbdsqr=2.61e-05
  ev6_ec1_n44_s2_gs                                n=    88  res=     0.100  ortU=    20.400  ortV=    20.400    drift=0.00e+00  t_eval=4.65e-03  t_dbdsqr=1.90e-04
  ev6_ec1_n90_s1                                   n=    90  res=     0.100  ortU=    20.400  ortV=    20.400    drift=0.00e+00  t_eval=9.05e-04  t_dbdsqr=2.30e-04
  ev7_ec1_n79_s2_gm                                n=   237  res=     0.100  ortU=    20.400  ortV=    20.400    drift=0.00e+00  t_eval=2.59e-02  t_dbdsqr=2.16e-04
  ev8_ec1_n47_s0_gm                                n=   141  res=     0.000  ortU=    20.400  ortV=    20.400    drift=0.00e+00  t_eval=6.52e-03  t_dbdsqr=7.47e-04
  ev4_ec1_n28_s2_gs                                n=    56  res=     0.100  ortU=    20.300  ortV=    20.300    drift=0.00e+00  t_eval=1.31e-03  t_dbdsqr=5.82e-05
  ev4_ec1_n74_s3_gs                                n=   148  res=     0.000  ortU=    20.300  ortV=    20.300    drift=0.00e+00  t_eval=1.14e-02  t_dbdsqr=3.23e-04
  ev4_ec1_n94_s1_gm                                n=   282  res=     0.000  ortU=    20.300  ortV=    20.300    drift=0.00e+00  t_eval=2.72e-02  t_dbdsqr=2.18e-03
  ev4_ec4_n39_s3_gs                                n=    78  res=     0.000  ortU=    20.300  ortV=    20.300    drift=0.00e+00  t_eval=2.68e-03  t_dbdsqr=9.33e-05
  ev4_ec4_n42_s0_gs                                n=    84  res=     0.000  ortU=    20.300  ortV=    20.300    drift=0.00e+00  t_eval=3.17e-03  t_dbdsqr=1.04e-04
  ev4_ec4_n74_s2_gm                                n=   222  res=     0.100  ortU=    20.300  ortV=    20.300    drift=0.00e+00  t_eval=1.60e-02  t_dbdsqr=1.42e-03
  ev8_ec1_n10_s0_gm                                n=    30  res=     0.100  ortU=    20.300  ortV=    20.300    drift=0.00e+00  t_eval=2.75e-04  t_dbdsqr=4.00e-05
  tri6_n32_gs                                      n=    64  res=     0.100  ortU=    20.300  ortV=    20.300    drift=0.00e+00  t_eval=2.03e-03  t_dbdsqr=1.01e-04
  ev3_ec1_n84_s1_gm                                n=   252  res=     0.000  ortU=    20.200  ortV=    20.200    drift=0.00e+00  t_eval=2.82e-02  t_dbdsqr=1.19e-03
  ev3_ec4_n44_s2_gm                                n=   132  res=     0.000  ortU=    20.100  ortV=    20.200    drift=0.00e+00  t_eval=8.31e-03  t_dbdsqr=1.45e-04
  ev5_ec4_n8_s3_gm                                 n=    24  res=     0.200  ortU=    20.200  ortV=    20.100    drift=0.00e+00  t_eval=2.85e-04  t_dbdsqr=2.86e-05
  ev6_ec1_n13_s1                                   n=    13  res=     0.300  ortU=    20.200  ortV=    20.000    drift=0.00e+00  t_eval=2.10e-05  t_dbdsqr=1.14e-05
  ev6_ec1_n13_s3_gs                                n=    26  res=     0.100  ortU=    20.200  ortV=    20.100    drift=0.00e+00  t_eval=2.57e-04  t_dbdsqr=2.25e-05
  ev6_ec1_n85_s2_gs                                n=   170  res=     0.000  ortU=    20.200  ortV=    20.200    drift=0.00e+00  t_eval=1.65e-02  t_dbdsqr=4.32e-04
  ev6_ec1_n89_s1_gs                                n=   178  res=     0.100  ortU=    20.200  ortV=    20.200    drift=0.00e+00  t_eval=1.94e-02  t_dbdsqr=5.99e-04
  ev9_ec1_n42_s1_gs                                n=    84  res=     0.100  ortU=    20.200  ortV=    20.200    drift=0.00e+00  t_eval=2.66e-03  t_dbdsqr=2.27e-04
  tri4_n70_gm                                      n=   210  res=     0.000  ortU=    20.100  ortV=    20.200    drift=0.00e+00  t_eval=1.34e-02  t_dbdsqr=1.17e-03
  tri7_n92_gm                                      n=   276  res=     0.000  ortU=    20.200  ortV=    20.200    drift=0.00e+00  t_eval=2.61e-02  t_dbdsqr=1.87e-03
  ev4_ec1_n67_s3_gm                                n=   201  res=     0.000  ortU=    20.100  ortV=    20.100    drift=0.00e+00  t_eval=1.23e-02  t_dbdsqr=1.17e-03
  ev4_ec4_n52_s3_gs                                n=   104  res=     0.000  ortU=    20.100  ortV=    20.100    drift=0.00e+00  t_eval=5.03e-03  t_dbdsqr=1.71e-04
  ev5_ec1_n86_s1                                   n=    86  res=     0.100  ortU=    20.100  ortV=    20.100    drift=0.00e+00  t_eval=7.60e-04  t_dbdsqr=1.18e-04
  ev6_ec1_n75_s1_gs                                n=   150  res=     0.000  ortU=    20.100  ortV=    20.100    drift=0.00e+00  t_eval=1.41e-02  t_dbdsqr=4.48e-04
  ev6_ec1_n90_s2_gs                                n=   180  res=     0.100  ortU=    20.100  ortV=    20.100    drift=0.00e+00  t_eval=1.78e-02  t_dbdsqr=4.79e-04
  ev9_ec1_n10_s1_gs                                n=    20  res=     0.300  ortU=    20.100  ortV=    20.000    drift=0.00e+00  t_eval=1.10e-04  t_dbdsqr=1.76e-05
  ev4_ec1_n56_s3_gm                                n=   168  res=     0.100  ortU=    20.000  ortV=    20.000    drift=0.00e+00  t_eval=8.37e-03  t_dbdsqr=8.57e-04
  ev4_ec1_n93_s3_gs                                n=   186  res=     0.000  ortU=    20.000  ortV=    20.000    drift=0.00e+00  t_eval=1.84e-02  t_dbdsqr=4.90e-04
  ev4_ec4_n90_s2_gs                                n=   180  res=     0.000  ortU=    20.000  ortV=    20.000    drift=0.00e+00  t_eval=1.82e-02  t_dbdsqr=9.21e-04
  ev6_ec1_n92_s2_gs                                n=   184  res=     0.000  ortU=    20.000  ortV=    20.000    drift=0.00e+00  t_eval=1.88e-02  t_dbdsqr=4.93e-04
  ev8_ec1_n25_s3_gm                                n=    75  res=     0.100  ortU=    20.000  ortV=    20.000    drift=0.00e+00  t_eval=1.86e-03  t_dbdsqr=2.53e-04
  ev8_ec1_n78_s1_gm                                n=   234  res=     0.000  ortU=    20.000  ortV=    20.000    drift=0.00e+00  t_eval=2.02e-02  t_dbdsqr=2.01e-03
  tri4_n27_gs                                      n=    54  res=     0.200  ortU=    20.000  ortV=    20.000    drift=0.00e+00  t_eval=1.14e-03  t_dbdsqr=4.58e-05
  ev3_ec1_n21_s3                                   n=    21  res=     0.100  ortU=    19.900  ortV=    19.900    drift=0.00e+00  t_eval=5.66e-05  t_dbdsqr=1.31e-05
  ev3_ec4_n14_s1                                   n=    14  res=     0.100  ortU=    19.900  ortV=    19.800    drift=0.00e+00  t_eval=3.58e-05  t_dbdsqr=6.17e-06
  ev4_ec4_n39_s0_gs                                n=    78  res=     0.000  ortU=    19.900  ortV=    19.900    drift=0.00e+00  t_eval=2.68e-03  t_dbdsqr=9.60e-05
  ev5_ec1_n6_s0_gs                                 n=    12  res=     0.200  ortU=    19.700  ortV=    19.900    drift=0.00e+00  t_eval=6.87e-05  t_dbdsqr=7.77e-06
  ev5_ec1_n71_s2                                   n=    71  res=     0.100  ortU=    19.800  ortV=    19.900    drift=0.00e+00  t_eval=5.69e-04  t_dbdsqr=1.28e-04
  ev6_ec1_n6_s1                                    n=     6  res=     0.400  ortU=    19.900  ortV=    19.800    drift=0.00e+00  t_eval=1.05e-05  t_dbdsqr=4.99e-06
  ev6_ec1_n23_s2_gm                                n=    69  res=     0.200  ortU=    19.800  ortV=    19.900    drift=0.00e+00  t_eval=1.33e-03  t_dbdsqr=1.69e-04
  ev6_ec1_n35_s0_gs                                n=    70  res=     0.100  ortU=    19.900  ortV=    19.900    drift=0.00e+00  t_eval=2.12e-03  t_dbdsqr=7.98e-05
  ev6_ec1_n51_s3                                   n=    51  res=     0.100  ortU=    19.900  ortV=    19.900    drift=0.00e+00  t_eval=2.58e-04  t_dbdsqr=8.67e-05
  ev6_ec1_n58_s0_gm                                n=   174  res=     0.000  ortU=    19.900  ortV=    19.900    drift=0.00e+00  t_eval=8.43e-03  t_dbdsqr=9.16e-04
  ev6_ec1_n68_s1_gs                                n=   136  res=     0.000  ortU=    19.900  ortV=    19.900    drift=0.00e+00  t_eval=1.16e-02  t_dbdsqr=2.81e-04
  ev6_ec1_n77_s2_gm                                n=   231  res=     0.100  ortU=    19.900  ortV=    19.900    drift=0.00e+00  t_eval=2.04e-02  t_dbdsqr=1.57e-03
  ev8_ec1_n86_s3_gm                                n=   258  res=     0.000  ortU=    19.900  ortV=    19.900    drift=0.00e+00  t_eval=2.48e-02  t_dbdsqr=2.43e-03
  tri4_n87_gs                                      n=   174  res=     0.000  ortU=    19.900  ortV=    19.900    drift=0.00e+00  t_eval=1.56e-02  t_dbdsqr=3.30e-04
  tri7_n77_gm                                      n=   231  res=     0.000  ortU=    19.900  ortV=    19.900    drift=0.00e+00  t_eval=1.73e-02  t_dbdsqr=1.30e-03
  ev3_ec4_n4_s3_gm                                 n=    12  res=     0.200  ortU=    19.800  ortV=    19.700    drift=0.00e+00  t_eval=5.68e-05  t_dbdsqr=1.11e-05
  ev4_ec4_n28_s1_gs                                n=    56  res=     0.100  ortU=    19.700  ortV=    19.800    drift=0.00e+00  t_eval=1.28e-03  t_dbdsqr=5.15e-05
  ev4_ec4_n52_s0_gm                                n=   156  res=     0.000  ortU=    19.800  ortV=    19.800    drift=0.00e+00  t_eval=6.66e-03  t_dbdsqr=7.38e-04
  ev4_ec4_n91_s1_gm                                n=   273  res=     0.000  ortU=    19.800  ortV=    19.800    drift=0.00e+00  t_eval=2.59e-02  t_dbdsqr=2.05e-03
  ev6_ec1_n82_s0_gm                                n=   246  res=     0.000  ortU=    19.800  ortV=    19.800    drift=0.00e+00  t_eval=1.98e-02  t_dbdsqr=1.71e-03
  ev6_ec1_n95_s0_gm                                n=   285  res=     0.000  ortU=    19.800  ortV=    19.800    drift=0.00e+00  t_eval=2.81e-02  t_dbdsqr=2.29e-03
  ev3_ec1_n97_s1_gm                                n=   291  res=     0.100  ortU=    19.700  ortV=    19.700    drift=0.00e+00  t_eval=3.84e-02  t_dbdsqr=1.54e-03
  ev4_ec4_n92_s0_gs                                n=   184  res=     0.000  ortU=    19.700  ortV=    19.700    drift=0.00e+00  t_eval=1.80e-02  t_dbdsqr=4.87e-04
  ev6_ec1_n32_s0_gs                                n=    64  res=     0.000  ortU=    19.700  ortV=    19.700    drift=0.00e+00  t_eval=1.78e-03  t_dbdsqr=7.34e-05
  ev6_ec1_n35_s0                                   n=    35  res=     0.100  ortU=    19.700  ortV=    19.700    drift=0.00e+00  t_eval=1.01e-04  t_dbdsqr=4.20e-05
  ev7_ec1_n54_s3_gm                                n=   162  res=     0.100  ortU=    19.700  ortV=    19.700    drift=0.00e+00  t_eval=1.12e-02  t_dbdsqr=9.03e-05
  ev3_ec1_n43_s2_gm                                n=   129  res=     0.100  ortU=    19.600  ortV=    19.600    drift=0.00e+00  t_eval=7.11e-03  t_dbdsqr=3.79e-04
  ev4_ec1_n13_s3_gs                                n=    26  res=     0.100  ortU=    19.500  ortV=    19.600    drift=0.00e+00  t_eval=2.33e-04  t_dbdsqr=2.07e-05
  ev4_ec4_n69_s3_gs                                n=   138  res=     0.000  ortU=    19.600  ortV=    19.600    drift=0.00e+00  t_eval=9.79e-03  t_dbdsqr=3.31e-04
  ev4_ec4_n78_s2_gm                                n=   234  res=     0.000  ortU=    19.600  ortV=    19.600    drift=0.00e+00  t_eval=1.76e-02  t_dbdsqr=1.54e-03
  ev6_ec1_n40_s3_gs                                n=    80  res=     0.100  ortU=    19.600  ortV=    19.600    drift=0.00e+00  t_eval=3.75e-03  t_dbdsqr=1.11e-04
  ev6_ec1_n72_s3_gs                                n=   144  res=     0.000  ortU=    19.600  ortV=    19.600    drift=0.00e+00  t_eval=1.27e-02  t_dbdsqr=3.14e-04
  ev6_ec1_n88_s2_gs                                n=   176  res=     0.100  ortU=    19.600  ortV=    19.600    drift=0.00e+00  t_eval=1.75e-02  t_dbdsqr=4.59e-04
  ev7_ec1_n81_s1_gm                                n=   243  res=     0.100  ortU=    19.500  ortV=    19.600    drift=0.00e+00  t_eval=2.58e-02  t_dbdsqr=2.74e-05
  ev9_ec1_n26_s1_gs                                n=    52  res=     0.600  ortU=    19.600  ortV=    19.600    drift=0.00e+00  t_eval=9.49e-04  t_dbdsqr=9.53e-05
  ev9_ec1_n29_s1_gm                                n=    87  res=     0.100  ortU=    19.600  ortV=    19.600    drift=0.00e+00  t_eval=2.66e-03  t_dbdsqr=3.18e-04
  tri4_n84_gm                                      n=   252  res=     0.000  ortU=    19.600  ortV=    19.600    drift=0.00e+00  t_eval=2.03e-02  t_dbdsqr=1.57e-03
  ev4_ec1_n8_s0_gs                                 n=    16  res=     0.200  ortU=    19.500  ortV=    19.400    drift=0.00e+00  t_eval=1.01e-04  t_dbdsqr=1.10e-05
  ev4_ec4_n97_s0_gm                                n=   291  res=     0.000  ortU=    19.500  ortV=    19.500    drift=0.00e+00  t_eval=3.01e-02  t_dbdsqr=2.30e-03
  ev5_ec4_n6_s2                                    n=     6  res=     0.400  ortU=    19.500  ortV=    19.400    drift=0.00e+00  t_eval=8.95e-06  t_dbdsqr=4.23e-06
  ev6_ec1_n38_s2_gs                                n=    76  res=     0.100  ortU=    19.500  ortV=    19.500    drift=0.00e+00  t_eval=3.57e-03  t_dbdsqr=1.56e-04
  ev6_ec1_n72_s1_gs                                n=   144  res=     0.000  ortU=    19.500  ortV=    19.500    drift=0.00e+00  t_eval=1.27e-02  t_dbdsqr=3.03e-04
  ev6_ec1_n97_s2_gs                                n=   194  res=     0.300  ortU=    19.500  ortV=    19.500    drift=0.00e+00  t_eval=2.25e-02  t_dbdsqr=5.58e-04
  ev4_ec1_n87_s3_gs                                n=   174  res=     0.000  ortU=    19.400  ortV=    19.400    drift=0.00e+00  t_eval=1.61e-02  t_dbdsqr=4.31e-04
  ev4_ec4_n23_s0_gs                                n=    46  res=     0.100  ortU=    19.300  ortV=    19.400    drift=0.00e+00  t_eval=8.21e-04  t_dbdsqr=3.73e-05
  ev4_ec4_n66_s1_gs                                n=   132  res=     0.000  ortU=    19.400  ortV=    19.400    drift=0.00e+00  t_eval=8.49e-03  t_dbdsqr=2.69e-04
  ev5_ec1_n90_s3_gm                                n=   270  res=     0.000  ortU=    19.400  ortV=    19.400    drift=0.00e+00  t_eval=3.33e-02  t_dbdsqr=1.24e-03
  ev6_ec1_n36_s2_gm                                n=   108  res=     0.000  ortU=    19.400  ortV=    19.300    drift=0.00e+00  t_eval=4.50e-03  t_dbdsqr=3.69e-04
  ev6_ec1_n41_s3_gs                                n=    82  res=     0.100  ortU=    19.400  ortV=    19.400    drift=0.00e+00  t_eval=3.84e-03  t_dbdsqr=1.05e-04
  ev6_ec1_n48_s3                                   n=    48  res=     0.100  ortU=    19.400  ortV=    19.400    drift=0.00e+00  t_eval=2.29e-04  t_dbdsqr=7.53e-05
  ev6_ec1_n63_s0_gs                                n=   126  res=     0.100  ortU=    19.400  ortV=    19.400    drift=0.00e+00  t_eval=7.13e-03  t_dbdsqr=2.46e-04
  ev4_ec4_n28_s2_gs                                n=    56  res=     0.100  ortU=    19.300  ortV=    19.300    drift=0.00e+00  t_eval=1.51e-03  t_dbdsqr=5.76e-05
  ev4_ec4_n44_s3_gm                                n=   132  res=     0.000  ortU=    19.300  ortV=    19.200    drift=0.00e+00  t_eval=4.60e-03  t_dbdsqr=5.26e-04
  ev4_ec4_n55_s3_gs                                n=   110  res=     0.000  ortU=    19.300  ortV=    19.300    drift=0.00e+00  t_eval=5.92e-03  t_dbdsqr=2.02e-04
  ev4_ec4_n85_s1_gm                                n=   255  res=     0.000  ortU=    19.300  ortV=    19.300    drift=0.00e+00  t_eval=2.20e-02  t_dbdsqr=1.79e-03
  ev5_ec1_n24_s3                                   n=    24  res=     0.100  ortU=    19.300  ortV=    19.300    drift=0.00e+00  t_eval=8.59e-05  t_dbdsqr=3.04e-05
  ev5_ec1_n31_s1                                   n=    31  res=     0.100  ortU=    19.300  ortV=    19.300    drift=0.00e+00  t_eval=1.39e-04  t_dbdsqr=4.00e-05
  tri6_n17_gs                                      n=    34  res=     0.100  ortU=    19.300  ortV=    19.300    drift=0.00e+00  t_eval=4.89e-04  t_dbdsqr=3.53e-05
  ev4_ec1_n31_s2_gs                                n=    62  res=     0.000  ortU=    19.200  ortV=    19.200    drift=0.00e+00  t_eval=1.59e-03  t_dbdsqr=6.89e-05
  ev4_ec1_n31_s3_gs                                n=    62  res=     0.000  ortU=    19.200  ortV=    19.200    drift=0.00e+00  t_eval=1.61e-03  t_dbdsqr=6.50e-05
  ev4_ec4_n78_s1_gm                                n=   234  res=     0.100  ortU=    19.200  ortV=    19.200    drift=0.00e+00  t_eval=1.80e-02  t_dbdsqr=1.54e-03
  tri2_n90_gs                                      n=   180  res=     0.100  ortU=    19.200  ortV=    19.200    drift=0.00e+00  t_eval=1.06e-02  t_dbdsqr=6.84e-04
  ev3_ec4_n88_s0_gs                                n=   176  res=     0.000  ortU=    19.100  ortV=    19.100    drift=0.00e+00  t_eval=1.44e-02  t_dbdsqr=2.39e-04
  ev4_ec1_n39_s3_gs                                n=    78  res=     0.000  ortU=    19.100  ortV=    19.100    drift=0.00e+00  t_eval=2.82e-03  t_dbdsqr=1.07e-04
  ev4_ec1_n46_s0_gm                                n=   138  res=     0.000  ortU=    19.100  ortV=    19.100    drift=0.00e+00  t_eval=5.19e-03  t_dbdsqr=5.77e-04
  ev4_ec1_n81_s0_gm                                n=   243  res=     0.000  ortU=    19.100  ortV=    19.100    drift=0.00e+00  t_eval=1.96e-02  t_dbdsqr=1.68e-03
  ev4_ec1_n89_s0_gs                                n=   178  res=     0.000  ortU=    19.100  ortV=    19.100    drift=0.00e+00  t_eval=1.71e-02  t_dbdsqr=4.65e-04
  ev4_ec4_n7_s0_gs                                 n=    14  res=     0.200  ortU=    19.100  ortV=    19.100    drift=0.00e+00  t_eval=7.74e-05  t_dbdsqr=9.87e-06
  ev4_ec4_n91_s2_gs                                n=   182  res=     0.000  ortU=    19.000  ortV=    19.100    drift=0.00e+00  t_eval=1.81e-02  t_dbdsqr=4.81e-04
  ev5_ec1_n19_s0_gm                                n=    57  res=     0.100  ortU=    19.100  ortV=    19.100    drift=0.00e+00  t_eval=1.33e-03  t_dbdsqr=8.68e-05
  ev6_ec1_n53_s0_gm                                n=   159  res=     0.000  ortU=    19.100  ortV=    19.100    drift=0.00e+00  t_eval=7.81e-03  t_dbdsqr=7.20e-04
  ev9_ec1_n6_s1_gs                                 n=    12  res=     1.400  ortU=    19.100  ortV=    19.000    drift=0.00e+00  t_eval=4.04e-05  t_dbdsqr=8.49e-06
  tri4_n71_gs                                      n=   142  res=     0.100  ortU=    19.100  ortV=    19.100    drift=0.00e+00  t_eval=9.98e-03  t_dbdsqr=2.36e-04
  ev4_ec1_n40_s1_gs                                n=    80  res=     0.000  ortU=    19.000  ortV=    19.000    drift=0.00e+00  t_eval=2.90e-03  t_dbdsqr=1.05e-04
  ev4_ec4_n100_s0_gs                               n=   200  res=     0.000  ortU=    19.000  ortV=    19.000    drift=0.00e+00  t_eval=2.35e-02  t_dbdsqr=1.12e-03
  ev6_ec1_n31_s1_gm                                n=    93  res=     0.000  ortU=    19.000  ortV=    19.000    drift=0.00e+00  t_eval=2.55e-03  t_dbdsqr=2.93e-04
  ev6_ec1_n31_s2                                   n=    31  res=     0.100  ortU=    18.900  ortV=    19.000    drift=0.00e+00  t_eval=1.54e-04  t_dbdsqr=5.30e-05
  ev6_ec1_n70_s1_gs                                n=   140  res=     0.000  ortU=    19.000  ortV=    19.000    drift=0.00e+00  t_eval=1.22e-02  t_dbdsqr=4.50e-04
  ev6_ec1_n77_s1_gs                                n=   154  res=     0.100  ortU=    19.000  ortV=    19.000    drift=0.00e+00  t_eval=1.46e-02  t_dbdsqr=4.80e-04
  ev7_ec1_n45_s3_gm                                n=   135  res=     0.200  ortU=    19.000  ortV=    19.000    drift=0.00e+00  t_eval=8.07e-03  t_dbdsqr=1.34e-05
  ev4_ec1_n91_s0_gs                                n=   182  res=     0.000  ortU=    18.900  ortV=    18.800    drift=0.00e+00  t_eval=1.80e-02  t_dbdsqr=4.68e-04
  ev4_ec4_n76_s3_gm                                n=   228  res=     0.000  ortU=    18.900  ortV=    18.900    drift=0.00e+00  t_eval=1.68e-02  t_dbdsqr=1.50e-03
  ev4_ec4_n88_s3_gm                                n=   264  res=     0.000  ortU=    18.900  ortV=    18.900    drift=0.00e+00  t_eval=2.36e-02  t_dbdsqr=1.95e-03
  ev5_ec1_n61_s2_gm                                n=   183  res=     0.000  ortU=    18.900  ortV=    18.900    drift=0.00e+00  t_eval=1.45e-02  t_dbdsqr=4.39e-04
  ev5_ec4_n48_s2                                   n=    48  res=     0.200  ortU=    18.900  ortV=    18.900    drift=4.08e-16  t_eval=3.21e-04  t_dbdsqr=7.28e-05
  ev8_ec1_n62_s1_gm                                n=   186  res=     0.100  ortU=    18.900  ortV=    18.900    drift=0.00e+00  t_eval=1.24e-02  t_dbdsqr=1.30e-03
  ev9_ec1_n10_s2_gs                                n=    20  res=     0.900  ortU=    18.900  ortV=    18.700    drift=0.00e+00  t_eval=1.17e-04  t_dbdsqr=1.58e-05
  ev3_ec4_n15_s0_gs                                n=    30  res=     0.300  ortU=    18.700  ortV=    18.800    drift=0.00e+00  t_eval=4.20e-04  t_dbdsqr=1.07e-05
  ev4_ec1_n67_s2_gs                                n=   134  res=     0.000  ortU=    18.800  ortV=    18.800    drift=0.00e+00  t_eval=8.99e-03  t_dbdsqr=2.70e-04
  ev5_ec1_n99_s0_gm                                n=   297  res=     0.000  ortU=    18.800  ortV=    18.800    drift=0.00e+00  t_eval=4.11e-02  t_dbdsqr=1.31e-03
  ev6_ec1_n67_s1_gm                                n=   201  res=     0.100  ortU=    18.800  ortV=    18.800    drift=0.00e+00  t_eval=1.72e-02  t_dbdsqr=1.17e-03
  ev8_ec1_n16_s3_gm                                n=    48  res=     0.100  ortU=    18.800  ortV=    18.700    drift=0.00e+00  t_eval=6.74e-04  t_dbdsqr=1.26e-04
  ev8_ec1_n89_s3_gm                                n=   267  res=     0.100  ortU=    18.800  ortV=    18.800    drift=0.00e+00  t_eval=2.62e-02  t_dbdsqr=2.52e-03
  tri5_n83_gs                                      n=   166  res=     0.000  ortU=    18.800  ortV=    18.800    drift=0.00e+00  t_eval=8.80e-03  t_dbdsqr=2.89e-04
  ev4_ec1_n23_s1_gs                                n=    46  res=     0.100  ortU=    18.700  ortV=    18.700    drift=0.00e+00  t_eval=8.14e-04  t_dbdsqr=4.38e-05
  ev4_ec1_n70_s0_gs                                n=   140  res=     0.000  ortU=    18.700  ortV=    18.700    drift=0.00e+00  t_eval=1.01e-02  t_dbdsqr=2.95e-04
  ev4_ec4_n77_s0_gm                                n=   231  res=     0.000  ortU=    18.700  ortV=    18.700    drift=0.00e+00  t_eval=1.73e-02  t_dbdsqr=1.52e-03
  ev4_ec4_n89_s0_gs                                n=   178  res=     0.000  ortU=    18.700  ortV=    18.700    drift=0.00e+00  t_eval=1.74e-02  t_dbdsqr=9.27e-04
  ev5_ec1_n6_s0                                    n=     6  res=     0.300  ortU=    18.700  ortV=    18.700    drift=0.00e+00  t_eval=1.44e-05  t_dbdsqr=6.36e-06
  ev6_ec1_n51_s2_gm                                n=   153  res=     0.300  ortU=    18.700  ortV=    18.700    drift=0.00e+00  t_eval=8.62e-03  t_dbdsqr=6.67e-04
  ev6_ec1_n58_s1_gs                                n=   116  res=     0.000  ortU=    18.700  ortV=    18.700    drift=0.00e+00  t_eval=8.09e-03  t_dbdsqr=1.99e-04
  ev6_ec1_n88_s3_gs                                n=   176  res=     0.000  ortU=    18.700  ortV=    18.700    drift=0.00e+00  t_eval=1.92e-02  t_dbdsqr=4.30e-04
  ev7_ec1_n47_s3_gs                                n=    94  res=     0.200  ortU=    18.700  ortV=    18.700    drift=0.00e+00  t_eval=2.58e-03  t_dbdsqr=8.99e-06
  ev8_ec1_n31_s1_gm                                n=    93  res=     0.000  ortU=    18.700  ortV=    18.700    drift=0.00e+00  t_eval=2.41e-03  t_dbdsqr=3.37e-04
  ev3_ec4_n86_s0_gs                                n=   172  res=     0.000  ortU=    18.600  ortV=    18.600    drift=0.00e+00  t_eval=1.36e-02  t_dbdsqr=2.32e-04
  ev4_ec1_n40_s2_gs                                n=    80  res=     0.000  ortU=    18.600  ortV=    18.600    drift=0.00e+00  t_eval=2.92e-03  t_dbdsqr=9.49e-05
  ev4_ec1_n61_s3_gm                                n=   183  res=     0.100  ortU=    18.500  ortV=    18.600    drift=0.00e+00  t_eval=1.01e-02  t_dbdsqr=1.00e-03
  ev4_ec4_n14_s1_gs                                n=    28  res=     0.100  ortU=    18.600  ortV=    18.600    drift=0.00e+00  t_eval=2.73e-04  t_dbdsqr=2.01e-05
  ev4_ec4_n73_s1_gm                                n=   219  res=     0.000  ortU=    18.600  ortV=    18.600    drift=0.00e+00  t_eval=1.55e-02  t_dbdsqr=1.38e-03
  ev4_ec4_n81_s0_gs                                n=   162  res=     0.000  ortU=    18.600  ortV=    18.600    drift=0.00e+00  t_eval=1.42e-02  t_dbdsqr=3.83e-04
  ev4_ec4_n84_s3_gm                                n=   252  res=     0.000  ortU=    18.600  ortV=    18.600    drift=0.00e+00  t_eval=2.13e-02  t_dbdsqr=1.77e-03
  ev5_ec4_n30_s2                                   n=    30  res=     0.400  ortU=    18.600  ortV=    18.600    drift=0.00e+00  t_eval=1.14e-04  t_dbdsqr=1.45e-05
  ev6_ec1_n22_s0                                   n=    22  res=     0.200  ortU=    18.600  ortV=    18.600    drift=0.00e+00  t_eval=4.72e-05  t_dbdsqr=2.20e-05
  ev6_ec1_n41_s1                                   n=    41  res=     0.300  ortU=    18.500  ortV=    18.600    drift=0.00e+00  t_eval=1.73e-04  t_dbdsqr=7.36e-05
  ev6_ec1_n61_s3                                   n=    61  res=     0.100  ortU=    18.600  ortV=    18.600    drift=0.00e+00  t_eval=4.35e-04  t_dbdsqr=1.18e-04
  ev6_ec1_n82_s1                                   n=    82  res=     0.200  ortU=    18.600  ortV=    18.600    drift=0.00e+00  t_eval=7.53e-04  t_dbdsqr=2.63e-04
  ev9_ec1_n14_s3_gs                                n=    28  res=     0.600  ortU=    18.600  ortV=    18.500    drift=0.00e+00  t_eval=2.33e-04  t_dbdsqr=2.72e-05
  tri2_n85                                         n=    85  res=     0.200  ortU=    18.600  ortV=    18.600    drift=0.00e+00  t_eval=4.92e-04  t_dbdsqr=1.47e-04
  tri7_n28_gs                                      n=    56  res=     0.000  ortU=    18.600  ortV=    18.600    drift=0.00e+00  t_eval=1.29e-03  t_dbdsqr=4.97e-05
  ev4_ec1_n81_s2_gm                                n=   243  res=     0.100  ortU=    18.500  ortV=    18.500    drift=0.00e+00  t_eval=1.94e-02  t_dbdsqr=1.65e-03
  ev4_ec1_n96_s1_gm                                n=   288  res=     0.000  ortU=    18.500  ortV=    18.500    drift=0.00e+00  t_eval=2.95e-02  t_dbdsqr=2.31e-03
  ev4_ec1_n99_s0_gs                                n=   198  res=     0.000  ortU=    18.500  ortV=    18.500    drift=0.00e+00  t_eval=2.14e-02  t_dbdsqr=5.37e-04
  ev5_ec4_n56_s1_gm                                n=   168  res=     0.000  ortU=    18.500  ortV=    18.500    drift=0.00e+00  t_eval=1.30e-02  t_dbdsqr=4.94e-04
  ev5_ec4_n71_s2                                   n=    71  res=     0.100  ortU=    18.500  ortV=    18.500    drift=0.00e+00  t_eval=6.10e-04  t_dbdsqr=4.63e-05
  ev6_ec1_n81_s1_gm                                n=   243  res=     0.000  ortU=    18.500  ortV=    18.500    drift=0.00e+00  t_eval=2.40e-02  t_dbdsqr=1.69e-03
  ev4_ec1_n44_s0_gm                                n=   132  res=     0.000  ortU=    18.400  ortV=    18.400    drift=0.00e+00  t_eval=4.71e-03  t_dbdsqr=5.35e-04
  ev4_ec1_n77_s0_gs                                n=   154  res=     0.000  ortU=    18.400  ortV=    18.400    drift=0.00e+00  t_eval=1.24e-02  t_dbdsqr=3.59e-04
  ev4_ec1_n88_s1_gm                                n=   264  res=     0.100  ortU=    18.400  ortV=    18.400    drift=0.00e+00  t_eval=2.49e-02  t_dbdsqr=1.93e-03
  ev4_ec1_n94_s0_gs                                n=   188  res=     0.000  ortU=    18.400  ortV=    18.400    drift=0.00e+00  t_eval=1.88e-02  t_dbdsqr=5.00e-04
  ev4_ec4_n21_s1_gs                                n=    42  res=     0.100  ortU=    18.400  ortV=    18.400    drift=0.00e+00  t_eval=7.69e-04  t_dbdsqr=3.86e-05
  ev4_ec4_n36_s3_gs                                n=    72  res=     0.000  ortU=    18.300  ortV=    18.400    drift=0.00e+00  t_eval=2.24e-03  t_dbdsqr=7.83e-05
  ev5_ec4_n49_s0_gs                                n=    98  res=     0.100  ortU=    18.300  ortV=    18.400    drift=0.00e+00  t_eval=4.33e-03  t_dbdsqr=2.36e-04
  ev6_ec1_n48_s0                                   n=    48  res=     0.200  ortU=    18.300  ortV=    18.400    drift=0.00e+00  t_eval=2.13e-04  t_dbdsqr=8.87e-05
  ev6_ec1_n74_s1_gs                                n=   148  res=     0.000  ortU=    18.400  ortV=    18.400    drift=0.00e+00  t_eval=1.34e-02  t_dbdsqr=3.30e-04
  ev3_ec1_n4_s2                                    n=     4  res=     0.500  ortU=    18.000  ortV=    18.300    drift=0.00e+00  t_eval=1.34e-05  t_dbdsqr=3.99e-06
  ev4_ec4_n25_s1_gs                                n=    50  res=     0.100  ortU=    18.300  ortV=    18.300    drift=0.00e+00  t_eval=9.94e-04  t_dbdsqr=4.59e-05
  ev4_ec4_n72_s3_gs                                n=   144  res=     0.000  ortU=    18.300  ortV=    18.300    drift=0.00e+00  t_eval=1.07e-02  t_dbdsqr=3.07e-04
  ev6_ec1_n29_s3_gm                                n=    87  res=     0.100  ortU=    18.300  ortV=    18.300    drift=0.00e+00  t_eval=2.28e-03  t_dbdsqr=2.56e-04
  ev6_ec1_n49_s1_gs                                n=    98  res=     0.000  ortU=    18.300  ortV=    18.300    drift=0.00e+00  t_eval=5.14e-03  t_dbdsqr=1.47e-04
  ev7_ec1_n26_s2_gs                                n=    52  res=     0.300  ortU=    18.300  ortV=    18.300    drift=0.00e+00  t_eval=8.01e-04  t_dbdsqr=5.86e-06
  ev9_ec1_n18_s3_gs                                n=    36  res=     0.300  ortU=    18.300  ortV=    18.300    drift=0.00e+00  t_eval=4.50e-04  t_dbdsqr=4.74e-05
  ev9_ec1_n73_s0_gm                                n=   219  res=     0.000  ortU=    18.300  ortV=    18.300    drift=0.00e+00  t_eval=2.05e-02  t_dbdsqr=1.80e-03
  tri6_n50_gs                                      n=   100  res=     0.000  ortU=    18.300  ortV=    18.200    drift=0.00e+00  t_eval=5.33e-03  t_dbdsqr=2.59e-04
  ev1_ec1_n57_s3_gs                                n=   114  res=     0.000  ortU=    18.200  ortV=    18.200    drift=6.11e-16  t_eval=2.50e-04  t_dbdsqr=1.10e-05
  ev4_ec1_n46_s2_gs                                n=    92  res=     0.000  ortU=    18.200  ortV=    18.200    drift=0.00e+00  t_eval=3.92e-03  t_dbdsqr=1.32e-04
  ev4_ec1_n53_s1_gm                                n=   159  res=     0.000  ortU=    18.200  ortV=    18.200    drift=0.00e+00  t_eval=7.20e-03  t_dbdsqr=7.71e-04
  ev4_ec1_n61_s3_gs                                n=   122  res=     0.000  ortU=    18.200  ortV=    18.200    drift=0.00e+00  t_eval=7.53e-03  t_dbdsqr=2.50e-04
  ev6_ec1_n21_s2                                   n=    21  res=     0.200  ortU=    18.100  ortV=    18.200    drift=0.00e+00  t_eval=5.24e-05  t_dbdsqr=1.86e-05
  ev6_ec1_n37_s1                                   n=    37  res=     0.200  ortU=    18.200  ortV=    18.200    drift=0.00e+00  t_eval=1.46e-04  t_dbdsqr=6.50e-05
  ev6_ec1_n45_s0                                   n=    45  res=     0.200  ortU=    18.200  ortV=    18.200    drift=0.00e+00  t_eval=1.77e-04  t_dbdsqr=6.40e-05
  ev6_ec1_n78_s1_gm                                n=   234  res=     0.000  ortU=    18.200  ortV=    18.200    drift=0.00e+00  t_eval=2.14e-02  t_dbdsqr=1.55e-03
  ev6_ec1_n91_s2                                   n=    91  res=     0.200  ortU=    18.100  ortV=    18.200    drift=0.00e+00  t_eval=1.06e-03  t_dbdsqr=3.22e-04
  ev6_ec1_n96_s3_gm                                n=   288  res=     0.000  ortU=    18.200  ortV=    18.200    drift=0.00e+00  t_eval=3.40e-02  t_dbdsqr=2.48e-03
  tri5_n70                                         n=    70  res=     0.300  ortU=    18.200  ortV=    18.100    drift=0.00e+00  t_eval=3.46e-04  t_dbdsqr=1.08e-04
  ev1_ec1_n51_s3_gs                                n=   102  res=     0.000  ortU=    18.100  ortV=    18.000    drift=0.00e+00  t_eval=1.72e-04  t_dbdsqr=1.07e-05
  ev4_ec1_n10_s0_gs                                n=    20  res=     0.100  ortU=    17.900  ortV=    18.100    drift=0.00e+00  t_eval=1.53e-04  t_dbdsqr=1.27e-05
  ev4_ec1_n10_s1_gs                                n=    20  res=     0.100  ortU=    18.100  ortV=    18.100    drift=0.00e+00  t_eval=1.50e-04  t_dbdsqr=1.60e-05
  ev4_ec4_n99_s0_gm                                n=   297  res=     0.000  ortU=    18.100  ortV=    18.100    drift=0.00e+00  t_eval=3.10e-02  t_dbdsqr=2.35e-03
  ev6_ec1_n29_s3                                   n=    29  res=     0.100  ortU=    18.100  ortV=    18.100    drift=0.00e+00  t_eval=7.61e-05  t_dbdsqr=3.37e-05
  ev6_ec1_n35_s3                                   n=    35  res=     0.100  ortU=    18.100  ortV=    18.100    drift=0.00e+00  t_eval=1.26e-04  t_dbdsqr=4.10e-05
  ev6_ec1_n72_s0_gm                                n=   216  res=     0.000  ortU=    18.100  ortV=    18.100    drift=0.00e+00  t_eval=1.35e-02  t_dbdsqr=1.37e-03
  ev6_ec1_n92_s1                                   n=    92  res=     0.100  ortU=    18.000  ortV=    18.100    drift=0.00e+00  t_eval=9.62e-04  t_dbdsqr=2.54e-04
  ev8_ec1_n90_s3_gm                                n=   270  res=     0.000  ortU=    18.100  ortV=    18.100    drift=0.00e+00  t_eval=2.67e-02  t_dbdsqr=2.50e-03
  ev9_ec1_n53_s0_gm                                n=   159  res=     0.300  ortU=    18.100  ortV=    18.100    drift=0.00e+00  t_eval=1.04e-02  t_dbdsqr=9.94e-04
  tri4_n63_gs                                      n=   126  res=     0.100  ortU=    18.100  ortV=    18.100    drift=0.00e+00  t_eval=7.64e-03  t_dbdsqr=1.95e-04
  tri7_n20_gs                                      n=    40  res=     0.100  ortU=    18.000  ortV=    18.100    drift=0.00e+00  t_eval=6.19e-04  t_dbdsqr=3.08e-05
  ev4_ec1_n32_s1_gs                                n=    64  res=     0.000  ortU=    18.000  ortV=    18.000    drift=0.00e+00  t_eval=1.99e-03  t_dbdsqr=6.98e-05
  ev4_ec1_n53_s3_gm                                n=   159  res=     0.000  ortU=    17.900  ortV=    18.000    drift=0.00e+00  t_eval=7.18e-03  t_dbdsqr=7.69e-04
  ev4_ec1_n82_s1_gm                                n=   246  res=     0.000  ortU=    18.000  ortV=    18.000    drift=0.00e+00  t_eval=2.05e-02  t_dbdsqr=1.71e-03
  ev4_ec1_n97_s0_gm                                n=   291  res=     0.000  ortU=    18.000  ortV=    18.000    drift=0.00e+00  t_eval=3.12e-02  t_dbdsqr=2.35e-03
  ev4_ec4_n40_s0_gs                                n=    80  res=     0.000  ortU=    18.000  ortV=    18.000    drift=0.00e+00  t_eval=2.72e-03  t_dbdsqr=9.57e-05
  ev4_ec4_n61_s3_gs                                n=   122  res=     0.000  ortU=    18.000  ortV=    18.000    drift=0.00e+00  t_eval=7.40e-03  t_dbdsqr=2.30e-04
  ev4_ec4_n98_s1_gs                                n=   196  res=     0.000  ortU=    18.000  ortV=    18.000    drift=0.00e+00  t_eval=2.08e-02  t_dbdsqr=6.19e-04
  ev5_ec4_n37_s3_gm                                n=   111  res=     0.100  ortU=    18.000  ortV=    18.000    drift=0.00e+00  t_eval=5.75e-03  t_dbdsqr=1.01e-04
  ev5_ec4_n100_s0_gm                               n=   300  res=     0.000  ortU=    18.000  ortV=    18.000    drift=0.00e+00  t_eval=4.31e-02  t_dbdsqr=3.40e-04
  ev6_ec1_n9_s0_gs                                 n=    18  res=     0.200  ortU=    17.900  ortV=    18.000    drift=0.00e+00  t_eval=1.18e-04  t_dbdsqr=1.08e-05
  ev6_ec1_n39_s2_gm                                n=   117  res=     0.000  ortU=    18.000  ortV=    18.000    drift=0.00e+00  t_eval=5.25e-03  t_dbdsqr=3.99e-04
  ev7_ec1_n28_s3_gm                                n=    84  res=     0.100  ortU=    18.000  ortV=    18.000    drift=0.00e+00  t_eval=2.81e-03  t_dbdsqr=8.58e-06
  ev7_ec1_n84_s1_gs                                n=   168  res=     0.000  ortU=    18.000  ortV=    18.000    drift=0.00e+00  t_eval=8.83e-03  t_dbdsqr=9.43e-04
  ev8_ec1_n42_s0_gm                                n=   126  res=     0.000  ortU=    18.000  ortV=    18.000    drift=0.00e+00  t_eval=4.79e-03  t_dbdsqr=6.05e-04
  tri6_n9_gs                                       n=    18  res=     0.100  ortU=    18.000  ortV=    17.800    drift=0.00e+00  t_eval=1.25e-04  t_dbdsqr=9.13e-06
  ev3_ec1_n3_s3_gs                                 n=     6  res=     0.500  ortU=    17.200  ortV=    17.900    drift=0.00e+00  t_eval=2.32e-05  t_dbdsqr=3.13e-06
  ev4_ec1_n50_s2_gs                                n=   100  res=     0.000  ortU=    17.900  ortV=    17.900    drift=0.00e+00  t_eval=4.68e-03  t_dbdsqr=1.66e-04
  ev4_ec4_n52_s0_gs                                n=   104  res=     0.000  ortU=    17.900  ortV=    17.800    drift=0.00e+00  t_eval=5.23e-03  t_dbdsqr=1.65e-04
  ev4_ec4_n97_s3_gs                                n=   194  res=     0.000  ortU=    17.900  ortV=    17.900    drift=0.00e+00  t_eval=2.02e-02  t_dbdsqr=5.18e-04
  ev5_ec1_n16_s2                                   n=    16  res=     0.200  ortU=    17.900  ortV=    17.800    drift=0.00e+00  t_eval=4.26e-05  t_dbdsqr=8.95e-06
  ev5_ec4_n45_s0                                   n=    45  res=     0.100  ortU=    17.900  ortV=    17.900    drift=0.00e+00  t_eval=3.35e-04  t_dbdsqr=8.12e-05
  ev5_ec4_n49_s0_gm                                n=   147  res=     0.000  ortU=    17.900  ortV=    17.900    drift=0.00e+00  t_eval=9.90e-03  t_dbdsqr=2.87e-04
  ev5_ec4_n89_s1_gm                                n=   267  res=     0.000  ortU=    17.900  ortV=    17.900    drift=0.00e+00  t_eval=3.26e-02  t_dbdsqr=3.16e-04
  ev8_ec1_n61_s0_gm                                n=   183  res=     0.200  ortU=    17.900  ortV=    17.900    drift=0.00e+00  t_eval=1.18e-02  t_dbdsqr=1.26e-03
  ev9_ec1_n23_s2_gs                                n=    46  res=     0.100  ortU=    17.900  ortV=    17.900    drift=0.00e+00  t_eval=6.75e-04  t_dbdsqr=6.69e-05
  ev9_ec1_n24_s3_gs                                n=    48  res=     0.200  ortU=    17.900  ortV=    17.900    drift=0.00e+00  t_eval=9.18e-04  t_dbdsqr=7.68e-05
  tri3_n35_gs                                      n=    70  res=     0.200  ortU=    17.900  ortV=    17.900    drift=0.00e+00  t_eval=2.53e-03  t_dbdsqr=9.79e-05
  tri4_n64_gs                                      n=   128  res=     0.000  ortU=    17.800  ortV=    17.900    drift=0.00e+00  t_eval=7.91e-03  t_dbdsqr=1.95e-04
  ev4_ec1_n51_s1_gs                                n=   102  res=     0.000  ortU=    17.800  ortV=    17.800    drift=0.00e+00  t_eval=5.01e-03  t_dbdsqr=1.88e-04
  ev6_ec1_n7_s1_gs                                 n=    14  res=     0.300  ortU=    17.700  ortV=    17.800    drift=0.00e+00  t_eval=8.48e-05  t_dbdsqr=9.18e-06
  ev6_ec1_n17_s3                                   n=    17  res=     0.200  ortU=    17.800  ortV=    17.800    drift=0.00e+00  t_eval=2.97e-05  t_dbdsqr=1.42e-05
  ev6_ec1_n79_s0                                   n=    79  res=     0.100  ortU=    17.800  ortV=    17.800    drift=0.00e+00  t_eval=6.53e-04  t_dbdsqr=1.93e-04
  ev7_ec1_n31_s0_gm                                n=    93  res=     0.100  ortU=    17.700  ortV=    17.800    drift=0.00e+00  t_eval=3.83e-03  t_dbdsqr=9.58e-06
  ev7_ec1_n72_s1_gs                                n=   144  res=     0.100  ortU=    17.800  ortV=    17.800    drift=0.00e+00  t_eval=6.40e-03  t_dbdsqr=2.71e-05
  ev9_ec1_n5_s1_gm                                 n=    15  res=     0.300  ortU=    17.800  ortV=    17.800    drift=0.00e+00  t_eval=9.59e-05  t_dbdsqr=1.11e-05
  ev3_ec4_n41_s2                                   n=    41  res=     0.000  ortU=    17.600  ortV=    17.700    drift=0.00e+00  t_eval=2.07e-04  t_dbdsqr=2.52e-05
  ev4_ec1_n51_s2_gs                                n=   102  res=     0.000  ortU=    17.700  ortV=    17.700    drift=0.00e+00  t_eval=4.99e-03  t_dbdsqr=1.70e-04
  ev4_ec1_n62_s0_gs                                n=   124  res=     0.000  ortU=    17.700  ortV=    17.700    drift=0.00e+00  t_eval=8.03e-03  t_dbdsqr=2.31e-04
  ev4_ec1_n99_s1_gm                                n=   297  res=     0.000  ortU=    17.700  ortV=    17.700    drift=0.00e+00  t_eval=3.09e-02  t_dbdsqr=2.45e-03
  ev4_ec4_n8_s0_gs                                 n=    16  res=     0.200  ortU=    17.700  ortV=    17.500    drift=0.00e+00  t_eval=9.66e-05  t_dbdsqr=1.06e-05
  ev4_ec4_n34_s0_gs                                n=    68  res=     0.100  ortU=    17.700  ortV=    17.700    drift=0.00e+00  t_eval=2.18e-03  t_dbdsqr=7.81e-05
  ev4_ec4_n40_s1_gm                                n=   120  res=     0.100  ortU=    17.600  ortV=    17.700    drift=0.00e+00  t_eval=3.74e-03  t_dbdsqr=4.64e-04
  ev4_ec4_n51_s0_gm                                n=   153  res=     0.000  ortU=    17.700  ortV=    17.700    drift=0.00e+00  t_eval=6.59e-03  t_dbdsqr=7.25e-04
  ev4_ec4_n60_s2_gs                                n=   120  res=     0.000  ortU=    17.700  ortV=    17.700    drift=0.00e+00  t_eval=7.35e-03  t_dbdsqr=2.51e-04
  ev5_ec1_n20_s0                                   n=    20  res=     0.200  ortU=    17.700  ortV=    17.600    drift=0.00e+00  t_eval=6.50e-05  t_dbdsqr=2.43e-05
  ev6_ec1_n13_s2_gs                                n=    26  res=     0.100  ortU=    17.600  ortV=    17.700    drift=0.00e+00  t_eval=2.77e-04  t_dbdsqr=1.79e-05
  ev6_ec1_n57_s0_gs                                n=   114  res=     0.000  ortU=    17.700  ortV=    17.700    drift=0.00e+00  t_eval=6.97e-03  t_dbdsqr=2.09e-04
  ev6_ec1_n64_s3                                   n=    64  res=     0.100  ortU=    17.700  ortV=    17.600    drift=0.00e+00  t_eval=4.69e-04  t_dbdsqr=1.32e-04
  ev8_ec1_n11_s0_gs                                n=    22  res=     0.200  ortU=    17.700  ortV=    17.700    drift=0.00e+00  t_eval=2.49e-04  t_dbdsqr=1.55e-05
  ev8_ec1_n17_s0_gm                                n=    51  res=     0.100  ortU=    17.700  ortV=    17.600    drift=0.00e+00  t_eval=6.80e-04  t_dbdsqr=1.39e-04
  ev9_ec1_n14_s2_gs                                n=    28  res=     0.900  ortU=    17.600  ortV=    17.700    drift=0.00e+00  t_eval=2.35e-04  t_dbdsqr=2.85e-05
  tri4_n33_gs                                      n=    66  res=     0.300  ortU=    17.700  ortV=    17.700    drift=0.00e+00  t_eval=1.81e-03  t_dbdsqr=6.69e-05
  ev4_ec1_n79_s1_gs                                n=   158  res=     0.000  ortU=    17.600  ortV=    17.600    drift=0.00e+00  t_eval=1.29e-02  t_dbdsqr=3.62e-04
  ev4_ec4_n70_s1_gs                                n=   140  res=     0.000  ortU=    17.600  ortV=    17.600    drift=0.00e+00  t_eval=1.02e-02  t_dbdsqr=3.29e-04
  ev6_ec1_n67_s3_gm                                n=   201  res=     0.100  ortU=    17.600  ortV=    17.600    drift=0.00e+00  t_eval=1.68e-02  t_dbdsqr=1.20e-03
  ev6_ec1_n92_s1_gs                                n=   184  res=     0.200  ortU=    17.600  ortV=    17.600    drift=0.00e+00  t_eval=2.07e-02  t_dbdsqr=4.96e-04
  ev9_ec1_n21_s1_gm                                n=    63  res=     0.100  ortU=    17.600  ortV=    17.600    drift=0.00e+00  t_eval=1.38e-03  t_dbdsqr=1.85e-04
  ev9_ec1_n37_s0_gs                                n=    74  res=     0.100  ortU=    17.600  ortV=    17.600    drift=0.00e+00  t_eval=2.01e-03  t_dbdsqr=1.77e-04
  ev9_ec1_n41_s2_gm                                n=   123  res=     0.000  ortU=    17.500  ortV=    17.600    drift=0.00e+00  t_eval=6.01e-03  t_dbdsqr=2.19e-04
  tri2_n44                                         n=    44  res=     0.300  ortU=    17.600  ortV=    17.600    drift=0.00e+00  t_eval=1.38e-04  t_dbdsqr=4.81e-05
  tri7_n63_gs                                      n=   126  res=     0.000  ortU=    17.600  ortV=    17.600    drift=0.00e+00  t_eval=7.62e-03  t_dbdsqr=1.70e-04
  tri7_n74_gs                                      n=   148  res=     0.000  ortU=    17.600  ortV=    17.600    drift=0.00e+00  t_eval=1.08e-02  t_dbdsqr=2.23e-04
  ev3_ec1_n6_s2                                    n=     6  res=     0.100  ortU=    17.500  ortV=    17.400    drift=0.00e+00  t_eval=1.39e-05  t_dbdsqr=3.91e-06
  ev3_ec1_n8_s2                                    n=     8  res=     0.400  ortU=    17.300  ortV=    17.500    drift=0.00e+00  t_eval=1.76e-05  t_dbdsqr=7.92e-06
  ev3_ec4_n6_s1_gm                                 n=    18  res=     0.300  ortU=    17.300  ortV=    17.500    drift=0.00e+00  t_eval=1.61e-04  t_dbdsqr=2.60e-05
  ev4_ec1_n32_s0_gs                                n=    64  res=     0.000  ortU=    17.500  ortV=    17.500    drift=0.00e+00  t_eval=1.77e-03  t_dbdsqr=6.98e-05
  ev4_ec1_n60_s3_gs                                n=   120  res=     0.000  ortU=    17.500  ortV=    17.500    drift=0.00e+00  t_eval=7.49e-03  t_dbdsqr=2.34e-04
  ev4_ec1_n73_s3_gs                                n=   146  res=     0.000  ortU=    17.500  ortV=    17.500    drift=0.00e+00  t_eval=1.14e-02  t_dbdsqr=3.51e-04
  ev4_ec4_n100_s0_gm                               n=   300  res=     0.000  ortU=    17.500  ortV=    17.500    drift=0.00e+00  t_eval=3.26e-02  t_dbdsqr=2.45e-03
  ev5_ec4_n71_s0_gm                                n=   213  res=     0.000  ortU=    17.500  ortV=    17.500    drift=0.00e+00  t_eval=2.13e-02  t_dbdsqr=2.48e-04
  ev6_ec1_n30_s2_gm                                n=    90  res=     0.000  ortU=    17.500  ortV=    17.500    drift=0.00e+00  t_eval=2.80e-03  t_dbdsqr=2.59e-04
  ev6_ec1_n68_s0_gm                                n=   204  res=     0.000  ortU=    17.500  ortV=    17.500    drift=0.00e+00  t_eval=1.22e-02  t_dbdsqr=1.26e-03
  ev6_ec1_n75_s0_gs                                n=   150  res=     0.100  ortU=    17.500  ortV=    17.500    drift=0.00e+00  t_eval=1.07e-02  t_dbdsqr=3.51e-04
  ev9_ec1_n31_s0_gm                                n=    93  res=     0.100  ortU=    17.500  ortV=    17.500    drift=0.00e+00  t_eval=3.14e-03  t_dbdsqr=1.43e-04
  tri5_n42                                         n=    42  res=     0.300  ortU=    17.400  ortV=    17.500    drift=0.00e+00  t_eval=1.27e-04  t_dbdsqr=4.68e-05
  tri6_n31_gs                                      n=    62  res=     0.200  ortU=    17.500  ortV=    17.500    drift=0.00e+00  t_eval=1.91e-03  t_dbdsqr=1.05e-04
  tri6_n33_gs                                      n=    66  res=     0.100  ortU=    17.500  ortV=    17.500    drift=0.00e+00  t_eval=2.22e-03  t_dbdsqr=1.11e-04
  ev3_ec1_n21_s0                                   n=    21  res=     0.100  ortU=    17.400  ortV=    17.300    drift=0.00e+00  t_eval=5.30e-05  t_dbdsqr=1.27e-05
  ev6_ec1_n30_s2                                   n=    30  res=     0.100  ortU=    17.400  ortV=    17.400    drift=0.00e+00  t_eval=1.31e-04  t_dbdsqr=3.81e-05
  ev6_ec1_n61_s0_gm                                n=   183  res=     0.000  ortU=    17.400  ortV=    17.400    drift=0.00e+00  t_eval=9.45e-03  t_dbdsqr=9.49e-04
  ev6_ec1_n67_s1                                   n=    67  res=     0.100  ortU=    17.400  ortV=    17.400    drift=0.00e+00  t_eval=5.04e-04  t_dbdsqr=1.93e-04
  ev6_ec1_n98_s1                                   n=    98  res=     0.100  ortU=    17.400  ortV=    17.400    drift=0.00e+00  t_eval=1.12e-03  t_dbdsqr=2.74e-04
  ev8_ec1_n99_s2_gm                                n=   297  res=     0.100  ortU=    17.400  ortV=    17.400    drift=0.00e+00  t_eval=3.27e-02  t_dbdsqr=3.12e-03
  ev9_ec1_n60_s1_gm                                n=   180  res=     0.000  ortU=    17.400  ortV=    17.400    drift=0.00e+00  t_eval=1.34e-02  t_dbdsqr=1.24e-03
  tri2_n76_gs                                      n=   152  res=     0.100  ortU=    17.400  ortV=    17.400    drift=0.00e+00  t_eval=7.70e-03  t_dbdsqr=5.27e-04
  tri7_n91_gs                                      n=   182  res=     0.000  ortU=    17.400  ortV=    17.400    drift=0.00e+00  t_eval=1.70e-02  t_dbdsqr=3.17e-04
  ev3_ec4_n43_s3_gm                                n=   129  res=     0.100  ortU=    17.300  ortV=    17.300    drift=0.00e+00  t_eval=7.98e-03  t_dbdsqr=1.45e-04
  ev3_ec4_n54_s1_gm                                n=   162  res=     0.000  ortU=    17.300  ortV=    17.300    drift=0.00e+00  t_eval=1.22e-02  t_dbdsqr=1.49e-04
  ev4_ec1_n18_s2_gs                                n=    36  res=     0.100  ortU=    17.100  ortV=    17.300    drift=0.00e+00  t_eval=4.90e-04  t_dbdsqr=2.91e-05
  ev4_ec1_n23_s3_gs                                n=    46  res=     0.100  ortU=    17.300  ortV=    17.300    drift=0.00e+00  t_eval=1.05e-03  t_dbdsqr=4.56e-05
  ev4_ec1_n84_s3_gs                                n=   168  res=     0.000  ortU=    17.200  ortV=    17.300    drift=0.00e+00  t_eval=1.47e-02  t_dbdsqr=4.76e-04
  ev4_ec4_n91_s0_gs                                n=   182  res=     0.000  ortU=    17.300  ortV=    17.300    drift=0.00e+00  t_eval=1.78e-02  t_dbdsqr=4.73e-04
  ev5_ec4_n44_s2                                   n=    44  res=     0.300  ortU=    17.300  ortV=    17.300    drift=1.32e-16  t_eval=2.55e-04  t_dbdsqr=2.25e-05
  ev6_ec1_n33_s2_gs                                n=    66  res=     0.100  ortU=    17.300  ortV=    17.300    drift=0.00e+00  t_eval=2.48e-03  t_dbdsqr=7.72e-05
  ev6_ec1_n60_s0                                   n=    60  res=     0.200  ortU=    17.300  ortV=    17.300    drift=0.00e+00  t_eval=4.29e-04  t_dbdsqr=1.52e-04
  ev9_ec1_n13_s1_gs                                n=    26  res=     0.200  ortU=    17.300  ortV=    17.300    drift=0.00e+00  t_eval=2.36e-04  t_dbdsqr=2.51e-05
  ev9_ec1_n56_s1_gm                                n=   168  res=     0.000  ortU=    17.300  ortV=    17.300    drift=0.00e+00  t_eval=1.14e-02  t_dbdsqr=3.61e-04
  tri2_n92                                         n=    92  res=     0.200  ortU=    17.300  ortV=    17.300    drift=0.00e+00  t_eval=5.52e-04  t_dbdsqr=1.62e-04
  ev3_ec4_n33_s2_gm                                n=    99  res=     0.000  ortU=    17.200  ortV=    17.100    drift=0.00e+00  t_eval=4.62e-03  t_dbdsqr=1.00e-04
  ev4_ec1_n8_s3_gs                                 n=    16  res=     0.200  ortU=    17.200  ortV=    17.200    drift=0.00e+00  t_eval=9.86e-05  t_dbdsqr=1.02e-05
  ev4_ec1_n48_s0_gs                                n=    96  res=     0.000  ortU=    17.200  ortV=    17.100    drift=0.00e+00  t_eval=4.41e-03  t_dbdsqr=1.53e-04
  ev4_ec1_n62_s3_gm                                n=   186  res=     0.000  ortU=    17.200  ortV=    17.200    drift=0.00e+00  t_eval=1.06e-02  t_dbdsqr=1.05e-03
  ev6_ec1_n6_s1_gs                                 n=    12  res=     0.200  ortU=    16.900  ortV=    17.200    drift=0.00e+00  t_eval=5.75e-05  t_dbdsqr=7.46e-06
  ev6_ec1_n67_s0                                   n=    67  res=     0.100  ortU=    17.200  ortV=    17.200    drift=0.00e+00  t_eval=5.38e-04  t_dbdsqr=1.84e-04
  ev7_ec1_n32_s1_gm                                n=    96  res=     0.100  ortU=    17.200  ortV=    17.200    drift=0.00e+00  t_eval=4.10e-03  t_dbdsqr=8.20e-05
  ev8_ec1_n18_s1_gm                                n=    54  res=     0.100  ortU=    17.200  ortV=    17.100    drift=0.00e+00  t_eval=8.12e-04  t_dbdsqr=1.56e-04
  ev8_ec1_n23_s2_gm                                n=    69  res=     0.200  ortU=    17.200  ortV=    17.100    drift=0.00e+00  t_eval=1.52e-03  t_dbdsqr=2.08e-04
  ev9_ec1_n72_s3_gm                                n=   216  res=     0.000  ortU=    17.200  ortV=    17.200    drift=0.00e+00  t_eval=1.89e-02  t_dbdsqr=1.72e-03
  tri4_n57_gs                                      n=   114  res=     0.000  ortU=    17.200  ortV=    17.200    drift=0.00e+00  t_eval=6.29e-03  t_dbdsqr=1.59e-04
  ev3_ec1_n19_s0_gm                                n=    57  res=     0.100  ortU=    17.100  ortV=    17.100    drift=0.00e+00  t_eval=1.34e-03  t_dbdsqr=1.07e-04
  ev3_ec4_n25_s3                                   n=    25  res=     0.300  ortU=    17.100  ortV=    16.900    drift=0.00e+00  t_eval=9.22e-05  t_dbdsqr=1.11e-05
  ev4_ec4_n63_s2_gs                                n=   126  res=     0.000  ortU=    17.100  ortV=    17.100    drift=0.00e+00  t_eval=8.43e-03  t_dbdsqr=2.46e-04
  ev4_ec4_n65_s0_gs                                n=   130  res=     0.000  ortU=    17.100  ortV=    17.100    drift=0.00e+00  t_eval=8.57e-03  t_dbdsqr=2.59e-04
  ev4_ec4_n70_s3_gm                                n=   210  res=     0.000  ortU=    17.100  ortV=    17.100    drift=0.00e+00  t_eval=1.39e-02  t_dbdsqr=1.24e-03
  ev5_ec1_n48_s1_gm                                n=   144  res=     0.000  ortU=    17.100  ortV=    17.100    drift=0.00e+00  t_eval=9.05e-03  t_dbdsqr=3.44e-04
  ev5_ec1_n59_s2_gm                                n=   177  res=     0.000  ortU=    17.100  ortV=    17.100    drift=0.00e+00  t_eval=1.38e-02  t_dbdsqr=4.19e-04
  ev5_ec4_n34_s3_gm                                n=   102  res=     0.100  ortU=    17.100  ortV=    17.000    drift=0.00e+00  t_eval=5.00e-03  t_dbdsqr=1.27e-04
  ev6_ec1_n41_s2                                   n=    41  res=     0.200  ortU=    17.100  ortV=    17.100    drift=0.00e+00  t_eval=2.39e-04  t_dbdsqr=8.64e-05
  ev6_ec1_n72_s3                                   n=    72  res=     0.200  ortU=    17.000  ortV=    17.100    drift=0.00e+00  t_eval=5.57e-04  t_dbdsqr=1.56e-04
  ev8_ec1_n18_s3_gs                                n=    36  res=     0.100  ortU=    17.100  ortV=    17.100    drift=0.00e+00  t_eval=6.39e-04  t_dbdsqr=3.09e-05
  ev8_ec1_n55_s1_gm                                n=   165  res=     0.000  ortU=    17.000  ortV=    17.100    drift=0.00e+00  t_eval=9.49e-03  t_dbdsqr=1.07e-03
  tri5_n67                                         n=    67  res=     0.300  ortU=    17.100  ortV=    17.100    drift=0.00e+00  t_eval=3.22e-04  t_dbdsqr=9.96e-05
  ev3_ec1_n5_s0_gm                                 n=    15  res=     0.200  ortU=    17.000  ortV=    17.000    drift=0.00e+00  t_eval=6.97e-05  t_dbdsqr=1.09e-05
  ev4_ec1_n45_s0_gs                                n=    90  res=     0.000  ortU=    16.900  ortV=    17.000    drift=0.00e+00  t_eval=3.93e-03  t_dbdsqr=1.39e-04
  ev4_ec4_n88_s0_gs                                n=   176  res=     0.000  ortU=    17.000  ortV=    17.000    drift=0.00e+00  t_eval=1.67e-02  t_dbdsqr=4.50e-04
  ev6_ec1_n77_s0                                   n=    77  res=     0.100  ortU=    17.000  ortV=    17.000    drift=0.00e+00  t_eval=6.30e-04  t_dbdsqr=1.87e-04
  ev6_ec1_n79_s1_gs                                n=   158  res=     0.000  ortU=    17.000  ortV=    17.000    drift=0.00e+00  t_eval=1.54e-02  t_dbdsqr=4.81e-04
  ev6_ec1_n80_s2                                   n=    80  res=     0.100  ortU=    17.000  ortV=    17.000    drift=0.00e+00  t_eval=7.90e-04  t_dbdsqr=2.47e-04
  ev8_ec1_n16_s2_gm                                n=    48  res=     0.100  ortU=    17.000  ortV=    17.000    drift=0.00e+00  t_eval=6.59e-04  t_dbdsqr=1.22e-04
  tri4_n76_gs                                      n=   152  res=     0.000  ortU=    16.900  ortV=    17.000    drift=0.00e+00  t_eval=1.16e-02  t_dbdsqr=2.64e-04
  tri6_n79_gm                                      n=   237  res=     0.000  ortU=    17.000  ortV=    17.000    drift=0.00e+00  t_eval=1.66e-02  t_dbdsqr=1.50e-03
  ev3_ec1_n9_s2_gm                                 n=    27  res=     0.200  ortU=    16.900  ortV=    16.900    drift=0.00e+00  t_eval=2.40e-04  t_dbdsqr=1.90e-05
  ev4_ec1_n57_s1_gm                                n=   171  res=     0.000  ortU=    16.900  ortV=    16.900    drift=0.00e+00  t_eval=8.60e-03  t_dbdsqr=8.74e-04
  ev4_ec1_n63_s1_gm                                n=   189  res=     0.000  ortU=    16.900  ortV=    16.900    drift=0.00e+00  t_eval=1.08e-02  t_dbdsqr=1.05e-03
  ev4_ec4_n49_s3_gs                                n=    98  res=     0.000  ortU=    16.900  ortV=    16.900    drift=0.00e+00  t_eval=4.66e-03  t_dbdsqr=1.67e-04
  ev6_ec1_n45_s3_gm                                n=   135  res=     0.000  ortU=    16.900  ortV=    16.900    drift=0.00e+00  t_eval=6.56e-03  t_dbdsqr=5.74e-04
  ev6_ec1_n72_s3_gm                                n=   216  res=     0.100  ortU=    16.900  ortV=    16.900    drift=0.00e+00  t_eval=2.00e-02  t_dbdsqr=1.41e-03
  ev6_ec1_n94_s1_gs                                n=   188  res=     0.000  ortU=    16.900  ortV=    16.900    drift=0.00e+00  t_eval=2.20e-02  t_dbdsqr=6.68e-04
  tri7_n83_gm                                      n=   249  res=     0.000  ortU=    16.900  ortV=    16.900    drift=0.00e+00  t_eval=2.03e-02  t_dbdsqr=1.48e-03
  ev3_ec4_n39_s3_gm                                n=   117  res=     0.100  ortU=    16.800  ortV=    16.800    drift=0.00e+00  t_eval=6.52e-03  t_dbdsqr=1.18e-04
  ev4_ec1_n10_s3_gs                                n=    20  res=     0.200  ortU=    16.800  ortV=    16.800    drift=0.00e+00  t_eval=1.44e-04  t_dbdsqr=1.29e-05
  ev4_ec1_n43_s2_gs                                n=    86  res=     0.000  ortU=    16.800  ortV=    16.800    drift=0.00e+00  t_eval=3.50e-03  t_dbdsqr=1.18e-04
  ev4_ec1_n54_s0_gs                                n=   108  res=     0.000  ortU=    16.700  ortV=    16.800    drift=0.00e+00  t_eval=5.72e-03  t_dbdsqr=1.79e-04
  ev4_ec4_n30_s3_gs                                n=    60  res=     0.000  ortU=    16.800  ortV=    16.800    drift=0.00e+00  t_eval=1.45e-03  t_dbdsqr=5.72e-05
  ev6_ec1_n25_s2_gs                                n=    50  res=     0.100  ortU=    16.800  ortV=    16.800    drift=0.00e+00  t_eval=1.37e-03  t_dbdsqr=4.57e-05
  ev6_ec1_n56_s0_gm                                n=   168  res=     0.000  ortU=    16.800  ortV=    16.800    drift=0.00e+00  t_eval=8.39e-03  t_dbdsqr=8.58e-04
  ev6_ec1_n97_s1_gm                                n=   291  res=     0.100  ortU=    16.800  ortV=    16.800    drift=0.00e+00  t_eval=3.63e-02  t_dbdsqr=2.27e-03
  ev7_ec1_n98_s2_gm                                n=   294  res=     0.000  ortU=    16.800  ortV=    16.800    drift=0.00e+00  t_eval=4.09e-02  t_dbdsqr=9.28e-04
  ev9_ec1_n6_s2_gs                                 n=    12  res=     0.300  ortU=    16.800  ortV=    16.800    drift=0.00e+00  t_eval=4.92e-05  t_dbdsqr=8.77e-06
  ev3_ec1_n8_s0_gs                                 n=    16  res=     0.200  ortU=    16.700  ortV=    16.300    drift=0.00e+00  t_eval=1.46e-04  t_dbdsqr=7.72e-06
  ev4_ec4_n23_s3_gs                                n=    46  res=     0.100  ortU=    16.700  ortV=    16.700    drift=0.00e+00  t_eval=8.71e-04  t_dbdsqr=4.14e-05
  ev6_ec1_n37_s3_gs                                n=    74  res=     0.100  ortU=    16.700  ortV=    16.700    drift=0.00e+00  t_eval=3.18e-03  t_dbdsqr=9.28e-05
  ev6_ec1_n99_s2                                   n=    99  res=     0.200  ortU=    16.700  ortV=    16.700    drift=0.00e+00  t_eval=1.24e-03  t_dbdsqr=3.63e-04
  ev7_ec1_n90_s0_gm                                n=   270  res=     0.000  ortU=    16.700  ortV=    16.700    drift=0.00e+00  t_eval=3.43e-02  t_dbdsqr=7.48e-04
  ev9_ec1_n4_s2_gs                                 n=     8  res=     0.400  ortU=    16.700  ortV=    16.200    drift=0.00e+00  t_eval=2.95e-05  t_dbdsqr=5.82e-06
  ev9_ec1_n22_s0_gm                                n=    66  res=     0.200  ortU=    16.700  ortV=    16.700    drift=0.00e+00  t_eval=1.54e-03  t_dbdsqr=1.18e-04
  tri2_n81                                         n=    81  res=     0.200  ortU=    16.700  ortV=    16.700    drift=0.00e+00  t_eval=4.53e-04  t_dbdsqr=1.36e-04
  ev4_ec4_n35_s2_gs                                n=    70  res=     0.000  ortU=    16.600  ortV=    16.600    drift=0.00e+00  t_eval=2.29e-03  t_dbdsqr=8.32e-05
  ev5_ec1_n90_s1                                   n=    90  res=     0.100  ortU=    16.500  ortV=    16.600    drift=0.00e+00  t_eval=8.86e-04  t_dbdsqr=1.90e-04
  ev6_ec1_n21_s1_gs                                n=    42  res=     0.100  ortU=    16.600  ortV=    16.500    drift=0.00e+00  t_eval=6.95e-04  t_dbdsqr=4.16e-05
  ev7_ec1_n55_s1_gs                                n=   110  res=     0.100  ortU=    16.600  ortV=    16.600    drift=0.00e+00  t_eval=3.69e-03  t_dbdsqr=4.26e-04
  ev8_ec1_n66_s0_gm                                n=   198  res=     0.200  ortU=    16.600  ortV=    16.600    drift=0.00e+00  t_eval=1.41e-02  t_dbdsqr=1.45e-03
  tri6_n29_gs                                      n=    58  res=     0.100  ortU=    16.600  ortV=    16.600    drift=0.00e+00  t_eval=1.67e-03  t_dbdsqr=8.46e-05
  ev3_ec1_n45_s2_gm                                n=   135  res=     0.000  ortU=    16.500  ortV=    16.500    drift=0.00e+00  t_eval=8.02e-03  t_dbdsqr=4.28e-04
  ev4_ec4_n63_s0_gs                                n=   126  res=     0.000  ortU=    16.500  ortV=    16.500    drift=0.00e+00  t_eval=8.05e-03  t_dbdsqr=2.67e-04
  ev4_ec4_n77_s3_gm                                n=   231  res=     0.000  ortU=    16.500  ortV=    16.500    drift=0.00e+00  t_eval=1.75e-02  t_dbdsqr=1.51e-03
  ev4_ec4_n80_s2_gs                                n=   160  res=     0.000  ortU=    16.500  ortV=    16.500    drift=0.00e+00  t_eval=1.34e-02  t_dbdsqr=3.78e-04
  ev5_ec1_n26_s2                                   n=    26  res=     0.300  ortU=    16.500  ortV=    16.500    drift=0.00e+00  t_eval=1.03e-04  t_dbdsqr=3.40e-05
  ev5_ec1_n54_s3                                   n=    54  res=     0.100  ortU=    16.500  ortV=    16.500    drift=0.00e+00  t_eval=3.40e-04  t_dbdsqr=5.05e-05
  ev5_ec1_n69_s2_gs                                n=   138  res=     0.000  ortU=    16.500  ortV=    16.500    drift=0.00e+00  t_eval=9.76e-03  t_dbdsqr=3.60e-04
  ev5_ec1_n87_s2_gm                                n=   261  res=     0.000  ortU=    16.500  ortV=    16.500    drift=0.00e+00  t_eval=3.10e-02  t_dbdsqr=7.77e-04
  ev6_ec1_n24_s0                                   n=    24  res=     0.200  ortU=    16.500  ortV=    16.500    drift=0.00e+00  t_eval=5.53e-05  t_dbdsqr=2.59e-05
  ev6_ec1_n26_s3_gs                                n=    52  res=     0.100  ortU=    16.500  ortV=    16.500    drift=0.00e+00  t_eval=1.29e-03  t_dbdsqr=4.86e-05
  ev6_ec1_n42_s2_gm                                n=   126  res=     0.000  ortU=    16.500  ortV=    16.500    drift=0.00e+00  t_eval=5.77e-03  t_dbdsqr=4.61e-04
  ev6_ec1_n49_s2_gm                                n=   147  res=     0.100  ortU=    16.500  ortV=    16.500    drift=0.00e+00  t_eval=7.81e-03  t_dbdsqr=6.79e-04
  ev6_ec1_n74_s1_gm                                n=   222  res=     0.100  ortU=    16.500  ortV=    16.400    drift=0.00e+00  t_eval=1.95e-02  t_dbdsqr=1.39e-03
  tri6_n93_gs                                      n=   186  res=     0.000  ortU=    16.400  ortV=    16.500    drift=0.00e+00  t_eval=2.00e-02  t_dbdsqr=7.99e-04
  ev4_ec1_n52_s3_gs                                n=   104  res=     0.000  ortU=    16.400  ortV=    16.400    drift=0.00e+00  t_eval=5.51e-03  t_dbdsqr=1.85e-04
  ev4_ec1_n90_s1_gm                                n=   270  res=     0.000  ortU=    16.400  ortV=    16.400    drift=0.00e+00  t_eval=2.50e-02  t_dbdsqr=2.01e-03
  ev4_ec1_n92_s1_gs                                n=   184  res=     0.000  ortU=    16.400  ortV=    16.400    drift=0.00e+00  t_eval=1.94e-02  t_dbdsqr=4.95e-04
  ev6_ec1_n51_s1_gs                                n=   102  res=     0.000  ortU=    16.400  ortV=    16.400    drift=0.00e+00  t_eval=5.52e-03  t_dbdsqr=2.22e-04
  ev6_ec1_n83_s3_gs                                n=   166  res=     0.000  ortU=    16.400  ortV=    16.400    drift=0.00e+00  t_eval=1.71e-02  t_dbdsqr=3.97e-04
  tri3_n25_gs                                      n=    50  res=     0.200  ortU=    16.400  ortV=    16.400    drift=0.00e+00  t_eval=1.21e-03  t_dbdsqr=5.21e-05
  tri4_n38_gm                                      n=   114  res=     0.100  ortU=    16.400  ortV=    16.400    drift=0.00e+00  t_eval=3.19e-03  t_dbdsqr=3.91e-04
  tri4_n74_gm                                      n=   222  res=     0.000  ortU=    16.400  ortV=    16.400    drift=0.00e+00  t_eval=1.51e-02  t_dbdsqr=1.30e-03
  tri6_n74_gm                                      n=   222  res=     0.100  ortU=    16.400  ortV=    16.400    drift=0.00e+00  t_eval=1.48e-02  t_dbdsqr=1.32e-03
  ev3_ec1_n14_s3                                   n=    14  res=     0.100  ortU=    16.300  ortV=    16.300    drift=0.00e+00  t_eval=3.22e-05  t_dbdsqr=7.91e-06
  ev3_ec4_n50_s0_gm                                n=   150  res=     0.100  ortU=    16.300  ortV=    16.300    drift=0.00e+00  t_eval=1.06e-02  t_dbdsqr=1.62e-04
  ev3_ec4_n80_s2_gm                                n=   240  res=     0.000  ortU=    16.300  ortV=    16.300    drift=0.00e+00  t_eval=2.75e-02  t_dbdsqr=3.34e-04
  ev4_ec1_n55_s2_gs                                n=   110  res=     0.000  ortU=    16.300  ortV=    16.300    drift=0.00e+00  t_eval=5.79e-03  t_dbdsqr=1.96e-04
  ev5_ec1_n44_s3                                   n=    44  res=     0.000  ortU=    16.300  ortV=    16.300    drift=0.00e+00  t_eval=2.66e-04  t_dbdsqr=6.66e-05
  ev6_ec1_n53_s3                                   n=    53  res=     0.100  ortU=    16.200  ortV=    16.300    drift=0.00e+00  t_eval=2.97e-04  t_dbdsqr=9.34e-05
  ev6_ec1_n79_s1_gm                                n=   237  res=     0.100  ortU=    16.300  ortV=    16.300    drift=0.00e+00  t_eval=2.22e-02  t_dbdsqr=1.59e-03
  ev6_ec1_n89_s0_gs                                n=   178  res=     0.300  ortU=    16.300  ortV=    16.300    drift=0.00e+00  t_eval=1.82e-02  t_dbdsqr=5.99e-04
  ev6_ec1_n95_s0                                   n=    95  res=     0.100  ortU=    16.200  ortV=    16.300    drift=0.00e+00  t_eval=1.03e-03  t_dbdsqr=3.47e-04
  tri4_n45_gs                                      n=    90  res=     0.100  ortU=    16.300  ortV=    16.300    drift=0.00e+00  t_eval=3.58e-03  t_dbdsqr=1.09e-04
  tri6_n56_gs                                      n=   112  res=     0.100  ortU=    16.300  ortV=    16.300    drift=0.00e+00  t_eval=6.71e-03  t_dbdsqr=3.00e-04
  ev2_ec1_n46_s3                                   n=    46  res=     0.100  ortU=    16.200  ortV=    16.200    drift=0.00e+00  t_eval=1.41e-04  t_dbdsqr=6.11e-06
  ev4_ec1_n34_s2_gm                                n=   102  res=     0.100  ortU=    16.100  ortV=    16.200    drift=0.00e+00  t_eval=2.71e-03  t_dbdsqr=3.43e-04
  ev4_ec1_n75_s0_gs                                n=   150  res=     0.000  ortU=    16.200  ortV=    16.200    drift=0.00e+00  t_eval=1.22e-02  t_dbdsqr=3.32e-04
  ev4_ec4_n76_s3_gs                                n=   152  res=     0.000  ortU=    16.200  ortV=    16.200    drift=0.00e+00  t_eval=1.20e-02  t_dbdsqr=3.42e-04
  ev4_ec4_n82_s0_gs                                n=   164  res=     0.000  ortU=    16.200  ortV=    16.200    drift=0.00e+00  t_eval=1.47e-02  t_dbdsqr=4.00e-04
  ev5_ec1_n73_s3                                   n=    73  res=     0.100  ortU=    16.200  ortV=    16.200    drift=0.00e+00  t_eval=6.23e-04  t_dbdsqr=9.32e-05
  ev6_ec1_n52_s0_gs                                n=   104  res=     0.000  ortU=    16.100  ortV=    16.200    drift=0.00e+00  t_eval=5.68e-03  t_dbdsqr=1.85e-04
  ev6_ec1_n82_s2                                   n=    82  res=     0.100  ortU=    16.100  ortV=    16.200    drift=0.00e+00  t_eval=8.64e-04  t_dbdsqr=2.75e-04
  ev6_ec1_n96_s2_gs                                n=   192  res=     0.000  ortU=    16.200  ortV=    16.200    drift=0.00e+00  t_eval=2.04e-02  t_dbdsqr=5.29e-04
  ev9_ec1_n82_s3_gm                                n=   246  res=     0.000  ortU=    16.100  ortV=    16.200    drift=0.00e+00  t_eval=2.55e-02  t_dbdsqr=2.20e-03
  ev9_ec1_n98_s1_gm                                n=   294  res=     0.000  ortU=    16.200  ortV=    16.200    drift=0.00e+00  t_eval=3.81e-02  t_dbdsqr=3.04e-03
  tri6_n19_gs                                      n=    38  res=     0.100  ortU=    16.200  ortV=    16.200    drift=0.00e+00  t_eval=6.39e-04  t_dbdsqr=4.22e-05
  ev3_ec1_n14_s3_gm                                n=    42  res=     0.100  ortU=    16.100  ortV=    16.100    drift=0.00e+00  t_eval=6.54e-04  t_dbdsqr=4.18e-05
  ev3_ec1_n15_s3_gs                                n=    30  res=     0.200  ortU=    16.000  ortV=    16.100    drift=0.00e+00  t_eval=4.98e-04  t_dbdsqr=1.59e-05
  ev4_ec1_n30_s3_gs                                n=    60  res=     0.100  ortU=    16.000  ortV=    16.100    drift=0.00e+00  t_eval=1.53e-03  t_dbdsqr=6.60e-05
  ev4_ec1_n61_s2_gs                                n=   122  res=     0.000  ortU=    16.100  ortV=    16.100    drift=0.00e+00  t_eval=7.43e-03  t_dbdsqr=2.36e-04
  ev4_ec1_n79_s3_gm                                n=   237  res=     0.000  ortU=    16.100  ortV=    16.100    drift=0.00e+00  t_eval=1.78e-02  t_dbdsqr=1.59e-03
  ev4_ec4_n47_s1_gm                                n=   141  res=     0.000  ortU=    16.100  ortV=    16.100    drift=0.00e+00  t_eval=5.63e-03  t_dbdsqr=5.93e-04
  ev4_ec4_n84_s1_gm                                n=   252  res=     0.000  ortU=    16.100  ortV=    16.100    drift=0.00e+00  t_eval=2.13e-02  t_dbdsqr=1.78e-03
  ev5_ec4_n65_s0_gm                                n=   195  res=     0.000  ortU=    16.000  ortV=    16.100    drift=0.00e+00  t_eval=1.78e-02  t_dbdsqr=3.69e-04
  ev6_ec1_n24_s0_gs                                n=    48  res=     0.100  ortU=    16.100  ortV=    16.100    drift=0.00e+00  t_eval=8.81e-04  t_dbdsqr=4.98e-05
  ev6_ec1_n27_s1_gs                                n=    54  res=     0.100  ortU=    16.100  ortV=    16.100    drift=0.00e+00  t_eval=1.43e-03  t_dbdsqr=5.99e-05
  ev6_ec1_n37_s0_gs                                n=    74  res=     0.000  ortU=    16.100  ortV=    16.100    drift=0.00e+00  t_eval=2.37e-03  t_dbdsqr=8.55e-05
  ev6_ec1_n84_s1                                   n=    84  res=     0.100  ortU=    16.100  ortV=    16.000    drift=0.00e+00  t_eval=7.71e-04  t_dbdsqr=2.13e-04
  tri4_n7_gs                                       n=    14  res=     0.200  ortU=    16.000  ortV=    16.100    drift=0.00e+00  t_eval=7.02e-05  t_dbdsqr=8.32e-06
  tri6_n68_gs                                      n=   136  res=     0.000  ortU=    16.100  ortV=    16.100    drift=0.00e+00  t_eval=1.03e-02  t_dbdsqr=4.52e-04
  ev3_ec1_n15_s0                                   n=    15  res=     0.100  ortU=    15.800  ortV=    16.000    drift=0.00e+00  t_eval=3.43e-05  t_dbdsqr=7.90e-06
  ev4_ec1_n88_s3_gm                                n=   264  res=     0.000  ortU=    16.000  ortV=    16.000    drift=0.00e+00  t_eval=2.33e-02  t_dbdsqr=1.93e-03
  ev4_ec4_n12_s1_gs                                n=    24  res=     0.100  ortU=    16.000  ortV=    15.900    drift=0.00e+00  t_eval=1.98e-04  t_dbdsqr=1.58e-05
  ev5_ec4_n11_s2_gm                                n=    33  res=     0.100  ortU=    16.000  ortV=    15.900    drift=0.00e+00  t_eval=4.16e-04  t_dbdsqr=2.68e-05
  ev5_ec4_n28_s2_gs                                n=    56  res=     0.100  ortU=    16.000  ortV=    15.900    drift=0.00e+00  t_eval=1.51e-03  t_dbdsqr=2.51e-05
  ev6_ec1_n38_s0                                   n=    38  res=     0.200  ortU=    16.000  ortV=    16.000    drift=0.00e+00  t_eval=1.27e-04  t_dbdsqr=5.64e-05
  ev6_ec1_n69_s1_gm                                n=   207  res=     0.000  ortU=    16.000  ortV=    16.000    drift=0.00e+00  t_eval=1.80e-02  t_dbdsqr=1.27e-03
  ev7_ec1_n35_s2_gm                                n=   105  res=     0.200  ortU=    16.000  ortV=    16.000    drift=0.00e+00  t_eval=4.47e-03  t_dbdsqr=1.09e-05
  tri2_n96                                         n=    96  res=     0.200  ortU=    16.000  ortV=    15.900    drift=0.00e+00  t_eval=6.10e-04  t_dbdsqr=1.75e-04
  tri2_n100_gs                                     n=   200  res=     0.100  ortU=    16.000  ortV=    16.000    drift=0.00e+00  t_eval=1.32e-02  t_dbdsqr=8.83e-04
  tri5_n98_gs                                      n=   196  res=     0.000  ortU=    16.000  ortV=    16.000    drift=0.00e+00  t_eval=1.24e-02  t_dbdsqr=3.89e-04
  ev4_ec1_n76_s2_gs                                n=   152  res=     0.000  ortU=    15.900  ortV=    15.900    drift=0.00e+00  t_eval=1.19e-02  t_dbdsqr=3.51e-04
  ev4_ec1_n100_s3_gs                               n=   200  res=     0.000  ortU=    15.900  ortV=    15.900    drift=0.00e+00  t_eval=2.26e-02  t_dbdsqr=5.52e-04
  ev4_ec4_n63_s2_gm                                n=   189  res=     0.100  ortU=    15.900  ortV=    15.900    drift=0.00e+00  t_eval=1.11e-02  t_dbdsqr=1.06e-03
  ev5_ec1_n30_s0                                   n=    30  res=     0.300  ortU=    15.900  ortV=    15.900    drift=0.00e+00  t_eval=1.01e-04  t_dbdsqr=2.12e-05
  ev5_ec1_n88_s1                                   n=    88  res=     0.100  ortU=    15.900  ortV=    15.900    drift=0.00e+00  t_eval=7.69e-04  t_dbdsqr=1.15e-04
  ev5_ec4_n61_s1_gm                                n=   183  res=     0.000  ortU=    15.900  ortV=    15.900    drift=0.00e+00  t_eval=1.54e-02  t_dbdsqr=4.46e-04
  ev6_ec1_n41_s3                                   n=    41  res=     0.100  ortU=    15.900  ortV=    15.900    drift=0.00e+00  t_eval=1.80e-04  t_dbdsqr=5.56e-05
  ev6_ec1_n49_s3_gs                                n=    98  res=     0.000  ortU=    15.900  ortV=    15.900    drift=0.00e+00  t_eval=5.73e-03  t_dbdsqr=1.62e-04
  ev6_ec1_n53_s1                                   n=    53  res=     0.100  ortU=    15.900  ortV=    15.900    drift=0.00e+00  t_eval=2.85e-04  t_dbdsqr=9.10e-05
  ev6_ec1_n57_s3_gm                                n=   171  res=     0.100  ortU=    15.900  ortV=    15.900    drift=0.00e+00  t_eval=1.27e-02  t_dbdsqr=9.11e-04
  tri6_n87_gs                                      n=   174  res=     0.000  ortU=    15.900  ortV=    15.900    drift=0.00e+00  t_eval=1.74e-02  t_dbdsqr=6.94e-04
  tri6_n92_gm                                      n=   276  res=     0.100  ortU=    15.900  ortV=    15.900    drift=0.00e+00  t_eval=2.35e-02  t_dbdsqr=1.97e-03
  ev3_ec4_n28_s0_gs                                n=    56  res=     0.100  ortU=    15.800  ortV=    15.700    drift=0.00e+00  t_eval=1.52e-03  t_dbdsqr=7.26e-05
  ev3_ec4_n68_s3_gm                                n=   204  res=     0.000  ortU=    15.800  ortV=    15.800    drift=0.00e+00  t_eval=2.01e-02  t_dbdsqr=2.64e-04
  ev4_ec1_n89_s1_gs                                n=   178  res=     0.000  ortU=    15.800  ortV=    15.800    drift=0.00e+00  t_eval=1.77e-02  t_dbdsqr=9.28e-04
  ev4_ec4_n28_s2_gm                                n=    84  res=     0.000  ortU=    15.800  ortV=    15.800    drift=0.00e+00  t_eval=1.84e-03  t_dbdsqr=2.39e-04
  ev4_ec4_n49_s0_gs                                n=    98  res=     0.000  ortU=    15.800  ortV=    15.800    drift=0.00e+00  t_eval=4.56e-03  t_dbdsqr=1.44e-04
  ev4_ec4_n53_s3_gm                                n=   159  res=     0.000  ortU=    15.800  ortV=    15.800    drift=0.00e+00  t_eval=7.45e-03  t_dbdsqr=7.79e-04
  ev4_ec4_n64_s1_gs                                n=   128  res=     0.000  ortU=    15.800  ortV=    15.800    drift=0.00e+00  t_eval=8.57e-03  t_dbdsqr=2.49e-04
  ev4_ec4_n67_s2_gs                                n=   134  res=     0.000  ortU=    15.800  ortV=    15.800    drift=0.00e+00  t_eval=8.96e-03  t_dbdsqr=2.76e-04
  ev5_ec4_n53_s2                                   n=    53  res=     0.200  ortU=    15.800  ortV=    15.800    drift=0.00e+00  t_eval=3.57e-04  t_dbdsqr=2.80e-05
  ev6_ec1_n40_s0_gs                                n=    80  res=     0.000  ortU=    15.800  ortV=    15.800    drift=0.00e+00  t_eval=3.39e-03  t_dbdsqr=1.32e-04
  ev6_ec1_n55_s1_gm                                n=   165  res=     0.100  ortU=    15.800  ortV=    15.800    drift=0.00e+00  t_eval=9.89e-03  t_dbdsqr=8.17e-04
  ev6_ec1_n59_s3                                   n=    59  res=     0.100  ortU=    15.800  ortV=    15.800    drift=0.00e+00  t_eval=3.89e-04  t_dbdsqr=1.12e-04
  ev6_ec1_n83_s2_gm                                n=   249  res=     0.100  ortU=    15.800  ortV=    15.800    drift=0.00e+00  t_eval=2.24e-02  t_dbdsqr=1.76e-03
  ev7_ec1_n49_s0_gm                                n=   147  res=     0.000  ortU=    15.800  ortV=    15.800    drift=0.00e+00  t_eval=9.18e-03  t_dbdsqr=3.12e-04
  ev9_ec1_n97_s1_gm                                n=   291  res=     0.100  ortU=    15.800  ortV=    15.800    drift=0.00e+00  t_eval=3.62e-02  t_dbdsqr=3.02e-03
  tri5_n81                                         n=    81  res=     0.200  ortU=    15.800  ortV=    15.800    drift=0.00e+00  t_eval=4.50e-04  t_dbdsqr=1.38e-04
  tri7_n41_gm                                      n=   123  res=     0.000  ortU=    15.800  ortV=    15.800    drift=0.00e+00  t_eval=4.09e-03  t_dbdsqr=4.39e-04
  ev4_ec1_n95_s2_gm                                n=   285  res=     0.000  ortU=    15.700  ortV=    15.700    drift=0.00e+00  t_eval=2.82e-02  t_dbdsqr=2.23e-03
  ev4_ec4_n35_s2_gm                                n=   105  res=     0.000  ortU=    15.700  ortV=    15.700    drift=0.00e+00  t_eval=2.84e-03  t_dbdsqr=3.66e-04
  ev4_ec4_n50_s0_gm                                n=   150  res=     0.000  ortU=    15.600  ortV=    15.700    drift=0.00e+00  t_eval=6.43e-03  t_dbdsqr=6.78e-04
  ev4_ec4_n99_s0_gs                                n=   198  res=     0.000  ortU=    15.700  ortV=    15.700    drift=0.00e+00  t_eval=2.10e-02  t_dbdsqr=5.65e-04
  ev6_ec1_n11_s1                                   n=    11  res=     0.200  ortU=    15.600  ortV=    15.700    drift=0.00e+00  t_eval=1.78e-05  t_dbdsqr=8.47e-06
  ev6_ec1_n82_s0                                   n=    82  res=     0.100  ortU=    15.700  ortV=    15.700    drift=0.00e+00  t_eval=7.01e-04  t_dbdsqr=2.05e-04
  ev6_ec1_n85_s1_gs                                n=   170  res=     0.000  ortU=    15.700  ortV=    15.700    drift=0.00e+00  t_eval=1.76e-02  t_dbdsqr=5.27e-04
  ev9_ec1_n7_s0_gs                                 n=    14  res=     0.300  ortU=    15.700  ortV=    15.600    drift=0.00e+00  t_eval=6.09e-05  t_dbdsqr=1.13e-05
  tri7_n12_gs                                      n=    24  res=     0.100  ortU=    15.500  ortV=    15.700    drift=0.00e+00  t_eval=1.96e-04  t_dbdsqr=1.43e-05
  ev2_ec1_n74_s0_gs                                n=   148  res=     0.300  ortU=    15.600  ortV=    15.600    drift=0.00e+00  t_eval=1.10e-03  t_dbdsqr=1.23e-05
  ev5_ec1_n28_s0_gm                                n=    84  res=     0.000  ortU=    15.600  ortV=    15.600    drift=0.00e+00  t_eval=3.00e-03  t_dbdsqr=1.80e-04
  ev6_ec1_n95_s3_gm                                n=   285  res=     0.000  ortU=    15.600  ortV=    15.600    drift=0.00e+00  t_eval=3.36e-02  t_dbdsqr=2.35e-03
  ev6_ec1_n98_s3                                   n=    98  res=     0.100  ortU=    15.600  ortV=    15.600    drift=0.00e+00  t_eval=1.03e-03  t_dbdsqr=2.71e-04
  ev7_ec1_n96_s2_gm                                n=   288  res=     0.000  ortU=    15.600  ortV=    15.600    drift=0.00e+00  t_eval=3.79e-02  t_dbdsqr=9.13e-04
  ev9_ec1_n21_s3_gm                                n=    63  res=     0.100  ortU=    15.600  ortV=    15.500    drift=0.00e+00  t_eval=1.35e-03  t_dbdsqr=9.17e-05
  ev9_ec1_n68_s2_gm                                n=   204  res=     0.200  ortU=    15.500  ortV=    15.600    drift=0.00e+00  t_eval=1.74e-02  t_dbdsqr=1.61e-03
  tri4_n24_gs                                      n=    48  res=     0.100  ortU=    15.600  ortV=    15.600    drift=0.00e+00  t_eval=8.49e-04  t_dbdsqr=3.89e-05
  tri7_n39_gm                                      n=   117  res=     0.000  ortU=    15.600  ortV=    15.600    drift=0.00e+00  t_eval=3.65e-03  t_dbdsqr=3.90e-04
  tri7_n96_gs                                      n=   192  res=     0.000  ortU=    15.600  ortV=    15.600    drift=0.00e+00  t_eval=1.90e-02  t_dbdsqr=3.51e-04
  ev6_ec1_n24_s2_gs                                n=    48  res=     0.100  ortU=    15.400  ortV=    15.500    drift=0.00e+00  t_eval=1.24e-03  t_dbdsqr=4.36e-05
  ev6_ec1_n30_s1_gm                                n=    90  res=     0.000  ortU=    15.500  ortV=    15.500    drift=0.00e+00  t_eval=2.25e-03  t_dbdsqr=2.63e-04
  ev6_ec1_n36_s3                                   n=    36  res=     0.100  ortU=    15.500  ortV=    15.500    drift=0.00e+00  t_eval=1.37e-04  t_dbdsqr=4.36e-05
  ev6_ec1_n42_s1_gs                                n=    84  res=     0.000  ortU=    15.500  ortV=    15.500    drift=0.00e+00  t_eval=3.82e-03  t_dbdsqr=1.13e-04
  ev6_ec1_n52_s0                                   n=    52  res=     0.100  ortU=    15.400  ortV=    15.500    drift=0.00e+00  t_eval=2.84e-04  t_dbdsqr=9.42e-05
  ev6_ec1_n76_s1_gs                                n=   152  res=     0.000  ortU=    15.400  ortV=    15.500    drift=0.00e+00  t_eval=1.45e-02  t_dbdsqr=3.35e-04
  ev6_ec1_n83_s0                                   n=    83  res=     0.100  ortU=    15.500  ortV=    15.400    drift=0.00e+00  t_eval=7.02e-04  t_dbdsqr=2.01e-04
  ev7_ec1_n30_s0_gs                                n=    60  res=     0.200  ortU=    15.500  ortV=    15.500    drift=0.00e+00  t_eval=1.04e-03  t_dbdsqr=6.26e-06
  ev8_ec1_n30_s0_gm                                n=    90  res=     0.000  ortU=    15.500  ortV=    15.500    drift=0.00e+00  t_eval=2.29e-03  t_dbdsqr=3.33e-04
  ev8_ec1_n86_s0_gm                                n=   258  res=     0.100  ortU=    15.400  ortV=    15.500    drift=0.00e+00  t_eval=2.40e-02  t_dbdsqr=2.36e-03
  tri5_n65                                         n=    65  res=     0.200  ortU=    15.500  ortV=    15.500    drift=0.00e+00  t_eval=3.05e-04  t_dbdsqr=9.46e-05
  tri7_n87_gs                                      n=   174  res=     0.000  ortU=    15.500  ortV=    15.500    drift=0.00e+00  t_eval=1.54e-02  t_dbdsqr=2.95e-04
  ev3_ec4_n93_s3_gm                                n=   279  res=     0.000  ortU=    15.400  ortV=    15.400    drift=0.00e+00  t_eval=3.77e-02  t_dbdsqr=6.77e-04
  ev4_ec1_n13_s0_gs                                n=    26  res=     0.100  ortU=    15.300  ortV=    15.400    drift=0.00e+00  t_eval=2.37e-04  t_dbdsqr=2.18e-05
  ev4_ec1_n29_s2_gs                                n=    58  res=     0.100  ortU=    15.400  ortV=    15.400    drift=0.00e+00  t_eval=1.40e-03  t_dbdsqr=5.75e-05
  ev4_ec1_n50_s1_gm                                n=   150  res=     0.100  ortU=    15.400  ortV=    15.300    drift=0.00e+00  t_eval=6.29e-03  t_dbdsqr=6.75e-04
  ev4_ec4_n87_s3_gm                                n=   261  res=     0.000  ortU=    15.300  ortV=    15.400    drift=0.00e+00  t_eval=2.34e-02  t_dbdsqr=1.93e-03
  ev4_ec4_n94_s2_gs                                n=   188  res=     0.000  ortU=    15.400  ortV=    15.300    drift=0.00e+00  t_eval=1.90e-02  t_dbdsqr=5.08e-04
  ev6_ec1_n32_s3                                   n=    32  res=     0.100  ortU=    15.300  ortV=    15.400    drift=0.00e+00  t_eval=1.04e-04  t_dbdsqr=3.93e-05
  ev6_ec1_n55_s1                                   n=    55  res=     0.100  ortU=    15.300  ortV=    15.400    drift=0.00e+00  t_eval=3.01e-04  t_dbdsqr=9.01e-05
  ev7_ec1_n69_s1_gs                                n=   138  res=     0.000  ortU=    15.400  ortV=    15.400    drift=0.00e+00  t_eval=5.88e-03  t_dbdsqr=2.54e-04
  ev9_ec1_n27_s0_gs                                n=    54  res=     0.500  ortU=    15.400  ortV=    15.400    drift=0.00e+00  t_eval=1.07e-03  t_dbdsqr=9.94e-05
  ev9_ec1_n36_s3_gm                                n=   108  res=     0.100  ortU=    15.300  ortV=    15.400    drift=0.00e+00  t_eval=4.50e-03  t_dbdsqr=4.92e-04
  tri2_n68_gs                                      n=   136  res=     0.100  ortU=    15.400  ortV=    15.400    drift=0.00e+00  t_eval=6.04e-03  t_dbdsqr=4.27e-04
  tri6_n45_gs                                      n=    90  res=     0.100  ortU=    15.400  ortV=    15.300    drift=0.00e+00  t_eval=4.27e-03  t_dbdsqr=2.01e-04
  ev4_ec1_n77_s1_gm                                n=   231  res=     0.000  ortU=    15.300  ortV=    15.300    drift=0.00e+00  t_eval=1.78e-02  t_dbdsqr=1.49e-03
  ev4_ec4_n73_s2_gm                                n=   219  res=     0.000  ortU=    15.300  ortV=    15.300    drift=0.00e+00  t_eval=1.54e-02  t_dbdsqr=1.38e-03
  ev4_ec4_n75_s3_gm                                n=   225  res=     0.000  ortU=    15.300  ortV=    15.300    drift=0.00e+00  t_eval=1.66e-02  t_dbdsqr=1.48e-03
  ev5_ec1_n14_s3_gm                                n=    42  res=     0.100  ortU=    15.300  ortV=    15.300    drift=0.00e+00  t_eval=5.99e-04  t_dbdsqr=4.87e-05
  ev5_ec1_n53_s3                                   n=    53  res=     0.100  ortU=    15.300  ortV=    15.300    drift=0.00e+00  t_eval=3.79e-04  t_dbdsqr=9.25e-05
  ev6_ec1_n51_s0                                   n=    51  res=     0.100  ortU=    15.300  ortV=    15.300    drift=0.00e+00  t_eval=2.46e-04  t_dbdsqr=8.58e-05
  ev6_ec1_n58_s3_gs                                n=   116  res=     0.000  ortU=    15.300  ortV=    15.300    drift=0.00e+00  t_eval=8.17e-03  t_dbdsqr=2.06e-04
  ev6_ec1_n80_s2_gm                                n=   240  res=     0.100  ortU=    15.300  ortV=    15.200    drift=0.00e+00  t_eval=2.19e-02  t_dbdsqr=1.61e-03
  ev9_ec1_n39_s3_gm                                n=   117  res=     0.100  ortU=    15.300  ortV=    15.300    drift=0.00e+00  t_eval=5.34e-03  t_dbdsqr=2.03e-04
  ev9_ec1_n52_s0_gm                                n=   156  res=     0.000  ortU=    15.300  ortV=    15.300    drift=0.00e+00  t_eval=9.89e-03  t_dbdsqr=9.72e-04
  tri7_n76_gm                                      n=   228  res=     0.000  ortU=    15.300  ortV=    15.300    drift=0.00e+00  t_eval=1.67e-02  t_dbdsqr=1.25e-03
  ev4_ec1_n97_s0_gs                                n=   194  res=     0.000  ortU=    15.200  ortV=    15.200    drift=0.00e+00  t_eval=2.25e-02  t_dbdsqr=1.06e-03
  ev4_ec4_n38_s1_gm                                n=   114  res=     0.000  ortU=    15.200  ortV=    15.200    drift=0.00e+00  t_eval=3.30e-03  t_dbdsqr=4.27e-04
  ev4_ec4_n60_s1_gs                                n=   120  res=     0.000  ortU=    15.200  ortV=    15.200    drift=0.00e+00  t_eval=7.23e-03  t_dbdsqr=2.48e-04
  ev4_ec4_n74_s1_gs                                n=   148  res=     0.000  ortU=    15.200  ortV=    15.200    drift=0.00e+00  t_eval=1.11e-02  t_dbdsqr=3.66e-04
  ev5_ec1_n4_s1_gs                                 n=     8  res=     0.300  ortU=    14.900  ortV=    15.200    drift=0.00e+00  t_eval=3.22e-05  t_dbdsqr=5.48e-06
  ev6_ec1_n29_s1_gs                                n=    58  res=     0.100  ortU=    15.200  ortV=    15.200    drift=0.00e+00  t_eval=1.77e-03  t_dbdsqr=5.90e-05
  ev6_ec1_n69_s3_gs                                n=   138  res=     0.000  ortU=    15.200  ortV=    15.200    drift=0.00e+00  t_eval=1.18e-02  t_dbdsqr=2.78e-04
  ev7_ec1_n79_s1_gm                                n=   237  res=     0.100  ortU=    15.200  ortV=    15.200    drift=0.00e+00  t_eval=2.42e-02  t_dbdsqr=1.15e-04
  ev7_ec1_n85_s2_gm                                n=   255  res=     0.000  ortU=    15.200  ortV=    15.200    drift=0.00e+00  t_eval=2.95e-02  t_dbdsqr=6.71e-04
  tri6_n80_gs                                      n=   160  res=     0.000  ortU=    15.200  ortV=    15.200    drift=0.00e+00  t_eval=1.46e-02  t_dbdsqr=6.18e-04
  ev4_ec1_n12_s2_gs                                n=    24  res=     0.100  ortU=    15.100  ortV=    15.000    drift=0.00e+00  t_eval=2.01e-04  t_dbdsqr=1.81e-05
  ev4_ec1_n16_s0_gs                                n=    32  res=     0.100  ortU=    15.100  ortV=    15.100    drift=0.00e+00  t_eval=3.94e-04  t_dbdsqr=2.45e-05
  ev4_ec1_n53_s0_gm                                n=   159  res=     0.000  ortU=    15.100  ortV=    15.100    drift=0.00e+00  t_eval=7.21e-03  t_dbdsqr=7.68e-04
  ev4_ec1_n53_s2_gs                                n=   106  res=     0.000  ortU=    15.100  ortV=    15.100    drift=0.00e+00  t_eval=6.36e-03  t_dbdsqr=1.76e-04
  ev4_ec4_n23_s1_gs                                n=    46  res=     0.100  ortU=    15.100  ortV=    15.100    drift=0.00e+00  t_eval=8.68e-04  t_dbdsqr=4.22e-05
  ev4_ec4_n42_s1_gm                                n=   126  res=     0.100  ortU=    15.100  ortV=    15.100    drift=0.00e+00  t_eval=4.22e-03  t_dbdsqr=4.87e-04
  ev4_ec4_n68_s3_gm                                n=   204  res=     0.000  ortU=    15.100  ortV=    15.100    drift=0.00e+00  t_eval=1.40e-02  t_dbdsqr=1.18e-03
  ev4_ec4_n86_s1_gs                                n=   172  res=     0.000  ortU=    15.100  ortV=    15.100    drift=0.00e+00  t_eval=1.65e-02  t_dbdsqr=4.26e-04
  ev6_ec1_n37_s2_gm                                n=   111  res=     0.000  ortU=    15.100  ortV=    15.000    drift=0.00e+00  t_eval=4.74e-03  t_dbdsqr=3.97e-04
  ev6_ec1_n56_s0_gs                                n=   112  res=     0.000  ortU=    15.100  ortV=    15.100    drift=0.00e+00  t_eval=6.50e-03  t_dbdsqr=2.09e-04
  ev6_ec1_n58_s3                                   n=    58  res=     0.100  ortU=    15.100  ortV=    15.100    drift=0.00e+00  t_eval=3.81e-04  t_dbdsqr=1.04e-04
  ev7_ec1_n8_s1_gm                                 n=    24  res=     0.300  ortU=    15.100  ortV=    15.100    drift=0.00e+00  t_eval=2.38e-04  t_dbdsqr=4.59e-06
  ev7_ec1_n66_s2_gm                                n=   198  res=     0.100  ortU=    15.100  ortV=    15.100    drift=0.00e+00  t_eval=1.76e-02  t_dbdsqr=7.31e-05
  ev9_ec1_n58_s1_gm                                n=   174  res=     0.100  ortU=    15.100  ortV=    15.100    drift=0.00e+00  t_eval=1.21e-02  t_dbdsqr=1.16e-03
  tri3_n33_gm                                      n=    99  res=     0.100  ortU=    15.100  ortV=    15.100    drift=0.00e+00  t_eval=4.50e-03  t_dbdsqr=2.80e-04
  ev3_ec1_n11_s1                                   n=    11  res=     0.100  ortU=    14.900  ortV=    15.000    drift=0.00e+00  t_eval=2.37e-05  t_dbdsqr=5.74e-06
  ev4_ec1_n20_s2_gs                                n=    40  res=     0.100  ortU=    14.900  ortV=    15.000    drift=0.00e+00  t_eval=6.24e-04  t_dbdsqr=3.66e-05
  ev4_ec1_n27_s3_gs                                n=    54  res=     0.000  ortU=    15.000  ortV=    15.000    drift=0.00e+00  t_eval=1.27e-03  t_dbdsqr=5.51e-05
  ev4_ec1_n75_s1_gm                                n=   225  res=     0.100  ortU=    15.000  ortV=    15.000    drift=0.00e+00  t_eval=1.62e-02  t_dbdsqr=1.44e-03
  ev4_ec1_n97_s1_gm                                n=   291  res=     0.000  ortU=    15.000  ortV=    15.000    drift=0.00e+00  t_eval=2.94e-02  t_dbdsqr=2.30e-03
  ev4_ec4_n56_s3_gs                                n=   112  res=     0.000  ortU=    15.000  ortV=    15.000    drift=0.00e+00  t_eval=7.04e-03  t_dbdsqr=1.93e-04
  ev4_ec4_n61_s2_gm                                n=   183  res=     0.000  ortU=    15.000  ortV=    15.000    drift=0.00e+00  t_eval=9.99e-03  t_dbdsqr=1.00e-03
  ev4_ec4_n62_s0_gs                                n=   124  res=     0.000  ortU=    15.000  ortV=    15.000    drift=0.00e+00  t_eval=8.07e-03  t_dbdsqr=2.35e-04
  ev4_ec4_n71_s2_gs                                n=   142  res=     0.000  ortU=    15.000  ortV=    15.000    drift=0.00e+00  t_eval=1.10e-02  t_dbdsqr=3.45e-04
  ev4_ec4_n98_s3_gm                                n=   294  res=     0.000  ortU=    15.000  ortV=    15.000    drift=0.00e+00  t_eval=3.09e-02  t_dbdsqr=2.36e-03
  ev4_ec4_n100_s2_gm                               n=   300  res=     0.000  ortU=    15.000  ortV=    15.000    drift=0.00e+00  t_eval=3.22e-02  t_dbdsqr=2.48e-03
  ev5_ec1_n43_s0                                   n=    43  res=     0.100  ortU=    15.000  ortV=    14.900    drift=0.00e+00  t_eval=2.06e-04  t_dbdsqr=3.60e-05
  ev5_ec1_n50_s3                                   n=    50  res=     0.100  ortU=    15.000  ortV=    15.000    drift=0.00e+00  t_eval=3.53e-04  t_dbdsqr=8.36e-05
  ev5_ec4_n23_s0_gm                                n=    69  res=     0.100  ortU=    15.000  ortV=    14.900    drift=0.00e+00  t_eval=2.15e-03  t_dbdsqr=1.11e-04
  ev5_ec4_n79_s2_gm                                n=   237  res=     0.000  ortU=    15.000  ortV=    15.000    drift=0.00e+00  t_eval=2.69e-02  t_dbdsqr=3.12e-04
  ev6_ec1_n29_s1                                   n=    29  res=     0.200  ortU=    15.000  ortV=    15.000    drift=0.00e+00  t_eval=7.53e-05  t_dbdsqr=3.10e-05
  ev6_ec1_n89_s1                                   n=    89  res=     0.100  ortU=    15.000  ortV=    15.000    drift=0.00e+00  t_eval=9.36e-04  t_dbdsqr=3.01e-04
  ev7_ec1_n54_s0_gm                                n=   162  res=     0.100  ortU=    15.000  ortV=    15.000    drift=0.00e+00  t_eval=1.14e-02  t_dbdsqr=5.94e-05
  tri6_n65_gs                                      n=   130  res=     0.000  ortU=    14.900  ortV=    15.000    drift=0.00e+00  t_eval=9.41e-03  t_dbdsqr=4.06e-04
  ev4_ec1_n12_s0_gs                                n=    24  res=     0.100  ortU=    14.900  ortV=    14.800    drift=0.00e+00  t_eval=2.07e-04  t_dbdsqr=1.63e-05
  ev4_ec1_n90_s0_gm                                n=   270  res=     0.000  ortU=    14.900  ortV=    14.900    drift=0.00e+00  t_eval=2.57e-02  t_dbdsqr=2.04e-03
  ev4_ec4_n95_s3_gm                                n=   285  res=     0.000  ortU=    14.900  ortV=    14.900    drift=0.00e+00  t_eval=2.88e-02  t_dbdsqr=2.20e-03
  ev5_ec1_n4_s1_gm                                 n=    12  res=     0.300  ortU=    14.800  ortV=    14.900    drift=0.00e+00  t_eval=4.90e-05  t_dbdsqr=7.69e-06
  ev5_ec1_n89_s1_gm                                n=   267  res=     0.100  ortU=    14.900  ortV=    14.900    drift=0.00e+00  t_eval=3.33e-02  t_dbdsqr=1.10e-03
  ev6_ec1_n86_s2_gm                                n=   258  res=     0.100  ortU=    14.900  ortV=    14.900    drift=0.00e+00  t_eval=2.35e-02  t_dbdsqr=1.88e-03
  ev6_ec1_n89_s2_gm                                n=   267  res=     0.000  ortU=    14.900  ortV=    14.800    drift=0.00e+00  t_eval=2.55e-02  t_dbdsqr=2.05e-03
  ev9_ec1_n96_s0_gm                                n=   288  res=     0.200  ortU=    14.900  ortV=    14.900    drift=0.00e+00  t_eval=3.65e-02  t_dbdsqr=3.00e-03
  tri3_n17_gs                                      n=    34  res=     0.100  ortU=    14.900  ortV=    14.800    drift=0.00e+00  t_eval=5.38e-04  t_dbdsqr=2.96e-05
  tri5_n49                                         n=    49  res=     0.200  ortU=    14.900  ortV=    14.900    drift=0.00e+00  t_eval=1.69e-04  t_dbdsqr=5.69e-05
  ev3_ec1_n7_s1                                    n=     7  res=     0.100  ortU=    14.800  ortV=    14.800    drift=0.00e+00  t_eval=1.48e-05  t_dbdsqr=5.38e-06
  ev3_ec4_n72_s0                                   n=    72  res=     0.100  ortU=    14.700  ortV=    14.800    drift=0.00e+00  t_eval=7.33e-04  t_dbdsqr=1.46e-04
  ev3_ec4_n96_s0_gm                                n=   288  res=     0.000  ortU=    14.800  ortV=    14.800    drift=0.00e+00  t_eval=4.03e-02  t_dbdsqr=4.40e-04
  ev4_ec1_n69_s2_gs                                n=   138  res=     0.000  ortU=    14.800  ortV=    14.800    drift=0.00e+00  t_eval=9.79e-03  t_dbdsqr=2.82e-04
  ev4_ec1_n100_s1_gm                               n=   300  res=     0.000  ortU=    14.700  ortV=    14.800    drift=0.00e+00  t_eval=3.22e-02  t_dbdsqr=2.46e-03
  ev4_ec4_n61_s1_gm                                n=   183  res=     0.000  ortU=    14.800  ortV=    14.800    drift=0.00e+00  t_eval=1.03e-02  t_dbdsqr=1.01e-03
  ev4_ec4_n85_s1_gs                                n=   170  res=     0.000  ortU=    14.800  ortV=    14.800    drift=0.00e+00  t_eval=1.61e-02  t_dbdsqr=8.73e-04
  ev4_ec4_n97_s2_gm                                n=   291  res=     0.000  ortU=    14.800  ortV=    14.800    drift=0.00e+00  t_eval=2.92e-02  t_dbdsqr=2.35e-03
  ev5_ec1_n5_s1_gm                                 n=    15  res=     0.200  ortU=    14.800  ortV=    14.800    drift=0.00e+00  t_eval=7.12e-05  t_dbdsqr=1.18e-05
  ev5_ec4_n9_s3_gs                                 n=    18  res=     0.300  ortU=    14.800  ortV=    14.500    drift=0.00e+00  t_eval=1.63e-04  t_dbdsqr=5.68e-06
  ev6_ec1_n31_s0_gs                                n=    62  res=     0.100  ortU=    14.800  ortV=    14.800    drift=0.00e+00  t_eval=1.59e-03  t_dbdsqr=6.53e-05
  ev6_ec1_n70_s3                                   n=    70  res=     0.100  ortU=    14.800  ortV=    14.800    drift=0.00e+00  t_eval=5.24e-04  t_dbdsqr=1.48e-04
  ev6_ec1_n86_s2_gs                                n=   172  res=     0.000  ortU=    14.800  ortV=    14.800    drift=0.00e+00  t_eval=1.66e-02  t_dbdsqr=4.45e-04
  ev8_ec1_n16_s1_gm                                n=    48  res=     0.100  ortU=    14.800  ortV=    14.800    drift=0.00e+00  t_eval=6.90e-04  t_dbdsqr=1.01e-04
  ev9_ec1_n12_s0_gs                                n=    24  res=     0.400  ortU=    14.800  ortV=    14.700    drift=0.00e+00  t_eval=1.81e-04  t_dbdsqr=2.41e-05
  ev9_ec1_n18_s2_gs                                n=    36  res=     0.900  ortU=    14.700  ortV=    14.800    drift=0.00e+00  t_eval=4.47e-04  t_dbdsqr=4.92e-05
  ev3_ec1_n9_s3                                    n=     9  res=     0.100  ortU=    14.600  ortV=    14.700    drift=0.00e+00  t_eval=1.90e-05  t_dbdsqr=4.80e-06
  ev4_ec1_n63_s2_gs                                n=   126  res=     0.000  ortU=    14.700  ortV=    14.700    drift=0.00e+00  t_eval=8.08e-03  t_dbdsqr=2.40e-04
  ev4_ec1_n83_s3_gm                                n=   249  res=     0.000  ortU=    14.700  ortV=    14.700    drift=0.00e+00  t_eval=2.06e-02  t_dbdsqr=1.68e-03
  ev4_ec4_n28_s3_gs                                n=    56  res=     0.100  ortU=    14.700  ortV=    14.600    drift=0.00e+00  t_eval=1.32e-03  t_dbdsqr=5.75e-05
  ev5_ec1_n8_s1_gm                                 n=    24  res=     0.200  ortU=    14.700  ortV=    14.600    drift=0.00e+00  t_eval=1.86e-04  t_dbdsqr=2.11e-05
  ev5_ec1_n39_s2_gm                                n=   117  res=     0.000  ortU=    14.700  ortV=    14.700    drift=0.00e+00  t_eval=5.86e-03  t_dbdsqr=2.89e-04
  ev5_ec1_n89_s2_gm                                n=   267  res=     0.000  ortU=    14.700  ortV=    14.700    drift=0.00e+00  t_eval=3.27e-02  t_dbdsqr=9.32e-04
  ev5_ec4_n13_s2                                   n=    13  res=     0.100  ortU=    14.700  ortV=    14.700    drift=0.00e+00  t_eval=3.25e-05  t_dbdsqr=6.18e-06
  tri3_n49_gm                                      n=   147  res=     0.000  ortU=    14.700  ortV=    14.700    drift=0.00e+00  t_eval=1.16e-02  t_dbdsqr=5.26e-04
  tri4_n60_gm                                      n=   180  res=     0.100  ortU=    14.700  ortV=    14.700    drift=0.00e+00  t_eval=9.22e-03  t_dbdsqr=8.68e-04
  tri4_n76_gm                                      n=   228  res=     0.000  ortU=    14.700  ortV=    14.700    drift=0.00e+00  t_eval=1.59e-02  t_dbdsqr=1.30e-03
  ev3_ec1_n9_s3_gs                                 n=    18  res=     0.300  ortU=    14.300  ortV=    14.600    drift=0.00e+00  t_eval=1.89e-04  t_dbdsqr=7.80e-06
  ev3_ec1_n19_s2                                   n=    19  res=     0.200  ortU=    14.500  ortV=    14.600    drift=0.00e+00  t_eval=5.77e-05  t_dbdsqr=2.32e-05
  ev4_ec1_n60_s1_gm                                n=   180  res=     0.000  ortU=    14.600  ortV=    14.600    drift=0.00e+00  t_eval=9.78e-03  t_dbdsqr=9.80e-04
  ev4_ec1_n64_s3_gs                                n=   128  res=     0.000  ortU=    14.600  ortV=    14.600    drift=0.00e+00  t_eval=8.10e-03  t_dbdsqr=2.71e-04
  ev4_ec1_n65_s0_gs                                n=   130  res=     0.000  ortU=    14.600  ortV=    14.600    drift=0.00e+00  t_eval=8.64e-03  t_dbdsqr=2.77e-04
  ev4_ec1_n75_s3_gs                                n=   150  res=     0.000  ortU=    14.600  ortV=    14.600    drift=0.00e+00  t_eval=1.18e-02  t_dbdsqr=3.32e-04
  ev5_ec4_n61_s0_gm                                n=   183  res=     0.000  ortU=    14.600  ortV=    14.500    drift=0.00e+00  t_eval=1.61e-02  t_dbdsqr=1.69e-04
  ev6_ec1_n28_s2_gs                                n=    56  res=     0.100  ortU=    14.600  ortV=    14.600    drift=0.00e+00  t_eval=1.80e-03  t_dbdsqr=5.45e-05
  ev6_ec1_n50_s1_gs                                n=   100  res=     0.000  ortU=    14.600  ortV=    14.600    drift=0.00e+00  t_eval=5.66e-03  t_dbdsqr=2.32e-04
  ev6_ec1_n70_s1                                   n=    70  res=     0.200  ortU=    14.600  ortV=    14.600    drift=0.00e+00  t_eval=5.55e-04  t_dbdsqr=2.24e-04
  ev6_ec1_n92_s3_gm                                n=   276  res=     0.100  ortU=    14.600  ortV=    14.600    drift=0.00e+00  t_eval=3.24e-02  t_dbdsqr=2.27e-03
  ev8_ec1_n6_s1_gm                                 n=    18  res=     0.200  ortU=    14.600  ortV=    14.600    drift=0.00e+00  t_eval=1.05e-04  t_dbdsqr=1.61e-05
  ev8_ec1_n9_s3_gm                                 n=    27  res=     0.100  ortU=    14.600  ortV=    14.600    drift=0.00e+00  t_eval=2.01e-04  t_dbdsqr=3.12e-05
  ev9_ec1_n7_s2_gs                                 n=    14  res=     0.300  ortU=    14.400  ortV=    14.600    drift=0.00e+00  t_eval=7.96e-05  t_dbdsqr=1.20e-05
  ev2_ec4_n64_s2                                   n=    64  res=     0.100  ortU=    14.500  ortV=    14.500    drift=0.00e+00  t_eval=3.91e-04  t_dbdsqr=7.66e-06
  ev3_ec1_n34_s0_gm                                n=   102  res=     0.100  ortU=    14.500  ortV=    14.500    drift=0.00e+00  t_eval=4.49e-03  t_dbdsqr=2.79e-04
  ev4_ec1_n65_s3_gs                                n=   130  res=     0.000  ortU=    14.500  ortV=    14.400    drift=0.00e+00  t_eval=8.56e-03  t_dbdsqr=2.64e-04
  ev4_ec1_n96_s1_gs                                n=   192  res=     0.100  ortU=    14.500  ortV=    14.500    drift=0.00e+00  t_eval=2.09e-02  t_dbdsqr=1.07e-03
  ev4_ec4_n39_s1_gs                                n=    78  res=     0.000  ortU=    14.400  ortV=    14.500    drift=0.00e+00  t_eval=2.64e-03  t_dbdsqr=9.06e-05
  ev4_ec4_n87_s2_gm                                n=   261  res=     0.000  ortU=    14.500  ortV=    14.500    drift=0.00e+00  t_eval=2.28e-02  t_dbdsqr=1.91e-03
  ev5_ec4_n52_s0_gm                                n=   156  res=     0.000  ortU=    14.500  ortV=    14.500    drift=0.00e+00  t_eval=1.11e-02  t_dbdsqr=1.78e-04
  ev5_ec4_n57_s0_gm                                n=   171  res=     0.000  ortU=    14.500  ortV=    14.500    drift=0.00e+00  t_eval=1.38e-02  t_dbdsqr=2.96e-04
  ev6_ec1_n94_s3_gm                                n=   282  res=     0.000  ortU=    14.500  ortV=    14.500    drift=0.00e+00  t_eval=3.35e-02  t_dbdsqr=2.27e-03
  ev7_ec1_n43_s3_gm                                n=   129  res=     0.100  ortU=    14.500  ortV=    14.500    drift=0.00e+00  t_eval=7.45e-03  t_dbdsqr=2.34e-05
  ev9_ec1_n69_s3_gm                                n=   207  res=     0.200  ortU=    14.500  ortV=    14.500    drift=0.00e+00  t_eval=1.75e-02  t_dbdsqr=5.15e-04
  ev9_ec1_n76_s2_gm                                n=   228  res=     0.000  ortU=    14.500  ortV=    14.500    drift=0.00e+00  t_eval=2.23e-02  t_dbdsqr=6.20e-04
  tri4_n96_gm                                      n=   288  res=     0.000  ortU=    14.500  ortV=    14.500    drift=0.00e+00  t_eval=2.78e-02  t_dbdsqr=1.97e-03
  ev3_ec1_n46_s1                                   n=    46  res=     0.100  ortU=    14.400  ortV=    14.400    drift=0.00e+00  t_eval=2.05e-04  t_dbdsqr=4.26e-05
  ev3_ec4_n83_s2_gm                                n=   249  res=     0.000  ortU=    14.400  ortV=    14.400    drift=0.00e+00  t_eval=2.97e-02  t_dbdsqr=3.58e-04
  ev4_ec1_n90_s3_gs                                n=   180  res=     0.000  ortU=    14.400  ortV=    14.400    drift=0.00e+00  t_eval=1.71e-02  t_dbdsqr=4.67e-04
  ev4_ec1_n96_s3_gm                                n=   288  res=     0.000  ortU=    14.400  ortV=    14.400    drift=0.00e+00  t_eval=2.89e-02  t_dbdsqr=2.28e-03
  ev4_ec4_n26_s2_gs                                n=    52  res=     0.100  ortU=    14.400  ortV=    14.400    drift=0.00e+00  t_eval=1.09e-03  t_dbdsqr=5.15e-05
  ev5_ec4_n39_s0_gm                                n=   117  res=     0.000  ortU=    14.300  ortV=    14.400    drift=0.00e+00  t_eval=6.19e-03  t_dbdsqr=1.33e-04
  ev5_ec4_n85_s0_gm                                n=   255  res=     0.000  ortU=    14.400  ortV=    14.400    drift=0.00e+00  t_eval=3.16e-02  t_dbdsqr=5.19e-04
  ev6_ec1_n38_s3_gm                                n=   114  res=     0.000  ortU=    14.400  ortV=    14.400    drift=0.00e+00  t_eval=4.41e-03  t_dbdsqr=4.43e-04
  ev6_ec1_n93_s3_gs                                n=   186  res=     0.000  ortU=    14.400  ortV=    14.400    drift=0.00e+00  t_eval=2.22e-02  t_dbdsqr=1.21e-03
  ev8_ec1_n88_s2_gm                                n=   264  res=     0.000  ortU=    14.300  ortV=    14.400    drift=0.00e+00  t_eval=2.53e-02  t_dbdsqr=2.45e-03
  ev8_ec1_n88_s3_gm                                n=   264  res=     0.100  ortU=    14.400  ortV=    14.400    drift=0.00e+00  t_eval=2.52e-02  t_dbdsqr=2.45e-03
  ev9_ec1_n13_s3_gs                                n=    26  res=     0.500  ortU=    14.400  ortV=    14.400    drift=0.00e+00  t_eval=2.15e-04  t_dbdsqr=2.61e-05
  ev9_ec1_n49_s3_gm                                n=   147  res=     0.000  ortU=    14.400  ortV=    14.400    drift=0.00e+00  t_eval=7.98e-03  t_dbdsqr=3.29e-04
  tri2_n38                                         n=    38  res=     0.400  ortU=    14.400  ortV=    14.300    drift=0.00e+00  t_eval=1.06e-04  t_dbdsqr=3.94e-05
  tri5_n50                                         n=    50  res=     0.300  ortU=    14.400  ortV=    14.400    drift=0.00e+00  t_eval=1.75e-04  t_dbdsqr=5.98e-05
  ev2_ec1_n96_s2                                   n=    96  res=     0.100  ortU=    14.300  ortV=    14.300    drift=2.11e-16  t_eval=8.13e-04  t_dbdsqr=8.40e-06
  ev4_ec1_n49_s3_gs                                n=    98  res=     0.000  ortU=    14.300  ortV=    14.300    drift=0.00e+00  t_eval=4.54e-03  t_dbdsqr=1.50e-04
  ev4_ec1_n66_s2_gs                                n=   132  res=     0.000  ortU=    14.300  ortV=    14.300    drift=0.00e+00  t_eval=8.48e-03  t_dbdsqr=2.67e-04
  ev4_ec4_n68_s2_gs                                n=   136  res=     0.000  ortU=    14.300  ortV=    14.300    drift=0.00e+00  t_eval=9.21e-03  t_dbdsqr=2.82e-04
  ev4_ec4_n84_s0_gm                                n=   252  res=     0.000  ortU=    14.300  ortV=    14.300    drift=0.00e+00  t_eval=2.13e-02  t_dbdsqr=1.76e-03
  ev6_ec1_n55_s1_gs                                n=   110  res=     0.000  ortU=    14.300  ortV=    14.200    drift=0.00e+00  t_eval=7.23e-03  t_dbdsqr=1.77e-04
  ev8_ec1_n30_s1_gm                                n=    90  res=     0.000  ortU=    14.200  ortV=    14.300    drift=0.00e+00  t_eval=2.36e-03  t_dbdsqr=3.38e-04
  ev8_ec1_n39_s1_gm                                n=   117  res=     0.000  ortU=    14.300  ortV=    14.300    drift=0.00e+00  t_eval=4.00e-03  t_dbdsqr=5.04e-04
  tri6_n8_gs                                       n=    16  res=     0.200  ortU=    14.300  ortV=    14.200    drift=0.00e+00  t_eval=9.90e-05  t_dbdsqr=7.81e-06
  ev3_ec1_n15_s2                                   n=    15  res=     0.100  ortU=    14.200  ortV=    14.200    drift=0.00e+00  t_eval=4.34e-05  t_dbdsqr=1.87e-05
  ev3_ec4_n37_s0_gm                                n=   111  res=     0.100  ortU=    14.200  ortV=    14.200    drift=0.00e+00  t_eval=5.82e-03  t_dbdsqr=1.11e-04
  ev4_ec1_n34_s0_gs                                n=    68  res=     0.000  ortU=    14.200  ortV=    14.200    drift=0.00e+00  t_eval=1.88e-03  t_dbdsqr=7.18e-05
  ev4_ec1_n81_s0_gs                                n=   162  res=     0.000  ortU=    14.200  ortV=    14.200    drift=0.00e+00  t_eval=1.39e-02  t_dbdsqr=3.81e-04
  ev4_ec1_n87_s1_gs                                n=   174  res=     0.000  ortU=    14.200  ortV=    14.200    drift=0.00e+00  t_eval=1.59e-02  t_dbdsqr=4.31e-04
  ev4_ec4_n17_s3_gs                                n=    34  res=     0.100  ortU=    14.200  ortV=    14.200    drift=0.00e+00  t_eval=4.28e-04  t_dbdsqr=2.63e-05
  ev4_ec4_n26_s0_gs                                n=    52  res=     0.100  ortU=    14.200  ortV=    14.200    drift=0.00e+00  t_eval=1.10e-03  t_dbdsqr=4.76e-05
  ev4_ec4_n59_s0_gs                                n=   118  res=     0.000  ortU=    14.200  ortV=    14.200    drift=0.00e+00  t_eval=6.72e-03  t_dbdsqr=2.33e-04
  ev4_ec4_n97_s2_gs                                n=   194  res=     0.100  ortU=    14.200  ortV=    14.200    drift=0.00e+00  t_eval=2.07e-02  t_dbdsqr=1.09e-03
  ev4_ec4_n98_s0_gm                                n=   294  res=     0.000  ortU=    14.200  ortV=    14.200    drift=0.00e+00  t_eval=3.07e-02  t_dbdsqr=2.38e-03
  ev5_ec1_n37_s0_gm                                n=   111  res=     0.000  ortU=    14.200  ortV=    14.200    drift=0.00e+00  t_eval=5.39e-03  t_dbdsqr=2.66e-04
  ev6_ec1_n51_s0_gm                                n=   153  res=     0.100  ortU=    14.200  ortV=    14.200    drift=0.00e+00  t_eval=7.27e-03  t_dbdsqr=6.61e-04
  ev3_ec4_n16_s0_gs                                n=    32  res=     0.200  ortU=    14.000  ortV=    14.100    drift=0.00e+00  t_eval=4.80e-04  t_dbdsqr=1.23e-05
  ev3_ec4_n55_s3_gm                                n=   165  res=     0.000  ortU=    14.100  ortV=    14.100    drift=0.00e+00  t_eval=1.30e-02  t_dbdsqr=1.96e-04
  ev4_ec4_n41_s1_gs                                n=    82  res=     0.000  ortU=    14.100  ortV=    14.100    drift=0.00e+00  t_eval=3.18e-03  t_dbdsqr=1.09e-04
  ev4_ec4_n51_s2_gm                                n=   153  res=     0.000  ortU=    14.100  ortV=    14.100    drift=0.00e+00  t_eval=6.76e-03  t_dbdsqr=7.17e-04
  ev4_ec4_n76_s1_gm                                n=   228  res=     0.000  ortU=    14.100  ortV=    14.100    drift=0.00e+00  t_eval=1.68e-02  t_dbdsqr=1.48e-03
  ev4_ec4_n83_s2_gs                                n=   166  res=     0.000  ortU=    14.100  ortV=    14.100    drift=0.00e+00  t_eval=1.42e-02  t_dbdsqr=4.02e-04
  ev5_ec4_n49_s3                                   n=    49  res=     0.100  ortU=    14.100  ortV=    14.100    drift=0.00e+00  t_eval=3.04e-04  t_dbdsqr=2.62e-05
  ev5_ec4_n70_s0_gm                                n=   210  res=     0.000  ortU=    14.100  ortV=    14.100    drift=0.00e+00  t_eval=2.10e-02  t_dbdsqr=4.40e-04
  ev6_ec1_n25_s3                                   n=    25  res=     0.100  ortU=    14.100  ortV=    14.100    drift=0.00e+00  t_eval=5.76e-05  t_dbdsqr=2.53e-05
  ev6_ec1_n39_s1_gs                                n=    78  res=     0.100  ortU=    14.100  ortV=    14.100    drift=0.00e+00  t_eval=3.10e-03  t_dbdsqr=9.68e-05
  ev6_ec1_n68_s3                                   n=    68  res=     0.100  ortU=    14.100  ortV=    14.100    drift=0.00e+00  t_eval=5.08e-04  t_dbdsqr=1.42e-04
  ev6_ec1_n68_s3_gm                                n=   204  res=     0.000  ortU=    14.100  ortV=    14.100    drift=0.00e+00  t_eval=1.75e-02  t_dbdsqr=1.24e-03
  ev6_ec1_n88_s0                                   n=    88  res=     0.100  ortU=    14.100  ortV=    14.100    drift=0.00e+00  t_eval=8.29e-04  t_dbdsqr=2.91e-04
  ev6_ec1_n95_s0_gs                                n=   190  res=     0.000  ortU=    14.100  ortV=    14.100    drift=0.00e+00  t_eval=2.06e-02  t_dbdsqr=1.16e-03
  ev7_ec1_n65_s1_gm                                n=   195  res=     0.000  ortU=    14.100  ortV=    14.100    drift=0.00e+00  t_eval=1.75e-02  t_dbdsqr=4.35e-04
  ev8_ec1_n15_s0_gs                                n=    30  res=     0.100  ortU=    14.000  ortV=    14.100    drift=0.00e+00  t_eval=4.41e-04  t_dbdsqr=2.52e-05
  ev8_ec1_n75_s1_gm                                n=   225  res=     0.000  ortU=    14.100  ortV=    14.000    drift=0.00e+00  t_eval=1.79e-02  t_dbdsqr=1.88e-03
  ev9_ec1_n20_s0_gs                                n=    40  res=     0.400  ortU=    14.100  ortV=    14.100    drift=0.00e+00  t_eval=5.49e-04  t_dbdsqr=5.89e-05
  ev9_ec1_n84_s2_gm                                n=   252  res=     0.000  ortU=    14.100  ortV=    14.100    drift=0.00e+00  t_eval=2.60e-02  t_dbdsqr=6.89e-04
  tri2_n73                                         n=    73  res=     0.200  ortU=    14.100  ortV=    14.100    drift=0.00e+00  t_eval=3.72e-04  t_dbdsqr=1.13e-04
  tri2_n100                                        n=   100  res=     0.300  ortU=    14.000  ortV=    14.100    drift=0.00e+00  t_eval=6.46e-04  t_dbdsqr=1.88e-04
  tri3_n27_gs                                      n=    54  res=     0.200  ortU=    14.100  ortV=    14.100    drift=0.00e+00  t_eval=1.48e-03  t_dbdsqr=6.13e-05
  ev4_ec1_n63_s2_gm                                n=   189  res=     0.000  ortU=    14.000  ortV=    14.000    drift=0.00e+00  t_eval=1.09e-02  t_dbdsqr=1.05e-03
  ev4_ec1_n88_s0_gm                                n=   264  res=     0.000  ortU=    14.000  ortV=    14.000    drift=0.00e+00  t_eval=2.30e-02  t_dbdsqr=1.92e-03
  ev4_ec4_n69_s0_gs                                n=   138  res=     0.000  ortU=    14.000  ortV=    14.000    drift=0.00e+00  t_eval=9.72e-03  t_dbdsqr=2.86e-04
  ev4_ec4_n96_s2_gs                                n=   192  res=     0.000  ortU=    14.000  ortV=    14.000    drift=0.00e+00  t_eval=1.95e-02  t_dbdsqr=5.17e-04
  ev6_ec1_n21_s2_gm                                n=    63  res=     0.000  ortU=    14.000  ortV=    13.900    drift=0.00e+00  t_eval=1.04e-03  t_dbdsqr=1.41e-04
  ev6_ec1_n38_s2_gm                                n=   114  res=     0.000  ortU=    14.000  ortV=    14.000    drift=0.00e+00  t_eval=5.05e-03  t_dbdsqr=4.06e-04
  ev6_ec1_n88_s0_gs                                n=   176  res=     0.000  ortU=    14.000  ortV=    14.000    drift=0.00e+00  t_eval=1.80e-02  t_dbdsqr=5.84e-04
  ev7_ec1_n55_s0_gm                                n=   165  res=     0.000  ortU=    14.000  ortV=    14.000    drift=0.00e+00  t_eval=1.24e-02  t_dbdsqr=2.87e-04
  ev7_ec1_n86_s2_gm                                n=   258  res=     0.100  ortU=    14.000  ortV=    14.000    drift=0.00e+00  t_eval=2.88e-02  t_dbdsqr=4.83e-05
  ev9_ec1_n43_s2_gm                                n=   129  res=     0.100  ortU=    14.000  ortV=    14.000    drift=0.00e+00  t_eval=7.69e-03  t_dbdsqr=6.95e-04
  ev9_ec1_n93_s0_gm                                n=   279  res=     0.000  ortU=    14.000  ortV=    14.000    drift=0.00e+00  t_eval=3.41e-02  t_dbdsqr=2.80e-03
  tri2_n77_gs                                      n=   154  res=     0.100  ortU=    14.000  ortV=    14.000    drift=0.00e+00  t_eval=7.82e-03  t_dbdsqr=5.30e-04
  tri6_n59_gs                                      n=   118  res=     0.000  ortU=    14.000  ortV=    14.000    drift=0.00e+00  t_eval=7.60e-03  t_dbdsqr=3.24e-04
  ev4_ec1_n67_s0_gm                                n=   201  res=     0.000  ortU=    13.900  ortV=    13.900    drift=0.00e+00  t_eval=1.27e-02  t_dbdsqr=1.19e-03
  ev4_ec1_n92_s0_gs                                n=   184  res=     0.100  ortU=    13.900  ortV=    13.800    drift=0.00e+00  t_eval=1.87e-02  t_dbdsqr=1.00e-03
  ev5_ec1_n23_s3                                   n=    23  res=     0.000  ortU=    13.900  ortV=    13.900    drift=0.00e+00  t_eval=6.82e-05  t_dbdsqr=1.71e-05
  ev5_ec1_n92_s3_gm                                n=   276  res=     0.000  ortU=    13.800  ortV=    13.900    drift=0.00e+00  t_eval=3.55e-02  t_dbdsqr=1.16e-03
  ev5_ec4_n63_s2_gm                                n=   189  res=     0.000  ortU=    13.900  ortV=    13.900    drift=0.00e+00  t_eval=1.70e-02  t_dbdsqr=2.19e-04
  ev6_ec1_n32_s3_gs                                n=    64  res=     0.000  ortU=    13.900  ortV=    13.900    drift=0.00e+00  t_eval=2.16e-03  t_dbdsqr=7.47e-05
  ev6_ec1_n34_s0                                   n=    34  res=     0.400  ortU=    13.800  ortV=    13.900    drift=0.00e+00  t_eval=1.05e-04  t_dbdsqr=4.87e-05
  ev6_ec1_n34_s0_gs                                n=    68  res=     0.100  ortU=    13.900  ortV=    13.900    drift=0.00e+00  t_eval=2.09e-03  t_dbdsqr=9.44e-05
  ev6_ec1_n70_s3_gs                                n=   140  res=     0.000  ortU=    13.900  ortV=    13.900    drift=0.00e+00  t_eval=1.22e-02  t_dbdsqr=2.92e-04
  ev7_ec1_n43_s2_gm                                n=   129  res=     0.000  ortU=    13.900  ortV=    13.900    drift=0.00e+00  t_eval=7.72e-03  t_dbdsqr=3.54e-04
  ev8_ec1_n11_s2_gm                                n=    33  res=     0.100  ortU=    13.900  ortV=    13.900    drift=0.00e+00  t_eval=2.76e-04  t_dbdsqr=3.96e-05
  ev9_ec1_n76_s0_gm                                n=   228  res=     0.000  ortU=    13.900  ortV=    13.900    drift=0.00e+00  t_eval=2.12e-02  t_dbdsqr=1.95e-03
  tri5_n39                                         n=    39  res=     0.400  ortU=    13.900  ortV=    13.900    drift=0.00e+00  t_eval=1.15e-04  t_dbdsqr=4.02e-05
  ev3_ec1_n16_s0                                   n=    16  res=     0.100  ortU=    13.600  ortV=    13.800    drift=0.00e+00  t_eval=3.55e-05  t_dbdsqr=1.00e-05
  ev4_ec4_n73_s2_gs                                n=   146  res=     0.000  ortU=    13.800  ortV=    13.700    drift=0.00e+00  t_eval=1.10e-02  t_dbdsqr=3.45e-04
  ev5_ec4_n58_s1_gm                                n=   174  res=     0.000  ortU=    13.800  ortV=    13.800    drift=0.00e+00  t_eval=1.38e-02  t_dbdsqr=4.35e-04
  ev6_ec1_n23_s0                                   n=    23  res=     0.100  ortU=    13.800  ortV=    13.800    drift=0.00e+00  t_eval=5.38e-05  t_dbdsqr=2.44e-05
  ev6_ec1_n82_s0_gs                                n=   164  res=     0.000  ortU=    13.800  ortV=    13.700    drift=0.00e+00  t_eval=1.47e-02  t_dbdsqr=4.12e-04
  ev6_ec1_n97_s2                                   n=    97  res=     0.100  ortU=    13.800  ortV=    13.800    drift=0.00e+00  t_eval=1.14e-03  t_dbdsqr=2.72e-04
  ev7_ec1_n25_s1_gm                                n=    75  res=     0.100  ortU=    13.800  ortV=    13.800    drift=0.00e+00  t_eval=2.37e-03  t_dbdsqr=1.49e-05
  ev8_ec1_n10_s1_gm                                n=    30  res=     0.200  ortU=    13.800  ortV=    13.700    drift=0.00e+00  t_eval=2.68e-04  t_dbdsqr=4.04e-05
  ev9_ec1_n17_s3_gs                                n=    34  res=     1.000  ortU=    13.800  ortV=    13.800    drift=0.00e+00  t_eval=3.86e-04  t_dbdsqr=3.84e-05
  ev9_ec1_n46_s3_gm                                n=   138  res=     0.100  ortU=    13.800  ortV=    13.800    drift=0.00e+00  t_eval=7.72e-03  t_dbdsqr=7.41e-04
  tri5_n83                                         n=    83  res=     0.200  ortU=    13.800  ortV=    13.700    drift=0.00e+00  t_eval=4.77e-04  t_dbdsqr=1.47e-04
  bid2_n250_s1                                     n=   250  res=     0.100  ortU=    13.800  ortV=    13.800    drift=0.00e+00  t_eval=4.37e-03  t_dbdsqr=1.35e-03
  ev3_ec1_n20_s2_gm                                n=    60  res=     0.100  ortU=    13.700  ortV=    13.700    drift=0.00e+00  t_eval=1.48e-03  t_dbdsqr=8.02e-05
  ev3_ec1_n47_s2                                   n=    47  res=     0.200  ortU=    13.700  ortV=    13.600    drift=0.00e+00  t_eval=2.53e-04  t_dbdsqr=7.90e-05
  ev3_ec4_n90_s3_gm                                n=   270  res=     0.000  ortU=    13.700  ortV=    13.700    drift=0.00e+00  t_eval=3.46e-02  t_dbdsqr=4.06e-04
  ev4_ec1_n54_s2_gm                                n=   162  res=     0.100  ortU=    13.700  ortV=    13.700    drift=0.00e+00  t_eval=7.67e-03  t_dbdsqr=8.19e-04
  ev4_ec1_n79_s0_gm                                n=   237  res=     0.000  ortU=    13.700  ortV=    13.700    drift=0.00e+00  t_eval=1.88e-02  t_dbdsqr=1.53e-03
  ev4_ec4_n71_s0_gs                                n=   142  res=     0.000  ortU=    13.700  ortV=    13.700    drift=0.00e+00  t_eval=1.05e-02  t_dbdsqr=3.00e-04
  ev4_ec4_n91_s2_gm                                n=   273  res=     0.000  ortU=    13.700  ortV=    13.700    drift=0.00e+00  t_eval=2.60e-02  t_dbdsqr=2.06e-03
  ev6_ec1_n45_s3                                   n=    45  res=     0.100  ortU=    13.700  ortV=    13.700    drift=0.00e+00  t_eval=2.08e-04  t_dbdsqr=6.80e-05
  ev6_ec1_n50_s0_gs                                n=   100  res=     0.000  ortU=    13.700  ortV=    13.700    drift=0.00e+00  t_eval=6.07e-03  t_dbdsqr=2.10e-04
  ev6_ec1_n56_s1                                   n=    56  res=     0.200  ortU=    13.700  ortV=    13.700    drift=0.00e+00  t_eval=3.16e-04  t_dbdsqr=1.01e-04
  ev6_ec1_n93_s2_gm                                n=   279  res=     0.000  ortU=    13.700  ortV=    13.700    drift=0.00e+00  t_eval=2.72e-02  t_dbdsqr=2.23e-03
  ev6_ec1_n94_s2_gm                                n=   282  res=     0.000  ortU=    13.700  ortV=    13.700    drift=0.00e+00  t_eval=2.85e-02  t_dbdsqr=2.20e-03
  ev8_ec1_n48_s2_gm                                n=   144  res=     0.000  ortU=    13.700  ortV=    13.700    drift=0.00e+00  t_eval=6.74e-03  t_dbdsqr=7.61e-04
  ev9_ec1_n20_s1_gs                                n=    40  res=     0.500  ortU=    13.700  ortV=    13.700    drift=0.00e+00  t_eval=5.66e-04  t_dbdsqr=5.36e-05
  tri2_n52                                         n=    52  res=     0.300  ortU=    13.700  ortV=    13.700    drift=0.00e+00  t_eval=1.87e-04  t_dbdsqr=6.10e-05
  ev4_ec1_n42_s2_gm                                n=   126  res=     0.100  ortU=    13.600  ortV=    13.600    drift=0.00e+00  t_eval=4.23e-03  t_dbdsqr=5.00e-04
  ev4_ec1_n80_s2_gs                                n=   160  res=     0.000  ortU=    13.600  ortV=    13.600    drift=0.00e+00  t_eval=1.33e-02  t_dbdsqr=3.70e-04
  ev5_ec4_n66_s2_gm                                n=   198  res=     0.000  ortU=    13.500  ortV=    13.600    drift=0.00e+00  t_eval=1.81e-02  t_dbdsqr=2.29e-04
  ev6_ec1_n11_s3                                   n=    11  res=     0.200  ortU=    13.500  ortV=    13.600    drift=0.00e+00  t_eval=1.75e-05  t_dbdsqr=9.36e-06
  ev6_ec1_n31_s0                                   n=    31  res=     0.200  ortU=    13.600  ortV=    13.600    drift=0.00e+00  t_eval=8.22e-05  t_dbdsqr=3.44e-05
  ev6_ec1_n36_s0                                   n=    36  res=     0.100  ortU=    13.600  ortV=    13.600    drift=0.00e+00  t_eval=1.07e-04  t_dbdsqr=4.28e-05
  ev6_ec1_n41_s3_gm                                n=   123  res=     0.100  ortU=    13.600  ortV=    13.600    drift=0.00e+00  t_eval=5.15e-03  t_dbdsqr=4.81e-04
  ev6_ec1_n58_s3_gm                                n=   174  res=     0.000  ortU=    13.600  ortV=    13.500    drift=0.00e+00  t_eval=1.27e-02  t_dbdsqr=9.21e-04
  ev6_ec1_n61_s3_gm                                n=   183  res=     0.100  ortU=    13.600  ortV=    13.600    drift=0.00e+00  t_eval=1.40e-02  t_dbdsqr=9.83e-04
  ev6_ec1_n65_s3                                   n=    65  res=     0.100  ortU=    13.600  ortV=    13.600    drift=0.00e+00  t_eval=4.76e-04  t_dbdsqr=1.32e-04
  ev6_ec1_n91_s1_gs                                n=   182  res=     0.400  ortU=    13.600  ortV=    13.600    drift=0.00e+00  t_eval=2.05e-02  t_dbdsqr=5.94e-04
  ev9_ec1_n42_s3_gs                                n=    84  res=     0.200  ortU=    13.600  ortV=    13.600    drift=0.00e+00  t_eval=2.58e-03  t_dbdsqr=2.25e-04
  ev3_ec1_n12_s0                                   n=    12  res=     0.300  ortU=    13.500  ortV=    13.400    drift=0.00e+00  t_eval=2.43e-05  t_dbdsqr=7.46e-06
  ev4_ec1_n100_s2_gs                               n=   200  res=     0.000  ortU=    13.500  ortV=    13.500    drift=0.00e+00  t_eval=2.33e-02  t_dbdsqr=1.16e-03
  ev4_ec4_n92_s2_gs                                n=   184  res=     0.100  ortU=    13.500  ortV=    13.500    drift=0.00e+00  t_eval=1.89e-02  t_dbdsqr=1.01e-03
  ev5_ec1_n9_s1_gs                                 n=    18  res=     0.300  ortU=    13.500  ortV=    13.400    drift=0.00e+00  t_eval=1.59e-04  t_dbdsqr=1.01e-05
  ev5_ec1_n100_s1                                  n=   100  res=     0.100  ortU=    13.500  ortV=    13.500    drift=0.00e+00  t_eval=1.05e-03  t_dbdsqr=1.54e-04
  ev5_ec4_n37_s2_gm                                n=   111  res=     0.100  ortU=    13.500  ortV=    13.500    drift=3.90e-16  t_eval=7.33e-04  t_dbdsqr=1.05e-04
  ev6_ec1_n27_s2                                   n=    27  res=     0.200  ortU=    13.500  ortV=    13.500    drift=0.00e+00  t_eval=1.17e-04  t_dbdsqr=4.27e-05
  ev6_ec1_n61_s1_gs                                n=   122  res=     0.000  ortU=    13.500  ortV=    13.500    drift=0.00e+00  t_eval=9.10e-03  t_dbdsqr=3.17e-04
  ev7_ec1_n93_s3_gm                                n=   279  res=     0.000  ortU=    13.500  ortV=    13.500    drift=0.00e+00  t_eval=3.54e-02  t_dbdsqr=8.79e-04
  tri2_n89                                         n=    89  res=     0.200  ortU=    13.500  ortV=    13.500    drift=0.00e+00  t_eval=5.31e-04  t_dbdsqr=1.62e-04
  tri4_n19_gs                                      n=    38  res=     0.500  ortU=    13.500  ortV=    13.500    drift=0.00e+00  t_eval=4.96e-04  t_dbdsqr=2.78e-05
  tri7_n64_gm                                      n=   192  res=     0.000  ortU=    13.500  ortV=    13.500    drift=0.00e+00  t_eval=1.12e-02  t_dbdsqr=9.29e-04
  tri7_n78_gs                                      n=   156  res=     0.000  ortU=    13.500  ortV=    13.500    drift=0.00e+00  t_eval=1.23e-02  t_dbdsqr=2.44e-04
  ev4_ec1_n44_s2_gm                                n=   132  res=     0.100  ortU=    13.400  ortV=    13.400    drift=0.00e+00  t_eval=4.73e-03  t_dbdsqr=5.46e-04
  ev4_ec1_n68_s1_gs                                n=   136  res=     0.000  ortU=    13.400  ortV=    13.400    drift=0.00e+00  t_eval=9.23e-03  t_dbdsqr=2.83e-04
  ev4_ec4_n78_s3_gm                                n=   234  res=     0.000  ortU=    13.400  ortV=    13.400    drift=0.00e+00  t_eval=1.75e-02  t_dbdsqr=1.53e-03
  ev4_ec4_n92_s3_gs                                n=   184  res=     0.000  ortU=    13.400  ortV=    13.400    drift=0.00e+00  t_eval=1.89e-02  t_dbdsqr=5.70e-04
  ev6_ec1_n19_s0                                   n=    19  res=     0.200  ortU=    13.400  ortV=    13.300    drift=0.00e+00  t_eval=3.68e-05  t_dbdsqr=1.70e-05
  ev6_ec1_n28_s1_gm                                n=    84  res=     0.000  ortU=    13.400  ortV=    13.400    drift=0.00e+00  t_eval=1.93e-03  t_dbdsqr=2.47e-04
  ev6_ec1_n29_s0                                   n=    29  res=     0.200  ortU=    13.400  ortV=    13.400    drift=0.00e+00  t_eval=8.00e-05  t_dbdsqr=3.46e-05
  ev6_ec1_n55_s0                                   n=    55  res=     0.200  ortU=    13.400  ortV=    13.400    drift=0.00e+00  t_eval=3.05e-04  t_dbdsqr=9.80e-05
  ev8_ec1_n61_s3_gm                                n=   183  res=     0.000  ortU=    13.400  ortV=    13.400    drift=0.00e+00  t_eval=1.15e-02  t_dbdsqr=1.19e-03
  ev9_ec1_n6_s0_gs                                 n=    12  res=     0.300  ortU=    13.300  ortV=    13.400    drift=0.00e+00  t_eval=4.11e-05  t_dbdsqr=9.53e-06
  ev9_ec1_n40_s3_gs                                n=    80  res=     0.400  ortU=    13.400  ortV=    13.400    drift=0.00e+00  t_eval=2.52e-03  t_dbdsqr=2.13e-04
  ev4_ec1_n90_s2_gm                                n=   270  res=     0.100  ortU=    13.300  ortV=    13.300    drift=0.00e+00  t_eval=2.54e-02  t_dbdsqr=2.04e-03
  ev4_ec4_n59_s2_gs                                n=   118  res=     0.000  ortU=    13.200  ortV=    13.300    drift=0.00e+00  t_eval=6.86e-03  t_dbdsqr=2.18e-04
  ev4_ec4_n73_s3_gm                                n=   219  res=     0.000  ortU=    13.300  ortV=    13.300    drift=0.00e+00  t_eval=1.54e-02  t_dbdsqr=1.39e-03
  ev4_ec4_n78_s0_gm                                n=   234  res=     0.000  ortU=    13.300  ortV=    13.300    drift=0.00e+00  t_eval=1.79e-02  t_dbdsqr=1.58e-03
  ev5_ec1_n32_s2                                   n=    32  res=     0.100  ortU=    13.300  ortV=    13.200    drift=0.00e+00  t_eval=1.13e-04  t_dbdsqr=2.23e-05
  ev5_ec4_n14_s0_gs                                n=    28  res=     0.100  ortU=    13.300  ortV=    13.300    drift=0.00e+00  t_eval=3.25e-04  t_dbdsqr=1.42e-05
  ev6_ec1_n57_s3                                   n=    57  res=     0.100  ortU=    13.300  ortV=    13.300    drift=0.00e+00  t_eval=3.59e-04  t_dbdsqr=9.72e-05
  ev6_ec1_n73_s3_gs                                n=   146  res=     0.000  ortU=    13.300  ortV=    13.300    drift=0.00e+00  t_eval=1.30e-02  t_dbdsqr=3.20e-04
  ev6_ec1_n85_s3                                   n=    85  res=     0.100  ortU=    13.300  ortV=    13.300    drift=0.00e+00  t_eval=7.68e-04  t_dbdsqr=2.00e-04
  ev7_ec1_n43_s0_gs                                n=    86  res=     0.000  ortU=    13.300  ortV=    13.300    drift=0.00e+00  t_eval=2.40e-03  t_dbdsqr=2.66e-04
  ev8_ec1_n57_s3_gm                                n=   171  res=     0.000  ortU=    13.300  ortV=    13.300    drift=0.00e+00  t_eval=9.87e-03  t_dbdsqr=1.08e-03
  ev9_ec1_n41_s3_gm                                n=   123  res=     0.000  ortU=    13.300  ortV=    13.300    drift=0.00e+00  t_eval=5.66e-03  t_dbdsqr=6.07e-04
  ev9_ec1_n54_s2_gm                                n=   162  res=     0.000  ortU=    13.300  ortV=    13.300    drift=0.00e+00  t_eval=1.06e-02  t_dbdsqr=3.34e-04
  tri4_n39_gs                                      n=    78  res=     0.000  ortU=    13.300  ortV=    13.300    drift=0.00e+00  t_eval=2.60e-03  t_dbdsqr=8.41e-05
  ev3_ec1_n30_s1                                   n=    30  res=     0.100  ortU=    13.200  ortV=    13.200    drift=0.00e+00  t_eval=1.19e-04  t_dbdsqr=4.12e-05
  ev3_ec4_n81_s2_gm                                n=   243  res=     0.000  ortU=    13.200  ortV=    13.200    drift=0.00e+00  t_eval=2.84e-02  t_dbdsqr=3.40e-04
  ev3_ec4_n87_s3_gm                                n=   261  res=     0.000  ortU=    13.200  ortV=    13.200    drift=0.00e+00  t_eval=3.28e-02  t_dbdsqr=6.05e-04
  ev6_ec1_n10_s1                                   n=    10  res=     0.300  ortU=    13.200  ortV=    13.100    drift=0.00e+00  t_eval=1.64e-05  t_dbdsqr=9.33e-06
  ev6_ec1_n55_s3                                   n=    55  res=     0.100  ortU=    13.200  ortV=    13.200    drift=0.00e+00  t_eval=3.29e-04  t_dbdsqr=9.75e-05
  ev6_ec1_n59_s3_gs                                n=   118  res=     0.000  ortU=    13.100  ortV=    13.200    drift=0.00e+00  t_eval=8.43e-03  t_dbdsqr=2.21e-04
  ev6_ec1_n72_s0                                   n=    72  res=     0.200  ortU=    13.200  ortV=    13.200    drift=0.00e+00  t_eval=5.42e-04  t_dbdsqr=1.62e-04
  ev6_ec1_n94_s2                                   n=    94  res=     0.100  ortU=    13.100  ortV=    13.200    drift=0.00e+00  t_eval=1.02e-03  t_dbdsqr=2.60e-04
  ev8_ec1_n22_s1_gs                                n=    44  res=     0.100  ortU=    13.200  ortV=    13.200    drift=0.00e+00  t_eval=9.81e-04  t_dbdsqr=4.24e-05
  tri2_n58                                         n=    58  res=     0.200  ortU=    13.200  ortV=    13.200    drift=0.00e+00  t_eval=2.26e-04  t_dbdsqr=7.43e-05
  tri5_n66                                         n=    66  res=     0.300  ortU=    13.200  ortV=    13.200    drift=0.00e+00  t_eval=3.11e-04  t_dbdsqr=9.87e-05
  ev2_ec4_n34_s1                                   n=    34  res=     0.100  ortU=    13.100  ortV=    13.100    drift=0.00e+00  t_eval=7.68e-05  t_dbdsqr=3.80e-06
  ev4_ec1_n93_s2_gm                                n=   279  res=     0.000  ortU=    13.100  ortV=    13.100    drift=0.00e+00  t_eval=2.68e-02  t_dbdsqr=2.13e-03
  ev4_ec4_n30_s1_gs                                n=    60  res=     0.000  ortU=    13.100  ortV=    13.100    drift=0.00e+00  t_eval=1.51e-03  t_dbdsqr=5.66e-05
  ev4_ec4_n47_s3_gs                                n=    94  res=     0.000  ortU=    13.100  ortV=    13.100    drift=0.00e+00  t_eval=4.17e-03  t_dbdsqr=1.33e-04
  ev4_ec4_n48_s3_gs                                n=    96  res=     0.000  ortU=    13.100  ortV=    13.100    drift=0.00e+00  t_eval=4.33e-03  t_dbdsqr=1.43e-04
  ev4_ec4_n65_s1_gs                                n=   130  res=     0.000  ortU=    13.100  ortV=    13.100    drift=0.00e+00  t_eval=8.37e-03  t_dbdsqr=2.66e-04
  ev4_ec4_n67_s0_gs                                n=   134  res=     0.000  ortU=    13.100  ortV=    13.100    drift=0.00e+00  t_eval=8.96e-03  t_dbdsqr=2.74e-04
  ev6_ec1_n6_s3                                    n=     6  res=     0.300  ortU=    13.100  ortV=    13.100    drift=0.00e+00  t_eval=9.13e-06  t_dbdsqr=5.63e-06
  ev6_ec1_n17_s0_gs                                n=    34  res=     0.100  ortU=    13.100  ortV=    13.000    drift=0.00e+00  t_eval=3.85e-04  t_dbdsqr=2.46e-05
  ev6_ec1_n27_s2_gs                                n=    54  res=     0.100  ortU=    13.100  ortV=    13.100    drift=0.00e+00  t_eval=1.72e-03  t_dbdsqr=7.91e-05
  ev6_ec1_n27_s3                                   n=    27  res=     0.200  ortU=    13.100  ortV=    13.100    drift=0.00e+00  t_eval=6.78e-05  t_dbdsqr=3.14e-05
  ev6_ec1_n46_s1                                   n=    46  res=     0.200  ortU=    13.100  ortV=    13.100    drift=0.00e+00  t_eval=2.34e-04  t_dbdsqr=9.98e-05
  ev6_ec1_n59_s0                                   n=    59  res=     0.100  ortU=    13.100  ortV=    13.100    drift=0.00e+00  t_eval=4.16e-04  t_dbdsqr=1.44e-04
  ev6_ec1_n82_s3                                   n=    82  res=     0.100  ortU=    13.100  ortV=    13.100    drift=0.00e+00  t_eval=7.30e-04  t_dbdsqr=1.98e-04
  ev6_ec1_n86_s3_gs                                n=   172  res=     0.000  ortU=    13.100  ortV=    13.100    drift=0.00e+00  t_eval=1.83e-02  t_dbdsqr=4.60e-04
  ev6_ec1_n92_s0_gs                                n=   184  res=     0.000  ortU=    13.100  ortV=    13.100    drift=0.00e+00  t_eval=1.94e-02  t_dbdsqr=5.15e-04
  ev7_ec1_n37_s0_gs                                n=    74  res=     0.100  ortU=    13.100  ortV=    13.100    drift=0.00e+00  t_eval=1.62e-03  t_dbdsqr=1.07e-04
  tri3_n51_gm                                      n=   153  res=     0.100  ortU=    13.100  ortV=    13.100    drift=0.00e+00  t_eval=1.28e-02  t_dbdsqr=5.82e-04
  ev3_ec4_n77_s3_gm                                n=   231  res=     0.000  ortU=    13.000  ortV=    13.000    drift=0.00e+00  t_eval=2.52e-02  t_dbdsqr=3.04e-04
  ev4_ec1_n46_s3_gs                                n=    92  res=     0.000  ortU=    13.000  ortV=    13.000    drift=0.00e+00  t_eval=4.20e-03  t_dbdsqr=1.36e-04
  ev4_ec1_n50_s3_gm                                n=   150  res=     0.000  ortU=    13.000  ortV=    13.000    drift=0.00e+00  t_eval=6.31e-03  t_dbdsqr=6.93e-04
  ev4_ec1_n58_s0_gm                                n=   174  res=     0.000  ortU=    13.000  ortV=    13.000    drift=0.00e+00  t_eval=9.03e-03  t_dbdsqr=9.19e-04
  ev4_ec1_n79_s1_gm                                n=   237  res=     0.000  ortU=    13.000  ortV=    13.000    drift=0.00e+00  t_eval=1.78e-02  t_dbdsqr=1.60e-03
  ev4_ec4_n68_s0_gs                                n=   136  res=     0.000  ortU=    13.000  ortV=    13.000    drift=0.00e+00  t_eval=1.01e-02  t_dbdsqr=2.82e-04
  ev4_ec4_n71_s1_gs                                n=   142  res=     0.000  ortU=    13.000  ortV=    13.000    drift=0.00e+00  t_eval=1.07e-02  t_dbdsqr=3.43e-04
  ev4_ec4_n71_s3_gs                                n=   142  res=     0.000  ortU=    13.000  ortV=    13.000    drift=0.00e+00  t_eval=1.02e-02  t_dbdsqr=2.94e-04
  ev4_ec4_n78_s0_gs                                n=   156  res=     0.000  ortU=    13.000  ortV=    13.000    drift=0.00e+00  t_eval=1.26e-02  t_dbdsqr=4.18e-04
  ev5_ec1_n10_s1_gm                                n=    30  res=     0.100  ortU=    13.000  ortV=    13.000    drift=0.00e+00  t_eval=2.98e-04  t_dbdsqr=3.12e-05
  ev5_ec1_n95_s1                                   n=    95  res=     0.100  ortU=    13.000  ortV=    13.000    drift=0.00e+00  t_eval=9.20e-04  t_dbdsqr=1.43e-04
  ev6_ec1_n30_s3                                   n=    30  res=     0.200  ortU=    13.000  ortV=    13.000    drift=0.00e+00  t_eval=7.91e-05  t_dbdsqr=3.32e-05
  ev7_ec1_n55_s1_gm                                n=   165  res=     0.000  ortU=    13.000  ortV=    13.000    drift=0.00e+00  t_eval=1.18e-02  t_dbdsqr=3.55e-04
  ev7_ec1_n68_s0_gs                                n=   136  res=     0.000  ortU=    13.000  ortV=    13.000    drift=0.00e+00  t_eval=6.02e-03  t_dbdsqr=2.21e-04
  ev8_ec1_n42_s3_gm                                n=   126  res=     0.100  ortU=    13.000  ortV=    13.000    drift=0.00e+00  t_eval=5.15e-03  t_dbdsqr=5.85e-04
  ev9_ec1_n4_s2_gm                                 n=    12  res=     0.300  ortU=    13.000  ortV=    12.800    drift=0.00e+00  t_eval=6.28e-05  t_dbdsqr=7.98e-06
  tri6_n25_gm                                      n=    75  res=     0.100  ortU=    13.000  ortV=    13.000    drift=0.00e+00  t_eval=1.44e-03  t_dbdsqr=1.80e-04
  tri7_n79_gs                                      n=   158  res=     0.000  ortU=    13.000  ortV=    13.000    drift=0.00e+00  t_eval=1.25e-02  t_dbdsqr=2.50e-04
  ev1_ec4_n64_s0_gs                                n=   128  res=     0.000  ortU=    12.800  ortV=    12.900    drift=8.81e-16  t_eval=4.86e-04  t_dbdsqr=1.12e-05
  ev4_ec1_n67_s2_gm                                n=   201  res=     0.000  ortU=    12.900  ortV=    12.900    drift=0.00e+00  t_eval=1.24e-02  t_dbdsqr=1.17e-03
  ev4_ec4_n57_s1_gs                                n=   114  res=     0.000  ortU=    12.900  ortV=    12.900    drift=0.00e+00  t_eval=6.18e-03  t_dbdsqr=2.12e-04
  ev4_ec4_n67_s3_gm                                n=   201  res=     0.100  ortU=    12.900  ortV=    12.900    drift=0.00e+00  t_eval=1.27e-02  t_dbdsqr=1.17e-03
  ev4_ec4_n80_s2_gm                                n=   240  res=     0.000  ortU=    12.900  ortV=    12.800    drift=0.00e+00  t_eval=1.87e-02  t_dbdsqr=1.60e-03
  ev4_ec4_n98_s0_gs                                n=   196  res=     0.000  ortU=    12.900  ortV=    12.900    drift=0.00e+00  t_eval=2.10e-02  t_dbdsqr=5.48e-04
  ev6_ec1_n44_s0                                   n=    44  res=     0.100  ortU=    12.900  ortV=    12.900    drift=0.00e+00  t_eval=1.72e-04  t_dbdsqr=6.33e-05
  ev6_ec1_n49_s0_gs                                n=    98  res=     0.000  ortU=    12.900  ortV=    12.900    drift=0.00e+00  t_eval=5.40e-03  t_dbdsqr=2.00e-04
  ev7_ec1_n42_s0_gm                                n=   126  res=     0.100  ortU=    12.900  ortV=    12.900    drift=0.00e+00  t_eval=6.74e-03  t_dbdsqr=1.26e-04
  ev9_ec1_n27_s3_gm                                n=    81  res=     0.100  ortU=    12.900  ortV=    12.900    drift=0.00e+00  t_eval=2.61e-03  t_dbdsqr=2.86e-04
  ev9_ec1_n87_s1_gm                                n=   261  res=     0.000  ortU=    12.900  ortV=    12.900    drift=0.00e+00  t_eval=2.93e-02  t_dbdsqr=2.47e-03
  tri2_n79_gs                                      n=   158  res=     0.200  ortU=    12.900  ortV=    12.900    drift=0.00e+00  t_eval=8.18e-03  t_dbdsqr=5.58e-04
  tri7_n94_gs                                      n=   188  res=     0.000  ortU=    12.900  ortV=    12.900    drift=0.00e+00  t_eval=1.81e-02  t_dbdsqr=3.37e-04
  ev3_ec1_n20_s0_gm                                n=    60  res=     0.100  ortU=    12.700  ortV=    12.800    drift=0.00e+00  t_eval=1.46e-03  t_dbdsqr=1.14e-04
  ev4_ec1_n11_s0_gs                                n=    22  res=     0.100  ortU=    12.800  ortV=    12.600    drift=0.00e+00  t_eval=1.76e-04  t_dbdsqr=1.60e-05
  ev4_ec1_n47_s3_gm                                n=   141  res=     0.100  ortU=    12.800  ortV=    12.800    drift=0.00e+00  t_eval=5.30e-03  t_dbdsqr=6.22e-04
  ev4_ec1_n55_s3_gs                                n=   110  res=     0.000  ortU=    12.800  ortV=    12.700    drift=0.00e+00  t_eval=5.85e-03  t_dbdsqr=1.89e-04
  ev4_ec4_n51_s3_gm                                n=   153  res=     0.000  ortU=    12.800  ortV=    12.800    drift=0.00e+00  t_eval=6.74e-03  t_dbdsqr=6.95e-04
  ev6_ec1_n18_s0_gs                                n=    36  res=     0.100  ortU=    12.800  ortV=    12.700    drift=0.00e+00  t_eval=4.61e-04  t_dbdsqr=2.84e-05
  ev6_ec1_n43_s0                                   n=    43  res=     0.200  ortU=    12.800  ortV=    12.800    drift=0.00e+00  t_eval=1.79e-04  t_dbdsqr=7.23e-05
  ev6_ec1_n64_s0                                   n=    64  res=     0.200  ortU=    12.800  ortV=    12.800    drift=0.00e+00  t_eval=4.91e-04  t_dbdsqr=1.68e-04
  ev6_ec1_n64_s2_gs                                n=   128  res=     0.000  ortU=    12.800  ortV=    12.800    drift=0.00e+00  t_eval=9.63e-03  t_dbdsqr=2.52e-04
  ev6_ec1_n71_s1                                   n=    71  res=     0.100  ortU=    12.800  ortV=    12.700    drift=0.00e+00  t_eval=4.94e-04  t_dbdsqr=1.51e-04
  ev6_ec1_n76_s1                                   n=    76  res=     0.100  ortU=    12.700  ortV=    12.800    drift=0.00e+00  t_eval=5.49e-04  t_dbdsqr=1.68e-04
  ev6_ec1_n93_s0                                   n=    93  res=     0.100  ortU=    12.800  ortV=    12.800    drift=0.00e+00  t_eval=8.51e-04  t_dbdsqr=2.64e-04
  ev7_ec1_n89_s1_gm                                n=   267  res=     0.000  ortU=    12.800  ortV=    12.800    drift=0.00e+00  t_eval=3.29e-02  t_dbdsqr=6.82e-04
  ev8_ec1_n67_s0_gm                                n=   201  res=     0.100  ortU=    12.800  ortV=    12.800    drift=0.00e+00  t_eval=1.49e-02  t_dbdsqr=1.65e-03
  ev9_ec1_n35_s3_gs                                n=    70  res=     0.200  ortU=    12.800  ortV=    12.800    drift=0.00e+00  t_eval=1.89e-03  t_dbdsqr=1.72e-04
  tri6_n51_gs                                      n=   102  res=     0.100  ortU=    12.800  ortV=    12.800    drift=0.00e+00  t_eval=5.61e-03  t_dbdsqr=2.63e-04
  ev4_ec1_n30_s2_gs                                n=    60  res=     0.000  ortU=    12.600  ortV=    12.700    drift=0.00e+00  t_eval=1.54e-03  t_dbdsqr=6.17e-05
  ev4_ec4_n72_s1_gs                                n=   144  res=     0.000  ortU=    12.700  ortV=    12.700    drift=0.00e+00  t_eval=1.04e-02  t_dbdsqr=3.04e-04
  ev5_ec1_n20_s2                                   n=    20  res=     0.100  ortU=    12.700  ortV=    12.700    drift=0.00e+00  t_eval=7.11e-05  t_dbdsqr=2.36e-05
  ev5_ec1_n37_s3_gm                                n=   111  res=     0.000  ortU=    12.700  ortV=    12.700    drift=0.00e+00  t_eval=5.41e-03  t_dbdsqr=3.21e-04
  ev6_ec1_n31_s3_gs                                n=    62  res=     0.100  ortU=    12.700  ortV=    12.700    drift=0.00e+00  t_eval=2.03e-03  t_dbdsqr=6.63e-05
  ev6_ec1_n40_s2                                   n=    40  res=     0.100  ortU=    12.700  ortV=    12.600    drift=0.00e+00  t_eval=1.99e-04  t_dbdsqr=5.63e-05
  ev9_ec1_n21_s0_gm                                n=    63  res=     0.500  ortU=    12.700  ortV=    12.600    drift=0.00e+00  t_eval=1.46e-03  t_dbdsqr=1.08e-04
  ev9_ec1_n25_s0_gs                                n=    50  res=     0.100  ortU=    12.700  ortV=    12.700    drift=0.00e+00  t_eval=8.28e-04  t_dbdsqr=8.54e-05
  ev9_ec1_n51_s0_gm                                n=   153  res=     0.100  ortU=    12.700  ortV=    12.700    drift=0.00e+00  t_eval=9.44e-03  t_dbdsqr=9.37e-04
  ev9_ec1_n53_s1_gm                                n=   159  res=     0.000  ortU=    12.700  ortV=    12.700    drift=0.00e+00  t_eval=1.08e-02  t_dbdsqr=9.51e-04
  ev9_ec1_n54_s1_gm                                n=   162  res=     0.200  ortU=    12.700  ortV=    12.700    drift=0.00e+00  t_eval=1.06e-02  t_dbdsqr=1.04e-03
  ev3_ec4_n15_s1_gm                                n=    45  res=     0.100  ortU=    12.600  ortV=    12.600    drift=0.00e+00  t_eval=9.55e-04  t_dbdsqr=3.78e-05
  ev3_ec4_n42_s1_gm                                n=   126  res=     0.100  ortU=    12.600  ortV=    12.600    drift=0.00e+00  t_eval=7.57e-03  t_dbdsqr=1.38e-04
  ev4_ec1_n20_s1_gs                                n=    40  res=     0.100  ortU=    12.500  ortV=    12.600    drift=0.00e+00  t_eval=6.05e-04  t_dbdsqr=3.36e-05
  ev4_ec1_n24_s0_gs                                n=    48  res=     0.100  ortU=    12.500  ortV=    12.600    drift=0.00e+00  t_eval=9.34e-04  t_dbdsqr=4.27e-05
  ev4_ec1_n84_s0                                   n=    84  res=     0.200  ortU=    12.500  ortV=    12.600    drift=0.00e+00  t_eval=5.48e-04  t_dbdsqr=2.40e-04
  ev4_ec1_n100_s3_gm                               n=   300  res=     0.000  ortU=    12.600  ortV=    12.600    drift=0.00e+00  t_eval=3.20e-02  t_dbdsqr=2.45e-03
  ev5_ec1_n13_s3                                   n=    13  res=     0.000  ortU=    12.600  ortV=    12.500    drift=0.00e+00  t_eval=2.79e-05  t_dbdsqr=1.09e-05
  ev5_ec1_n48_s3                                   n=    48  res=     0.100  ortU=    12.600  ortV=    12.600    drift=0.00e+00  t_eval=3.29e-04  t_dbdsqr=8.26e-05
  ev6_ec1_n23_s1                                   n=    23  res=     0.200  ortU=    12.600  ortV=    12.600    drift=0.00e+00  t_eval=5.49e-05  t_dbdsqr=2.58e-05
  ev6_ec1_n69_s3                                   n=    69  res=     0.100  ortU=    12.600  ortV=    12.600    drift=0.00e+00  t_eval=5.14e-04  t_dbdsqr=1.39e-04
  ev6_ec1_n77_s1                                   n=    77  res=     0.100  ortU=    12.600  ortV=    12.600    drift=0.00e+00  t_eval=6.16e-04  t_dbdsqr=2.38e-04
  ev7_ec1_n80_s2_gm                                n=   240  res=     0.100  ortU=    12.600  ortV=    12.600    drift=0.00e+00  t_eval=2.53e-02  t_dbdsqr=7.91e-05
  tri4_n95_gs                                      n=   190  res=     0.000  ortU=    12.600  ortV=    12.600    drift=0.00e+00  t_eval=1.88e-02  t_dbdsqr=3.98e-04
  tri5_n41                                         n=    41  res=     0.300  ortU=    12.600  ortV=    12.600    drift=0.00e+00  t_eval=1.25e-04  t_dbdsqr=4.46e-05
  tri7_n40_gm                                      n=   120  res=     0.000  ortU=    12.600  ortV=    12.600    drift=0.00e+00  t_eval=3.87e-03  t_dbdsqr=4.04e-04
  ev3_ec4_n16_s0_gm                                n=    48  res=     0.100  ortU=    12.500  ortV=    12.500    drift=0.00e+00  t_eval=1.13e-03  t_dbdsqr=6.87e-05
  ev3_ec4_n25_s1_gm                                n=    75  res=     0.100  ortU=    12.500  ortV=    12.500    drift=0.00e+00  t_eval=2.67e-03  t_dbdsqr=6.94e-05
  ev4_ec1_n36_s3_gs                                n=    72  res=     0.000  ortU=    12.500  ortV=    12.500    drift=0.00e+00  t_eval=2.16e-03  t_dbdsqr=8.15e-05
  ev4_ec4_n20_s0_gs                                n=    40  res=     0.100  ortU=    12.500  ortV=    12.400    drift=0.00e+00  t_eval=6.24e-04  t_dbdsqr=3.47e-05
  ev4_ec4_n81_s2_gs                                n=   162  res=     0.000  ortU=    12.500  ortV=    12.500    drift=0.00e+00  t_eval=1.38e-02  t_dbdsqr=3.80e-04
  ev4_ec4_n94_s1_gs                                n=   188  res=     0.000  ortU=    12.500  ortV=    12.500    drift=0.00e+00  t_eval=1.91e-02  t_dbdsqr=9.83e-04
  ev5_ec1_n19_s0                                   n=    19  res=     0.300  ortU=    12.400  ortV=    12.500    drift=0.00e+00  t_eval=4.86e-05  t_dbdsqr=1.11e-05
  ev6_ec1_n39_s0                                   n=    39  res=     0.100  ortU=    12.500  ortV=    12.400    drift=0.00e+00  t_eval=1.34e-04  t_dbdsqr=5.97e-05
  ev6_ec1_n63_s3_gm                                n=   189  res=     0.000  ortU=    12.500  ortV=    12.500    drift=0.00e+00  t_eval=1.50e-02  t_dbdsqr=1.06e-03
  ev6_ec1_n66_s3                                   n=    66  res=     0.100  ortU=    12.500  ortV=    12.500    drift=0.00e+00  t_eval=5.14e-04  t_dbdsqr=1.32e-04
  ev6_ec1_n80_s3_gs                                n=   160  res=     0.100  ortU=    12.500  ortV=    12.500    drift=0.00e+00  t_eval=1.61e-02  t_dbdsqr=3.66e-04
  ev8_ec1_n13_s2_gs                                n=    26  res=     0.100  ortU=    12.500  ortV=    12.300    drift=0.00e+00  t_eval=3.39e-04  t_dbdsqr=1.91e-05
  ev9_ec1_n43_s0_gs                                n=    86  res=     0.200  ortU=    12.500  ortV=    12.500    drift=0.00e+00  t_eval=2.72e-03  t_dbdsqr=2.34e-04
  ev9_ec1_n83_s2_gm                                n=   249  res=     0.100  ortU=    12.500  ortV=    12.500    drift=0.00e+00  t_eval=2.57e-02  t_dbdsqr=2.30e-03
  tri5_n57                                         n=    57  res=     0.200  ortU=    12.500  ortV=    12.500    drift=0.00e+00  t_eval=2.43e-04  t_dbdsqr=7.24e-05
  tri6_n69_gs                                      n=   138  res=     0.000  ortU=    12.500  ortV=    12.500    drift=0.00e+00  t_eval=1.06e-02  t_dbdsqr=4.55e-04
  ev3_ec4_n45_s2                                   n=    45  res=     0.100  ortU=    12.300  ortV=    12.400    drift=0.00e+00  t_eval=3.04e-04  t_dbdsqr=8.11e-05
  ev3_ec4_n55_s3                                   n=    55  res=     0.100  ortU=    12.400  ortV=    12.400    drift=0.00e+00  t_eval=3.77e-04  t_dbdsqr=4.14e-05
  ev4_ec1_n16_s2_gs                                n=    32  res=     0.100  ortU=    12.400  ortV=    12.300    drift=0.00e+00  t_eval=3.94e-04  t_dbdsqr=2.39e-05
  ev4_ec4_n68_s1_gm                                n=   204  res=     0.000  ortU=    12.400  ortV=    12.400    drift=0.00e+00  t_eval=1.28e-02  t_dbdsqr=1.20e-03
  ev4_ec4_n72_s1_gm                                n=   216  res=     0.000  ortU=    12.400  ortV=    12.400    drift=0.00e+00  t_eval=1.45e-02  t_dbdsqr=1.32e-03
  ev4_ec4_n78_s1_gs                                n=   156  res=     0.000  ortU=    12.400  ortV=    12.400    drift=0.00e+00  t_eval=1.29e-02  t_dbdsqr=4.00e-04
  ev4_ec4_n83_s3_gm                                n=   249  res=     0.100  ortU=    12.400  ortV=    12.400    drift=0.00e+00  t_eval=2.06e-02  t_dbdsqr=1.72e-03
  ev4_ec4_n84_s2_gs                                n=   168  res=     0.000  ortU=    12.400  ortV=    12.400    drift=0.00e+00  t_eval=1.47e-02  t_dbdsqr=4.06e-04
  ev5_ec1_n14_s3                                   n=    14  res=     0.200  ortU=    12.400  ortV=    12.400    drift=0.00e+00  t_eval=3.52e-05  t_dbdsqr=1.09e-05
  ev5_ec4_n62_s2_gm                                n=   186  res=     0.100  ortU=    12.400  ortV=    12.400    drift=0.00e+00  t_eval=1.63e-02  t_dbdsqr=2.01e-04
  ev5_ec4_n67_s2                                   n=    67  res=     0.100  ortU=    12.400  ortV=    12.400    drift=0.00e+00  t_eval=6.06e-04  t_dbdsqr=4.15e-05
  ev6_ec1_n23_s3                                   n=    23  res=     0.200  ortU=    12.400  ortV=    12.300    drift=0.00e+00  t_eval=4.82e-05  t_dbdsqr=2.29e-05
  ev6_ec1_n83_s1_gs                                n=   166  res=     0.100  ortU=    12.300  ortV=    12.400    drift=0.00e+00  t_eval=1.75e-02  t_dbdsqr=5.29e-04
  ev9_ec1_n13_s2_gs                                n=    26  res=     0.100  ortU=    12.400  ortV=    12.400    drift=0.00e+00  t_eval=2.11e-04  t_dbdsqr=2.76e-05
  ev9_ec1_n79_s2_gm                                n=   237  res=     0.000  ortU=    12.400  ortV=    12.400    drift=0.00e+00  t_eval=2.35e-02  t_dbdsqr=2.08e-03
  tri6_n94_gm                                      n=   282  res=     0.000  ortU=    12.400  ortV=    12.400    drift=0.00e+00  t_eval=2.38e-02  t_dbdsqr=2.07e-03
  ev1_ec4_n47_s0_gs                                n=    94  res=     0.000  ortU=    12.200  ortV=    12.300    drift=0.00e+00  t_eval=1.75e-04  t_dbdsqr=8.02e-06
  ev1_ec4_n58_s0_gs                                n=   116  res=     0.000  ortU=    12.300  ortV=    12.300    drift=6.32e-16  t_eval=2.23e-04  t_dbdsqr=1.08e-05
  ev4_ec1_n48_s2_gs                                n=    96  res=     0.000  ortU=    12.300  ortV=    12.300    drift=0.00e+00  t_eval=4.34e-03  t_dbdsqr=1.59e-04
  ev4_ec1_n63_s1_gs                                n=   126  res=     0.000  ortU=    12.300  ortV=    12.300    drift=0.00e+00  t_eval=7.80e-03  t_dbdsqr=2.69e-04
  ev4_ec1_n93_s3_gm                                n=   279  res=     0.100  ortU=    12.300  ortV=    12.300    drift=0.00e+00  t_eval=2.68e-02  t_dbdsqr=2.09e-03
  ev4_ec4_n8_s1_gs                                 n=    16  res=     0.200  ortU=    12.300  ortV=    12.200    drift=0.00e+00  t_eval=9.38e-05  t_dbdsqr=9.33e-06
  ev4_ec4_n73_s3_gs                                n=   146  res=     0.000  ortU=    12.300  ortV=    12.300    drift=0.00e+00  t_eval=1.11e-02  t_dbdsqr=3.49e-04
  ev5_ec1_n27_s1_gm                                n=    81  res=     0.100  ortU=    12.300  ortV=    12.200    drift=0.00e+00  t_eval=2.51e-03  t_dbdsqr=2.29e-04
  ev5_ec4_n53_s1_gm                                n=   159  res=     0.000  ortU=    12.300  ortV=    12.300    drift=0.00e+00  t_eval=1.18e-02  t_dbdsqr=3.82e-04
  ev6_ec1_n13_s0                                   n=    13  res=     0.200  ortU=    12.200  ortV=    12.300    drift=0.00e+00  t_eval=2.17e-05  t_dbdsqr=1.08e-05
  ev6_ec1_n61_s1                                   n=    61  res=     0.200  ortU=    12.300  ortV=    12.300    drift=0.00e+00  t_eval=4.22e-04  t_dbdsqr=1.59e-04
  ev6_ec1_n70_s3_gm                                n=   210  res=     0.000  ortU=    12.300  ortV=    12.300    drift=0.00e+00  t_eval=1.93e-02  t_dbdsqr=1.37e-03
  ev6_ec1_n91_s1                                   n=    91  res=     0.100  ortU=    12.300  ortV=    12.300    drift=0.00e+00  t_eval=9.77e-04  t_dbdsqr=2.99e-04
  ev6_ec1_n100_s1_gm                               n=   300  res=     0.000  ortU=    12.300  ortV=    12.300    drift=0.00e+00  t_eval=3.70e-02  t_dbdsqr=2.43e-03
  ev7_ec1_n93_s2_gm                                n=   279  res=     0.000  ortU=    12.300  ortV=    12.300    drift=0.00e+00  t_eval=3.59e-02  t_dbdsqr=8.54e-04
  ev8_ec1_n12_s0_gm                                n=    36  res=     0.100  ortU=    12.300  ortV=    12.200    drift=0.00e+00  t_eval=3.65e-04  t_dbdsqr=6.11e-05
  ev9_ec1_n74_s0_gm                                n=   222  res=     0.000  ortU=    12.300  ortV=    12.300    drift=0.00e+00  t_eval=1.99e-02  t_dbdsqr=5.79e-04
  tri6_n38_gs                                      n=    76  res=     0.100  ortU=    12.300  ortV=    12.300    drift=0.00e+00  t_eval=3.04e-03  t_dbdsqr=1.56e-04
  tri6_n48_gm                                      n=   144  res=     0.000  ortU=    12.300  ortV=    12.300    drift=0.00e+00  t_eval=5.75e-03  t_dbdsqr=5.92e-04
  ev3_ec1_n34_s2                                   n=    34  res=     0.100  ortU=    12.200  ortV=    12.200    drift=0.00e+00  t_eval=1.24e-04  t_dbdsqr=2.61e-05
  ev3_ec1_n70_s2                                   n=    70  res=     0.200  ortU=    12.100  ortV=    12.200    drift=0.00e+00  t_eval=4.64e-04  t_dbdsqr=8.90e-05
  ev4_ec1_n48_s0_gm                                n=   144  res=     0.100  ortU=    12.200  ortV=    12.200    drift=0.00e+00  t_eval=5.76e-03  t_dbdsqr=6.31e-04
  ev4_ec1_n77_s3_gs                                n=   154  res=     0.000  ortU=    12.200  ortV=    12.200    drift=0.00e+00  t_eval=1.24e-02  t_dbdsqr=3.43e-04
  ev4_ec4_n51_s1_gs                                n=   102  res=     0.000  ortU=    12.200  ortV=    12.200    drift=0.00e+00  t_eval=5.27e-03  t_dbdsqr=1.60e-04
  ev5_ec4_n46_s2                                   n=    46  res=     0.200  ortU=    12.200  ortV=    12.200    drift=0.00e+00  t_eval=2.82e-04  t_dbdsqr=2.52e-05
  ev6_ec1_n5_s1_gs                                 n=    10  res=     0.200  ortU=    12.000  ortV=    12.200    drift=0.00e+00  t_eval=4.14e-05  t_dbdsqr=6.12e-06
  ev6_ec1_n9_s3_gs                                 n=    18  res=     0.200  ortU=    12.100  ortV=    12.200    drift=0.00e+00  t_eval=1.19e-04  t_dbdsqr=1.13e-05
  ev6_ec1_n30_s1_gs                                n=    60  res=     0.000  ortU=    12.200  ortV=    12.200    drift=0.00e+00  t_eval=1.83e-03  t_dbdsqr=7.91e-05
  ev6_ec1_n64_s2                                   n=    64  res=     0.100  ortU=    12.100  ortV=    12.200    drift=0.00e+00  t_eval=4.93e-04  t_dbdsqr=1.27e-04
  ev6_ec1_n73_s1                                   n=    73  res=     0.200  ortU=    12.200  ortV=    12.200    drift=0.00e+00  t_eval=5.69e-04  t_dbdsqr=2.22e-04
  ev6_ec1_n80_s3_gm                                n=   240  res=     0.100  ortU=    12.200  ortV=    12.200    drift=0.00e+00  t_eval=2.50e-02  t_dbdsqr=1.76e-03
  ev6_ec1_n95_s2                                   n=    95  res=     0.100  ortU=    12.200  ortV=    12.200    drift=0.00e+00  t_eval=1.01e-03  t_dbdsqr=2.53e-04
  ev7_ec1_n58_s3_gs                                n=   116  res=     0.000  ortU=    12.200  ortV=    12.100    drift=0.00e+00  t_eval=4.12e-03  t_dbdsqr=2.22e-04
  ev7_ec1_n94_s3_gs                                n=   188  res=     0.100  ortU=    12.200  ortV=    12.200    drift=0.00e+00  t_eval=1.09e-02  t_dbdsqr=3.25e-04
  ev8_ec1_n19_s2_gm                                n=    57  res=     0.100  ortU=    12.200  ortV=    12.200    drift=0.00e+00  t_eval=8.51e-04  t_dbdsqr=1.37e-04
  ev9_ec1_n3_s1_gs                                 n=     6  res=     0.200  ortU=    12.100  ortV=    12.200    drift=0.00e+00  t_eval=1.64e-05  t_dbdsqr=4.70e-06
  ev9_ec1_n9_s3_gs                                 n=    18  res=     0.500  ortU=    12.100  ortV=    12.200    drift=0.00e+00  t_eval=1.04e-04  t_dbdsqr=1.60e-05
  ev9_ec1_n23_s1_gm                                n=    69  res=     0.300  ortU=    12.100  ortV=    12.200    drift=0.00e+00  t_eval=1.75e-03  t_dbdsqr=2.17e-04
  tri5_n58                                         n=    58  res=     0.300  ortU=    12.200  ortV=    12.200    drift=0.00e+00  t_eval=2.48e-04  t_dbdsqr=7.40e-05
  tri5_n88                                         n=    88  res=     0.200  ortU=    12.200  ortV=    12.200    drift=0.00e+00  t_eval=5.39e-04  t_dbdsqr=1.63e-04
  ev3_ec1_n28_s3                                   n=    28  res=     0.100  ortU=    12.100  ortV=    12.100    drift=0.00e+00  t_eval=1.02e-04  t_dbdsqr=3.46e-05
  ev3_ec4_n25_s0_gm                                n=    75  res=     0.100  ortU=    12.100  ortV=    12.100    drift=0.00e+00  t_eval=2.72e-03  t_dbdsqr=6.58e-05
  ev4_ec1_n71_s2_gm                                n=   213  res=     0.000  ortU=    12.100  ortV=    12.100    drift=0.00e+00  t_eval=1.51e-02  t_dbdsqr=1.36e-03
  ev4_ec1_n84_s3_gm                                n=   252  res=     0.000  ortU=    12.100  ortV=    12.100    drift=0.00e+00  t_eval=2.11e-02  t_dbdsqr=1.81e-03
  ev4_ec1_n87_s2_gm                                n=   261  res=     0.000  ortU=    12.100  ortV=    12.100    drift=0.00e+00  t_eval=2.32e-02  t_dbdsqr=1.91e-03
  ev4_ec1_n100_s0_gs                               n=   200  res=     0.000  ortU=    12.100  ortV=    12.100    drift=0.00e+00  t_eval=2.35e-02  t_dbdsqr=1.16e-03
  ev4_ec4_n25_s3_gs                                n=    50  res=     0.000  ortU=    12.100  ortV=    12.100    drift=0.00e+00  t_eval=9.78e-04  t_dbdsqr=4.57e-05
  ev5_ec1_n26_s0                                   n=    26  res=     0.200  ortU=    12.100  ortV=    12.000    drift=0.00e+00  t_eval=7.51e-05  t_dbdsqr=1.80e-05
  ev5_ec1_n51_s2_gm                                n=   153  res=     0.000  ortU=    12.100  ortV=    12.100    drift=0.00e+00  t_eval=1.04e-02  t_dbdsqr=3.32e-04
  ev6_ec1_n20_s0                                   n=    20  res=     0.300  ortU=    12.100  ortV=    12.100    drift=0.00e+00  t_eval=4.12e-05  t_dbdsqr=1.95e-05
  ev6_ec1_n54_s0_gm                                n=   162  res=     0.100  ortU=    12.100  ortV=    12.100    drift=0.00e+00  t_eval=8.07e-03  t_dbdsqr=8.10e-04
  ev9_ec1_n44_s0_gm                                n=   132  res=     0.100  ortU=    12.000  ortV=    12.100    drift=0.00e+00  t_eval=7.32e-03  t_dbdsqr=6.95e-04
  tri2_n53_gs                                      n=   106  res=     0.200  ortU=    12.100  ortV=    12.100    drift=0.00e+00  t_eval=3.77e-03  t_dbdsqr=2.88e-04
  tri4_n94_gm                                      n=   282  res=     0.000  ortU=    12.100  ortV=    12.100    drift=0.00e+00  t_eval=2.67e-02  t_dbdsqr=1.89e-03
  tri5_n75                                         n=    75  res=     0.300  ortU=    12.100  ortV=    12.100    drift=0.00e+00  t_eval=4.03e-04  t_dbdsqr=1.24e-04
  ev2_ec4_n71_s3                                   n=    71  res=     0.100  ortU=    12.000  ortV=    12.000    drift=2.19e-16  t_eval=2.52e-04  t_dbdsqr=7.01e-06
  ev3_ec1_n8_s1                                    n=     8  res=     0.100  ortU=    11.900  ortV=    12.000    drift=0.00e+00  t_eval=1.65e-05  t_dbdsqr=4.95e-06
  ev3_ec4_n18_s3_gs                                n=    36  res=     0.100  ortU=    11.900  ortV=    12.000    drift=0.00e+00  t_eval=5.96e-04  t_dbdsqr=1.39e-05
  ev4_ec1_n72_s1_gs                                n=   144  res=     0.000  ortU=    12.000  ortV=    12.000    drift=0.00e+00  t_eval=1.10e-02  t_dbdsqr=3.09e-04
  ev4_ec1_n83_s0_gm                                n=   249  res=     0.000  ortU=    12.000  ortV=    12.000    drift=0.00e+00  t_eval=2.05e-02  t_dbdsqr=1.75e-03
  ev4_ec4_n42_s3_gs                                n=    84  res=     0.000  ortU=    12.000  ortV=    12.000    drift=0.00e+00  t_eval=3.21e-03  t_dbdsqr=1.04e-04
  ev4_ec4_n66_s1_gm                                n=   198  res=     0.000  ortU=    12.000  ortV=    12.000    drift=0.00e+00  t_eval=1.16e-02  t_dbdsqr=1.14e-03
  ev4_ec4_n91_s3_gm                                n=   273  res=     0.000  ortU=    12.000  ortV=    12.000    drift=0.00e+00  t_eval=2.60e-02  t_dbdsqr=2.09e-03
  ev5_ec4_n8_s3_gs                                 n=    16  res=     0.400  ortU=    12.000  ortV=    11.900    drift=0.00e+00  t_eval=1.24e-04  t_dbdsqr=5.85e-06
  ev5_ec4_n88_s0_gm                                n=   264  res=     0.000  ortU=    12.000  ortV=    12.000    drift=0.00e+00  t_eval=3.27e-02  t_dbdsqr=3.63e-04
  ev6_ec1_n18_s1_gs                                n=    36  res=     0.100  ortU=    12.000  ortV=    12.000    drift=0.00e+00  t_eval=5.09e-04  t_dbdsqr=3.40e-05
  ev6_ec1_n21_s2_gs                                n=    42  res=     0.100  ortU=    11.900  ortV=    12.000    drift=0.00e+00  t_eval=8.68e-04  t_dbdsqr=3.55e-05
  ev6_ec1_n41_s0                                   n=    41  res=     0.100  ortU=    12.000  ortV=    12.000    drift=0.00e+00  t_eval=1.51e-04  t_dbdsqr=5.33e-05
  ev6_ec1_n44_s3                                   n=    44  res=     0.100  ortU=    12.000  ortV=    12.000    drift=0.00e+00  t_eval=1.98e-04  t_dbdsqr=6.29e-05
  ev6_ec1_n72_s2_gm                                n=   216  res=     0.100  ortU=    12.000  ortV=    12.000    drift=0.00e+00  t_eval=1.81e-02  t_dbdsqr=1.30e-03
  ev6_ec1_n77_s3                                   n=    77  res=     0.100  ortU=    12.000  ortV=    12.000    drift=0.00e+00  t_eval=6.36e-04  t_dbdsqr=1.75e-04
  ev6_ec1_n78_s3_gs                                n=   156  res=     0.000  ortU=    12.000  ortV=    12.000    drift=0.00e+00  t_eval=1.49e-02  t_dbdsqr=3.56e-04
  ev6_ec1_n81_s0                                   n=    81  res=     0.100  ortU=    12.000  ortV=    12.000    drift=0.00e+00  t_eval=6.79e-04  t_dbdsqr=2.00e-04
  ev6_ec1_n91_s0                                   n=    91  res=     0.100  ortU=    12.000  ortV=    12.000    drift=0.00e+00  t_eval=8.18e-04  t_dbdsqr=2.48e-04
  ev6_ec1_n94_s3_gs                                n=   188  res=     0.100  ortU=    12.000  ortV=    12.000    drift=0.00e+00  t_eval=2.25e-02  t_dbdsqr=1.19e-03
  tri6_n46_gs                                      n=    92  res=     0.100  ortU=    12.000  ortV=    12.000    drift=0.00e+00  t_eval=4.45e-03  t_dbdsqr=2.17e-04
  tri6_n57_gm                                      n=   171  res=     0.100  ortU=    11.900  ortV=    12.000    drift=0.00e+00  t_eval=8.27e-03  t_dbdsqr=8.05e-04
  ev3_ec1_n9_s1_gm                                 n=    27  res=     0.200  ortU=    11.900  ortV=    11.900    drift=0.00e+00  t_eval=2.52e-04  t_dbdsqr=1.91e-05
  ev3_ec1_n13_s2                                   n=    13  res=     0.100  ortU=    11.900  ortV=    11.800    drift=0.00e+00  t_eval=2.81e-05  t_dbdsqr=6.99e-06
  ev3_ec1_n26_s2                                   n=    26  res=     0.200  ortU=    11.900  ortV=    11.900    drift=0.00e+00  t_eval=7.61e-05  t_dbdsqr=1.77e-05
  ev3_ec1_n74_s0_gm                                n=   222  res=     0.000  ortU=    11.900  ortV=    11.900    drift=0.00e+00  t_eval=2.27e-02  t_dbdsqr=9.88e-04
  ev4_ec4_n28_s0_gs                                n=    56  res=     0.000  ortU=    11.900  ortV=    11.900    drift=0.00e+00  t_eval=1.28e-03  t_dbdsqr=5.15e-05
  ev4_ec4_n44_s0_gs                                n=    88  res=     0.000  ortU=    11.900  ortV=    11.800    drift=0.00e+00  t_eval=3.57e-03  t_dbdsqr=1.16e-04
  ev4_ec4_n51_s0_gs                                n=   102  res=     0.000  ortU=    11.900  ortV=    11.900    drift=0.00e+00  t_eval=4.86e-03  t_dbdsqr=1.54e-04
  ev5_ec1_n57_s0                                   n=    57  res=     0.100  ortU=    11.900  ortV=    11.900    drift=0.00e+00  t_eval=3.88e-04  t_dbdsqr=1.02e-04
  ev5_ec1_n79_s2_gm                                n=   237  res=     0.000  ortU=    11.900  ortV=    11.900    drift=0.00e+00  t_eval=2.56e-02  t_dbdsqr=8.88e-04
  ev5_ec4_n81_s2_gm                                n=   243  res=     0.000  ortU=    11.900  ortV=    11.900    drift=0.00e+00  t_eval=2.78e-02  t_dbdsqr=3.92e-04
  ev5_ec4_n99_s0_gm                                n=   297  res=     0.000  ortU=    11.900  ortV=    11.900    drift=0.00e+00  t_eval=4.28e-02  t_dbdsqr=3.86e-04
  ev6_ec1_n5_s0_gs                                 n=    10  res=     0.300  ortU=    11.900  ortV=    11.600    drift=0.00e+00  t_eval=4.22e-05  t_dbdsqr=4.70e-06
  ev6_ec1_n64_s1                                   n=    64  res=     0.100  ortU=    11.900  ortV=    11.900    drift=0.00e+00  t_eval=4.17e-04  t_dbdsqr=1.28e-04
  ev6_ec1_n64_s3_gm                                n=   192  res=     0.000  ortU=    11.900  ortV=    11.900    drift=0.00e+00  t_eval=1.51e-02  t_dbdsqr=1.09e-03
  ev6_ec1_n68_s0                                   n=    68  res=     0.100  ortU=    11.900  ortV=    11.900    drift=0.00e+00  t_eval=5.04e-04  t_dbdsqr=1.52e-04
  ev6_ec1_n70_s2_gs                                n=   140  res=     0.000  ortU=    11.800  ortV=    11.900    drift=0.00e+00  t_eval=1.17e-02  t_dbdsqr=4.23e-04
  ev6_ec1_n71_s1_gm                                n=   213  res=     0.000  ortU=    11.900  ortV=    11.900    drift=0.00e+00  t_eval=1.87e-02  t_dbdsqr=1.35e-03
  ev7_ec1_n70_s2_gm                                n=   210  res=     0.000  ortU=    11.900  ortV=    11.900    drift=0.00e+00  t_eval=1.98e-02  t_dbdsqr=4.36e-04
  ev7_ec1_n77_s1_gs                                n=   154  res=     0.000  ortU=    11.900  ortV=    11.900    drift=0.00e+00  t_eval=7.44e-03  t_dbdsqr=8.42e-04
  ev7_ec1_n85_s1_gs                                n=   170  res=     0.000  ortU=    11.900  ortV=    11.900    drift=0.00e+00  t_eval=8.99e-03  t_dbdsqr=3.20e-04
  ev7_ec1_n98_s2_gs                                n=   196  res=     0.000  ortU=    11.900  ortV=    11.900    drift=0.00e+00  t_eval=1.26e-02  t_dbdsqr=6.13e-04
  ev9_ec1_n80_s1_gm                                n=   240  res=     0.100  ortU=    11.900  ortV=    11.900    drift=0.00e+00  t_eval=2.31e-02  t_dbdsqr=2.11e-03
  ev9_ec1_n83_s1_gm                                n=   249  res=     0.000  ortU=    11.900  ortV=    11.800    drift=0.00e+00  t_eval=2.46e-02  t_dbdsqr=1.08e-03
  tri2_n79                                         n=    79  res=     0.200  ortU=    11.900  ortV=    11.900    drift=0.00e+00  t_eval=4.23e-04  t_dbdsqr=1.30e-04
  tri5_n76                                         n=    76  res=     0.200  ortU=    11.900  ortV=    11.800    drift=0.00e+00  t_eval=4.07e-04  t_dbdsqr=1.26e-04
  tri6_n34_gs                                      n=    68  res=     0.100  ortU=    11.900  ortV=    11.900    drift=0.00e+00  t_eval=2.35e-03  t_dbdsqr=1.20e-04
  ev2_ec1_n64_s2                                   n=    64  res=     0.100  ortU=    11.800  ortV=    11.800    drift=2.15e-16  t_eval=3.44e-04  t_dbdsqr=6.54e-06
  ev4_ec1_n74_s1_gs                                n=   148  res=     0.000  ortU=    11.800  ortV=    11.800    drift=0.00e+00  t_eval=1.12e-02  t_dbdsqr=3.26e-04
  ev4_ec1_n94_s2_gs                                n=   188  res=     0.000  ortU=    11.800  ortV=    11.800    drift=0.00e+00  t_eval=1.93e-02  t_dbdsqr=5.04e-04
  ev4_ec4_n35_s0_gs                                n=    70  res=     0.000  ortU=    11.800  ortV=    11.800    drift=0.00e+00  t_eval=2.20e-03  t_dbdsqr=8.81e-05
  ev5_ec4_n55_s1_gs                                n=   110  res=     0.100  ortU=    11.800  ortV=    11.800    drift=0.00e+00  t_eval=5.65e-03  t_dbdsqr=1.46e-04
  ev6_ec1_n33_s2_gm                                n=    99  res=     0.100  ortU=    11.800  ortV=    11.800    drift=0.00e+00  t_eval=3.39e-03  t_dbdsqr=3.12e-04
  ev6_ec1_n54_s3                                   n=    54  res=     0.100  ortU=    11.800  ortV=    11.700    drift=0.00e+00  t_eval=3.09e-04  t_dbdsqr=9.32e-05
  ev6_ec1_n81_s3                                   n=    81  res=     0.100  ortU=    11.800  ortV=    11.800    drift=0.00e+00  t_eval=7.22e-04  t_dbdsqr=1.92e-04
  ev7_ec1_n38_s0_gs                                n=    76  res=     0.200  ortU=    11.800  ortV=    11.700    drift=0.00e+00  t_eval=1.74e-03  t_dbdsqr=7.89e-06
  ev7_ec1_n94_s3_gm                                n=   282  res=     0.000  ortU=    11.800  ortV=    11.700    drift=0.00e+00  t_eval=3.62e-02  t_dbdsqr=4.93e-04
  ev9_ec1_n74_s2_gm                                n=   222  res=     0.000  ortU=    11.800  ortV=    11.800    drift=0.00e+00  t_eval=2.04e-02  t_dbdsqr=1.84e-03
  ev3_ec4_n67_s3_gm                                n=   201  res=     0.000  ortU=    11.700  ortV=    11.700    drift=0.00e+00  t_eval=1.93e-02  t_dbdsqr=2.51e-04
  ev4_ec1_n62_s2_gs                                n=   124  res=     0.000  ortU=    11.700  ortV=    11.700    drift=0.00e+00  t_eval=7.52e-03  t_dbdsqr=2.57e-04
  ev4_ec1_n63_s0_gm                                n=   189  res=     0.100  ortU=    11.700  ortV=    11.700    drift=0.00e+00  t_eval=1.12e-02  t_dbdsqr=1.06e-03
  ev4_ec1_n85_s2_gm                                n=   255  res=     0.000  ortU=    11.700  ortV=    11.700    drift=0.00e+00  t_eval=2.15e-02  t_dbdsqr=1.77e-03
  ev4_ec1_n97_s1_gs                                n=   194  res=     0.100  ortU=    11.700  ortV=    11.700    drift=0.00e+00  t_eval=2.11e-02  t_dbdsqr=1.08e-03
  ev4_ec4_n10_s1_gs                                n=    20  res=     0.100  ortU=    11.700  ortV=    11.700    drift=0.00e+00  t_eval=1.40e-04  t_dbdsqr=1.26e-05
  ev5_ec4_n48_s3_gm                                n=   144  res=     0.000  ortU=    11.700  ortV=    11.700    drift=0.00e+00  t_eval=9.92e-03  t_dbdsqr=2.34e-04
  ev5_ec4_n83_s0_gm                                n=   249  res=     0.000  ortU=    11.700  ortV=    11.700    drift=0.00e+00  t_eval=2.90e-02  t_dbdsqr=3.18e-04
  ev6_ec1_n26_s0                                   n=    26  res=     0.200  ortU=    11.700  ortV=    11.700    drift=0.00e+00  t_eval=6.33e-05  t_dbdsqr=2.85e-05
  ev6_ec1_n56_s2                                   n=    56  res=     0.100  ortU=    11.700  ortV=    11.700    drift=0.00e+00  t_eval=4.04e-04  t_dbdsqr=1.04e-04
  ev6_ec1_n58_s2                                   n=    58  res=     0.100  ortU=    11.700  ortV=    11.700    drift=0.00e+00  t_eval=4.68e-04  t_dbdsqr=1.51e-04
  ev6_ec1_n69_s1                                   n=    69  res=     0.100  ortU=    11.700  ortV=    11.700    drift=0.00e+00  t_eval=4.66e-04  t_dbdsqr=1.46e-04
  ev6_ec1_n80_s0                                   n=    80  res=     0.100  ortU=    11.700  ortV=    11.600    drift=0.00e+00  t_eval=6.64e-04  t_dbdsqr=1.97e-04
  ev6_ec1_n94_s0_gs                                n=   188  res=     0.100  ortU=    11.700  ortV=    11.700    drift=0.00e+00  t_eval=1.95e-02  t_dbdsqr=5.18e-04
  ev6_ec1_n95_s1_gm                                n=   285  res=     0.100  ortU=    11.700  ortV=    11.700    drift=0.00e+00  t_eval=3.56e-02  t_dbdsqr=2.33e-03
  ev6_ec1_n96_s0_gm                                n=   288  res=     0.000  ortU=    11.700  ortV=    11.700    drift=0.00e+00  t_eval=2.84e-02  t_dbdsqr=2.35e-03
  ev7_ec1_n52_s1_gs                                n=   104  res=     0.000  ortU=    11.700  ortV=    11.700    drift=0.00e+00  t_eval=3.32e-03  t_dbdsqr=1.91e-04
  ev9_ec1_n15_s3_gs                                n=    30  res=     0.600  ortU=    11.700  ortV=    11.700    drift=0.00e+00  t_eval=3.40e-04  t_dbdsqr=3.27e-05
  tri2_n67_gs                                      n=   134  res=     0.100  ortU=    11.700  ortV=    11.700    drift=0.00e+00  t_eval=5.90e-03  t_dbdsqr=4.24e-04
  tri2_n82_gs                                      n=   164  res=     0.100  ortU=    11.700  ortV=    11.700    drift=0.00e+00  t_eval=9.00e-03  t_dbdsqr=6.12e-04
  tri6_n84_gs                                      n=   168  res=     0.100  ortU=    11.700  ortV=    11.700    drift=0.00e+00  t_eval=1.62e-02  t_dbdsqr=6.59e-04
  tri7_n62_gs                                      n=   124  res=     0.000  ortU=    11.700  ortV=    11.600    drift=0.00e+00  t_eval=7.23e-03  t_dbdsqr=1.67e-04
  ev3_ec4_n18_s2_gm                                n=    54  res=     0.100  ortU=    11.600  ortV=    11.500    drift=0.00e+00  t_eval=1.34e-03  t_dbdsqr=4.81e-05
  ev4_ec4_n6_s0_gs                                 n=    12  res=     0.300  ortU=    11.200  ortV=    11.600    drift=0.00e+00  t_eval=6.01e-05  t_dbdsqr=7.54e-06
  ev4_ec4_n37_s3_gs                                n=    74  res=     0.000  ortU=    11.500  ortV=    11.600    drift=0.00e+00  t_eval=2.44e-03  t_dbdsqr=9.31e-05
  ev4_ec4_n78_s2_gs                                n=   156  res=     0.000  ortU=    11.600  ortV=    11.600    drift=0.00e+00  t_eval=1.27e-02  t_dbdsqr=4.03e-04
  ev5_ec1_n66_s2_gs                                n=   132  res=     0.000  ortU=    11.600  ortV=    11.600    drift=0.00e+00  t_eval=8.76e-03  t_dbdsqr=2.66e-04
  ev5_ec1_n95_s0_gm                                n=   285  res=     0.100  ortU=    11.600  ortV=    11.600    drift=0.00e+00  t_eval=3.82e-02  t_dbdsqr=9.79e-04
  ev5_ec4_n24_s1_gm                                n=    72  res=     0.100  ortU=    11.500  ortV=    11.600    drift=0.00e+00  t_eval=2.49e-03  t_dbdsqr=1.69e-04
  ev5_ec4_n60_s2_gm                                n=   180  res=     0.100  ortU=    11.600  ortV=    11.600    drift=0.00e+00  t_eval=1.51e-02  t_dbdsqr=1.92e-04
  ev6_ec1_n74_s2_gm                                n=   222  res=     0.000  ortU=    11.600  ortV=    11.600    drift=0.00e+00  t_eval=1.95e-02  t_dbdsqr=1.39e-03
  ev6_ec1_n94_s1_gm                                n=   282  res=     0.100  ortU=    11.600  ortV=    11.600    drift=0.00e+00  t_eval=3.50e-02  t_dbdsqr=2.24e-03
  ev6_ec1_n99_s1_gs                                n=   198  res=     0.000  ortU=    11.600  ortV=    11.600    drift=0.00e+00  t_eval=2.37e-02  t_dbdsqr=5.56e-04
  ev7_ec1_n100_s3_gm                               n=   300  res=     0.000  ortU=    11.600  ortV=    11.600    drift=0.00e+00  t_eval=3.96e-02  t_dbdsqr=9.57e-04
  ev8_ec1_n15_s2_gs                                n=    30  res=     0.100  ortU=    11.600  ortV=    11.600    drift=0.00e+00  t_eval=4.43e-04  t_dbdsqr=2.31e-05
  ev8_ec1_n41_s1_gm                                n=   123  res=     0.200  ortU=    11.600  ortV=    11.600    drift=0.00e+00  t_eval=5.19e-03  t_dbdsqr=5.96e-04
  tri2_n72                                         n=    72  res=     0.200  ortU=    11.600  ortV=    11.600    drift=0.00e+00  t_eval=3.52e-04  t_dbdsqr=1.09e-04
  tri2_n97                                         n=    97  res=     0.200  ortU=    11.600  ortV=    11.600    drift=0.00e+00  t_eval=6.43e-04  t_dbdsqr=1.85e-04
  tri7_n44_gm                                      n=   132  res=     0.000  ortU=    11.600  ortV=    11.600    drift=0.00e+00  t_eval=4.82e-03  t_dbdsqr=5.01e-04
  ev3_ec1_n19_s1                                   n=    19  res=     0.100  ortU=    11.500  ortV=    11.500    drift=0.00e+00  t_eval=4.68e-05  t_dbdsqr=1.15e-05
  ev3_ec1_n25_s3_gm                                n=    75  res=     0.000  ortU=    11.500  ortV=    11.500    drift=0.00e+00  t_eval=2.29e-03  t_dbdsqr=1.16e-04
  ev3_ec4_n88_s3_gm                                n=   264  res=     0.000  ortU=    11.500  ortV=    11.500    drift=0.00e+00  t_eval=3.35e-02  t_dbdsqr=3.89e-04
  ev4_ec4_n14_s3_gs                                n=    28  res=     0.100  ortU=    11.500  ortV=    11.400    drift=0.00e+00  t_eval=2.72e-04  t_dbdsqr=1.98e-05
  ev4_ec4_n34_s2_gs                                n=    68  res=     0.000  ortU=    11.500  ortV=    11.500    drift=0.00e+00  t_eval=2.02e-03  t_dbdsqr=7.30e-05
  ev4_ec4_n64_s0_gs                                n=   128  res=     0.000  ortU=    11.500  ortV=    11.500    drift=0.00e+00  t_eval=8.28e-03  t_dbdsqr=2.44e-04
  ev4_ec4_n86_s1_gm                                n=   258  res=     0.000  ortU=    11.500  ortV=    11.500    drift=0.00e+00  t_eval=2.31e-02  t_dbdsqr=1.88e-03
  ev5_ec1_n8_s3                                    n=     8  res=     0.300  ortU=    11.400  ortV=    11.500    drift=0.00e+00  t_eval=1.57e-05  t_dbdsqr=8.31e-06
  ev5_ec1_n88_s2                                   n=    88  res=     0.100  ortU=    11.500  ortV=    11.500    drift=0.00e+00  t_eval=8.57e-04  t_dbdsqr=1.74e-04
  ev5_ec4_n9_s1_gm                                 n=    27  res=     0.200  ortU=    11.400  ortV=    11.500    drift=0.00e+00  t_eval=2.85e-04  t_dbdsqr=4.64e-05
  ev5_ec4_n21_s1                                   n=    21  res=     0.000  ortU=    11.400  ortV=    11.500    drift=0.00e+00  t_eval=6.08e-05  t_dbdsqr=1.14e-05
  ev5_ec4_n59_s3_gm                                n=   177  res=     0.000  ortU=    11.500  ortV=    11.500    drift=0.00e+00  t_eval=1.51e-02  t_dbdsqr=1.97e-04
  ev6_ec1_n51_s2                                   n=    51  res=     0.100  ortU=    11.500  ortV=    11.500    drift=0.00e+00  t_eval=3.67e-04  t_dbdsqr=1.17e-04
  ev6_ec1_n54_s0_gs                                n=   108  res=     0.000  ortU=    11.500  ortV=    11.500    drift=0.00e+00  t_eval=6.30e-03  t_dbdsqr=1.83e-04
  ev6_ec1_n68_s2_gs                                n=   136  res=     0.100  ortU=    11.500  ortV=    11.500    drift=0.00e+00  t_eval=1.09e-02  t_dbdsqr=3.15e-04
  ev6_ec1_n90_s0_gs                                n=   180  res=     0.200  ortU=    11.500  ortV=    11.500    drift=0.00e+00  t_eval=1.83e-02  t_dbdsqr=5.93e-04
  ev6_ec1_n94_s0                                   n=    94  res=     0.100  ortU=    11.500  ortV=    11.500    drift=0.00e+00  t_eval=9.15e-04  t_dbdsqr=2.63e-04
  ev6_ec1_n94_s3                                   n=    94  res=     0.100  ortU=    11.500  ortV=    11.500    drift=0.00e+00  t_eval=9.64e-04  t_dbdsqr=2.50e-04
  ev9_ec1_n19_s0_gs                                n=    38  res=     0.100  ortU=    11.500  ortV=    11.500    drift=0.00e+00  t_eval=5.02e-04  t_dbdsqr=5.07e-05
  ev9_ec1_n50_s3_gs                                n=   100  res=     0.100  ortU=    11.500  ortV=    11.500    drift=0.00e+00  t_eval=3.85e-03  t_dbdsqr=3.24e-04
  ev9_ec1_n90_s2_gm                                n=   270  res=     0.000  ortU=    11.500  ortV=    11.500    drift=0.00e+00  t_eval=3.11e-02  t_dbdsqr=2.63e-03
  tri3_n53_gs                                      n=   106  res=     0.200  ortU=    11.500  ortV=    11.500    drift=0.00e+00  t_eval=6.46e-03  t_dbdsqr=2.04e-04
  tri5_n90                                         n=    90  res=     0.200  ortU=    11.400  ortV=    11.500    drift=0.00e+00  t_eval=5.63e-04  t_dbdsqr=1.68e-04
  tri7_n85_gm                                      n=   255  res=     0.000  ortU=    11.500  ortV=    11.500    drift=0.00e+00  t_eval=2.16e-02  t_dbdsqr=1.57e-03
  ev3_ec4_n62_s1_gs                                n=   124  res=     0.100  ortU=    11.400  ortV=    11.400    drift=0.00e+00  t_eval=7.19e-03  t_dbdsqr=1.32e-04
  ev3_ec4_n79_s1_gm                                n=   237  res=     0.000  ortU=    11.400  ortV=    11.400    drift=0.00e+00  t_eval=2.69e-02  t_dbdsqr=4.48e-04
  ev3_ec4_n94_s2_gm                                n=   282  res=     0.000  ortU=    11.400  ortV=    11.400    drift=0.00e+00  t_eval=3.79e-02  t_dbdsqr=6.93e-04
  ev4_ec1_n52_s0_gs                                n=   104  res=     0.000  ortU=    11.400  ortV=    11.400    drift=0.00e+00  t_eval=5.52e-03  t_dbdsqr=1.78e-04
  ev4_ec1_n76_s1_gs                                n=   152  res=     0.000  ortU=    11.400  ortV=    11.400    drift=0.00e+00  t_eval=1.19e-02  t_dbdsqr=3.40e-04
  ev4_ec4_n57_s2_gm                                n=   171  res=     0.000  ortU=    11.400  ortV=    11.400    drift=0.00e+00  t_eval=8.41e-03  t_dbdsqr=8.66e-04
  ev4_ec4_n61_s2_gs                                n=   122  res=     0.000  ortU=    11.400  ortV=    11.400    drift=0.00e+00  t_eval=7.30e-03  t_dbdsqr=2.45e-04
  ev4_ec4_n62_s2_gs                                n=   124  res=     0.000  ortU=    11.400  ortV=    11.400    drift=0.00e+00  t_eval=7.64e-03  t_dbdsqr=2.41e-04
  ev5_ec4_n20_s1_gm                                n=    60  res=     0.100  ortU=    11.400  ortV=    11.400    drift=0.00e+00  t_eval=1.73e-03  t_dbdsqr=1.24e-04
  ev6_ec1_n24_s3                                   n=    24  res=     0.200  ortU=    11.400  ortV=    11.400    drift=0.00e+00  t_eval=5.39e-05  t_dbdsqr=2.46e-05
  ev6_ec1_n37_s3                                   n=    37  res=     0.100  ortU=    11.400  ortV=    11.400    drift=0.00e+00  t_eval=1.42e-04  t_dbdsqr=4.86e-05
  ev6_ec1_n67_s3                                   n=    67  res=     0.100  ortU=    11.300  ortV=    11.400    drift=0.00e+00  t_eval=4.96e-04  t_dbdsqr=1.36e-04
  ev6_ec1_n83_s1_gm                                n=   249  res=     0.100  ortU=    11.400  ortV=    11.400    drift=0.00e+00  t_eval=2.63e-02  t_dbdsqr=1.81e-03
  ev7_ec1_n69_s2_gs                                n=   138  res=     0.200  ortU=    11.400  ortV=    11.400    drift=0.00e+00  t_eval=5.68e-03  t_dbdsqr=1.38e-05
  ev9_ec1_n2_s3_gs                                 n=     4  res=     0.400  ortU=    11.100  ortV=    11.400    drift=0.00e+00  t_eval=9.70e-06  t_dbdsqr=2.69e-06
  ev9_ec1_n16_s2_gs                                n=    32  res=     0.200  ortU=    11.400  ortV=    11.300    drift=0.00e+00  t_eval=3.14e-04  t_dbdsqr=3.55e-05
  ev9_ec1_n90_s3_gm                                n=   270  res=     0.200  ortU=    11.400  ortV=    11.400    drift=0.00e+00  t_eval=3.13e-02  t_dbdsqr=2.65e-03
  tri2_n42_gs                                      n=    84  res=     0.000  ortU=    11.400  ortV=    11.400    drift=0.00e+00  t_eval=2.27e-03  t_dbdsqr=8.82e-05
  tri4_n29_gs                                      n=    58  res=     0.100  ortU=    11.400  ortV=    11.400    drift=0.00e+00  t_eval=1.32e-03  t_dbdsqr=5.14e-05
  tri4_n58_gm                                      n=   174  res=     0.000  ortU=    11.400  ortV=    11.300    drift=0.00e+00  t_eval=8.46e-03  t_dbdsqr=8.10e-04
  tri4_n80_gm                                      n=   240  res=     0.000  ortU=    11.300  ortV=    11.400    drift=0.00e+00  t_eval=1.84e-02  t_dbdsqr=1.44e-03
  tri6_n26_gs                                      n=    52  res=     0.100  ortU=    11.400  ortV=    11.400    drift=0.00e+00  t_eval=1.31e-03  t_dbdsqr=7.31e-05
  ev3_ec1_n42_s2                                   n=    42  res=     0.100  ortU=    11.300  ortV=    11.200    drift=0.00e+00  t_eval=1.77e-04  t_dbdsqr=3.46e-05
  ev3_ec1_n59_s0                                   n=    59  res=     0.100  ortU=    11.300  ortV=    11.300    drift=0.00e+00  t_eval=3.74e-04  t_dbdsqr=1.09e-04
  ev3_ec1_n75_s0_gm                                n=   225  res=     0.000  ortU=    11.300  ortV=    11.300    drift=0.00e+00  t_eval=2.30e-02  t_dbdsqr=9.76e-04
  ev4_ec1_n65_s1_gs                                n=   130  res=     0.000  ortU=    11.300  ortV=    11.300    drift=0.00e+00  t_eval=8.51e-03  t_dbdsqr=2.61e-04
  ev4_ec1_n84_s1_gs                                n=   168  res=     0.000  ortU=    11.300  ortV=    11.300    drift=0.00e+00  t_eval=1.50e-02  t_dbdsqr=4.58e-04
  ev5_ec1_n6_s0_gm                                 n=    18  res=     0.200  ortU=    11.300  ortV=    11.300    drift=0.00e+00  t_eval=8.69e-05  t_dbdsqr=1.86e-05
  ev5_ec1_n83_s1                                   n=    83  res=     0.100  ortU=    11.300  ortV=    11.300    drift=0.00e+00  t_eval=7.63e-04  t_dbdsqr=1.64e-04
  ev5_ec1_n98_s1                                   n=    98  res=     0.100  ortU=    11.300  ortV=    11.300    drift=0.00e+00  t_eval=1.01e-03  t_dbdsqr=1.49e-04
  ev5_ec4_n64_s0                                   n=    64  res=     0.000  ortU=    11.300  ortV=    11.300    drift=0.00e+00  t_eval=6.54e-04  t_dbdsqr=1.14e-04
  ev5_ec4_n80_s1_gm                                n=   240  res=     0.000  ortU=    11.300  ortV=    11.300    drift=0.00e+00  t_eval=2.67e-02  t_dbdsqr=3.49e-04
  ev5_ec4_n96_s2                                   n=    96  res=     0.100  ortU=    11.300  ortV=    11.300    drift=0.00e+00  t_eval=1.22e-03  t_dbdsqr=8.04e-05
  ev6_ec1_n59_s0_gm                                n=   177  res=     0.000  ortU=    11.200  ortV=    11.300    drift=0.00e+00  t_eval=8.60e-03  t_dbdsqr=9.49e-04
  ev6_ec1_n90_s3_gm                                n=   270  res=     0.100  ortU=    11.300  ortV=    11.300    drift=0.00e+00  t_eval=3.26e-02  t_dbdsqr=2.20e-03
  ev6_ec1_n96_s0                                   n=    96  res=     0.200  ortU=    11.300  ortV=    11.300    drift=0.00e+00  t_eval=1.05e-03  t_dbdsqr=3.52e-04
  ev6_ec1_n96_s1                                   n=    96  res=     0.200  ortU=    11.300  ortV=    11.300    drift=0.00e+00  t_eval=1.14e-03  t_dbdsqr=3.38e-04
  ev9_ec1_n64_s1_gm                                n=   192  res=     0.000  ortU=    11.300  ortV=    11.300    drift=0.00e+00  t_eval=1.50e-02  t_dbdsqr=4.47e-04
  tri3_n31_gm                                      n=    93  res=     0.100  ortU=    11.300  ortV=    11.300    drift=0.00e+00  t_eval=3.91e-03  t_dbdsqr=2.56e-04
  tri7_n36_gs                                      n=    72  res=     0.000  ortU=    11.300  ortV=    11.300    drift=0.00e+00  t_eval=2.30e-03  t_dbdsqr=7.28e-05
  tri7_n79_gm                                      n=   237  res=     0.000  ortU=    11.300  ortV=    11.300    drift=0.00e+00  t_eval=1.82e-02  t_dbdsqr=1.36e-03
  ev3_ec1_n36_s1                                   n=    36  res=     0.100  ortU=    11.200  ortV=    11.200    drift=0.00e+00  t_eval=1.35e-04  t_dbdsqr=2.89e-05
  ev3_ec1_n84_s0                                   n=    84  res=     0.100  ortU=    11.100  ortV=    11.200    drift=0.00e+00  t_eval=7.39e-04  t_dbdsqr=2.01e-04
  ev3_ec4_n29_s0_gm                                n=    87  res=     0.100  ortU=    11.100  ortV=    11.200    drift=0.00e+00  t_eval=3.55e-03  t_dbdsqr=8.31e-05
  ev4_ec1_n49_s2_gs                                n=    98  res=     0.000  ortU=    11.200  ortV=    11.200    drift=0.00e+00  t_eval=4.71e-03  t_dbdsqr=1.51e-04
  ev4_ec1_n92_s1_gm                                n=   276  res=     0.000  ortU=    11.200  ortV=    11.200    drift=0.00e+00  t_eval=2.72e-02  t_dbdsqr=2.08e-03
  ev4_ec1_n97_s3_gm                                n=   291  res=     0.100  ortU=    11.200  ortV=    11.200    drift=0.00e+00  t_eval=2.92e-02  t_dbdsqr=2.31e-03
  ev4_ec1_n98_s0_gm                                n=   294  res=     0.000  ortU=    11.200  ortV=    11.200    drift=0.00e+00  t_eval=2.97e-02  t_dbdsqr=2.32e-03
  ev6_ec1_n15_s2                                   n=    15  res=     0.400  ortU=    11.000  ortV=    11.200    drift=0.00e+00  t_eval=3.33e-05  t_dbdsqr=1.24e-05
  ev6_ec1_n34_s1                                   n=    34  res=     0.200  ortU=    11.200  ortV=    11.100    drift=0.00e+00  t_eval=1.26e-04  t_dbdsqr=5.33e-05
  ev6_ec1_n44_s2_gm                                n=   132  res=     0.100  ortU=    11.200  ortV=    11.200    drift=0.00e+00  t_eval=6.40e-03  t_dbdsqr=5.52e-04
  ev6_ec1_n97_s1                                   n=    97  res=     0.100  ortU=    11.200  ortV=    11.200    drift=0.00e+00  t_eval=1.17e-03  t_dbdsqr=3.33e-04
  ev7_ec1_n31_s3_gm                                n=    93  res=     0.200  ortU=    11.200  ortV=    11.200    drift=0.00e+00  t_eval=3.70e-03  t_dbdsqr=9.79e-06
  ev9_ec1_n93_s3_gm                                n=   279  res=     0.100  ortU=    11.200  ortV=    11.200    drift=0.00e+00  t_eval=3.29e-02  t_dbdsqr=2.69e-03
  tri5_n28                                         n=    28  res=     0.500  ortU=    11.100  ortV=    11.200    drift=0.00e+00  t_eval=6.67e-05  t_dbdsqr=2.62e-05
  tri5_n75_gs                                      n=   150  res=     0.000  ortU=    11.200  ortV=    11.100    drift=0.00e+00  t_eval=7.23e-03  t_dbdsqr=2.45e-04
  tri6_n90_gs                                      n=   180  res=     0.000  ortU=    11.200  ortV=    11.100    drift=0.00e+00  t_eval=1.87e-02  t_dbdsqr=7.76e-04
  ev3_ec1_n69_s3                                   n=    69  res=     0.100  ortU=    11.100  ortV=    11.100    drift=0.00e+00  t_eval=4.44e-04  t_dbdsqr=8.90e-05
  ev3_ec4_n46_s3_gm                                n=   138  res=     0.000  ortU=    11.100  ortV=    11.100    drift=0.00e+00  t_eval=9.30e-03  t_dbdsqr=2.52e-04
  ev4_ec1_n22_s2_gs                                n=    44  res=     0.100  ortU=    11.100  ortV=    11.100    drift=0.00e+00  t_eval=7.80e-04  t_dbdsqr=4.04e-05
  ev4_ec1_n83_s1_gs                                n=   166  res=     0.000  ortU=    11.100  ortV=    11.100    drift=0.00e+00  t_eval=1.49e-02  t_dbdsqr=4.15e-04
  ev4_ec4_n46_s1_gm                                n=   138  res=     0.100  ortU=    11.100  ortV=    11.000    drift=0.00e+00  t_eval=5.24e-03  t_dbdsqr=5.89e-04
  ev5_ec1_n5_s2_gm                                 n=    15  res=     0.200  ortU=    11.100  ortV=    11.100    drift=0.00e+00  t_eval=8.56e-05  t_dbdsqr=9.86e-06
  ev5_ec1_n12_s1_gm                                n=    36  res=     0.100  ortU=    11.000  ortV=    11.100    drift=0.00e+00  t_eval=3.96e-04  t_dbdsqr=3.64e-05
  ev5_ec1_n25_s0                                   n=    25  res=     0.200  ortU=    11.100  ortV=    11.000    drift=0.00e+00  t_eval=8.77e-05  t_dbdsqr=3.44e-05
  ev5_ec1_n63_s2_gs                                n=   126  res=     0.100  ortU=    11.100  ortV=    11.100    drift=0.00e+00  t_eval=8.22e-03  t_dbdsqr=3.24e-04
  ev5_ec4_n13_s3_gm                                n=    39  res=     0.100  ortU=    11.100  ortV=    11.100    drift=0.00e+00  t_eval=7.14e-04  t_dbdsqr=3.12e-05
  ev5_ec4_n44_s0                                   n=    44  res=     0.000  ortU=    11.100  ortV=    11.000    drift=0.00e+00  t_eval=2.70e-04  t_dbdsqr=2.53e-05
  ev6_ec1_n12_s1                                   n=    12  res=     0.200  ortU=    11.100  ortV=    11.000    drift=0.00e+00  t_eval=2.10e-05  t_dbdsqr=9.78e-06
  ev6_ec1_n25_s0_gs                                n=    50  res=     0.100  ortU=    11.100  ortV=    11.100    drift=0.00e+00  t_eval=9.71e-04  t_dbdsqr=4.75e-05
  ev6_ec1_n30_s0                                   n=    30  res=     0.200  ortU=    11.100  ortV=    11.100    drift=0.00e+00  t_eval=8.10e-05  t_dbdsqr=3.74e-05
  ev6_ec1_n62_s3                                   n=    62  res=     0.100  ortU=    11.100  ortV=    11.100    drift=0.00e+00  t_eval=4.71e-04  t_dbdsqr=1.21e-04
  ev6_ec1_n69_s0                                   n=    69  res=     0.100  ortU=    11.100  ortV=    11.100    drift=0.00e+00  t_eval=5.21e-04  t_dbdsqr=1.57e-04
  ev6_ec1_n83_s2_gs                                n=   166  res=     0.000  ortU=    11.100  ortV=    11.100    drift=0.00e+00  t_eval=1.64e-02  t_dbdsqr=5.42e-04
  ev6_ec1_n83_s3                                   n=    83  res=     0.100  ortU=    11.100  ortV=    11.100    drift=0.00e+00  t_eval=7.61e-04  t_dbdsqr=1.99e-04
  ev7_ec1_n40_s2_gm                                n=   120  res=     0.000  ortU=    11.100  ortV=    11.000    drift=0.00e+00  t_eval=6.02e-03  t_dbdsqr=2.06e-04
  ev8_ec1_n78_s3_gm                                n=   234  res=     0.000  ortU=    11.100  ortV=    11.100    drift=0.00e+00  t_eval=1.97e-02  t_dbdsqr=1.90e-03
  ev8_ec1_n82_s3_gm                                n=   246  res=     0.000  ortU=    11.100  ortV=    11.100    drift=0.00e+00  t_eval=2.14e-02  t_dbdsqr=2.16e-03
  ev9_ec1_n60_s3_gm                                n=   180  res=     0.200  ortU=    11.100  ortV=    11.100    drift=0.00e+00  t_eval=1.43e-02  t_dbdsqr=1.26e-03
  tri3_n31_gs                                      n=    62  res=     0.400  ortU=    11.100  ortV=    11.100    drift=0.00e+00  t_eval=1.95e-03  t_dbdsqr=7.92e-05
  tri4_n75                                         n=    75  res=     0.300  ortU=    11.100  ortV=    11.100    drift=0.00e+00  t_eval=3.76e-04  t_dbdsqr=1.30e-04
  tri5_n34                                         n=    34  res=     0.300  ortU=    11.100  ortV=    11.000    drift=0.00e+00  t_eval=9.18e-05  t_dbdsqr=3.38e-05
  tri5_n64                                         n=    64  res=     0.200  ortU=    11.100  ortV=    11.000    drift=0.00e+00  t_eval=3.00e-04  t_dbdsqr=8.80e-05
  tri7_n84_gs                                      n=   168  res=     0.000  ortU=    11.100  ortV=    11.100    drift=0.00e+00  t_eval=1.44e-02  t_dbdsqr=2.77e-04
  tri7_n97_gm                                      n=   291  res=     0.000  ortU=    11.100  ortV=    11.100    drift=0.00e+00  t_eval=2.91e-02  t_dbdsqr=2.05e-03
  ev3_ec4_n11_s1                                   n=    11  res=     0.100  ortU=    11.000  ortV=    10.900    drift=0.00e+00  t_eval=2.58e-05  t_dbdsqr=4.98e-06
  ev4_ec1_n84_s2_gs                                n=   168  res=     0.000  ortU=    11.000  ortV=    11.000    drift=0.00e+00  t_eval=1.59e-02  t_dbdsqr=3.98e-04
  ev4_ec4_n57_s3_gs                                n=   114  res=     0.000  ortU=    11.000  ortV=    11.000    drift=0.00e+00  t_eval=6.59e-03  t_dbdsqr=2.32e-04
  ev4_ec4_n88_s1_gm                                n=   264  res=     0.000  ortU=    11.000  ortV=    11.000    drift=0.00e+00  t_eval=2.33e-02  t_dbdsqr=1.92e-03
  ev5_ec4_n59_s2_gm                                n=   177  res=     0.100  ortU=    10.900  ortV=    11.000    drift=0.00e+00  t_eval=1.48e-02  t_dbdsqr=1.83e-04
  ev6_ec1_n33_s1                                   n=    33  res=     0.200  ortU=    11.000  ortV=    11.000    drift=0.00e+00  t_eval=1.19e-04  t_dbdsqr=4.94e-05
  ev6_ec1_n40_s2_gs                                n=    80  res=     0.100  ortU=    11.000  ortV=    11.000    drift=0.00e+00  t_eval=3.93e-03  t_dbdsqr=1.02e-04
  ev6_ec1_n68_s1                                   n=    68  res=     0.100  ortU=    10.900  ortV=    11.000    drift=0.00e+00  t_eval=4.62e-04  t_dbdsqr=1.42e-04
  ev6_ec1_n85_s0_gs                                n=   170  res=     0.100  ortU=    11.000  ortV=    11.000    drift=0.00e+00  t_eval=1.62e-02  t_dbdsqr=4.34e-04
  ev6_ec1_n91_s3                                   n=    91  res=     0.100  ortU=    11.000  ortV=    11.000    drift=0.00e+00  t_eval=9.10e-04  t_dbdsqr=2.40e-04
  ev6_ec1_n95_s1                                   n=    95  res=     0.200  ortU=    11.000  ortV=    11.000    drift=0.00e+00  t_eval=1.13e-03  t_dbdsqr=3.31e-04
  ev6_ec1_n98_s0_gs                                n=   196  res=     0.000  ortU=    11.000  ortV=    11.000    drift=0.00e+00  t_eval=2.20e-02  t_dbdsqr=1.22e-03
  ev6_ec1_n99_s1                                   n=    99  res=     0.100  ortU=    11.000  ortV=    11.000    drift=0.00e+00  t_eval=1.13e-03  t_dbdsqr=2.86e-04
  ev7_ec1_n71_s0_gm                                n=   213  res=     0.100  ortU=    11.000  ortV=    11.000    drift=0.00e+00  t_eval=2.04e-02  t_dbdsqr=2.66e-05
  ev8_ec1_n19_s0_gm                                n=    57  res=     0.100  ortU=    11.000  ortV=    11.000    drift=0.00e+00  t_eval=9.03e-04  t_dbdsqr=1.32e-04
  ev8_ec1_n100_s1_gm                               n=   300  res=     0.100  ortU=    11.000  ortV=    11.000    drift=0.00e+00  t_eval=3.42e-02  t_dbdsqr=3.26e-03
  ev9_ec1_n34_s1_gm                                n=   102  res=     0.100  ortU=    11.000  ortV=    11.000    drift=0.00e+00  t_eval=3.72e-03  t_dbdsqr=1.67e-04
  ev9_ec1_n72_s0_gm                                n=   216  res=     0.000  ortU=    11.000  ortV=    11.000    drift=0.00e+00  t_eval=1.91e-02  t_dbdsqr=1.78e-03
  tri6_n97_gs                                      n=   194  res=     0.000  ortU=    11.000  ortV=    11.000    drift=0.00e+00  t_eval=2.21e-02  t_dbdsqr=8.95e-04
  tri7_n55_gs                                      n=   110  res=     0.000  ortU=    11.000  ortV=    11.000    drift=0.00e+00  t_eval=5.99e-03  t_dbdsqr=1.42e-04
  ev3_ec4_n10_s1_gm                                n=    30  res=     0.200  ortU=    10.900  ortV=    10.900    drift=0.00e+00  t_eval=4.48e-04  t_dbdsqr=3.55e-05
  ev3_ec4_n14_s1_gm                                n=    42  res=     0.200  ortU=    10.900  ortV=    10.800    drift=0.00e+00  t_eval=8.57e-04  t_dbdsqr=5.68e-05
  ev3_ec4_n33_s1                                   n=    33  res=     0.100  ortU=    10.900  ortV=    10.800    drift=0.00e+00  t_eval=1.41e-04  t_dbdsqr=1.80e-05
  ev4_ec1_n92_s2_gm                                n=   276  res=     0.000  ortU=    10.900  ortV=    10.900    drift=0.00e+00  t_eval=2.64e-02  t_dbdsqr=2.09e-03
  ev4_ec4_n66_s2_gs                                n=   132  res=     0.000  ortU=    10.900  ortV=    10.900    drift=0.00e+00  t_eval=9.31e-03  t_dbdsqr=3.05e-04
  ev4_ec4_n67_s2_gm                                n=   201  res=     0.000  ortU=    10.900  ortV=    10.900    drift=0.00e+00  t_eval=1.25e-02  t_dbdsqr=1.16e-03
  ev5_ec1_n37_s1                                   n=    37  res=     0.100  ortU=    10.900  ortV=    10.900    drift=0.00e+00  t_eval=1.83e-04  t_dbdsqr=5.38e-05
  ev5_ec1_n79_s1                                   n=    79  res=     0.100  ortU=    10.900  ortV=    10.900    drift=0.00e+00  t_eval=6.71e-04  t_dbdsqr=1.52e-04
  ev5_ec4_n29_s2_gs                                n=    58  res=     0.200  ortU=    10.900  ortV=    10.900    drift=0.00e+00  t_eval=1.55e-03  t_dbdsqr=2.91e-05
  ev6_ec1_n15_s1                                   n=    15  res=     0.400  ortU=    10.900  ortV=    10.800    drift=0.00e+00  t_eval=2.99e-05  t_dbdsqr=1.31e-05
  ev6_ec1_n49_s1                                   n=    49  res=     0.100  ortU=    10.900  ortV=    10.900    drift=0.00e+00  t_eval=2.29e-04  t_dbdsqr=7.39e-05
  ev6_ec1_n63_s1_gm                                n=   189  res=     0.000  ortU=    10.900  ortV=    10.900    drift=0.00e+00  t_eval=1.33e-02  t_dbdsqr=1.04e-03
  ev6_ec1_n72_s1_gm                                n=   216  res=     0.000  ortU=    10.900  ortV=    10.900    drift=0.00e+00  t_eval=1.89e-02  t_dbdsqr=1.36e-03
  ev6_ec1_n88_s2_gm                                n=   264  res=     0.100  ortU=    10.900  ortV=    10.900    drift=0.00e+00  t_eval=2.50e-02  t_dbdsqr=1.93e-03
  ev9_ec1_n45_s3_gm                                n=   135  res=     0.000  ortU=    10.900  ortV=    10.900    drift=0.00e+00  t_eval=7.16e-03  t_dbdsqr=7.31e-04
  ev9_ec1_n68_s0_gm                                n=   204  res=     0.000  ortU=    10.900  ortV=    10.900    drift=0.00e+00  t_eval=1.71e-02  t_dbdsqr=5.08e-04
  ev9_ec1_n72_s2_gm                                n=   216  res=     0.000  ortU=    10.900  ortV=    10.900    drift=0.00e+00  t_eval=1.90e-02  t_dbdsqr=5.44e-04
  tri7_n60_gs                                      n=   120  res=     0.000  ortU=    10.900  ortV=    10.800    drift=0.00e+00  t_eval=7.17e-03  t_dbdsqr=1.65e-04
  ev3_ec1_n19_s0                                   n=    19  res=     0.100  ortU=    10.800  ortV=    10.800    drift=0.00e+00  t_eval=5.80e-05  t_dbdsqr=2.27e-05
  ev3_ec4_n13_s2_gm                                n=    39  res=     0.200  ortU=    10.800  ortV=    10.700    drift=0.00e+00  t_eval=7.24e-04  t_dbdsqr=4.91e-05
  ev4_ec1_n56_s2_gs                                n=   112  res=     0.000  ortU=    10.800  ortV=    10.800    drift=0.00e+00  t_eval=6.23e-03  t_dbdsqr=1.97e-04
  ev4_ec1_n65_s0_gm                                n=   195  res=     0.000  ortU=    10.800  ortV=    10.800    drift=0.00e+00  t_eval=1.20e-02  t_dbdsqr=1.13e-03
  ev4_ec1_n88_s2_gs                                n=   176  res=     0.000  ortU=    10.800  ortV=    10.800    drift=0.00e+00  t_eval=1.62e-02  t_dbdsqr=4.50e-04
  ev4_ec4_n32_s3_gs                                n=    64  res=     0.000  ortU=    10.800  ortV=    10.800    drift=0.00e+00  t_eval=1.91e-03  t_dbdsqr=7.30e-05
  ev5_ec4_n20_s3_gm                                n=    60  res=     0.100  ortU=    10.700  ortV=    10.800    drift=0.00e+00  t_eval=1.73e-03  t_dbdsqr=4.67e-05
  ev5_ec4_n42_s2                                   n=    42  res=     0.300  ortU=    10.800  ortV=    10.800    drift=1.38e-16  t_eval=2.26e-04  t_dbdsqr=2.18e-05
  ev6_ec1_n60_s1_gm                                n=   180  res=     0.000  ortU=    10.800  ortV=    10.800    drift=0.00e+00  t_eval=1.22e-02  t_dbdsqr=9.85e-04
  ev6_ec1_n73_s0                                   n=    73  res=     0.100  ortU=    10.800  ortV=    10.800    drift=0.00e+00  t_eval=5.75e-04  t_dbdsqr=1.73e-04
  ev6_ec1_n86_s3                                   n=    86  res=     0.100  ortU=    10.800  ortV=    10.800    drift=0.00e+00  t_eval=8.03e-04  t_dbdsqr=2.26e-04
  ev7_ec1_n10_s1_gs                                n=    20  res=     0.300  ortU=    10.800  ortV=    10.800    drift=0.00e+00  t_eval=1.31e-04  t_dbdsqr=3.61e-06
  ev7_ec1_n72_s0_gs                                n=   144  res=     0.000  ortU=    10.800  ortV=    10.800    drift=0.00e+00  t_eval=6.56e-03  t_dbdsqr=6.93e-04
  ev8_ec1_n57_s1_gm                                n=   171  res=     0.000  ortU=    10.800  ortV=    10.800    drift=0.00e+00  t_eval=1.01e-02  t_dbdsqr=1.09e-03
  ev9_ec1_n91_s3_gs                                n=   182  res=     0.100  ortU=    10.800  ortV=    10.800    drift=0.00e+00  t_eval=1.38e-02  t_dbdsqr=1.09e-03
  tri4_n66_gm                                      n=   198  res=     0.000  ortU=    10.700  ortV=    10.800    drift=0.00e+00  t_eval=1.15e-02  t_dbdsqr=1.03e-03
  tri6_n87_gm                                      n=   261  res=     0.000  ortU=    10.800  ortV=    10.800    drift=0.00e+00  t_eval=2.01e-02  t_dbdsqr=1.77e-03
  tri7_n49_gs                                      n=    98  res=     0.000  ortU=    10.800  ortV=    10.800    drift=0.00e+00  t_eval=4.62e-03  t_dbdsqr=1.19e-04
  tri7_n76_gs                                      n=   152  res=     0.000  ortU=    10.800  ortV=    10.700    drift=0.00e+00  t_eval=1.14e-02  t_dbdsqr=2.33e-04
  ev2_ec1_n99_s0                                   n=    99  res=     0.100  ortU=    10.700  ortV=    10.700    drift=1.78e-16  t_eval=4.69e-04  t_dbdsqr=1.00e-05
  ev3_ec4_n15_s2_gs                                n=    30  res=     0.400  ortU=    10.700  ortV=    10.600    drift=0.00e+00  t_eval=4.36e-04  t_dbdsqr=1.31e-05
  ev4_ec1_n68_s1_gm                                n=   204  res=     0.000  ortU=    10.700  ortV=    10.700    drift=0.00e+00  t_eval=1.29e-02  t_dbdsqr=1.24e-03
  ev4_ec1_n83_s1_gm                                n=   249  res=     0.000  ortU=    10.700  ortV=    10.700    drift=0.00e+00  t_eval=2.12e-02  t_dbdsqr=1.75e-03
  ev4_ec1_n90_s2_gs                                n=   180  res=     0.000  ortU=    10.700  ortV=    10.600    drift=0.00e+00  t_eval=1.78e-02  t_dbdsqr=4.53e-04
  ev4_ec4_n62_s0_gm                                n=   186  res=     0.000  ortU=    10.700  ortV=    10.700    drift=0.00e+00  t_eval=1.09e-02  t_dbdsqr=1.05e-03
  ev4_ec4_n72_s3_gm                                n=   216  res=     0.000  ortU=    10.700  ortV=    10.700    drift=0.00e+00  t_eval=1.50e-02  t_dbdsqr=1.34e-03
  ev5_ec1_n46_s0                                   n=    46  res=     0.200  ortU=    10.700  ortV=    10.600    drift=0.00e+00  t_eval=2.60e-04  t_dbdsqr=7.01e-05
  ev5_ec4_n31_s2                                   n=    31  res=     0.600  ortU=    10.700  ortV=    10.700    drift=0.00e+00  t_eval=1.29e-04  t_dbdsqr=1.54e-05
  ev5_ec4_n39_s1_gm                                n=   117  res=     0.000  ortU=    10.700  ortV=    10.700    drift=0.00e+00  t_eval=6.28e-03  t_dbdsqr=2.64e-04
  ev6_ec1_n47_s1                                   n=    47  res=     0.200  ortU=    10.600  ortV=    10.700    drift=0.00e+00  t_eval=2.15e-04  t_dbdsqr=7.25e-05
  ev6_ec1_n62_s1                                   n=    62  res=     0.100  ortU=    10.700  ortV=    10.700    drift=0.00e+00  t_eval=3.79e-04  t_dbdsqr=1.18e-04
  ev6_ec1_n77_s3_gm                                n=   231  res=     0.000  ortU=    10.700  ortV=    10.700    drift=0.00e+00  t_eval=2.33e-02  t_dbdsqr=1.61e-03
  ev7_ec1_n19_s2_gm                                n=    57  res=     0.200  ortU=    10.700  ortV=    10.700    drift=0.00e+00  t_eval=1.31e-03  t_dbdsqr=7.70e-06
  ev7_ec1_n48_s2_gs                                n=    96  res=     0.000  ortU=    10.600  ortV=    10.700    drift=0.00e+00  t_eval=2.70e-03  t_dbdsqr=1.50e-04
  tri6_n67_gs                                      n=   134  res=     0.100  ortU=    10.700  ortV=    10.700    drift=0.00e+00  t_eval=9.92e-03  t_dbdsqr=4.28e-04
  tri7_n46_gm                                      n=   138  res=     0.100  ortU=    10.700  ortV=    10.700    drift=0.00e+00  t_eval=5.48e-03  t_dbdsqr=5.32e-04
  ev1_ec1_n51_s0_gs                                n=   102  res=     0.000  ortU=    10.600  ortV=    10.500    drift=1.46e-16  t_eval=1.49e-04  t_dbdsqr=1.09e-05
  ev3_ec1_n23_s1                                   n=    23  res=     0.100  ortU=    10.600  ortV=    10.600    drift=0.00e+00  t_eval=6.24e-05  t_dbdsqr=1.51e-05
  ev3_ec1_n39_s1                                   n=    39  res=     0.100  ortU=    10.500  ortV=    10.600    drift=0.00e+00  t_eval=1.55e-04  t_dbdsqr=3.22e-05
  ev3_ec4_n50_s1_gm                                n=   150  res=     0.000  ortU=    10.600  ortV=    10.500    drift=0.00e+00  t_eval=1.06e-02  t_dbdsqr=2.80e-04
  ev3_ec4_n51_s1                                   n=    51  res=     0.200  ortU=    10.600  ortV=    10.600    drift=0.00e+00  t_eval=3.28e-04  t_dbdsqr=3.37e-05
  ev3_ec4_n72_s3_gm                                n=   216  res=     0.000  ortU=    10.600  ortV=    10.600    drift=0.00e+00  t_eval=2.24e-02  t_dbdsqr=2.82e-04
  ev4_ec1_n79_s3_gs                                n=   158  res=     0.000  ortU=    10.600  ortV=    10.600    drift=0.00e+00  t_eval=1.28e-02  t_dbdsqr=3.70e-04
  ev4_ec1_n98_s0_gs                                n=   196  res=     0.000  ortU=    10.600  ortV=    10.600    drift=0.00e+00  t_eval=2.11e-02  t_dbdsqr=1.07e-03
  ev4_ec4_n57_s0_gs                                n=   114  res=     0.000  ortU=    10.600  ortV=    10.600    drift=0.00e+00  t_eval=6.44e-03  t_dbdsqr=1.97e-04
  ev4_ec4_n95_s3_gs                                n=   190  res=     0.000  ortU=    10.600  ortV=    10.600    drift=0.00e+00  t_eval=1.99e-02  t_dbdsqr=4.95e-04
  ev5_ec1_n15_s3                                   n=    15  res=     0.200  ortU=    10.600  ortV=    10.500    drift=0.00e+00  t_eval=3.60e-05  t_dbdsqr=1.06e-05
  ev5_ec4_n45_s0_gm                                n=   135  res=     0.000  ortU=    10.600  ortV=    10.600    drift=0.00e+00  t_eval=8.17e-03  t_dbdsqr=3.30e-04
  ev5_ec4_n57_s2                                   n=    57  res=     0.200  ortU=    10.600  ortV=    10.500    drift=0.00e+00  t_eval=4.42e-04  t_dbdsqr=3.03e-05
  ev6_ec1_n69_s0_gm                                n=   207  res=     0.000  ortU=    10.600  ortV=    10.600    drift=0.00e+00  t_eval=1.17e-02  t_dbdsqr=1.24e-03
  ev6_ec1_n70_s0_gm                                n=   210  res=     0.000  ortU=    10.600  ortV=    10.600    drift=0.00e+00  t_eval=1.29e-02  t_dbdsqr=1.28e-03
  ev7_ec1_n37_s0_gm                                n=   111  res=     0.000  ortU=    10.600  ortV=    10.600    drift=0.00e+00  t_eval=5.13e-03  t_dbdsqr=1.68e-04
  ev7_ec1_n95_s2_gm                                n=   285  res=     0.000  ortU=    10.600  ortV=    10.600    drift=0.00e+00  t_eval=3.75e-02  t_dbdsqr=7.44e-04
  ev8_ec1_n7_s0_gm                                 n=    21  res=     0.900  ortU=    10.600  ortV=    10.600    drift=0.00e+00  t_eval=1.41e-04  t_dbdsqr=1.88e-05
  ev8_ec1_n34_s2_gm                                n=   102  res=     0.100  ortU=    10.600  ortV=    10.600    drift=0.00e+00  t_eval=3.19e-03  t_dbdsqr=4.24e-04
  ev9_ec1_n49_s1_gs                                n=    98  res=     0.300  ortU=    10.600  ortV=    10.600    drift=0.00e+00  t_eval=3.67e-03  t_dbdsqr=3.03e-04
  ev9_ec1_n93_s1                                   n=    93  res=     0.100  ortU=    10.600  ortV=    10.600    drift=0.00e+00  t_eval=1.38e-03  t_dbdsqr=2.71e-04
  tri2_n89_gs                                      n=   178  res=     0.000  ortU=    10.600  ortV=    10.600    drift=0.00e+00  t_eval=1.03e-02  t_dbdsqr=6.83e-04
  ev1_ec1_n60_s0_gs                                n=   120  res=     0.000  ortU=    10.500  ortV=    10.500    drift=0.00e+00  t_eval=2.08e-04  t_dbdsqr=1.16e-05
  ev2_ec1_n74_s0_gm                                n=   222  res=     0.000  ortU=    10.500  ortV=    10.500    drift=2.16e-16  t_eval=1.74e-03  t_dbdsqr=1.72e-05
  ev3_ec1_n32_s0                                   n=    32  res=     0.100  ortU=    10.500  ortV=    10.500    drift=0.00e+00  t_eval=1.36e-04  t_dbdsqr=4.77e-05
  ev3_ec4_n79_s2_gm                                n=   237  res=     0.000  ortU=    10.500  ortV=    10.500    drift=0.00e+00  t_eval=2.64e-02  t_dbdsqr=3.24e-04
  ev4_ec1_n78_s0_gs                                n=   156  res=     0.000  ortU=    10.500  ortV=    10.500    drift=0.00e+00  t_eval=1.27e-02  t_dbdsqr=3.56e-04
  ev4_ec4_n32_s1_gs                                n=    64  res=     0.000  ortU=    10.500  ortV=    10.500    drift=0.00e+00  t_eval=1.68e-03  t_dbdsqr=7.15e-05
  ev4_ec4_n55_s1_gs                                n=   110  res=     0.000  ortU=    10.500  ortV=    10.500    drift=0.00e+00  t_eval=6.12e-03  t_dbdsqr=1.87e-04
  ev4_ec4_n97_s1_gm                                n=   291  res=     0.000  ortU=    10.500  ortV=    10.500    drift=0.00e+00  t_eval=2.95e-02  t_dbdsqr=2.35e-03
  ev5_ec1_n3_s3                                    n=     3  res=     0.200  ortU=    10.500  ortV=    10.400    drift=0.00e+00  t_eval=8.12e-06  t_dbdsqr=5.18e-06
  ev5_ec1_n83_s3_gm                                n=   249  res=     0.000  ortU=    10.500  ortV=    10.500    drift=0.00e+00  t_eval=2.95e-02  t_dbdsqr=1.07e-03
  ev5_ec1_n98_s2                                   n=    98  res=     0.100  ortU=    10.500  ortV=    10.500    drift=0.00e+00  t_eval=1.05e-03  t_dbdsqr=2.16e-04
  ev5_ec4_n10_s2                                   n=    10  res=     0.400  ortU=    10.500  ortV=    10.500    drift=0.00e+00  t_eval=2.34e-05  t_dbdsqr=5.27e-06
  ev5_ec4_n48_s0_gm                                n=   144  res=     0.000  ortU=    10.500  ortV=    10.500    drift=0.00e+00  t_eval=9.60e-03  t_dbdsqr=1.56e-04
  ev5_ec4_n62_s2                                   n=    62  res=     0.200  ortU=    10.500  ortV=    10.400    drift=0.00e+00  t_eval=4.92e-04  t_dbdsqr=3.82e-05
  ev5_ec4_n98_s2_gm                                n=   294  res=     0.000  ortU=    10.500  ortV=    10.500    drift=0.00e+00  t_eval=4.13e-02  t_dbdsqr=3.88e-04
  ev6_ec1_n20_s3_gs                                n=    40  res=     0.100  ortU=    10.500  ortV=    10.400    drift=0.00e+00  t_eval=6.95e-04  t_dbdsqr=3.35e-05
  ev6_ec1_n26_s3                                   n=    26  res=     0.100  ortU=    10.500  ortV=    10.400    drift=0.00e+00  t_eval=6.03e-05  t_dbdsqr=2.60e-05
  ev6_ec1_n46_s2_gs                                n=    92  res=     0.100  ortU=    10.500  ortV=    10.500    drift=0.00e+00  t_eval=4.92e-03  t_dbdsqr=1.43e-04
  ev6_ec1_n49_s3                                   n=    49  res=     0.100  ortU=    10.500  ortV=    10.400    drift=0.00e+00  t_eval=2.43e-04  t_dbdsqr=8.30e-05
  ev6_ec1_n79_s1                                   n=    79  res=     0.100  ortU=    10.400  ortV=    10.500    drift=0.00e+00  t_eval=6.73e-04  t_dbdsqr=2.37e-04
  ev6_ec1_n97_s0_gm                                n=   291  res=     0.000  ortU=    10.500  ortV=    10.500    drift=0.00e+00  t_eval=3.04e-02  t_dbdsqr=2.40e-03
  ev7_ec1_n60_s1_gm                                n=   180  res=     0.000  ortU=    10.500  ortV=    10.500    drift=0.00e+00  t_eval=1.45e-02  t_dbdsqr=2.54e-04
  ev9_ec1_n16_s0_gm                                n=    48  res=     0.100  ortU=    10.400  ortV=    10.500    drift=0.00e+00  t_eval=7.86e-04  t_dbdsqr=6.25e-05
  tri4_n14_gs                                      n=    28  res=     0.100  ortU=    10.500  ortV=    10.500    drift=0.00e+00  t_eval=2.61e-04  t_dbdsqr=1.74e-05
  tri5_n43                                         n=    43  res=     0.300  ortU=    10.500  ortV=    10.500    drift=0.00e+00  t_eval=1.32e-04  t_dbdsqr=4.62e-05
  tri5_n72                                         n=    72  res=     0.100  ortU=    10.500  ortV=    10.500    drift=0.00e+00  t_eval=3.61e-04  t_dbdsqr=1.13e-04
  ev3_ec1_n65_s1                                   n=    65  res=     0.100  ortU=    10.400  ortV=    10.300    drift=0.00e+00  t_eval=4.09e-04  t_dbdsqr=7.61e-05
  ev3_ec1_n100_s2                                  n=   100  res=     0.100  ortU=    10.400  ortV=    10.400    drift=0.00e+00  t_eval=1.02e-03  t_dbdsqr=2.57e-04
  ev3_ec4_n58_s0_gm                                n=   174  res=     0.000  ortU=    10.400  ortV=    10.400    drift=0.00e+00  t_eval=1.44e-02  t_dbdsqr=2.05e-04
  ev4_ec1_n47_s0_gm                                n=   141  res=     0.000  ortU=    10.400  ortV=    10.300    drift=0.00e+00  t_eval=5.46e-03  t_dbdsqr=6.16e-04
  ev5_ec1_n35_s2                                   n=    35  res=     0.200  ortU=    10.400  ortV=    10.400    drift=0.00e+00  t_eval=1.60e-04  t_dbdsqr=4.56e-05
  ev5_ec4_n37_s0                                   n=    37  res=     0.100  ortU=    10.400  ortV=    10.400    drift=0.00e+00  t_eval=1.86e-04  t_dbdsqr=2.06e-05
  ev5_ec4_n39_s3_gm                                n=   117  res=     0.100  ortU=    10.400  ortV=    10.400    drift=0.00e+00  t_eval=6.51e-03  t_dbdsqr=1.14e-04
  ev6_ec1_n7_s0_gs                                 n=    14  res=     0.200  ortU=    10.400  ortV=    10.100    drift=0.00e+00  t_eval=7.50e-05  t_dbdsqr=7.47e-06
  ev6_ec1_n60_s3                                   n=    60  res=     0.100  ortU=    10.300  ortV=    10.400    drift=0.00e+00  t_eval=4.20e-04  t_dbdsqr=1.13e-04
  ev7_ec1_n39_s1_gm                                n=   117  res=     0.200  ortU=    10.400  ortV=    10.400    drift=0.00e+00  t_eval=5.65e-03  t_dbdsqr=1.46e-05
  ev7_ec1_n76_s1_gm                                n=   228  res=     0.000  ortU=    10.400  ortV=    10.400    drift=0.00e+00  t_eval=2.30e-02  t_dbdsqr=6.09e-04
  ev7_ec1_n96_s3_gm                                n=   288  res=     0.000  ortU=    10.400  ortV=    10.300    drift=0.00e+00  t_eval=3.78e-02  t_dbdsqr=9.23e-04
  ev9_ec1_n37_s2_gm                                n=   111  res=     0.100  ortU=    10.300  ortV=    10.400    drift=0.00e+00  t_eval=4.76e-03  t_dbdsqr=1.91e-04
  tri2_n35                                         n=    35  res=     0.300  ortU=    10.400  ortV=    10.400    drift=0.00e+00  t_eval=9.40e-05  t_dbdsqr=3.40e-05
  tri6_n86_gs                                      n=   172  res=     0.000  ortU=    10.400  ortV=    10.400    drift=0.00e+00  t_eval=1.70e-02  t_dbdsqr=6.75e-04
  tri7_n97_gs                                      n=   194  res=     0.000  ortU=    10.400  ortV=    10.400    drift=0.00e+00  t_eval=1.95e-02  t_dbdsqr=3.56e-04
  bid2_n500_s1                                     n=   500  res=     0.100  ortU=    10.300  ortV=    10.400    drift=0.00e+00  t_eval=2.00e-02  t_dbdsqr=5.14e-03
  ev3_ec4_n39_s2_gm                                n=   117  res=     0.100  ortU=    10.200  ortV=    10.300    drift=0.00e+00  t_eval=6.53e-03  t_dbdsqr=1.19e-04
  ev3_ec4_n52_s2                                   n=    52  res=     0.100  ortU=    10.300  ortV=    10.300    drift=0.00e+00  t_eval=3.40e-04  t_dbdsqr=3.77e-05
  ev4_ec1_n64_s3_gm                                n=   192  res=     0.000  ortU=    10.300  ortV=    10.300    drift=0.00e+00  t_eval=1.11e-02  t_dbdsqr=1.08e-03
  ev4_ec1_n75_s0_gm                                n=   225  res=     0.000  ortU=    10.300  ortV=    10.300    drift=0.00e+00  t_eval=1.64e-02  t_dbdsqr=1.46e-03
  ev5_ec1_n19_s3                                   n=    19  res=     0.100  ortU=    10.300  ortV=    10.300    drift=0.00e+00  t_eval=5.53e-05  t_dbdsqr=1.26e-05
  ev5_ec1_n37_s2                                   n=    37  res=     0.200  ortU=    10.300  ortV=    10.200    drift=0.00e+00  t_eval=1.48e-04  t_dbdsqr=2.65e-05
  ev5_ec4_n54_s3_gm                                n=   162  res=     0.100  ortU=    10.300  ortV=    10.300    drift=0.00e+00  t_eval=1.26e-02  t_dbdsqr=1.77e-04
  ev6_ec1_n47_s2_gs                                n=    94  res=     0.000  ortU=    10.300  ortV=    10.300    drift=0.00e+00  t_eval=5.27e-03  t_dbdsqr=2.08e-04
  ev6_ec1_n57_s1                                   n=    57  res=     0.100  ortU=    10.300  ortV=    10.300    drift=0.00e+00  t_eval=3.21e-04  t_dbdsqr=9.75e-05
  ev6_ec1_n62_s3_gm                                n=   186  res=     0.100  ortU=    10.200  ortV=    10.300    drift=0.00e+00  t_eval=1.43e-02  t_dbdsqr=1.03e-03
  ev6_ec1_n66_s0_gm                                n=   198  res=     0.000  ortU=    10.300  ortV=    10.300    drift=0.00e+00  t_eval=1.08e-02  t_dbdsqr=1.15e-03
  ev6_ec1_n73_s2                                   n=    73  res=     0.100  ortU=    10.300  ortV=    10.300    drift=0.00e+00  t_eval=6.38e-04  t_dbdsqr=1.73e-04
  ev6_ec1_n84_s2                                   n=    84  res=     0.200  ortU=    10.200  ortV=    10.300    drift=0.00e+00  t_eval=9.02e-04  t_dbdsqr=2.76e-04
  ev6_ec1_n97_s0_gs                                n=   194  res=     0.000  ortU=    10.300  ortV=    10.300    drift=0.00e+00  t_eval=2.18e-02  t_dbdsqr=1.16e-03
  ev7_ec1_n49_s2_gm                                n=   147  res=     0.200  ortU=    10.300  ortV=    10.200    drift=0.00e+00  t_eval=9.66e-03  t_dbdsqr=1.38e-05
  tri3_n11_gs                                      n=    22  res=     0.200  ortU=    10.300  ortV=    10.300    drift=0.00e+00  t_eval=1.82e-04  t_dbdsqr=1.38e-05
  tri5_n62                                         n=    62  res=     0.200  ortU=    10.300  ortV=    10.300    drift=0.00e+00  t_eval=2.80e-04  t_dbdsqr=8.44e-05
  tri5_n97                                         n=    97  res=     0.200  ortU=    10.300  ortV=    10.300    drift=0.00e+00  t_eval=6.43e-04  t_dbdsqr=1.93e-04
  tri7_n32_gm                                      n=    96  res=     0.000  ortU=    10.300  ortV=    10.300    drift=0.00e+00  t_eval=2.34e-03  t_dbdsqr=2.85e-04
  ev3_ec1_n41_s2                                   n=    41  res=     0.100  ortU=    10.200  ortV=    10.200    drift=0.00e+00  t_eval=1.67e-04  t_dbdsqr=3.36e-05
  ev3_ec4_n5_s3_gm                                 n=    15  res=     0.200  ortU=    10.100  ortV=    10.200    drift=0.00e+00  t_eval=9.89e-05  t_dbdsqr=1.67e-05
  ev3_ec4_n65_s0                                   n=    65  res=     0.300  ortU=    10.200  ortV=    10.200    drift=0.00e+00  t_eval=6.18e-04  t_dbdsqr=1.24e-04
  ev3_ec4_n71_s1                                   n=    71  res=     0.100  ortU=    10.200  ortV=    10.100    drift=0.00e+00  t_eval=6.92e-04  t_dbdsqr=1.38e-04
  ev3_ec4_n76_s3_gm                                n=   228  res=     0.100  ortU=    10.200  ortV=    10.200    drift=0.00e+00  t_eval=2.50e-02  t_dbdsqr=3.04e-04
  ev4_ec1_n14_s1_gs                                n=    28  res=     0.100  ortU=    10.200  ortV=    10.200    drift=0.00e+00  t_eval=2.83e-04  t_dbdsqr=2.17e-05
  ev4_ec1_n17_s0_gs                                n=    34  res=     0.100  ortU=    10.200  ortV=    10.200    drift=0.00e+00  t_eval=4.23e-04  t_dbdsqr=2.84e-05
  ev4_ec1_n64_s0_gs                                n=   128  res=     0.000  ortU=    10.200  ortV=    10.200    drift=0.00e+00  t_eval=8.21e-03  t_dbdsqr=2.78e-04
  ev4_ec1_n67_s3_gs                                n=   134  res=     0.000  ortU=    10.200  ortV=    10.200    drift=0.00e+00  t_eval=9.04e-03  t_dbdsqr=2.80e-04
  ev4_ec1_n86_s2_gs                                n=   172  res=     0.000  ortU=    10.200  ortV=    10.100    drift=0.00e+00  t_eval=1.56e-02  t_dbdsqr=4.17e-04
  ev4_ec4_n41_s3_gs                                n=    82  res=     0.000  ortU=    10.200  ortV=    10.200    drift=0.00e+00  t_eval=2.97e-03  t_dbdsqr=1.02e-04
  ev4_ec4_n67_s0_gm                                n=   201  res=     0.000  ortU=    10.200  ortV=    10.200    drift=0.00e+00  t_eval=1.25e-02  t_dbdsqr=1.17e-03
  ev4_ec4_n77_s1_gm                                n=   231  res=     0.000  ortU=    10.200  ortV=    10.200    drift=0.00e+00  t_eval=1.73e-02  t_dbdsqr=1.52e-03
  ev4_ec4_n85_s2_gm                                n=   255  res=     0.100  ortU=    10.200  ortV=    10.200    drift=0.00e+00  t_eval=2.17e-02  t_dbdsqr=1.81e-03
  ev5_ec1_n43_s3                                   n=    43  res=     0.000  ortU=    10.200  ortV=    10.200    drift=0.00e+00  t_eval=2.51e-04  t_dbdsqr=6.73e-05
  ev5_ec4_n25_s1_gm                                n=    75  res=     0.100  ortU=    10.200  ortV=    10.200    drift=0.00e+00  t_eval=2.68e-03  t_dbdsqr=1.75e-04
  ev6_ec1_n59_s1                                   n=    59  res=     0.100  ortU=    10.200  ortV=    10.200    drift=0.00e+00  t_eval=3.54e-04  t_dbdsqr=1.05e-04
  ev6_ec1_n81_s0_gs                                n=   162  res=     0.100  ortU=    10.200  ortV=    10.200    drift=0.00e+00  t_eval=1.34e-02  t_dbdsqr=3.97e-04
  ev7_ec1_n24_s3_gs                                n=    48  res=     0.200  ortU=    10.200  ortV=    10.200    drift=0.00e+00  t_eval=6.83e-04  t_dbdsqr=7.00e-06
  ev7_ec1_n41_s2_gs                                n=    82  res=     0.000  ortU=    10.200  ortV=    10.200    drift=0.00e+00  t_eval=1.83e-03  t_dbdsqr=1.24e-04
  ev8_ec1_n5_s1_gm                                 n=    15  res=     0.200  ortU=    10.200  ortV=    10.100    drift=0.00e+00  t_eval=7.82e-05  t_dbdsqr=1.25e-05
  tri2_n41                                         n=    41  res=     0.200  ortU=    10.200  ortV=    10.100    drift=0.00e+00  t_eval=1.24e-04  t_dbdsqr=4.33e-05
  tri4_n96_gs                                      n=   192  res=     0.000  ortU=    10.200  ortV=    10.200    drift=0.00e+00  t_eval=1.91e-02  t_dbdsqr=3.90e-04
  tri5_n89_gs                                      n=   178  res=     0.100  ortU=    10.200  ortV=    10.200    drift=0.00e+00  t_eval=1.02e-02  t_dbdsqr=3.35e-04
  tri7_n45_gs                                      n=    90  res=     0.000  ortU=    10.200  ortV=    10.200    drift=0.00e+00  t_eval=3.79e-03  t_dbdsqr=1.03e-04
  ev3_ec1_n46_s0                                   n=    46  res=     0.100  ortU=    10.000  ortV=    10.100    drift=0.00e+00  t_eval=2.45e-04  t_dbdsqr=8.08e-05
  ev3_ec1_n48_s0_gm                                n=   144  res=     0.100  ortU=    10.100  ortV=    10.100    drift=0.00e+00  t_eval=8.91e-03  t_dbdsqr=4.54e-04
  ev4_ec1_n43_s0_gs                                n=    86  res=     0.000  ortU=    10.100  ortV=    10.000    drift=0.00e+00  t_eval=3.41e-03  t_dbdsqr=1.22e-04
  ev4_ec1_n76_s3                                   n=    76  res=     0.300  ortU=    10.100  ortV=    10.100    drift=0.00e+00  t_eval=4.37e-04  t_dbdsqr=1.88e-04
  ev4_ec1_n85_s2_gs                                n=   170  res=     0.000  ortU=    10.100  ortV=    10.100    drift=0.00e+00  t_eval=1.51e-02  t_dbdsqr=4.11e-04
  ev4_ec1_n99_s1_gs                                n=   198  res=     0.000  ortU=    10.100  ortV=    10.100    drift=0.00e+00  t_eval=2.15e-02  t_dbdsqr=5.51e-04
  ev4_ec4_n64_s2_gm                                n=   192  res=     0.000  ortU=    10.100  ortV=    10.100    drift=0.00e+00  t_eval=1.33e-02  t_dbdsqr=1.10e-03
  ev4_ec4_n93_s2_gm                                n=   279  res=     0.000  ortU=    10.100  ortV=    10.100    drift=0.00e+00  t_eval=2.72e-02  t_dbdsqr=2.12e-03
  ev4_ec4_n96_s3_gs                                n=   192  res=     0.000  ortU=    10.100  ortV=    10.100    drift=0.00e+00  t_eval=1.99e-02  t_dbdsqr=5.10e-04
  ev5_ec1_n6_s1                                    n=     6  res=     0.200  ortU=    10.000  ortV=    10.100    drift=0.00e+00  t_eval=1.47e-05  t_dbdsqr=5.82e-06
  ev5_ec1_n17_s3                                   n=    17  res=     0.100  ortU=    10.100  ortV=    10.100    drift=0.00e+00  t_eval=4.49e-05  t_dbdsqr=1.24e-05
  ev5_ec1_n29_s3                                   n=    29  res=     0.000  ortU=    10.100  ortV=    10.100    drift=0.00e+00  t_eval=1.31e-04  t_dbdsqr=3.85e-05
  ev5_ec1_n31_s0_gm                                n=    93  res=     0.100  ortU=    10.100  ortV=    10.100    drift=0.00e+00  t_eval=3.64e-03  t_dbdsqr=2.05e-04
  ev5_ec4_n67_s2_gm                                n=   201  res=     0.000  ortU=    10.100  ortV=    10.100    drift=0.00e+00  t_eval=1.90e-02  t_dbdsqr=2.37e-04
  ev6_ec1_n27_s0                                   n=    27  res=     0.200  ortU=    10.100  ortV=    10.100    drift=0.00e+00  t_eval=6.83e-05  t_dbdsqr=3.01e-05
  ev6_ec1_n28_s2_gm                                n=    84  res=     0.100  ortU=    10.100  ortV=    10.100    drift=0.00e+00  t_eval=2.46e-03  t_dbdsqr=2.29e-04
  ev6_ec1_n42_s3_gm                                n=   126  res=     0.100  ortU=    10.100  ortV=    10.100    drift=0.00e+00  t_eval=5.58e-03  t_dbdsqr=4.95e-04
  ev6_ec1_n60_s3_gs                                n=   120  res=     0.000  ortU=    10.100  ortV=    10.100    drift=0.00e+00  t_eval=8.77e-03  t_dbdsqr=2.26e-04
  ev6_ec1_n88_s3                                   n=    88  res=     0.100  ortU=    10.100  ortV=    10.100    drift=0.00e+00  t_eval=8.38e-04  t_dbdsqr=2.17e-04
  ev6_ec1_n92_s2_gm                                n=   276  res=     0.000  ortU=    10.100  ortV=    10.100    drift=0.00e+00  t_eval=2.65e-02  t_dbdsqr=2.11e-03
  ev6_ec1_n93_s1                                   n=    93  res=     0.100  ortU=    10.000  ortV=    10.100    drift=0.00e+00  t_eval=1.08e-03  t_dbdsqr=3.24e-04
  ev7_ec1_n86_s0_gm                                n=   258  res=     0.000  ortU=    10.100  ortV=    10.100    drift=0.00e+00  t_eval=3.14e-02  t_dbdsqr=5.49e-04
  ev8_ec1_n13_s3_gs                                n=    26  res=     0.200  ortU=    10.100  ortV=    10.100    drift=0.00e+00  t_eval=3.25e-04  t_dbdsqr=2.14e-05
  tri4_n98_gm                                      n=   294  res=     0.100  ortU=    10.000  ortV=    10.100    drift=0.00e+00  t_eval=2.92e-02  t_dbdsqr=2.11e-03
  tri5_n39_gs                                      n=    78  res=     0.000  ortU=    10.100  ortV=    10.100    drift=0.00e+00  t_eval=1.85e-03  t_dbdsqr=7.97e-05
  tri6_n77_gs                                      n=   154  res=     0.000  ortU=    10.100  ortV=    10.100    drift=0.00e+00  t_eval=1.33e-02  t_dbdsqr=5.44e-04
  tri7_n73_gm                                      n=   219  res=     0.000  ortU=    10.100  ortV=    10.100    drift=0.00e+00  t_eval=1.52e-02  t_dbdsqr=1.16e-03
  ev2_ec4_n54_s3                                   n=    54  res=     0.100  ortU=    10.000  ortV=    10.000    drift=2.30e-16  t_eval=3.43e-04  t_dbdsqr=6.39e-06
  ev3_ec1_n8_s2_gm                                 n=    24  res=     0.100  ortU=     9.800  ortV=    10.000    drift=0.00e+00  t_eval=1.94e-04  t_dbdsqr=1.72e-05
  ev3_ec1_n15_s1                                   n=    15  res=     0.100  ortU=     9.900  ortV=    10.000    drift=0.00e+00  t_eval=3.40e-05  t_dbdsqr=8.72e-06
  ev3_ec1_n16_s3                                   n=    16  res=     0.100  ortU=    10.000  ortV=    10.000    drift=0.00e+00  t_eval=4.70e-05  t_dbdsqr=2.07e-05
  ev3_ec1_n35_s1_gm                                n=   105  res=     0.000  ortU=    10.000  ortV=    10.000    drift=0.00e+00  t_eval=4.69e-03  t_dbdsqr=2.76e-04
  ev3_ec4_n6_s0                                    n=     6  res=     0.200  ortU=    10.000  ortV=    10.000    drift=0.00e+00  t_eval=1.82e-05  t_dbdsqr=3.93e-06
  ev3_ec4_n13_s3_gm                                n=    39  res=     0.100  ortU=     9.900  ortV=    10.000    drift=0.00e+00  t_eval=7.50e-04  t_dbdsqr=5.02e-05
  ev3_ec4_n39_s0_gm                                n=   117  res=     0.100  ortU=    10.000  ortV=    10.000    drift=0.00e+00  t_eval=6.28e-03  t_dbdsqr=1.20e-04
  ev4_ec1_n44_s1_gm                                n=   132  res=     0.000  ortU=    10.000  ortV=    10.000    drift=0.00e+00  t_eval=4.52e-03  t_dbdsqr=5.50e-04
  ev4_ec1_n47_s2_gs                                n=    94  res=     0.000  ortU=    10.000  ortV=    10.000    drift=0.00e+00  t_eval=4.23e-03  t_dbdsqr=1.41e-04
  ev4_ec1_n96_s0_gm                                n=   288  res=     0.000  ortU=    10.000  ortV=    10.000    drift=0.00e+00  t_eval=2.86e-02  t_dbdsqr=2.31e-03
  ev4_ec4_n63_s3_gm                                n=   189  res=     0.100  ortU=    10.000  ortV=    10.000    drift=0.00e+00  t_eval=1.10e-02  t_dbdsqr=1.06e-03
  ev5_ec1_n28_s3                                   n=    28  res=     0.100  ortU=    10.000  ortV=     9.900    drift=0.00e+00  t_eval=1.06e-04  t_dbdsqr=2.05e-05
  ev5_ec4_n14_s3_gm                                n=    42  res=     0.100  ortU=    10.000  ortV=    10.000    drift=0.00e+00  t_eval=8.44e-04  t_dbdsqr=3.26e-05
  ev5_ec4_n31_s1_gs                                n=    62  res=     0.200  ortU=    10.000  ortV=    10.000    drift=0.00e+00  t_eval=1.84e-03  t_dbdsqr=7.22e-05
  ev6_ec1_n27_s3_gs                                n=    54  res=     0.100  ortU=     9.900  ortV=    10.000    drift=0.00e+00  t_eval=1.50e-03  t_dbdsqr=5.83e-05
  ev6_ec1_n65_s0                                   n=    65  res=     0.100  ortU=    10.000  ortV=     9.900    drift=0.00e+00  t_eval=4.63e-04  t_dbdsqr=1.31e-04
  ev6_ec1_n71_s0                                   n=    71  res=     0.100  ortU=    10.000  ortV=     9.900    drift=0.00e+00  t_eval=5.41e-04  t_dbdsqr=1.53e-04
  ev6_ec1_n73_s2_gm                                n=   219  res=     0.000  ortU=    10.000  ortV=    10.000    drift=0.00e+00  t_eval=1.87e-02  t_dbdsqr=1.37e-03
  ev6_ec1_n89_s3_gs                                n=   178  res=     0.000  ortU=    10.000  ortV=     9.900    drift=0.00e+00  t_eval=2.07e-02  t_dbdsqr=1.07e-03
  tri5_n84                                         n=    84  res=     0.200  ortU=    10.000  ortV=    10.000    drift=0.00e+00  t_eval=4.84e-04  t_dbdsqr=1.48e-04
  ev3_ec4_n57_s2                                   n=    57  res=     0.100  ortU=     9.900  ortV=     9.900    drift=0.00e+00  t_eval=3.94e-04  t_dbdsqr=4.45e-05
  ev4_ec1_n68_s3_gm                                n=   204  res=     0.000  ortU=     9.900  ortV=     9.900    drift=0.00e+00  t_eval=1.31e-02  t_dbdsqr=1.21e-03
  ev4_ec1_n92_s2_gs                                n=   184  res=     0.000  ortU=     9.900  ortV=     9.900    drift=0.00e+00  t_eval=1.88e-02  t_dbdsqr=9.67e-04
  ev4_ec1_n100_s1_gs                               n=   200  res=     0.000  ortU=     9.900  ortV=     9.900    drift=0.00e+00  t_eval=2.26e-02  t_dbdsqr=1.14e-03
  ev4_ec4_n46_s0_gs                                n=    92  res=     0.000  ortU=     9.900  ortV=     9.900    drift=0.00e+00  t_eval=3.92e-03  t_dbdsqr=1.32e-04
  ev4_ec4_n85_s2                                   n=    85  res=     0.200  ortU=     9.900  ortV=     9.900    drift=0.00e+00  t_eval=5.48e-04  t_dbdsqr=2.33e-04
  ev5_ec1_n20_s3                                   n=    20  res=     0.100  ortU=     9.800  ortV=     9.900    drift=0.00e+00  t_eval=5.45e-05  t_dbdsqr=1.29e-05
  ev5_ec1_n26_s3                                   n=    26  res=     0.200  ortU=     9.900  ortV=     9.900    drift=0.00e+00  t_eval=8.17e-05  t_dbdsqr=1.89e-05
  ev5_ec1_n77_s0                                   n=    77  res=     0.000  ortU=     9.900  ortV=     9.900    drift=0.00e+00  t_eval=6.74e-04  t_dbdsqr=1.56e-04
  ev5_ec4_n25_s2_gs                                n=    50  res=     0.200  ortU=     9.800  ortV=     9.900    drift=0.00e+00  t_eval=1.25e-03  t_dbdsqr=2.41e-05
  ev6_ec1_n19_s3                                   n=    19  res=     0.200  ortU=     9.900  ortV=     9.900    drift=0.00e+00  t_eval=3.79e-05  t_dbdsqr=1.84e-05
  ev6_ec1_n57_s2                                   n=    57  res=     0.100  ortU=     9.900  ortV=     9.900    drift=0.00e+00  t_eval=4.04e-04  t_dbdsqr=1.03e-04
  ev6_ec1_n64_s1_gs                                n=   128  res=     0.000  ortU=     9.900  ortV=     9.900    drift=0.00e+00  t_eval=9.80e-03  t_dbdsqr=2.47e-04
  ev6_ec1_n89_s0                                   n=    89  res=     0.100  ortU=     9.900  ortV=     9.900    drift=0.00e+00  t_eval=8.61e-04  t_dbdsqr=2.98e-04
  ev7_ec1_n23_s2_gs                                n=    46  res=     0.300  ortU=     9.900  ortV=     9.900    drift=0.00e+00  t_eval=6.53e-04  t_dbdsqr=5.73e-06
  ev7_ec1_n84_s3_gs                                n=   168  res=     0.000  ortU=     9.900  ortV=     9.900    drift=0.00e+00  t_eval=8.52e-03  t_dbdsqr=4.51e-04
  tri2_n60                                         n=    60  res=     0.300  ortU=     9.900  ortV=     9.900    drift=0.00e+00  t_eval=2.50e-04  t_dbdsqr=7.76e-05
  tri2_n93_gs                                      n=   186  res=     0.100  ortU=     9.900  ortV=     9.900    drift=0.00e+00  t_eval=1.16e-02  t_dbdsqr=8.07e-04
  tri2_n96_gs                                      n=   192  res=     0.200  ortU=     9.900  ortV=     9.900    drift=0.00e+00  t_eval=1.22e-02  t_dbdsqr=8.25e-04
  tri2_n98                                         n=    98  res=     0.200  ortU=     9.900  ortV=     9.900    drift=0.00e+00  t_eval=6.35e-04  t_dbdsqr=1.84e-04
  tri4_n54_gm                                      n=   162  res=     0.100  ortU=     9.900  ortV=     9.900    drift=0.00e+00  t_eval=7.19e-03  t_dbdsqr=7.16e-04
  tri4_n70_gs                                      n=   140  res=     0.000  ortU=     9.900  ortV=     9.900    drift=0.00e+00  t_eval=9.57e-03  t_dbdsqr=2.32e-04
  ev3_ec1_n6_s0                                    n=     6  res=     0.200  ortU=     9.800  ortV=     9.700    drift=0.00e+00  t_eval=1.75e-05  t_dbdsqr=6.89e-06
  ev3_ec1_n51_s2                                   n=    51  res=     0.200  ortU=     9.800  ortV=     9.800    drift=0.00e+00  t_eval=3.01e-04  t_dbdsqr=9.28e-05
  ev3_ec1_n65_s1_gm                                n=   195  res=     0.000  ortU=     9.800  ortV=     9.800    drift=0.00e+00  t_eval=1.70e-02  t_dbdsqr=7.72e-04
  ev3_ec1_n71_s2                                   n=    71  res=     0.100  ortU=     9.800  ortV=     9.800    drift=0.00e+00  t_eval=4.53e-04  t_dbdsqr=8.62e-05
  ev3_ec4_n33_s3_gm                                n=    99  res=     0.000  ortU=     9.800  ortV=     9.700    drift=0.00e+00  t_eval=4.60e-03  t_dbdsqr=9.88e-05
  ev3_ec4_n37_s2                                   n=    37  res=     0.100  ortU=     9.800  ortV=     9.800    drift=0.00e+00  t_eval=1.73e-04  t_dbdsqr=2.06e-05
  ev3_ec4_n61_s1                                   n=    61  res=     0.100  ortU=     9.800  ortV=     9.800    drift=0.00e+00  t_eval=4.51e-04  t_dbdsqr=4.51e-05
  ev3_ec4_n83_s0_gm                                n=   249  res=     0.000  ortU=     9.800  ortV=     9.800    drift=0.00e+00  t_eval=3.01e-02  t_dbdsqr=4.59e-04
  ev4_ec1_n75_s1_gs                                n=   150  res=     0.000  ortU=     9.800  ortV=     9.800    drift=0.00e+00  t_eval=1.17e-02  t_dbdsqr=3.74e-04
  ev4_ec4_n40_s0_gm                                n=   120  res=     0.000  ortU=     9.800  ortV=     9.800    drift=0.00e+00  t_eval=3.68e-03  t_dbdsqr=4.56e-04
  ev4_ec4_n54_s3_gm                                n=   162  res=     0.000  ortU=     9.800  ortV=     9.800    drift=0.00e+00  t_eval=7.92e-03  t_dbdsqr=8.04e-04
  ev5_ec1_n36_s3                                   n=    36  res=     0.100  ortU=     9.800  ortV=     9.700    drift=0.00e+00  t_eval=1.71e-04  t_dbdsqr=3.05e-05
  ev5_ec1_n89_s3                                   n=    89  res=     0.100  ortU=     9.800  ortV=     9.800    drift=0.00e+00  t_eval=9.74e-04  t_dbdsqr=1.97e-04
  ev5_ec4_n70_s2                                   n=    70  res=     0.100  ortU=     9.800  ortV=     9.800    drift=0.00e+00  t_eval=6.14e-04  t_dbdsqr=4.34e-05
  ev6_ec1_n22_s2_gs                                n=    44  res=     0.100  ortU=     9.800  ortV=     9.700    drift=0.00e+00  t_eval=9.73e-04  t_dbdsqr=4.79e-05
  ev6_ec1_n50_s3_gm                                n=   150  res=     0.100  ortU=     9.800  ortV=     9.800    drift=0.00e+00  t_eval=8.50e-03  t_dbdsqr=6.93e-04
  ev6_ec1_n53_s2                                   n=    53  res=     0.100  ortU=     9.800  ortV=     9.800    drift=0.00e+00  t_eval=3.63e-04  t_dbdsqr=8.90e-05
  ev6_ec1_n80_s1                                   n=    80  res=     0.100  ortU=     9.800  ortV=     9.800    drift=0.00e+00  t_eval=6.71e-04  t_dbdsqr=1.94e-04
  ev6_ec1_n84_s1_gm                                n=   252  res=     0.100  ortU=     9.800  ortV=     9.700    drift=0.00e+00  t_eval=2.57e-02  t_dbdsqr=1.80e-03
  ev6_ec1_n86_s1                                   n=    86  res=     0.200  ortU=     9.800  ortV=     9.800    drift=0.00e+00  t_eval=7.58e-04  t_dbdsqr=2.18e-04
  ev6_ec1_n97_s3_gm                                n=   291  res=     0.100  ortU=     9.800  ortV=     9.800    drift=0.00e+00  t_eval=3.56e-02  t_dbdsqr=2.54e-03
  ev6_ec1_n99_s3_gs                                n=   198  res=     0.000  ortU=     9.800  ortV=     9.800    drift=0.00e+00  t_eval=2.49e-02  t_dbdsqr=1.22e-03
  ev7_ec1_n96_s0_gs                                n=   192  res=     0.000  ortU=     9.800  ortV=     9.800    drift=0.00e+00  t_eval=1.24e-02  t_dbdsqr=1.20e-03
  ev8_ec1_n67_s2_gm                                n=   201  res=     0.100  ortU=     9.800  ortV=     9.700    drift=0.00e+00  t_eval=1.43e-02  t_dbdsqr=1.47e-03
  ev9_ec1_n10_s1_gm                                n=    30  res=     0.100  ortU=     9.800  ortV=     9.800    drift=0.00e+00  t_eval=2.68e-04  t_dbdsqr=4.38e-05
  tri3_n77_gm                                      n=   231  res=     0.000  ortU=     9.800  ortV=     9.800    drift=0.00e+00  t_eval=2.88e-02  t_dbdsqr=1.52e-03
  tri4_n40_gs                                      n=    80  res=     0.000  ortU=     9.800  ortV=     9.700    drift=0.00e+00  t_eval=2.70e-03  t_dbdsqr=8.76e-05
  tri5_n53                                         n=    53  res=     0.200  ortU=     9.800  ortV=     9.800    drift=0.00e+00  t_eval=1.94e-04  t_dbdsqr=6.52e-05
  tri7_n60_gm                                      n=   180  res=     0.000  ortU=     9.800  ortV=     9.800    drift=0.00e+00  t_eval=1.02e-02  t_dbdsqr=8.60e-04
  ev3_ec1_n62_s3                                   n=    62  res=     0.100  ortU=     9.700  ortV=     9.700    drift=0.00e+00  t_eval=4.31e-04  t_dbdsqr=1.26e-04
  ev3_ec4_n7_s0_gs                                 n=    14  res=     0.300  ortU=     9.700  ortV=     9.200    drift=0.00e+00  t_eval=1.16e-04  t_dbdsqr=5.88e-06
  ev3_ec4_n81_s3_gm                                n=   243  res=     0.000  ortU=     9.700  ortV=     9.700    drift=0.00e+00  t_eval=2.84e-02  t_dbdsqr=3.45e-04
  ev4_ec1_n13_s1_gs                                n=    26  res=     0.100  ortU=     9.700  ortV=     9.700    drift=0.00e+00  t_eval=2.53e-04  t_dbdsqr=1.87e-05
  ev4_ec1_n59_s1_gs                                n=   118  res=     0.000  ortU=     9.700  ortV=     9.700    drift=0.00e+00  t_eval=6.87e-03  t_dbdsqr=2.24e-04
  ev5_ec1_n30_s2                                   n=    30  res=     0.100  ortU=     9.700  ortV=     9.700    drift=0.00e+00  t_eval=1.00e-04  t_dbdsqr=2.14e-05
  ev5_ec1_n41_s3                                   n=    41  res=     0.000  ortU=     9.700  ortV=     9.700    drift=0.00e+00  t_eval=2.33e-04  t_dbdsqr=5.88e-05
  ev5_ec4_n20_s2_gs                                n=    40  res=     0.200  ortU=     9.700  ortV=     9.700    drift=0.00e+00  t_eval=7.72e-04  t_dbdsqr=1.88e-05
  ev6_ec1_n20_s3                                   n=    20  res=     0.100  ortU=     9.700  ortV=     9.700    drift=0.00e+00  t_eval=3.88e-05  t_dbdsqr=1.76e-05
  ev6_ec1_n26_s1                                   n=    26  res=     0.300  ortU=     9.600  ortV=     9.700    drift=0.00e+00  t_eval=6.60e-05  t_dbdsqr=3.25e-05
  ev6_ec1_n37_s2                                   n=    37  res=     0.200  ortU=     9.600  ortV=     9.700    drift=0.00e+00  t_eval=2.04e-04  t_dbdsqr=7.56e-05
  ev6_ec1_n56_s3                                   n=    56  res=     0.200  ortU=     9.700  ortV=     9.700    drift=0.00e+00  t_eval=3.43e-04  t_dbdsqr=1.02e-04
  ev6_ec1_n79_s3                                   n=    79  res=     0.100  ortU=     9.700  ortV=     9.700    drift=0.00e+00  t_eval=6.42e-04  t_dbdsqr=1.83e-04
  ev9_ec1_n27_s1_gs                                n=    54  res=     0.200  ortU=     9.700  ortV=     9.700    drift=0.00e+00  t_eval=1.09e-03  t_dbdsqr=1.03e-04
  ev9_ec1_n35_s1_gs                                n=    70  res=     0.300  ortU=     9.700  ortV=     9.700    drift=0.00e+00  t_eval=1.76e-03  t_dbdsqr=1.56e-04
  ev9_ec1_n43_s0_gm                                n=   129  res=     0.200  ortU=     9.700  ortV=     9.700    drift=0.00e+00  t_eval=5.83e-03  t_dbdsqr=2.37e-04
  ev9_ec1_n49_s0_gm                                n=   147  res=     0.100  ortU=     9.700  ortV=     9.700    drift=0.00e+00  t_eval=8.79e-03  t_dbdsqr=8.57e-04
  ev9_ec1_n97_s0_gm                                n=   291  res=     0.000  ortU=     9.700  ortV=     9.700    drift=0.00e+00  t_eval=3.62e-02  t_dbdsqr=2.95e-03
  tri2_n57                                         n=    57  res=     0.200  ortU=     9.700  ortV=     9.700    drift=0.00e+00  t_eval=2.17e-04  t_dbdsqr=7.23e-05
  tri4_n15_gs                                      n=    30  res=     0.100  ortU=     9.700  ortV=     9.400    drift=0.00e+00  t_eval=3.01e-04  t_dbdsqr=1.95e-05
  tri7_n59_gs                                      n=   118  res=     0.000  ortU=     9.700  ortV=     9.700    drift=0.00e+00  t_eval=6.98e-03  t_dbdsqr=1.61e-04
  tri7_n82_gs                                      n=   164  res=     0.000  ortU=     9.700  ortV=     9.600    drift=0.00e+00  t_eval=1.36e-02  t_dbdsqr=2.66e-04
  tri7_n90_gs                                      n=   180  res=     0.000  ortU=     9.700  ortV=     9.700    drift=0.00e+00  t_eval=1.65e-02  t_dbdsqr=3.12e-04
  ev3_ec1_n3_s3_gm                                 n=     9  res=     0.100  ortU=     9.600  ortV=     9.600    drift=0.00e+00  t_eval=2.86e-05  t_dbdsqr=6.34e-06
  ev3_ec1_n37_s3                                   n=    37  res=     0.200  ortU=     9.600  ortV=     9.600    drift=0.00e+00  t_eval=1.37e-04  t_dbdsqr=3.04e-05
  ev3_ec4_n30_s3                                   n=    30  res=     0.100  ortU=     9.600  ortV=     9.500    drift=0.00e+00  t_eval=1.23e-04  t_dbdsqr=1.49e-05
  ev3_ec4_n32_s1_gm                                n=    96  res=     0.100  ortU=     9.600  ortV=     9.600    drift=0.00e+00  t_eval=4.32e-03  t_dbdsqr=9.61e-05
  ev3_ec4_n32_s2_gm                                n=    96  res=     0.000  ortU=     9.600  ortV=     9.600    drift=0.00e+00  t_eval=4.33e-03  t_dbdsqr=9.86e-05
  ev4_ec1_n54_s0_gm                                n=   162  res=     0.000  ortU=     9.600  ortV=     9.600    drift=0.00e+00  t_eval=7.59e-03  t_dbdsqr=7.77e-04
  ev4_ec4_n17_s2_gs                                n=    34  res=     0.100  ortU=     9.500  ortV=     9.600    drift=0.00e+00  t_eval=4.47e-04  t_dbdsqr=2.63e-05
  ev4_ec4_n47_s3_gm                                n=   141  res=     0.000  ortU=     9.600  ortV=     9.600    drift=0.00e+00  t_eval=5.52e-03  t_dbdsqr=6.11e-04
  ev4_ec4_n80_s3_gm                                n=   240  res=     0.000  ortU=     9.600  ortV=     9.600    drift=0.00e+00  t_eval=1.89e-02  t_dbdsqr=1.60e-03
  ev5_ec1_n9_s2_gm                                 n=    27  res=     0.100  ortU=     9.600  ortV=     9.500    drift=0.00e+00  t_eval=2.70e-04  t_dbdsqr=2.21e-05
  ev5_ec1_n45_s3                                   n=    45  res=     0.100  ortU=     9.600  ortV=     9.500    drift=0.00e+00  t_eval=2.47e-04  t_dbdsqr=3.79e-05
  ev5_ec1_n54_s0                                   n=    54  res=     0.000  ortU=     9.500  ortV=     9.600    drift=0.00e+00  t_eval=2.93e-04  t_dbdsqr=5.26e-05
  ev5_ec1_n58_s0                                   n=    58  res=     0.200  ortU=     9.600  ortV=     9.500    drift=0.00e+00  t_eval=3.54e-04  t_dbdsqr=6.03e-05
  ev5_ec4_n16_s0_gs                                n=    32  res=     0.100  ortU=     9.600  ortV=     9.600    drift=0.00e+00  t_eval=4.48e-04  t_dbdsqr=1.66e-05
  ev5_ec4_n25_s2_gm                                n=    75  res=     0.100  ortU=     9.500  ortV=     9.600    drift=0.00e+00  t_eval=2.65e-03  t_dbdsqr=6.81e-05
  ev5_ec4_n45_s1_gm                                n=   135  res=     0.000  ortU=     9.600  ortV=     9.600    drift=0.00e+00  t_eval=8.51e-03  t_dbdsqr=3.63e-04
  ev5_ec4_n65_s2                                   n=    65  res=     0.100  ortU=     9.600  ortV=     9.600    drift=0.00e+00  t_eval=5.47e-04  t_dbdsqr=4.27e-05
  ev6_ec1_n19_s2_gs                                n=    38  res=     0.100  ortU=     9.600  ortV=     9.600    drift=0.00e+00  t_eval=7.65e-04  t_dbdsqr=3.02e-05
  ev6_ec1_n32_s2_gs                                n=    64  res=     0.300  ortU=     9.600  ortV=     9.600    drift=0.00e+00  t_eval=2.44e-03  t_dbdsqr=1.03e-04
  ev6_ec1_n33_s1_gs                                n=    66  res=     0.000  ortU=     9.600  ortV=     9.600    drift=0.00e+00  t_eval=2.35e-03  t_dbdsqr=9.69e-05
  ev6_ec1_n34_s3                                   n=    34  res=     0.100  ortU=     9.600  ortV=     9.500    drift=0.00e+00  t_eval=1.23e-04  t_dbdsqr=4.17e-05
  ev6_ec1_n78_s2                                   n=    78  res=     0.100  ortU=     9.600  ortV=     9.600    drift=0.00e+00  t_eval=6.98e-04  t_dbdsqr=1.76e-04
  ev6_ec1_n87_s0                                   n=    87  res=     0.200  ortU=     9.600  ortV=     9.500    drift=0.00e+00  t_eval=8.13e-04  t_dbdsqr=2.84e-04
  ev9_ec1_n12_s3_gm                                n=    36  res=     0.100  ortU=     9.600  ortV=     9.600    drift=0.00e+00  t_eval=4.04e-04  t_dbdsqr=3.24e-05
  ev9_ec1_n32_s0_gm                                n=    96  res=     0.100  ortU=     9.600  ortV=     9.600    drift=0.00e+00  t_eval=3.50e-03  t_dbdsqr=3.94e-04
  ev9_ec1_n47_s1_gm                                n=   141  res=     0.100  ortU=     9.600  ortV=     9.600    drift=0.00e+00  t_eval=8.65e-03  t_dbdsqr=8.13e-04
  tri3_n79_gm                                      n=   237  res=     0.000  ortU=     9.600  ortV=     9.600    drift=0.00e+00  t_eval=2.99e-02  t_dbdsqr=1.57e-03
  tri5_n54                                         n=    54  res=     0.300  ortU=     9.500  ortV=     9.600    drift=0.00e+00  t_eval=2.19e-04  t_dbdsqr=6.67e-05
  tri5_n89                                         n=    89  res=     0.200  ortU=     9.600  ortV=     9.600    drift=0.00e+00  t_eval=5.57e-04  t_dbdsqr=1.67e-04
  ev3_ec1_n38_s0_gm                                n=   114  res=     0.000  ortU=     9.500  ortV=     9.500    drift=0.00e+00  t_eval=5.46e-03  t_dbdsqr=3.18e-04
  ev3_ec1_n76_s0                                   n=    76  res=     0.100  ortU=     9.500  ortV=     9.500    drift=0.00e+00  t_eval=5.26e-04  t_dbdsqr=1.03e-04
  ev3_ec1_n95_s1                                   n=    95  res=     0.100  ortU=     9.500  ortV=     9.400    drift=0.00e+00  t_eval=9.19e-04  t_dbdsqr=2.38e-04
  ev3_ec4_n17_s1_gs                                n=    34  res=     0.100  ortU=     9.300  ortV=     9.500    drift=0.00e+00  t_eval=5.39e-04  t_dbdsqr=1.48e-05
  ev3_ec4_n30_s2_gm                                n=    90  res=     0.000  ortU=     9.500  ortV=     9.400    drift=0.00e+00  t_eval=3.71e-03  t_dbdsqr=9.16e-05
  ev3_ec4_n60_s2_gm                                n=   180  res=     0.000  ortU=     9.500  ortV=     9.500    drift=0.00e+00  t_eval=1.53e-02  t_dbdsqr=2.16e-04
  ev3_ec4_n97_s1_gm                                n=   291  res=     0.000  ortU=     9.500  ortV=     9.500    drift=0.00e+00  t_eval=4.05e-02  t_dbdsqr=5.59e-04
  ev4_ec1_n70_s1_gm                                n=   210  res=     0.000  ortU=     9.500  ortV=     9.500    drift=0.00e+00  t_eval=1.37e-02  t_dbdsqr=1.26e-03
  ev4_ec1_n98_s2_gs                                n=   196  res=     0.000  ortU=     9.500  ortV=     9.500    drift=0.00e+00  t_eval=2.08e-02  t_dbdsqr=5.33e-04
  ev4_ec4_n43_s1_gm                                n=   129  res=     0.100  ortU=     9.500  ortV=     9.500    drift=0.00e+00  t_eval=4.45e-03  t_dbdsqr=5.21e-04
  ev5_ec1_n58_s3                                   n=    58  res=     0.000  ortU=     9.500  ortV=     9.500    drift=0.00e+00  t_eval=4.12e-04  t_dbdsqr=5.91e-05
  ev5_ec1_n64_s3                                   n=    64  res=     0.000  ortU=     9.500  ortV=     9.500    drift=0.00e+00  t_eval=5.44e-04  t_dbdsqr=1.20e-04
  ev5_ec1_n95_s2                                   n=    95  res=     0.100  ortU=     9.500  ortV=     9.500    drift=0.00e+00  t_eval=9.92e-04  t_dbdsqr=1.99e-04
  ev5_ec4_n94_s1_gm                                n=   282  res=     0.000  ortU=     9.500  ortV=     9.500    drift=0.00e+00  t_eval=3.65e-02  t_dbdsqr=3.55e-04
  ev6_ec1_n36_s1                                   n=    36  res=     0.200  ortU=     9.500  ortV=     9.500    drift=0.00e+00  t_eval=1.22e-04  t_dbdsqr=4.50e-05
  ev6_ec1_n47_s0_gm                                n=   141  res=     0.000  ortU=     9.500  ortV=     9.500    drift=0.00e+00  t_eval=5.86e-03  t_dbdsqr=5.65e-04
  ev6_ec1_n65_s0_gm                                n=   195  res=     0.000  ortU=     9.500  ortV=     9.500    drift=0.00e+00  t_eval=1.06e-02  t_dbdsqr=1.12e-03
  ev7_ec1_n19_s2_gs                                n=    38  res=     0.300  ortU=     9.500  ortV=     9.500    drift=0.00e+00  t_eval=4.20e-04  t_dbdsqr=5.66e-06
  ev7_ec1_n21_s3_gs                                n=    42  res=     0.400  ortU=     9.400  ortV=     9.500    drift=0.00e+00  t_eval=4.86e-04  t_dbdsqr=4.41e-06
  ev7_ec1_n70_s1_gs                                n=   140  res=     0.000  ortU=     9.500  ortV=     9.500    drift=0.00e+00  t_eval=5.90e-03  t_dbdsqr=3.08e-04
  ev9_ec1_n3_s3_gm                                 n=     9  res=     0.400  ortU=     9.500  ortV=     9.300    drift=0.00e+00  t_eval=3.32e-05  t_dbdsqr=6.59e-06
  ev9_ec1_n17_s2_gs                                n=    34  res=     0.200  ortU=     9.500  ortV=     9.400    drift=0.00e+00  t_eval=3.75e-04  t_dbdsqr=4.07e-05
  tri2_n82                                         n=    82  res=     0.200  ortU=     9.500  ortV=     9.500    drift=0.00e+00  t_eval=4.52e-04  t_dbdsqr=1.39e-04
  tri2_n94                                         n=    94  res=     0.200  ortU=     9.400  ortV=     9.500    drift=0.00e+00  t_eval=5.72e-04  t_dbdsqr=1.68e-04
  ev1_ec1_n91_s2_gs                                n=   182  res=     0.000  ortU=     9.400  ortV=     9.400    drift=0.00e+00  t_eval=5.69e-04  t_dbdsqr=1.60e-05
  ev3_ec1_n40_s0                                   n=    40  res=     0.100  ortU=     9.300  ortV=     9.400    drift=0.00e+00  t_eval=1.62e-04  t_dbdsqr=3.46e-05
  ev3_ec1_n62_s1                                   n=    62  res=     0.100  ortU=     9.400  ortV=     9.400    drift=0.00e+00  t_eval=4.25e-04  t_dbdsqr=1.18e-04
  ev3_ec4_n31_s0_gm                                n=    93  res=     0.100  ortU=     9.400  ortV=     9.400    drift=0.00e+00  t_eval=4.18e-03  t_dbdsqr=9.03e-05
  ev4_ec1_n37_s1_gm                                n=   111  res=     0.100  ortU=     9.400  ortV=     9.400    drift=0.00e+00  t_eval=3.16e-03  t_dbdsqr=4.09e-04
  ev4_ec1_n73_s0_gm                                n=   219  res=     0.100  ortU=     9.400  ortV=     9.400    drift=0.00e+00  t_eval=1.58e-02  t_dbdsqr=1.36e-03
  ev4_ec1_n93_s2_gs                                n=   186  res=     0.000  ortU=     9.400  ortV=     9.400    drift=0.00e+00  t_eval=1.85e-02  t_dbdsqr=4.84e-04
  ev4_ec4_n21_s0_gs                                n=    42  res=     0.100  ortU=     9.400  ortV=     9.300    drift=0.00e+00  t_eval=7.24e-04  t_dbdsqr=3.74e-05
  ev4_ec4_n80_s0_gm                                n=   240  res=     0.000  ortU=     9.400  ortV=     9.400    drift=0.00e+00  t_eval=1.92e-02  t_dbdsqr=1.65e-03
  ev5_ec1_n9_s3_gs                                 n=    18  res=     0.200  ortU=     9.300  ortV=     9.400    drift=0.00e+00  t_eval=1.56e-04  t_dbdsqr=1.12e-05
  ev5_ec1_n68_s1                                   n=    68  res=     0.100  ortU=     9.400  ortV=     9.400    drift=0.00e+00  t_eval=4.63e-04  t_dbdsqr=7.25e-05
  ev5_ec4_n48_s2_gs                                n=    96  res=     0.100  ortU=     9.400  ortV=     9.400    drift=4.08e-16  t_eval=6.63e-04  t_dbdsqr=1.17e-04
  ev6_ec1_n30_s0_gs                                n=    60  res=     0.100  ortU=     9.400  ortV=     9.400    drift=0.00e+00  t_eval=1.45e-03  t_dbdsqr=6.84e-05
  ev6_ec1_n87_s1                                   n=    87  res=     0.200  ortU=     9.400  ortV=     9.400    drift=0.00e+00  t_eval=8.61e-04  t_dbdsqr=2.92e-04
  ev6_ec1_n96_s2                                   n=    96  res=     0.100  ortU=     9.400  ortV=     9.400    drift=0.00e+00  t_eval=1.10e-03  t_dbdsqr=2.69e-04
  ev7_ec1_n75_s2_gm                                n=   225  res=     0.000  ortU=     9.400  ortV=     9.400    drift=0.00e+00  t_eval=2.31e-02  t_dbdsqr=4.34e-04
  ev7_ec1_n82_s2_gm                                n=   246  res=     0.000  ortU=     9.400  ortV=     9.400    drift=0.00e+00  t_eval=2.79e-02  t_dbdsqr=4.95e-04
  ev8_ec1_n70_s0_gm                                n=   210  res=     0.100  ortU=     9.400  ortV=     9.400    drift=0.00e+00  t_eval=1.51e-02  t_dbdsqr=1.55e-03
  tri2_n32_gs                                      n=    64  res=     0.100  ortU=     9.400  ortV=     9.400    drift=0.00e+00  t_eval=1.32e-03  t_dbdsqr=5.90e-05
  tri2_n91                                         n=    91  res=     0.200  ortU=     9.400  ortV=     9.400    drift=0.00e+00  t_eval=5.44e-04  t_dbdsqr=1.59e-04
  tri5_n77                                         n=    77  res=     0.200  ortU=     9.400  ortV=     9.400    drift=0.00e+00  t_eval=4.12e-04  t_dbdsqr=1.28e-04
  tri5_n86                                         n=    86  res=     0.200  ortU=     9.400  ortV=     9.400    drift=0.00e+00  t_eval=5.02e-04  t_dbdsqr=1.58e-04
  tri7_n46_gs                                      n=    92  res=     0.000  ortU=     9.400  ortV=     9.400    drift=0.00e+00  t_eval=4.02e-03  t_dbdsqr=1.06e-04
  ev2_ec4_n98_s3                                   n=    98  res=     0.000  ortU=     9.300  ortV=     9.300    drift=2.14e-16  t_eval=7.93e-04  t_dbdsqr=8.48e-06
  ev3_ec4_n9_s0_gs                                 n=    18  res=     0.100  ortU=     9.200  ortV=     9.300    drift=0.00e+00  t_eval=1.57e-04  t_dbdsqr=7.05e-06
  ev3_ec4_n31_s0                                   n=    31  res=     0.300  ortU=     9.300  ortV=     9.300    drift=0.00e+00  t_eval=1.35e-04  t_dbdsqr=1.61e-05
  ev3_ec4_n33_s0                                   n=    33  res=     0.100  ortU=     9.300  ortV=     9.300    drift=0.00e+00  t_eval=1.37e-04  t_dbdsqr=1.87e-05
  ev3_ec4_n40_s2                                   n=    40  res=     0.000  ortU=     9.300  ortV=     9.300    drift=0.00e+00  t_eval=2.30e-04  t_dbdsqr=6.43e-05
  ev4_ec1_n86_s2_gm                                n=   258  res=     0.000  ortU=     9.300  ortV=     9.300    drift=0.00e+00  t_eval=2.22e-02  t_dbdsqr=1.88e-03
  ev4_ec1_n95_s3                                   n=    95  res=     0.300  ortU=     9.300  ortV=     9.300    drift=0.00e+00  t_eval=7.03e-04  t_dbdsqr=2.93e-04
  ev4_ec4_n63_s1_gs                                n=   126  res=     0.000  ortU=     9.300  ortV=     9.300    drift=0.00e+00  t_eval=7.89e-03  t_dbdsqr=2.42e-04
  ev4_ec4_n94_s3_gs                                n=   188  res=     0.100  ortU=     9.300  ortV=     9.300    drift=0.00e+00  t_eval=1.99e-02  t_dbdsqr=1.04e-03
  ev5_ec1_n59_s0                                   n=    59  res=     0.100  ortU=     9.300  ortV=     9.300    drift=0.00e+00  t_eval=3.71e-04  t_dbdsqr=6.25e-05
  ev5_ec4_n4_s0_gs                                 n=     8  res=     0.200  ortU=     9.300  ortV=     9.000    drift=0.00e+00  t_eval=3.37e-05  t_dbdsqr=3.55e-06
  ev5_ec4_n30_s2_gs                                n=    60  res=     0.200  ortU=     9.300  ortV=     9.300    drift=0.00e+00  t_eval=2.39e-04  t_dbdsqr=2.64e-05
  ev5_ec4_n47_s3                                   n=    47  res=     0.100  ortU=     9.300  ortV=     9.200    drift=0.00e+00  t_eval=2.84e-04  t_dbdsqr=2.51e-05
  ev6_ec1_n16_s3                                   n=    16  res=     0.100  ortU=     9.300  ortV=     9.200    drift=0.00e+00  t_eval=2.68e-05  t_dbdsqr=1.32e-05
  ev6_ec1_n44_s1_gm                                n=   132  res=     0.000  ortU=     9.300  ortV=     9.300    drift=0.00e+00  t_eval=5.29e-03  t_dbdsqr=5.23e-04
  ev6_ec1_n59_s3_gm                                n=   177  res=     0.000  ortU=     9.300  ortV=     9.300    drift=0.00e+00  t_eval=1.27e-02  t_dbdsqr=9.18e-04
  ev6_ec1_n78_s3                                   n=    78  res=     0.100  ortU=     9.300  ortV=     9.300    drift=0.00e+00  t_eval=6.43e-04  t_dbdsqr=1.81e-04
  ev6_ec1_n86_s3_gm                                n=   258  res=     0.000  ortU=     9.300  ortV=     9.300    drift=0.00e+00  t_eval=2.83e-02  t_dbdsqr=1.91e-03
  ev6_ec1_n93_s3_gm                                n=   279  res=     0.100  ortU=     9.300  ortV=     9.300    drift=0.00e+00  t_eval=3.28e-02  t_dbdsqr=2.35e-03
  ev6_ec1_n94_s0_gm                                n=   282  res=     0.000  ortU=     9.300  ortV=     9.300    drift=0.00e+00  t_eval=2.71e-02  t_dbdsqr=2.27e-03
  ev6_ec1_n99_s2_gs                                n=   198  res=     0.100  ortU=     9.300  ortV=     9.300    drift=0.00e+00  t_eval=2.23e-02  t_dbdsqr=7.27e-04
  ev9_ec1_n21_s1_gs                                n=    42  res=     0.100  ortU=     9.300  ortV=     9.300    drift=0.00e+00  t_eval=6.03e-04  t_dbdsqr=6.49e-05
  tri6_n24_gs                                      n=    48  res=     0.100  ortU=     9.300  ortV=     9.300    drift=0.00e+00  t_eval=1.09e-03  t_dbdsqr=6.08e-05
  tri7_n13_gs                                      n=    26  res=     0.100  ortU=     9.300  ortV=     9.200    drift=0.00e+00  t_eval=2.34e-04  t_dbdsqr=1.69e-05
  ev1_ec1_n30_s3_gs                                n=    60  res=     0.000  ortU=     9.200  ortV=     9.200    drift=3.00e-16  t_eval=8.80e-05  t_dbdsqr=1.04e-05
  ev3_ec1_n29_s1                                   n=    29  res=     0.100  ortU=     9.200  ortV=     9.200    drift=0.00e+00  t_eval=8.90e-05  t_dbdsqr=1.88e-05
  ev3_ec1_n38_s2                                   n=    38  res=     0.100  ortU=     9.200  ortV=     9.200    drift=0.00e+00  t_eval=1.68e-04  t_dbdsqr=5.12e-05
  ev3_ec1_n50_s2                                   n=    50  res=     0.200  ortU=     9.200  ortV=     9.200    drift=0.00e+00  t_eval=2.83e-04  t_dbdsqr=8.46e-05
  ev3_ec4_n8_s3                                    n=     8  res=     0.100  ortU=     9.200  ortV=     9.200    drift=0.00e+00  t_eval=2.99e-05  t_dbdsqr=1.09e-05
  ev3_ec4_n12_s0_gm                                n=    36  res=     0.100  ortU=     9.200  ortV=     9.200    drift=0.00e+00  t_eval=6.38e-04  t_dbdsqr=4.63e-05
  ev3_ec4_n24_s0_gs                                n=    48  res=     0.100  ortU=     9.200  ortV=     9.200    drift=0.00e+00  t_eval=1.09e-03  t_dbdsqr=2.05e-05
  ev4_ec1_n43_s2_gm                                n=   129  res=     0.000  ortU=     9.200  ortV=     9.200    drift=0.00e+00  t_eval=4.45e-03  t_dbdsqr=5.21e-04
  ev4_ec4_n44_s2_gs                                n=    88  res=     0.000  ortU=     9.200  ortV=     9.200    drift=0.00e+00  t_eval=3.65e-03  t_dbdsqr=1.16e-04
  ev4_ec4_n56_s3_gm                                n=   168  res=     0.000  ortU=     9.200  ortV=     9.200    drift=0.00e+00  t_eval=8.99e-03  t_dbdsqr=8.59e-04
  ev4_ec4_n95_s0_gs                                n=   190  res=     0.100  ortU=     9.200  ortV=     9.200    drift=0.00e+00  t_eval=2.04e-02  t_dbdsqr=1.03e-03
  ev5_ec1_n60_s3                                   n=    60  res=     0.000  ortU=     9.200  ortV=     9.200    drift=0.00e+00  t_eval=4.77e-04  t_dbdsqr=1.06e-04
  ev5_ec4_n32_s2_gm                                n=    96  res=     0.100  ortU=     9.200  ortV=     9.200    drift=2.66e-16  t_eval=5.36e-04  t_dbdsqr=8.39e-05
  ev5_ec4_n68_s2                                   n=    68  res=     0.200  ortU=     9.200  ortV=     9.200    drift=0.00e+00  t_eval=5.74e-04  t_dbdsqr=4.10e-05
  ev6_ec1_n63_s0_gm                                n=   189  res=     0.000  ortU=     9.100  ortV=     9.200    drift=0.00e+00  t_eval=9.78e-03  t_dbdsqr=1.04e-03
  ev6_ec1_n73_s3                                   n=    73  res=     0.100  ortU=     9.100  ortV=     9.200    drift=0.00e+00  t_eval=5.77e-04  t_dbdsqr=1.60e-04
  ev6_ec1_n75_s3                                   n=    75  res=     0.100  ortU=     9.200  ortV=     9.100    drift=0.00e+00  t_eval=6.04e-04  t_dbdsqr=1.72e-04
  ev6_ec1_n85_s0                                   n=    85  res=     0.100  ortU=     9.200  ortV=     9.200    drift=0.00e+00  t_eval=7.39e-04  t_dbdsqr=2.21e-04
  ev6_ec1_n88_s1                                   n=    88  res=     0.100  ortU=     9.200  ortV=     9.200    drift=0.00e+00  t_eval=7.86e-04  t_dbdsqr=2.18e-04
  ev6_ec1_n97_s3_gs                                n=   194  res=     0.000  ortU=     9.200  ortV=     9.200    drift=0.00e+00  t_eval=2.33e-02  t_dbdsqr=5.38e-04
  ev7_ec1_n29_s1_gm                                n=    87  res=     0.100  ortU=     9.200  ortV=     9.200    drift=0.00e+00  t_eval=2.95e-03  t_dbdsqr=9.19e-06
  ev7_ec1_n58_s0_gm                                n=   174  res=     0.100  ortU=     9.200  ortV=     9.200    drift=0.00e+00  t_eval=1.34e-02  t_dbdsqr=4.24e-05
  ev9_ec1_n24_s3_gm                                n=    72  res=     0.100  ortU=     9.200  ortV=     9.200    drift=0.00e+00  t_eval=1.96e-03  t_dbdsqr=9.39e-05
  ev9_ec1_n37_s3_gm                                n=   111  res=     0.100  ortU=     9.200  ortV=     9.200    drift=0.00e+00  t_eval=4.64e-03  t_dbdsqr=5.07e-04
  ev3_ec1_n11_s2                                   n=    11  res=     0.200  ortU=     9.100  ortV=     9.100    drift=0.00e+00  t_eval=2.36e-05  t_dbdsqr=6.49e-06
  ev3_ec1_n13_s3                                   n=    13  res=     0.200  ortU=     9.100  ortV=     9.100    drift=0.00e+00  t_eval=3.02e-05  t_dbdsqr=7.01e-06
  ev3_ec1_n28_s1                                   n=    28  res=     0.100  ortU=     9.000  ortV=     9.100    drift=0.00e+00  t_eval=1.06e-04  t_dbdsqr=3.76e-05
  ev3_ec1_n56_s2                                   n=    56  res=     0.100  ortU=     9.100  ortV=     9.100    drift=0.00e+00  t_eval=3.52e-04  t_dbdsqr=1.07e-04
  ev3_ec1_n70_s1_gm                                n=   210  res=     0.000  ortU=     9.100  ortV=     9.100    drift=0.00e+00  t_eval=1.99e-02  t_dbdsqr=8.73e-04
  ev3_ec4_n10_s3                                   n=    10  res=     0.100  ortU=     9.100  ortV=     9.100    drift=0.00e+00  t_eval=3.15e-05  t_dbdsqr=5.25e-06
  ev4_ec1_n36_s1_gm                                n=   108  res=     0.100  ortU=     9.100  ortV=     9.100    drift=0.00e+00  t_eval=2.92e-03  t_dbdsqr=3.94e-04
  ev4_ec4_n54_s3_gs                                n=   108  res=     0.000  ortU=     9.100  ortV=     9.100    drift=0.00e+00  t_eval=6.00e-03  t_dbdsqr=2.21e-04
  ev4_ec4_n77_s0_gs                                n=   154  res=     0.000  ortU=     9.100  ortV=     9.100    drift=0.00e+00  t_eval=1.24e-02  t_dbdsqr=4.16e-04
  ev4_ec4_n78_s3_gs                                n=   156  res=     0.000  ortU=     9.100  ortV=     9.100    drift=0.00e+00  t_eval=1.27e-02  t_dbdsqr=3.58e-04
  ev5_ec1_n88_s3                                   n=    88  res=     0.100  ortU=     9.100  ortV=     9.000    drift=0.00e+00  t_eval=9.58e-04  t_dbdsqr=1.98e-04
  ev5_ec4_n45_s0_gs                                n=    90  res=     0.000  ortU=     9.100  ortV=     9.100    drift=0.00e+00  t_eval=3.82e-03  t_dbdsqr=1.93e-04
  ev5_ec4_n70_s2_gm                                n=   210  res=     0.000  ortU=     9.100  ortV=     9.100    drift=0.00e+00  t_eval=2.13e-02  t_dbdsqr=2.39e-04
  ev6_ec1_n37_s0                                   n=    37  res=     0.200  ortU=     9.100  ortV=     9.100    drift=0.00e+00  t_eval=1.12e-04  t_dbdsqr=4.42e-05
  ev6_ec1_n54_s2_gs                                n=   108  res=     0.000  ortU=     9.100  ortV=     9.100    drift=0.00e+00  t_eval=6.80e-03  t_dbdsqr=1.94e-04
  ev6_ec1_n59_s2                                   n=    59  res=     0.100  ortU=     9.100  ortV=     9.100    drift=0.00e+00  t_eval=4.29e-04  t_dbdsqr=1.10e-04
  ev6_ec1_n63_s0                                   n=    63  res=     0.100  ortU=     9.100  ortV=     9.100    drift=0.00e+00  t_eval=4.46e-04  t_dbdsqr=1.24e-04
  ev6_ec1_n86_s0                                   n=    86  res=     0.100  ortU=     9.100  ortV=     9.100    drift=0.00e+00  t_eval=7.37e-04  t_dbdsqr=2.29e-04
  ev6_ec1_n90_s2_gm                                n=   270  res=     0.000  ortU=     9.100  ortV=     9.100    drift=0.00e+00  t_eval=2.53e-02  t_dbdsqr=2.04e-03
  ev8_ec1_n22_s0_gm                                n=    66  res=     0.100  ortU=     9.100  ortV=     9.100    drift=0.00e+00  t_eval=1.20e-03  t_dbdsqr=1.83e-04
  ev8_ec1_n77_s3_gm                                n=   231  res=     0.000  ortU=     9.100  ortV=     9.100    drift=0.00e+00  t_eval=1.86e-02  t_dbdsqr=1.92e-03
  tri3_n41_gm                                      n=   123  res=     0.100  ortU=     9.100  ortV=     9.100    drift=0.00e+00  t_eval=7.60e-03  t_dbdsqr=4.06e-04
  tri4_n38_gs                                      n=    76  res=     0.000  ortU=     9.100  ortV=     9.100    drift=0.00e+00  t_eval=2.39e-03  t_dbdsqr=8.12e-05
  tri5_n95                                         n=    95  res=     0.200  ortU=     9.100  ortV=     9.100    drift=0.00e+00  t_eval=6.12e-04  t_dbdsqr=1.84e-04
  ev3_ec1_n43_s3                                   n=    43  res=     0.100  ortU=     9.000  ortV=     9.000    drift=0.00e+00  t_eval=2.22e-04  t_dbdsqr=7.35e-05
  ev3_ec1_n60_s3                                   n=    60  res=     0.100  ortU=     9.000  ortV=     9.000    drift=0.00e+00  t_eval=3.47e-04  t_dbdsqr=6.58e-05
  ev3_ec4_n14_s1_gs                                n=    28  res=     0.200  ortU=     9.000  ortV=     9.000    drift=0.00e+00  t_eval=3.74e-04  t_dbdsqr=1.94e-05
  ev3_ec4_n46_s1                                   n=    46  res=     0.100  ortU=     9.000  ortV=     9.000    drift=0.00e+00  t_eval=2.60e-04  t_dbdsqr=2.91e-05
  ev3_ec4_n71_s3_gm                                n=   213  res=     0.000  ortU=     9.000  ortV=     9.000    drift=0.00e+00  t_eval=2.14e-02  t_dbdsqr=2.72e-04
  ev4_ec1_n26_s2_gs                                n=    52  res=     0.100  ortU=     9.000  ortV=     9.000    drift=0.00e+00  t_eval=1.11e-03  t_dbdsqr=4.61e-05
  ev4_ec4_n72_s2_gm                                n=   216  res=     0.000  ortU=     9.000  ortV=     9.000    drift=0.00e+00  t_eval=1.53e-02  t_dbdsqr=1.36e-03
  ev4_ec4_n86_s0_gm                                n=   258  res=     0.000  ortU=     9.000  ortV=     9.000    drift=0.00e+00  t_eval=2.26e-02  t_dbdsqr=1.84e-03
  ev4_ec4_n91_s3_gs                                n=   182  res=     0.000  ortU=     9.000  ortV=     9.000    drift=0.00e+00  t_eval=1.84e-02  t_dbdsqr=4.67e-04
  ev4_ec4_n95_s2_gm                                n=   285  res=     0.000  ortU=     9.000  ortV=     9.000    drift=0.00e+00  t_eval=2.77e-02  t_dbdsqr=2.24e-03
  ev5_ec1_n11_s1_gs                                n=    22  res=     0.200  ortU=     8.800  ortV=     9.000    drift=0.00e+00  t_eval=2.40e-04  t_dbdsqr=1.06e-05
  ev5_ec1_n15_s1                                   n=    15  res=     0.100  ortU=     8.800  ortV=     9.000    drift=0.00e+00  t_eval=3.94e-05  t_dbdsqr=1.02e-05
  ev5_ec1_n19_s2                                   n=    19  res=     0.300  ortU=     8.900  ortV=     9.000    drift=0.00e+00  t_eval=6.74e-05  t_dbdsqr=2.44e-05
  ev5_ec4_n94_s2                                   n=    94  res=     0.100  ortU=     9.000  ortV=     9.000    drift=0.00e+00  t_eval=1.35e-03  t_dbdsqr=1.86e-04
  ev6_ec1_n57_s2_gs                                n=   114  res=     0.000  ortU=     8.900  ortV=     9.000    drift=0.00e+00  t_eval=7.17e-03  t_dbdsqr=2.03e-04
  ev6_ec1_n58_s1                                   n=    58  res=     0.100  ortU=     9.000  ortV=     8.900    drift=0.00e+00  t_eval=3.29e-04  t_dbdsqr=1.04e-04
  ev6_ec1_n68_s2                                   n=    68  res=     0.100  ortU=     9.000  ortV=     8.900    drift=0.00e+00  t_eval=5.75e-04  t_dbdsqr=1.55e-04
  ev6_ec1_n87_s2_gm                                n=   261  res=     0.100  ortU=     9.000  ortV=     9.000    drift=0.00e+00  t_eval=2.43e-02  t_dbdsqr=1.90e-03
  ev6_ec1_n99_s3                                   n=    99  res=     0.100  ortU=     9.000  ortV=     8.900    drift=0.00e+00  t_eval=1.07e-03  t_dbdsqr=2.67e-04
  ev7_ec1_n43_s0_gm                                n=   129  res=     0.000  ortU=     8.900  ortV=     9.000    drift=0.00e+00  t_eval=7.41e-03  t_dbdsqr=2.46e-04
  ev7_ec1_n48_s0                                   n=    48  res=     0.500  ortU=     8.900  ortV=     9.000    drift=0.00e+00  t_eval=5.76e-04  t_dbdsqr=4.79e-06
  ev7_ec1_n65_s3_gm                                n=   195  res=     0.000  ortU=     9.000  ortV=     9.000    drift=0.00e+00  t_eval=1.67e-02  t_dbdsqr=4.58e-04
  ev7_ec1_n89_s3_gm                                n=   267  res=     0.000  ortU=     9.000  ortV=     9.000    drift=0.00e+00  t_eval=3.29e-02  t_dbdsqr=6.56e-04
  ev9_ec1_n59_s3_gm                                n=   177  res=     0.000  ortU=     9.000  ortV=     9.000    drift=0.00e+00  t_eval=1.29e-02  t_dbdsqr=1.21e-03
  tri2_n36                                         n=    36  res=     0.300  ortU=     9.000  ortV=     9.000    drift=0.00e+00  t_eval=9.73e-05  t_dbdsqr=3.61e-05
  tri5_n32                                         n=    32  res=     0.200  ortU=     8.900  ortV=     9.000    drift=0.00e+00  t_eval=8.18e-05  t_dbdsqr=3.07e-05
  tri5_n40_gs                                      n=    80  res=     0.000  ortU=     9.000  ortV=     9.000    drift=0.00e+00  t_eval=2.01e-03  t_dbdsqr=8.30e-05
  tri6_n89_gm                                      n=   267  res=     0.000  ortU=     9.000  ortV=     9.000    drift=0.00e+00  t_eval=2.14e-02  t_dbdsqr=1.89e-03
  ev3_ec1_n36_s2                                   n=    36  res=     0.100  ortU=     8.900  ortV=     8.900    drift=0.00e+00  t_eval=1.34e-04  t_dbdsqr=3.05e-05
  ev3_ec1_n100_s2_gm                               n=   300  res=     0.000  ortU=     8.900  ortV=     8.800    drift=0.00e+00  t_eval=4.08e-02  t_dbdsqr=1.50e-03
  ev3_ec4_n37_s3_gm                                n=   111  res=     0.100  ortU=     8.800  ortV=     8.900    drift=0.00e+00  t_eval=5.93e-03  t_dbdsqr=1.13e-04
  ev3_ec4_n71_s3                                   n=    71  res=     0.100  ortU=     8.900  ortV=     8.900    drift=0.00e+00  t_eval=6.26e-04  t_dbdsqr=5.66e-05
  ev3_ec4_n84_s0_gm                                n=   252  res=     0.000  ortU=     8.900  ortV=     8.900    drift=0.00e+00  t_eval=3.06e-02  t_dbdsqr=3.54e-04
  ev3_ec4_n87_s3                                   n=    87  res=     0.100  ortU=     8.900  ortV=     8.900    drift=0.00e+00  t_eval=1.05e-03  t_dbdsqr=1.94e-04
  ev4_ec1_n5_s2_gs                                 n=    10  res=     0.300  ortU=     8.900  ortV=     8.500    drift=0.00e+00  t_eval=4.39e-05  t_dbdsqr=6.92e-06
  ev4_ec1_n89_s2                                   n=    89  res=     0.200  ortU=     8.800  ortV=     8.900    drift=0.00e+00  t_eval=6.06e-04  t_dbdsqr=2.62e-04
  ev4_ec1_n94_s3_gs                                n=   188  res=     0.000  ortU=     8.900  ortV=     8.900    drift=0.00e+00  t_eval=1.93e-02  t_dbdsqr=4.93e-04
  ev4_ec4_n35_s0_gm                                n=   105  res=     0.100  ortU=     8.900  ortV=     8.900    drift=0.00e+00  t_eval=2.85e-03  t_dbdsqr=3.65e-04
  ev4_ec4_n43_s0_gs                                n=    86  res=     0.000  ortU=     8.900  ortV=     8.900    drift=0.00e+00  t_eval=3.32e-03  t_dbdsqr=1.15e-04
  ev4_ec4_n74_s0_gm                                n=   222  res=     0.100  ortU=     8.900  ortV=     8.900    drift=0.00e+00  t_eval=1.65e-02  t_dbdsqr=1.41e-03
  ev4_ec4_n87_s0_gm                                n=   261  res=     0.000  ortU=     8.900  ortV=     8.900    drift=0.00e+00  t_eval=2.33e-02  t_dbdsqr=1.88e-03
  ev5_ec1_n35_s0                                   n=    35  res=     0.100  ortU=     8.800  ortV=     8.900    drift=0.00e+00  t_eval=1.31e-04  t_dbdsqr=2.39e-05
  ev5_ec1_n71_s3                                   n=    71  res=     0.000  ortU=     8.900  ortV=     8.900    drift=0.00e+00  t_eval=6.39e-04  t_dbdsqr=1.33e-04
  ev5_ec4_n33_s1_gm                                n=    99  res=     0.000  ortU=     8.900  ortV=     8.900    drift=0.00e+00  t_eval=4.54e-03  t_dbdsqr=2.28e-04
  ev5_ec4_n65_s1_gm                                n=   195  res=     0.000  ortU=     8.900  ortV=     8.900    drift=0.00e+00  t_eval=1.83e-02  t_dbdsqr=3.79e-04
  ev6_ec1_n42_s0                                   n=    42  res=     0.100  ortU=     8.900  ortV=     8.900    drift=0.00e+00  t_eval=1.83e-04  t_dbdsqr=7.24e-05
  ev6_ec1_n54_s0                                   n=    54  res=     0.100  ortU=     8.900  ortV=     8.900    drift=0.00e+00  t_eval=2.89e-04  t_dbdsqr=9.18e-05
  ev6_ec1_n95_s1_gs                                n=   190  res=     0.000  ortU=     8.900  ortV=     8.900    drift=0.00e+00  t_eval=2.28e-02  t_dbdsqr=6.77e-04
  ev7_ec1_n46_s3_gm                                n=   138  res=     0.200  ortU=     8.900  ortV=     8.800    drift=0.00e+00  t_eval=8.17e-03  t_dbdsqr=1.56e-05
  ev7_ec1_n52_s0_gs                                n=   104  res=     0.000  ortU=     8.900  ortV=     8.900    drift=0.00e+00  t_eval=3.34e-03  t_dbdsqr=3.77e-04
  ev7_ec1_n76_s1_gs                                n=   152  res=     0.000  ortU=     8.900  ortV=     8.800    drift=0.00e+00  t_eval=7.43e-03  t_dbdsqr=8.08e-04
  ev9_ec1_n58_s2_gm                                n=   174  res=     0.100  ortU=     8.900  ortV=     8.900    drift=0.00e+00  t_eval=1.20e-02  t_dbdsqr=3.97e-04
  tri2_n62                                         n=    62  res=     0.200  ortU=     8.900  ortV=     8.900    drift=0.00e+00  t_eval=2.73e-04  t_dbdsqr=8.19e-05
  tri3_n13                                         n=    13  res=     0.400  ortU=     8.900  ortV=     8.800    drift=0.00e+00  t_eval=3.93e-05  t_dbdsqr=1.29e-05
  tri3_n53_gm                                      n=   159  res=     0.100  ortU=     8.900  ortV=     8.900    drift=0.00e+00  t_eval=1.37e-02  t_dbdsqr=6.58e-04
  tri4_n26_gs                                      n=    52  res=     0.100  ortU=     8.900  ortV=     8.900    drift=0.00e+00  t_eval=1.06e-03  t_dbdsqr=4.50e-05
  tri5_n36                                         n=    36  res=     0.300  ortU=     8.900  ortV=     8.900    drift=0.00e+00  t_eval=9.76e-05  t_dbdsqr=3.49e-05
  tri6_n53_gs                                      n=   106  res=     0.100  ortU=     8.900  ortV=     8.900    drift=0.00e+00  t_eval=5.99e-03  t_dbdsqr=2.70e-04
  tri7_n59_gm                                      n=   177  res=     0.000  ortU=     8.900  ortV=     8.800    drift=0.00e+00  t_eval=9.83e-03  t_dbdsqr=8.34e-04
  ev3_ec1_n45_s2                                   n=    45  res=     0.100  ortU=     8.800  ortV=     8.800    drift=0.00e+00  t_eval=2.33e-04  t_dbdsqr=7.44e-05
  ev3_ec4_n9_s0_gm                                 n=    27  res=     0.100  ortU=     8.800  ortV=     8.600    drift=0.00e+00  t_eval=3.90e-04  t_dbdsqr=3.39e-05
  ev3_ec4_n9_s2_gm                                 n=    27  res=     0.200  ortU=     8.700  ortV=     8.800    drift=0.00e+00  t_eval=3.49e-04  t_dbdsqr=3.30e-05
  ev3_ec4_n77_s0_gm                                n=   231  res=     0.000  ortU=     8.800  ortV=     8.800    drift=0.00e+00  t_eval=2.56e-02  t_dbdsqr=3.23e-04
  ev3_ec4_n88_s3                                   n=    88  res=     0.100  ortU=     8.800  ortV=     8.800    drift=0.00e+00  t_eval=9.57e-04  t_dbdsqr=8.84e-05
  ev3_ec4_n92_s2_gm                                n=   276  res=     0.100  ortU=     8.800  ortV=     8.800    drift=9.27e-16  t_eval=4.50e-03  t_dbdsqr=4.10e-04
  ev4_ec1_n43_s1_gm                                n=   129  res=     0.000  ortU=     8.800  ortV=     8.800    drift=0.00e+00  t_eval=4.39e-03  t_dbdsqr=5.42e-04
  ev4_ec1_n82_s0_gs                                n=   164  res=     0.000  ortU=     8.800  ortV=     8.800    drift=0.00e+00  t_eval=1.42e-02  t_dbdsqr=3.87e-04
  ev4_ec1_n91_s1_gm                                n=   273  res=     0.000  ortU=     8.800  ortV=     8.800    drift=0.00e+00  t_eval=2.68e-02  t_dbdsqr=2.03e-03
  ev4_ec1_n91_s2_gs                                n=   182  res=     0.000  ortU=     8.800  ortV=     8.800    drift=0.00e+00  t_eval=1.79e-02  t_dbdsqr=4.72e-04
  ev5_ec1_n54_s1                                   n=    54  res=     0.200  ortU=     8.800  ortV=     8.800    drift=0.00e+00  t_eval=2.97e-04  t_dbdsqr=5.03e-05
  ev5_ec4_n13_s3                                   n=    13  res=     0.300  ortU=     8.800  ortV=     8.700    drift=0.00e+00  t_eval=3.60e-05  t_dbdsqr=5.88e-06
  ev6_ec1_n32_s1                                   n=    32  res=     0.100  ortU=     8.800  ortV=     8.800    drift=0.00e+00  t_eval=8.89e-05  t_dbdsqr=3.68e-05
  ev6_ec1_n45_s1                                   n=    45  res=     0.300  ortU=     8.800  ortV=     8.800    drift=0.00e+00  t_eval=2.23e-04  t_dbdsqr=9.07e-05
  ev7_ec1_n49_s1_gs                                n=    98  res=     0.100  ortU=     8.800  ortV=     8.800    drift=0.00e+00  t_eval=2.84e-03  t_dbdsqr=1.19e-04
  ev7_ec1_n79_s3_gs                                n=   158  res=     0.000  ortU=     8.800  ortV=     8.800    drift=0.00e+00  t_eval=7.69e-03  t_dbdsqr=3.18e-04
  ev8_ec1_n5_s3_gm                                 n=    15  res=     0.200  ortU=     8.800  ortV=     8.800    drift=0.00e+00  t_eval=8.68e-05  t_dbdsqr=1.93e-05
  ev8_ec1_n18_s2_gm                                n=    54  res=     0.100  ortU=     8.800  ortV=     8.800    drift=0.00e+00  t_eval=8.80e-04  t_dbdsqr=1.21e-04
  ev8_ec1_n26_s1_gm                                n=    78  res=     0.100  ortU=     8.800  ortV=     8.800    drift=0.00e+00  t_eval=1.78e-03  t_dbdsqr=2.54e-04
  ev9_ec1_n15_s0_gs                                n=    30  res=     0.100  ortU=     8.800  ortV=     8.700    drift=0.00e+00  t_eval=2.87e-04  t_dbdsqr=3.49e-05
  ev9_ec1_n40_s3_gm                                n=   120  res=     0.100  ortU=     8.700  ortV=     8.800    drift=0.00e+00  t_eval=5.07e-03  t_dbdsqr=3.04e-04
  tri2_n54_gs                                      n=   108  res=     0.100  ortU=     8.800  ortV=     8.800    drift=0.00e+00  t_eval=3.79e-03  t_dbdsqr=2.81e-04
  tri2_n99                                         n=    99  res=     0.100  ortU=     8.800  ortV=     8.800    drift=0.00e+00  t_eval=6.39e-04  t_dbdsqr=1.90e-04
  tri3_n29_gm                                      n=    87  res=     0.100  ortU=     8.800  ortV=     8.800    drift=0.00e+00  t_eval=3.22e-03  t_dbdsqr=2.40e-04
  tri4_n90_gm                                      n=   270  res=     0.000  ortU=     8.800  ortV=     8.800    drift=0.00e+00  t_eval=2.43e-02  t_dbdsqr=1.76e-03
  tri5_n45                                         n=    45  res=     0.200  ortU=     8.700  ortV=     8.800    drift=0.00e+00  t_eval=1.44e-04  t_dbdsqr=5.07e-05
  tri5_n50_gs                                      n=   100  res=     0.000  ortU=     8.800  ortV=     8.800    drift=0.00e+00  t_eval=3.21e-03  t_dbdsqr=1.16e-04
  ev3_ec1_n36_s0                                   n=    36  res=     0.200  ortU=     8.700  ortV=     8.700    drift=0.00e+00  t_eval=1.62e-04  t_dbdsqr=5.34e-05
  ev3_ec1_n43_s2                                   n=    43  res=     0.100  ortU=     8.700  ortV=     8.700    drift=0.00e+00  t_eval=2.14e-04  t_dbdsqr=6.76e-05
  ev3_ec1_n73_s3                                   n=    73  res=     0.100  ortU=     8.700  ortV=     8.700    drift=0.00e+00  t_eval=5.79e-04  t_dbdsqr=1.58e-04
  ev3_ec1_n96_s1_gm                                n=   288  res=     0.000  ortU=     8.700  ortV=     8.700    drift=0.00e+00  t_eval=3.81e-02  t_dbdsqr=1.55e-03
  ev3_ec1_n100_s3                                  n=   100  res=     0.100  ortU=     8.700  ortV=     8.600    drift=0.00e+00  t_eval=9.32e-04  t_dbdsqr=1.67e-04
  ev3_ec4_n75_s1                                   n=    75  res=     0.100  ortU=     8.700  ortV=     8.700    drift=0.00e+00  t_eval=6.80e-04  t_dbdsqr=6.81e-05
  ev3_ec4_n93_s3                                   n=    93  res=     0.100  ortU=     8.600  ortV=     8.700    drift=0.00e+00  t_eval=1.20e-03  t_dbdsqr=2.15e-04
  ev4_ec1_n18_s0_gs                                n=    36  res=     0.100  ortU=     8.700  ortV=     8.700    drift=0.00e+00  t_eval=4.96e-04  t_dbdsqr=2.93e-05
  ev4_ec1_n76_s1_gm                                n=   228  res=     0.100  ortU=     8.700  ortV=     8.700    drift=0.00e+00  t_eval=1.67e-02  t_dbdsqr=1.48e-03
  ev4_ec1_n80_s0_gm                                n=   240  res=     0.000  ortU=     8.700  ortV=     8.700    drift=0.00e+00  t_eval=1.92e-02  t_dbdsqr=1.63e-03
  ev4_ec1_n80_s2_gm                                n=   240  res=     0.000  ortU=     8.700  ortV=     8.700    drift=0.00e+00  t_eval=1.86e-02  t_dbdsqr=1.61e-03
  ev4_ec1_n95_s3_gm                                n=   285  res=     0.000  ortU=     8.700  ortV=     8.700    drift=0.00e+00  t_eval=2.84e-02  t_dbdsqr=2.26e-03
  ev4_ec1_n100_s0_gm                               n=   300  res=     0.000  ortU=     8.700  ortV=     8.700    drift=0.00e+00  t_eval=3.30e-02  t_dbdsqr=2.46e-03
  ev4_ec4_n51_s3_gs                                n=   102  res=     0.000  ortU=     8.700  ortV=     8.700    drift=0.00e+00  t_eval=5.22e-03  t_dbdsqr=1.83e-04
  ev4_ec4_n79_s3_gm                                n=   237  res=     0.000  ortU=     8.700  ortV=     8.600    drift=0.00e+00  t_eval=1.94e-02  t_dbdsqr=1.58e-03
  ev4_ec4_n80_s1_gm                                n=   240  res=     0.000  ortU=     8.700  ortV=     8.700    drift=0.00e+00  t_eval=1.90e-02  t_dbdsqr=1.66e-03
  ev4_ec4_n94_s1_gm                                n=   282  res=     0.000  ortU=     8.700  ortV=     8.700    drift=0.00e+00  t_eval=2.71e-02  t_dbdsqr=2.18e-03
  ev5_ec1_n47_s3                                   n=    47  res=     0.000  ortU=     8.700  ortV=     8.700    drift=0.00e+00  t_eval=3.10e-04  t_dbdsqr=7.65e-05
  ev5_ec1_n61_s3                                   n=    61  res=     0.000  ortU=     8.700  ortV=     8.700    drift=0.00e+00  t_eval=4.96e-04  t_dbdsqr=1.12e-04
  ev5_ec4_n44_s2_gs                                n=    88  res=     0.200  ortU=     8.700  ortV=     8.700    drift=1.32e-16  t_eval=5.41e-04  t_dbdsqr=4.74e-05
  ev5_ec4_n59_s0_gm                                n=   177  res=     0.000  ortU=     8.700  ortV=     8.700    drift=0.00e+00  t_eval=1.45e-02  t_dbdsqr=2.14e-04
  ev5_ec4_n63_s1_gm                                n=   189  res=     0.000  ortU=     8.600  ortV=     8.700    drift=6.55e-16  t_eval=1.91e-03  t_dbdsqr=2.46e-04
  ev5_ec4_n73_s2                                   n=    73  res=     0.100  ortU=     8.700  ortV=     8.700    drift=6.67e-16  t_eval=6.49e-04  t_dbdsqr=5.16e-05
  ev5_ec4_n74_s0_gm                                n=   222  res=     0.000  ortU=     8.700  ortV=     8.700    drift=0.00e+00  t_eval=2.36e-02  t_dbdsqr=3.73e-04
  ev6_ec1_n55_s2_gm                                n=   165  res=     0.000  ortU=     8.700  ortV=     8.700    drift=0.00e+00  t_eval=9.40e-03  t_dbdsqr=7.92e-04
  ev6_ec1_n71_s3_gs                                n=   142  res=     0.000  ortU=     8.700  ortV=     8.700    drift=0.00e+00  t_eval=1.24e-02  t_dbdsqr=2.99e-04
  ev6_ec1_n73_s1_gs                                n=   146  res=     0.000  ortU=     8.700  ortV=     8.700    drift=0.00e+00  t_eval=1.31e-02  t_dbdsqr=4.44e-04
  ev6_ec1_n91_s1_gm                                n=   273  res=     0.900  ortU=     8.500  ortV=     8.700    drift=0.00e+00  t_eval=3.31e-02  t_dbdsqr=2.11e-03
  ev6_ec1_n100_s0_gm                               n=   300  res=     0.100  ortU=     8.700  ortV=     8.700    drift=0.00e+00  t_eval=3.22e-02  t_dbdsqr=2.50e-03
  ev7_ec1_n77_s2_gm                                n=   231  res=     0.000  ortU=     8.700  ortV=     8.700    drift=0.00e+00  t_eval=2.46e-02  t_dbdsqr=6.08e-04
  ev8_ec1_n17_s1_gm                                n=    51  res=     0.100  ortU=     8.700  ortV=     8.600    drift=0.00e+00  t_eval=7.10e-04  t_dbdsqr=1.11e-04
  ev9_ec1_n42_s0_gs                                n=    84  res=     0.100  ortU=     8.700  ortV=     8.700    drift=0.00e+00  t_eval=2.73e-03  t_dbdsqr=2.29e-04
  tri2_n46                                         n=    46  res=     0.300  ortU=     8.700  ortV=     8.700    drift=0.00e+00  t_eval=1.51e-04  t_dbdsqr=5.16e-05
  tri4_n48_gs                                      n=    96  res=     0.000  ortU=     8.700  ortV=     8.700    drift=0.00e+00  t_eval=4.17e-03  t_dbdsqr=1.20e-04
  tri5_n72_gs                                      n=   144  res=     0.000  ortU=     8.700  ortV=     8.700    drift=0.00e+00  t_eval=6.68e-03  t_dbdsqr=2.23e-04
  tri5_n88_gs                                      n=   176  res=     0.000  ortU=     8.700  ortV=     8.700    drift=0.00e+00  t_eval=1.00e-02  t_dbdsqr=3.28e-04
  ev3_ec1_n24_s1                                   n=    24  res=     0.100  ortU=     8.500  ortV=     8.600    drift=0.00e+00  t_eval=6.57e-05  t_dbdsqr=1.57e-05
  ev3_ec1_n34_s3                                   n=    34  res=     0.100  ortU=     8.600  ortV=     8.600    drift=0.00e+00  t_eval=1.46e-04  t_dbdsqr=4.82e-05
  ev3_ec1_n43_s0                                   n=    43  res=     0.200  ortU=     8.600  ortV=     8.600    drift=0.00e+00  t_eval=1.91e-04  t_dbdsqr=3.80e-05
  ev3_ec4_n63_s0                                   n=    63  res=     0.100  ortU=     8.500  ortV=     8.600    drift=0.00e+00  t_eval=5.68e-04  t_dbdsqr=1.20e-04
  ev4_ec1_n14_s0_gs                                n=    28  res=     0.100  ortU=     8.600  ortV=     8.500    drift=0.00e+00  t_eval=2.81e-04  t_dbdsqr=2.17e-05
  ev4_ec1_n48_s1_gm                                n=   144  res=     0.000  ortU=     8.600  ortV=     8.600    drift=0.00e+00  t_eval=6.01e-03  t_dbdsqr=6.27e-04
  ev4_ec1_n81_s3_gs                                n=   162  res=     0.000  ortU=     8.600  ortV=     8.600    drift=0.00e+00  t_eval=1.37e-02  t_dbdsqr=3.87e-04
  ev4_ec4_n11_s2_gs                                n=    22  res=     0.100  ortU=     8.600  ortV=     8.500    drift=0.00e+00  t_eval=1.62e-04  t_dbdsqr=1.52e-05
  ev4_ec4_n42_s0_gm                                n=   126  res=     0.200  ortU=     8.600  ortV=     8.600    drift=0.00e+00  t_eval=4.14e-03  t_dbdsqr=4.95e-04
  ev4_ec4_n66_s2                                   n=    66  res=     0.300  ortU=     8.600  ortV=     8.600    drift=0.00e+00  t_eval=3.57e-04  t_dbdsqr=1.54e-04
  ev4_ec4_n99_s3_gm                                n=   297  res=     0.000  ortU=     8.600  ortV=     8.600    drift=0.00e+00  t_eval=3.18e-02  t_dbdsqr=2.42e-03
  ev5_ec1_n10_s0                                   n=    10  res=     0.200  ortU=     8.500  ortV=     8.600    drift=0.00e+00  t_eval=2.25e-05  t_dbdsqr=6.88e-06
  ev5_ec1_n32_s3                                   n=    32  res=     0.100  ortU=     8.600  ortV=     8.600    drift=0.00e+00  t_eval=1.52e-04  t_dbdsqr=4.65e-05
  ev5_ec4_n55_s3_gm                                n=   165  res=     0.000  ortU=     8.600  ortV=     8.600    drift=0.00e+00  t_eval=1.26e-02  t_dbdsqr=1.79e-04
  ev5_ec4_n63_s0                                   n=    63  res=     0.100  ortU=     8.600  ortV=     8.600    drift=0.00e+00  t_eval=5.32e-04  t_dbdsqr=3.78e-05
  ev5_ec4_n85_s1                                   n=    85  res=     0.100  ortU=     8.600  ortV=     8.600    drift=0.00e+00  t_eval=8.07e-04  t_dbdsqr=6.58e-05
  ev5_ec4_n93_s3_gs                                n=   186  res=     0.000  ortU=     8.600  ortV=     8.600    drift=0.00e+00  t_eval=1.67e-02  t_dbdsqr=2.22e-04
  ev6_ec1_n36_s1_gm                                n=   108  res=     0.100  ortU=     8.600  ortV=     8.600    drift=0.00e+00  t_eval=3.39e-03  t_dbdsqr=3.81e-04
  ev6_ec1_n42_s2                                   n=    42  res=     0.200  ortU=     8.600  ortV=     8.600    drift=0.00e+00  t_eval=2.43e-04  t_dbdsqr=8.46e-05
  ev6_ec1_n52_s1                                   n=    52  res=     0.100  ortU=     8.600  ortV=     8.600    drift=0.00e+00  t_eval=2.56e-04  t_dbdsqr=8.53e-05
  ev6_ec1_n53_s0                                   n=    53  res=     0.200  ortU=     8.600  ortV=     8.600    drift=0.00e+00  t_eval=2.85e-04  t_dbdsqr=9.03e-05
  ev6_ec1_n56_s2_gs                                n=   112  res=     0.000  ortU=     8.600  ortV=     8.600    drift=0.00e+00  t_eval=7.22e-03  t_dbdsqr=2.05e-04
  ev7_ec1_n37_s3_gm                                n=   111  res=     0.200  ortU=     8.600  ortV=     8.600    drift=0.00e+00  t_eval=5.21e-03  t_dbdsqr=1.01e-05
  ev7_ec1_n72_s3_gs                                n=   144  res=     0.000  ortU=     8.600  ortV=     8.600    drift=0.00e+00  t_eval=6.63e-03  t_dbdsqr=7.19e-04
  ev7_ec1_n96_s1_gm                                n=   288  res=     0.000  ortU=     8.600  ortV=     8.600    drift=0.00e+00  t_eval=3.92e-02  t_dbdsqr=7.09e-04
  ev8_ec1_n28_s3_gm                                n=    84  res=     0.100  ortU=     8.600  ortV=     8.600    drift=0.00e+00  t_eval=2.32e-03  t_dbdsqr=2.84e-04
  ev9_ec1_n48_s0_gm                                n=   144  res=     0.000  ortU=     8.600  ortV=     8.600    drift=0.00e+00  t_eval=9.06e-03  t_dbdsqr=8.66e-04
  ev9_ec1_n67_s2_gm                                n=   201  res=     0.000  ortU=     8.600  ortV=     8.600    drift=0.00e+00  t_eval=1.62e-02  t_dbdsqr=1.53e-03
  tri4_n52_gs                                      n=   104  res=     0.000  ortU=     8.600  ortV=     8.600    drift=0.00e+00  t_eval=4.97e-03  t_dbdsqr=1.35e-04
  tri5_n35_gs                                      n=    70  res=     0.100  ortU=     8.600  ortV=     8.600    drift=0.00e+00  t_eval=1.59e-03  t_dbdsqr=6.69e-05
  tri5_n87                                         n=    87  res=     0.200  ortU=     8.600  ortV=     8.600    drift=0.00e+00  t_eval=5.17e-04  t_dbdsqr=1.62e-04
  ev3_ec1_n67_s0                                   n=    67  res=     0.100  ortU=     8.500  ortV=     8.400    drift=0.00e+00  t_eval=4.24e-04  t_dbdsqr=8.15e-05
  ev3_ec4_n4_s0_gm                                 n=    12  res=     0.200  ortU=     8.500  ortV=     8.500    drift=0.00e+00  t_eval=6.05e-05  t_dbdsqr=1.29e-05
  ev3_ec4_n50_s2_gm                                n=   150  res=     0.000  ortU=     8.500  ortV=     8.500    drift=0.00e+00  t_eval=1.04e-02  t_dbdsqr=1.68e-04
  ev3_ec4_n63_s3_gm                                n=   189  res=     0.000  ortU=     8.500  ortV=     8.500    drift=0.00e+00  t_eval=1.69e-02  t_dbdsqr=3.05e-04
  ev4_ec1_n59_s2_gm                                n=   177  res=     0.100  ortU=     8.400  ortV=     8.500    drift=0.00e+00  t_eval=1.01e-02  t_dbdsqr=9.57e-04
  ev4_ec4_n98_s3                                   n=    98  res=     0.200  ortU=     8.500  ortV=     8.500    drift=0.00e+00  t_eval=7.44e-04  t_dbdsqr=3.09e-04
  ev5_ec1_n17_s3_gm                                n=    51  res=     0.100  ortU=     8.500  ortV=     8.500    drift=0.00e+00  t_eval=9.06e-04  t_dbdsqr=6.67e-05
  ev5_ec1_n18_s0                                   n=    18  res=     0.200  ortU=     8.500  ortV=     8.500    drift=0.00e+00  t_eval=4.52e-05  t_dbdsqr=1.27e-05
  ev5_ec1_n62_s3                                   n=    62  res=     0.000  ortU=     8.500  ortV=     8.500    drift=0.00e+00  t_eval=4.75e-04  t_dbdsqr=6.88e-05
  ev5_ec1_n96_s0_gm                                n=   288  res=     0.000  ortU=     8.500  ortV=     8.500    drift=0.00e+00  t_eval=3.85e-02  t_dbdsqr=1.09e-03
  ev5_ec4_n64_s0_gm                                n=   192  res=     0.000  ortU=     8.500  ortV=     8.500    drift=0.00e+00  t_eval=1.76e-02  t_dbdsqr=3.68e-04
  ev5_ec4_n88_s1                                   n=    88  res=     0.100  ortU=     8.400  ortV=     8.500    drift=0.00e+00  t_eval=9.79e-04  t_dbdsqr=1.83e-04
  ev5_ec4_n90_s0                                   n=    90  res=     0.100  ortU=     8.500  ortV=     8.500    drift=0.00e+00  t_eval=1.11e-03  t_dbdsqr=7.33e-05
  ev6_ec1_n43_s3                                   n=    43  res=     0.100  ortU=     8.500  ortV=     8.500    drift=0.00e+00  t_eval=1.89e-04  t_dbdsqr=5.87e-05
  ev6_ec1_n58_s2_gm                                n=   174  res=     0.000  ortU=     8.500  ortV=     8.500    drift=0.00e+00  t_eval=1.09e-02  t_dbdsqr=9.06e-04
  ev6_ec1_n98_s3_gs                                n=   196  res=     0.000  ortU=     8.500  ortV=     8.500    drift=0.00e+00  t_eval=2.45e-02  t_dbdsqr=1.27e-03
  ev7_ec1_n18_s2_gs                                n=    36  res=     0.200  ortU=     8.500  ortV=     8.500    drift=0.00e+00  t_eval=3.90e-04  t_dbdsqr=5.55e-06
  ev7_ec1_n27_s1_gs                                n=    54  res=     0.300  ortU=     8.500  ortV=     8.500    drift=0.00e+00  t_eval=8.52e-04  t_dbdsqr=2.20e-05
  ev9_ec1_n19_s2_gm                                n=    57  res=     0.100  ortU=     8.500  ortV=     8.500    drift=0.00e+00  t_eval=1.07e-03  t_dbdsqr=9.17e-05
  ev9_ec1_n33_s2_gs                                n=    66  res=     0.200  ortU=     8.500  ortV=     8.500    drift=0.00e+00  t_eval=1.63e-03  t_dbdsqr=1.44e-04
  ev9_ec1_n34_s3_gs                                n=    68  res=     0.200  ortU=     8.500  ortV=     8.500    drift=0.00e+00  t_eval=1.73e-03  t_dbdsqr=1.56e-04
  ev9_ec1_n46_s0_gs                                n=    92  res=     0.200  ortU=     8.500  ortV=     8.500    drift=0.00e+00  t_eval=3.23e-03  t_dbdsqr=2.72e-04
  tri3_n11                                         n=    11  res=     0.300  ortU=     8.500  ortV=     8.400    drift=0.00e+00  t_eval=2.49e-05  t_dbdsqr=8.50e-06
  ev1_ec1_n89_s0_gs                                n=   178  res=     0.000  ortU=     8.300  ortV=     8.400    drift=3.65e-16  t_eval=5.89e-04  t_dbdsqr=1.66e-05
  ev1_ec4_n23_s0_gs                                n=    46  res=     0.000  ortU=     8.300  ortV=     8.400    drift=0.00e+00  t_eval=5.87e-05  t_dbdsqr=9.97e-06
  ev2_ec1_n54_s3                                   n=    54  res=     0.100  ortU=     8.400  ortV=     8.400    drift=2.16e-16  t_eval=1.77e-04  t_dbdsqr=6.76e-06
  ev3_ec1_n26_s3                                   n=    26  res=     0.000  ortU=     8.400  ortV=     8.400    drift=0.00e+00  t_eval=7.63e-05  t_dbdsqr=1.70e-05
  ev3_ec1_n53_s3                                   n=    53  res=     0.100  ortU=     8.400  ortV=     8.400    drift=0.00e+00  t_eval=3.19e-04  t_dbdsqr=9.79e-05
  ev3_ec4_n27_s0_gm                                n=    81  res=     0.100  ortU=     8.400  ortV=     8.400    drift=0.00e+00  t_eval=3.10e-03  t_dbdsqr=7.81e-05
  ev3_ec4_n45_s0_gm                                n=   135  res=     0.100  ortU=     8.400  ortV=     8.400    drift=0.00e+00  t_eval=8.50e-03  t_dbdsqr=1.41e-04
  ev4_ec1_n9_s1_gs                                 n=    18  res=     0.200  ortU=     8.400  ortV=     8.400    drift=0.00e+00  t_eval=1.20e-04  t_dbdsqr=1.22e-05
  ev4_ec1_n76_s3_gs                                n=   152  res=     0.000  ortU=     8.400  ortV=     8.400    drift=0.00e+00  t_eval=1.21e-02  t_dbdsqr=3.77e-04
  ev4_ec1_n85_s0                                   n=    85  res=     0.200  ortU=     8.300  ortV=     8.400    drift=0.00e+00  t_eval=5.18e-04  t_dbdsqr=2.07e-04
  ev4_ec4_n88_s0_gm                                n=   264  res=     0.000  ortU=     8.400  ortV=     8.400    drift=0.00e+00  t_eval=2.39e-02  t_dbdsqr=1.95e-03
  ev4_ec4_n94_s2_gm                                n=   282  res=     0.000  ortU=     8.400  ortV=     8.400    drift=0.00e+00  t_eval=2.74e-02  t_dbdsqr=2.16e-03
  ev5_ec1_n8_s3_gs                                 n=    16  res=     0.200  ortU=     8.400  ortV=     8.200    drift=0.00e+00  t_eval=1.26e-04  t_dbdsqr=1.14e-05
  ev5_ec1_n31_s1_gm                                n=    93  res=     0.100  ortU=     8.400  ortV=     8.400    drift=0.00e+00  t_eval=3.36e-03  t_dbdsqr=2.35e-04
  ev5_ec1_n35_s3                                   n=    35  res=     0.000  ortU=     8.400  ortV=     8.400    drift=0.00e+00  t_eval=1.62e-04  t_dbdsqr=2.73e-05
  ev5_ec1_n50_s1                                   n=    50  res=     0.100  ortU=     8.400  ortV=     8.400    drift=0.00e+00  t_eval=2.59e-04  t_dbdsqr=4.23e-05
  ev5_ec4_n36_s1_gm                                n=   108  res=     0.100  ortU=     8.400  ortV=     8.400    drift=0.00e+00  t_eval=5.38e-03  t_dbdsqr=2.38e-04
  ev6_ec1_n19_s2                                   n=    19  res=     0.300  ortU=     8.400  ortV=     8.300    drift=0.00e+00  t_eval=4.36e-05  t_dbdsqr=1.67e-05
  ev6_ec1_n21_s0                                   n=    21  res=     0.100  ortU=     8.400  ortV=     8.400    drift=0.00e+00  t_eval=4.39e-05  t_dbdsqr=2.11e-05
  ev6_ec1_n22_s1                                   n=    22  res=     0.200  ortU=     8.400  ortV=     8.400    drift=0.00e+00  t_eval=4.58e-05  t_dbdsqr=2.04e-05
  ev6_ec1_n49_s0                                   n=    49  res=     0.100  ortU=     8.400  ortV=     8.400    drift=0.00e+00  t_eval=2.36e-04  t_dbdsqr=1.05e-04
  ev6_ec1_n52_s2                                   n=    52  res=     0.100  ortU=     8.400  ortV=     8.400    drift=0.00e+00  t_eval=3.65e-04  t_dbdsqr=9.29e-05
  ev6_ec1_n63_s2_gm                                n=   189  res=     0.100  ortU=     8.400  ortV=     8.400    drift=0.00e+00  t_eval=1.32e-02  t_dbdsqr=1.02e-03
  ev6_ec1_n85_s1                                   n=    85  res=     0.100  ortU=     8.400  ortV=     8.400    drift=0.00e+00  t_eval=8.16e-04  t_dbdsqr=2.61e-04
  ev7_ec1_n31_s1_gs                                n=    62  res=     0.200  ortU=     8.400  ortV=     8.400    drift=0.00e+00  t_eval=1.09e-03  t_dbdsqr=6.75e-06
  ev7_ec1_n37_s2                                   n=    37  res=     0.400  ortU=     8.400  ortV=     8.400    drift=0.00e+00  t_eval=3.39e-04  t_dbdsqr=4.12e-06
  ev7_ec1_n83_s3_gs                                n=   166  res=     0.000  ortU=     8.400  ortV=     8.400    drift=0.00e+00  t_eval=8.90e-03  t_dbdsqr=4.66e-04
  ev8_ec1_n69_s2_gm                                n=   207  res=     0.100  ortU=     8.400  ortV=     8.400    drift=0.00e+00  t_eval=1.52e-02  t_dbdsqr=1.59e-03
  tri2_n34                                         n=    34  res=     0.300  ortU=     8.300  ortV=     8.400    drift=0.00e+00  t_eval=8.88e-05  t_dbdsqr=3.33e-05
  tri2_n66_gs                                      n=   132  res=     0.100  ortU=     8.400  ortV=     8.400    drift=0.00e+00  t_eval=5.73e-03  t_dbdsqr=4.24e-04
  tri3_n27_gm                                      n=    81  res=     0.100  ortU=     8.400  ortV=     8.400    drift=0.00e+00  t_eval=2.57e-03  t_dbdsqr=1.98e-04
  tri6_n43_gs                                      n=    86  res=     0.100  ortU=     8.400  ortV=     8.400    drift=0.00e+00  t_eval=3.86e-03  t_dbdsqr=1.88e-04
  tri6_n53_gm                                      n=   159  res=     0.100  ortU=     8.400  ortV=     8.400    drift=0.00e+00  t_eval=7.34e-03  t_dbdsqr=7.07e-04
  bid2_n125_s3                                     n=   125  res=     0.100  ortU=     8.400  ortV=     8.400    drift=0.00e+00  t_eval=9.96e-04  t_dbdsqr=3.76e-04
  ev3_ec1_n27_s3                                   n=    27  res=     0.100  ortU=     8.300  ortV=     8.300    drift=0.00e+00  t_eval=8.27e-05  t_dbdsqr=1.87e-05
  ev3_ec1_n37_s0                                   n=    37  res=     0.100  ortU=     8.300  ortV=     8.300    drift=0.00e+00  t_eval=1.68e-04  t_dbdsqr=5.51e-05
  ev3_ec1_n40_s0_gm                                n=   120  res=     0.000  ortU=     8.300  ortV=     8.300    drift=0.00e+00  t_eval=6.08e-03  t_dbdsqr=3.39e-04
  ev3_ec1_n41_s3                                   n=    41  res=     0.200  ortU=     8.300  ortV=     8.300    drift=0.00e+00  t_eval=2.01e-04  t_dbdsqr=6.55e-05
  ev3_ec1_n86_s1                                   n=    86  res=     0.100  ortU=     8.300  ortV=     8.300    drift=0.00e+00  t_eval=6.65e-04  t_dbdsqr=1.20e-04
  ev3_ec1_n90_s1_gm                                n=   270  res=     0.000  ortU=     8.300  ortV=     8.300    drift=0.00e+00  t_eval=3.21e-02  t_dbdsqr=1.23e-03
  ev3_ec1_n97_s3                                   n=    97  res=     0.100  ortU=     8.300  ortV=     8.300    drift=0.00e+00  t_eval=9.72e-04  t_dbdsqr=2.38e-04
  ev3_ec4_n19_s3_gm                                n=    57  res=     0.100  ortU=     8.300  ortV=     8.300    drift=0.00e+00  t_eval=1.57e-03  t_dbdsqr=5.34e-05
  ev3_ec4_n34_s1                                   n=    34  res=     0.100  ortU=     8.200  ortV=     8.300    drift=0.00e+00  t_eval=1.43e-04  t_dbdsqr=1.91e-05
  ev3_ec4_n47_s0_gm                                n=   141  res=     0.100  ortU=     8.300  ortV=     8.300    drift=0.00e+00  t_eval=9.57e-03  t_dbdsqr=1.49e-04
  ev3_ec4_n48_s0_gm                                n=   144  res=     0.000  ortU=     8.300  ortV=     8.300    drift=0.00e+00  t_eval=9.94e-03  t_dbdsqr=1.57e-04
  ev3_ec4_n69_s1_gm                                n=   207  res=     0.000  ortU=     8.300  ortV=     8.300    drift=0.00e+00  t_eval=2.02e-02  t_dbdsqr=2.75e-04
  ev4_ec1_n41_s3_gs                                n=    82  res=     0.000  ortU=     8.300  ortV=     8.300    drift=0.00e+00  t_eval=3.00e-03  t_dbdsqr=1.07e-04
  ev4_ec1_n57_s3_gs                                n=   114  res=     0.000  ortU=     8.300  ortV=     8.300    drift=0.00e+00  t_eval=6.35e-03  t_dbdsqr=2.03e-04
  ev4_ec1_n78_s3_gs                                n=   156  res=     0.000  ortU=     8.300  ortV=     8.300    drift=0.00e+00  t_eval=1.27e-02  t_dbdsqr=4.09e-04
  ev4_ec4_n54_s2_gm                                n=   162  res=     0.100  ortU=     8.300  ortV=     8.300    drift=0.00e+00  t_eval=7.19e-03  t_dbdsqr=7.88e-04
  ev5_ec1_n10_s3                                   n=    10  res=     0.100  ortU=     8.200  ortV=     8.300    drift=0.00e+00  t_eval=1.85e-05  t_dbdsqr=8.96e-06
  ev5_ec1_n23_s0                                   n=    23  res=     0.100  ortU=     8.300  ortV=     8.300    drift=0.00e+00  t_eval=7.84e-05  t_dbdsqr=2.89e-05
  ev5_ec1_n31_s0                                   n=    31  res=     0.000  ortU=     8.300  ortV=     8.300    drift=0.00e+00  t_eval=1.26e-04  t_dbdsqr=4.15e-05
  ev5_ec1_n63_s2                                   n=    63  res=     0.100  ortU=     8.300  ortV=     8.300    drift=0.00e+00  t_eval=4.09e-04  t_dbdsqr=1.06e-04
  ev5_ec1_n73_s2_gs                                n=   146  res=     0.000  ortU=     8.300  ortV=     8.300    drift=0.00e+00  t_eval=1.11e-02  t_dbdsqr=3.38e-04
  ev5_ec1_n87_s2                                   n=    87  res=     0.100  ortU=     8.300  ortV=     8.300    drift=0.00e+00  t_eval=7.86e-04  t_dbdsqr=1.15e-04
  ev5_ec4_n63_s0_gm                                n=   189  res=     0.000  ortU=     8.300  ortV=     8.300    drift=0.00e+00  t_eval=1.68e-02  t_dbdsqr=2.07e-04
  ev6_ec1_n14_s3                                   n=    14  res=     0.200  ortU=     8.300  ortV=     8.200    drift=0.00e+00  t_eval=2.30e-05  t_dbdsqr=1.12e-05
  ev6_ec1_n42_s1                                   n=    42  res=     0.200  ortU=     8.300  ortV=     8.300    drift=0.00e+00  t_eval=1.64e-04  t_dbdsqr=6.01e-05
  ev6_ec1_n70_s2                                   n=    70  res=     0.100  ortU=     8.200  ortV=     8.300    drift=0.00e+00  t_eval=6.60e-04  t_dbdsqr=2.12e-04
  ev7_ec1_n62_s2_gm                                n=   186  res=     0.000  ortU=     8.300  ortV=     8.300    drift=0.00e+00  t_eval=1.50e-02  t_dbdsqr=2.56e-04
  ev7_ec1_n78_s0_gm                                n=   234  res=     0.000  ortU=     8.300  ortV=     8.300    drift=0.00e+00  t_eval=2.36e-02  t_dbdsqr=6.07e-04
  ev8_ec1_n13_s0_gm                                n=    39  res=     0.300  ortU=     8.300  ortV=     8.300    drift=0.00e+00  t_eval=4.50e-04  t_dbdsqr=9.06e-05
  tri2_n88                                         n=    88  res=     0.200  ortU=     8.300  ortV=     8.300    drift=0.00e+00  t_eval=5.13e-04  t_dbdsqr=1.57e-04
  tri3_n17                                         n=    17  res=     0.200  ortU=     8.200  ortV=     8.300    drift=0.00e+00  t_eval=6.73e-05  t_dbdsqr=1.51e-05
  tri5_n30                                         n=    30  res=     0.300  ortU=     8.200  ortV=     8.300    drift=0.00e+00  t_eval=7.46e-05  t_dbdsqr=3.10e-05
  tri5_n68                                         n=    68  res=     0.200  ortU=     8.200  ortV=     8.300    drift=0.00e+00  t_eval=3.30e-04  t_dbdsqr=1.03e-04
  ev2_ec1_n53_s3                                   n=    53  res=     0.100  ortU=     8.200  ortV=     8.200    drift=2.17e-16  t_eval=2.65e-04  t_dbdsqr=5.99e-06
  ev2_ec4_n78_s1_gm                                n=   234  res=     0.000  ortU=     8.200  ortV=     8.200    drift=0.00e+00  t_eval=2.04e-03  t_dbdsqr=1.79e-05
  ev3_ec4_n40_s2_gs                                n=    80  res=     0.000  ortU=     8.200  ortV=     8.200    drift=0.00e+00  t_eval=4.66e-04  t_dbdsqr=1.17e-04
  ev3_ec4_n94_s0                                   n=    94  res=     0.100  ortU=     8.200  ortV=     8.200    drift=1.55e-16  t_eval=1.06e-03  t_dbdsqr=9.73e-05
  ev3_ec4_n94_s1_gm                                n=   282  res=     0.000  ortU=     8.200  ortV=     8.200    drift=0.00e+00  t_eval=3.79e-02  t_dbdsqr=6.73e-04
  ev4_ec1_n46_s0_gs                                n=    92  res=     0.000  ortU=     8.200  ortV=     8.200    drift=0.00e+00  t_eval=4.00e-03  t_dbdsqr=1.44e-04
  ev4_ec1_n69_s0_gm                                n=   207  res=     0.100  ortU=     8.200  ortV=     8.200    drift=0.00e+00  t_eval=1.32e-02  t_dbdsqr=1.26e-03
  ev4_ec4_n10_s2_gs                                n=    20  res=     0.100  ortU=     8.000  ortV=     8.200    drift=0.00e+00  t_eval=1.51e-04  t_dbdsqr=1.36e-05
  ev4_ec4_n55_s3_gm                                n=   165  res=     0.100  ortU=     8.200  ortV=     8.200    drift=0.00e+00  t_eval=7.93e-03  t_dbdsqr=8.18e-04
  ev5_ec1_n56_s0                                   n=    56  res=     0.100  ortU=     8.200  ortV=     8.200    drift=0.00e+00  t_eval=3.64e-04  t_dbdsqr=9.52e-05
  ev5_ec1_n76_s3                                   n=    76  res=     0.000  ortU=     8.200  ortV=     8.200    drift=0.00e+00  t_eval=7.17e-04  t_dbdsqr=1.58e-04
  ev5_ec4_n19_s2                                   n=    19  res=     0.200  ortU=     8.200  ortV=     8.100    drift=0.00e+00  t_eval=5.93e-05  t_dbdsqr=8.46e-06
  ev5_ec4_n30_s2_gm                                n=    90  res=     0.100  ortU=     8.200  ortV=     8.100    drift=3.91e-16  t_eval=4.63e-04  t_dbdsqr=8.06e-05
  ev5_ec4_n40_s2                                   n=    40  res=     0.300  ortU=     8.200  ortV=     8.200    drift=3.82e-16  t_eval=1.97e-04  t_dbdsqr=1.89e-05
  ev5_ec4_n69_s2_gm                                n=   207  res=     0.100  ortU=     8.200  ortV=     8.200    drift=0.00e+00  t_eval=2.02e-02  t_dbdsqr=3.19e-04
  ev6_ec1_n42_s3                                   n=    42  res=     0.200  ortU=     8.200  ortV=     8.200    drift=0.00e+00  t_eval=1.92e-04  t_dbdsqr=5.97e-05
  ev6_ec1_n89_s1_gm                                n=   267  res=     0.100  ortU=     8.200  ortV=     8.200    drift=0.00e+00  t_eval=3.07e-02  t_dbdsqr=2.01e-03
  ev7_ec1_n82_s1_gm                                n=   246  res=     0.000  ortU=     8.200  ortV=     8.200    drift=0.00e+00  t_eval=2.68e-02  t_dbdsqr=6.98e-04
  ev8_ec1_n64_s1_gm                                n=   192  res=     0.000  ortU=     8.200  ortV=     8.200    drift=0.00e+00  t_eval=1.34e-02  t_dbdsqr=1.40e-03
  ev9_ec1_n14_s0_gs                                n=    28  res=     0.200  ortU=     8.200  ortV=     8.200    drift=0.00e+00  t_eval=2.54e-04  t_dbdsqr=2.90e-05
  ev9_ec1_n44_s1_gm                                n=   132  res=     0.100  ortU=     8.200  ortV=     8.200    drift=0.00e+00  t_eval=7.21e-03  t_dbdsqr=6.91e-04
  tri2_n35_gs                                      n=    70  res=     0.300  ortU=     8.200  ortV=     8.200    drift=0.00e+00  t_eval=1.57e-03  t_dbdsqr=6.82e-05
  tri2_n43                                         n=    43  res=     0.200  ortU=     8.200  ortV=     8.200    drift=0.00e+00  t_eval=1.32e-04  t_dbdsqr=4.66e-05
  tri2_n55                                         n=    55  res=     0.200  ortU=     8.200  ortV=     8.200    drift=0.00e+00  t_eval=2.01e-04  t_dbdsqr=6.87e-05
  tri3_n14                                         n=    14  res=     0.400  ortU=     8.200  ortV=     8.200    drift=0.00e+00  t_eval=3.37e-05  t_dbdsqr=1.09e-05
  tri3_n47_gm                                      n=   141  res=     0.100  ortU=     8.200  ortV=     8.200    drift=0.00e+00  t_eval=1.06e-02  t_dbdsqr=4.77e-04
  tri4_n20_gs                                      n=    40  res=     0.100  ortU=     8.100  ortV=     8.200    drift=0.00e+00  t_eval=5.58e-04  t_dbdsqr=3.00e-05
  ev2_ec1_n46_s3_gs                                n=    92  res=     0.200  ortU=     8.100  ortV=     8.100    drift=0.00e+00  t_eval=3.10e-04  t_dbdsqr=9.13e-06
  ev2_ec4_n80_s1                                   n=    80  res=     0.100  ortU=     8.100  ortV=     8.100    drift=2.14e-16  t_eval=3.39e-04  t_dbdsqr=7.85e-06
  ev3_ec1_n40_s2                                   n=    40  res=     0.100  ortU=     8.100  ortV=     8.100    drift=0.00e+00  t_eval=1.58e-04  t_dbdsqr=3.36e-05
  ev3_ec1_n91_s1                                   n=    91  res=     0.100  ortU=     8.100  ortV=     8.100    drift=0.00e+00  t_eval=8.39e-04  t_dbdsqr=2.16e-04
  ev3_ec4_n53_s2                                   n=    53  res=     0.100  ortU=     8.000  ortV=     8.100    drift=0.00e+00  t_eval=3.33e-04  t_dbdsqr=3.49e-05
  ev3_ec4_n96_s3_gm                                n=   288  res=     0.000  ortU=     8.100  ortV=     8.100    drift=0.00e+00  t_eval=3.94e-02  t_dbdsqr=4.42e-04
  ev4_ec1_n22_s0_gs                                n=    44  res=     0.100  ortU=     8.100  ortV=     8.100    drift=0.00e+00  t_eval=7.55e-04  t_dbdsqr=4.34e-05
  ev4_ec1_n50_s3                                   n=    50  res=     0.400  ortU=     8.100  ortV=     8.000    drift=0.00e+00  t_eval=2.08e-04  t_dbdsqr=8.94e-05
  ev4_ec1_n69_s3_gm                                n=   207  res=     0.000  ortU=     8.100  ortV=     8.100    drift=0.00e+00  t_eval=1.33e-02  t_dbdsqr=1.23e-03
  ev4_ec1_n85_s3_gs                                n=   170  res=     0.000  ortU=     8.100  ortV=     8.100    drift=0.00e+00  t_eval=1.54e-02  t_dbdsqr=4.19e-04
  ev4_ec1_n91_s0_gm                                n=   273  res=     0.000  ortU=     8.100  ortV=     8.100    drift=0.00e+00  t_eval=2.58e-02  t_dbdsqr=2.06e-03
  ev4_ec4_n17_s1_gs                                n=    34  res=     0.100  ortU=     8.100  ortV=     8.000    drift=0.00e+00  t_eval=4.01e-04  t_dbdsqr=2.55e-05
  ev4_ec4_n57_s3_gm                                n=   171  res=     0.100  ortU=     8.100  ortV=     8.100    drift=0.00e+00  t_eval=8.77e-03  t_dbdsqr=9.02e-04
  ev4_ec4_n64_s3_gm                                n=   192  res=     0.100  ortU=     8.100  ortV=     8.100    drift=0.00e+00  t_eval=1.15e-02  t_dbdsqr=1.10e-03
  ev4_ec4_n79_s1_gm                                n=   237  res=     0.000  ortU=     8.100  ortV=     8.100    drift=0.00e+00  t_eval=1.86e-02  t_dbdsqr=1.60e-03
  ev4_ec4_n85_s3_gs                                n=   170  res=     0.000  ortU=     8.100  ortV=     8.100    drift=0.00e+00  t_eval=1.52e-02  t_dbdsqr=4.78e-04
  ev5_ec1_n40_s3                                   n=    40  res=     0.100  ortU=     8.100  ortV=     8.100    drift=0.00e+00  t_eval=1.98e-04  t_dbdsqr=3.30e-05
  ev5_ec1_n68_s3                                   n=    68  res=     0.100  ortU=     8.100  ortV=     8.100    drift=0.00e+00  t_eval=5.41e-04  t_dbdsqr=7.76e-05
  ev5_ec1_n75_s1_gm                                n=   225  res=     0.100  ortU=     8.100  ortV=     8.100    drift=0.00e+00  t_eval=2.30e-02  t_dbdsqr=8.12e-04
  ev5_ec4_n29_s0_gm                                n=    87  res=     0.100  ortU=     8.100  ortV=     8.100    drift=0.00e+00  t_eval=3.56e-03  t_dbdsqr=8.29e-05
  ev5_ec4_n78_s1                                   n=    78  res=     0.100  ortU=     8.100  ortV=     8.100    drift=0.00e+00  t_eval=6.74e-04  t_dbdsqr=6.25e-05
  ev6_ec1_n21_s3                                   n=    21  res=     0.300  ortU=     8.000  ortV=     8.100    drift=0.00e+00  t_eval=4.37e-05  t_dbdsqr=2.10e-05
  ev6_ec1_n38_s1                                   n=    38  res=     0.100  ortU=     8.100  ortV=     8.100    drift=0.00e+00  t_eval=1.35e-04  t_dbdsqr=5.00e-05
  ev6_ec1_n40_s0                                   n=    40  res=     0.100  ortU=     8.100  ortV=     8.100    drift=0.00e+00  t_eval=1.46e-04  t_dbdsqr=6.80e-05
  ev6_ec1_n44_s1                                   n=    44  res=     0.100  ortU=     8.100  ortV=     8.100    drift=0.00e+00  t_eval=1.89e-04  t_dbdsqr=6.51e-05
  ev6_ec1_n84_s2_gm                                n=   252  res=     0.000  ortU=     8.100  ortV=     8.100    drift=0.00e+00  t_eval=2.29e-02  t_dbdsqr=1.82e-03
  ev6_ec1_n86_s1_gs                                n=   172  res=     0.000  ortU=     8.100  ortV=     8.100    drift=0.00e+00  t_eval=1.82e-02  t_dbdsqr=4.35e-04
  ev6_ec1_n88_s0_gm                                n=   264  res=     0.100  ortU=     8.100  ortV=     8.100    drift=0.00e+00  t_eval=2.47e-02  t_dbdsqr=1.98e-03
  ev7_ec1_n32_s0_gm                                n=    96  res=     0.100  ortU=     8.000  ortV=     8.100    drift=0.00e+00  t_eval=3.85e-03  t_dbdsqr=9.22e-06
  ev7_ec1_n38_s1_gm                                n=   114  res=     0.100  ortU=     8.100  ortV=     8.100    drift=0.00e+00  t_eval=5.96e-03  t_dbdsqr=3.21e-05
  ev7_ec1_n52_s1_gm                                n=   156  res=     0.000  ortU=     8.100  ortV=     8.100    drift=0.00e+00  t_eval=1.12e-02  t_dbdsqr=2.86e-04
  ev8_ec1_n29_s0_gm                                n=    87  res=     0.100  ortU=     8.100  ortV=     8.100    drift=0.00e+00  t_eval=2.21e-03  t_dbdsqr=3.05e-04
  ev9_ec1_n91_s0_gm                                n=   273  res=     0.100  ortU=     8.100  ortV=     8.100    drift=0.00e+00  t_eval=3.23e-02  t_dbdsqr=2.64e-03
  tri2_n59                                         n=    59  res=     0.200  ortU=     8.100  ortV=     8.100    drift=0.00e+00  t_eval=2.35e-04  t_dbdsqr=7.54e-05
  tri3_n99_gs                                      n=   198  res=     0.100  ortU=     8.100  ortV=     8.100    drift=0.00e+00  t_eval=2.38e-02  t_dbdsqr=5.82e-04
  tri4_n75_gs                                      n=   150  res=     0.000  ortU=     8.100  ortV=     8.100    drift=0.00e+00  t_eval=1.13e-02  t_dbdsqr=2.54e-04
  tri4_n98                                         n=    98  res=     0.200  ortU=     8.100  ortV=     8.100    drift=0.00e+00  t_eval=6.08e-04  t_dbdsqr=2.06e-04
  tri6_n55_gm                                      n=   165  res=     0.000  ortU=     8.000  ortV=     8.100    drift=0.00e+00  t_eval=7.61e-03  t_dbdsqr=7.77e-04
  tri6_n85_gs                                      n=   170  res=     0.100  ortU=     8.100  ortV=     8.100    drift=0.00e+00  t_eval=1.67e-02  t_dbdsqr=6.93e-04
  bid2_n500_s0                                     n=   500  res=     0.100  ortU=     8.100  ortV=     8.100    drift=0.00e+00  t_eval=2.11e-02  t_dbdsqr=5.20e-03
  ev3_ec4_n61_s0                                   n=    61  res=     0.100  ortU=     8.000  ortV=     8.000    drift=0.00e+00  t_eval=5.38e-04  t_dbdsqr=1.20e-04
  ev3_ec4_n90_s2_gm                                n=   270  res=     0.000  ortU=     8.000  ortV=     8.000    drift=0.00e+00  t_eval=3.49e-02  t_dbdsqr=4.05e-04
  ev4_ec1_n50_s0_gs                                n=   100  res=     0.000  ortU=     8.000  ortV=     8.000    drift=0.00e+00  t_eval=4.79e-03  t_dbdsqr=1.60e-04
  ev4_ec4_n5_s0_gs                                 n=    10  res=     0.400  ortU=     8.000  ortV=     7.600    drift=0.00e+00  t_eval=3.81e-05  t_dbdsqr=7.31e-06
  ev4_ec4_n54_s2_gs                                n=   108  res=     0.000  ortU=     8.000  ortV=     8.000    drift=0.00e+00  t_eval=5.56e-03  t_dbdsqr=2.01e-04
  ev4_ec4_n86_s3_gm                                n=   258  res=     0.000  ortU=     8.000  ortV=     7.900    drift=0.00e+00  t_eval=2.25e-02  t_dbdsqr=1.87e-03
  ev4_ec4_n92_s2                                   n=    92  res=     0.200  ortU=     8.000  ortV=     8.000    drift=0.00e+00  t_eval=6.51e-04  t_dbdsqr=2.84e-04
  ev5_ec1_n94_s1                                   n=    94  res=     0.100  ortU=     8.000  ortV=     8.000    drift=0.00e+00  t_eval=9.11e-04  t_dbdsqr=1.37e-04
  ev5_ec4_n36_s0_gm                                n=   108  res=     0.100  ortU=     8.000  ortV=     8.000    drift=0.00e+00  t_eval=5.18e-03  t_dbdsqr=1.07e-04
  ev5_ec4_n75_s1_gm                                n=   225  res=     0.000  ortU=     8.000  ortV=     8.000    drift=0.00e+00  t_eval=2.33e-02  t_dbdsqr=3.16e-04
  ev5_ec4_n87_s2                                   n=    87  res=     0.100  ortU=     8.000  ortV=     8.000    drift=0.00e+00  t_eval=9.86e-04  t_dbdsqr=6.69e-05
  ev5_ec4_n92_s2                                   n=    92  res=     0.200  ortU=     8.000  ortV=     8.000    drift=0.00e+00  t_eval=1.14e-03  t_dbdsqr=7.29e-05
  ev6_ec1_n25_s1_gs                                n=    50  res=     0.100  ortU=     7.900  ortV=     8.000    drift=0.00e+00  t_eval=1.12e-03  t_dbdsqr=5.42e-05
  ev6_ec1_n87_s2                                   n=    87  res=     0.100  ortU=     8.000  ortV=     8.000    drift=0.00e+00  t_eval=9.44e-04  t_dbdsqr=2.90e-04
  ev7_ec1_n42_s2_gm                                n=   126  res=     0.000  ortU=     8.000  ortV=     8.000    drift=0.00e+00  t_eval=7.26e-03  t_dbdsqr=2.72e-04
  ev8_ec1_n30_s2_gm                                n=    90  res=     0.000  ortU=     8.000  ortV=     8.000    drift=0.00e+00  t_eval=2.16e-03  t_dbdsqr=3.14e-04
  ev9_ec1_n53_s3_gs                                n=   106  res=     0.100  ortU=     7.900  ortV=     8.000    drift=0.00e+00  t_eval=4.49e-03  t_dbdsqr=3.61e-04
  tri5_n27                                         n=    27  res=     0.300  ortU=     8.000  ortV=     8.000    drift=0.00e+00  t_eval=6.26e-05  t_dbdsqr=2.40e-05
  ev2_ec4_n27_s0                                   n=    27  res=     0.200  ortU=     7.900  ortV=     7.800    drift=1.28e-16  t_eval=9.27e-05  t_dbdsqr=3.27e-06
  ev3_ec1_n16_s3_gm                                n=    48  res=     0.100  ortU=     7.900  ortV=     7.900    drift=0.00e+00  t_eval=9.39e-04  t_dbdsqr=7.25e-05
  ev3_ec1_n25_s2                                   n=    25  res=     0.100  ortU=     7.900  ortV=     7.900    drift=0.00e+00  t_eval=7.21e-05  t_dbdsqr=1.58e-05
  ev3_ec1_n40_s1_gm                                n=   120  res=     0.000  ortU=     7.900  ortV=     7.900    drift=0.00e+00  t_eval=6.01e-03  t_dbdsqr=3.38e-04
  ev3_ec1_n73_s0                                   n=    73  res=     0.100  ortU=     7.800  ortV=     7.900    drift=0.00e+00  t_eval=5.71e-04  t_dbdsqr=1.64e-04
  ev3_ec4_n56_s1                                   n=    56  res=     0.100  ortU=     7.900  ortV=     7.900    drift=0.00e+00  t_eval=3.70e-04  t_dbdsqr=3.93e-05
  ev4_ec1_n71_s1_gs                                n=   142  res=     0.000  ortU=     7.900  ortV=     7.900    drift=0.00e+00  t_eval=1.07e-02  t_dbdsqr=3.07e-04
  ev4_ec4_n41_s2_gm                                n=   123  res=     0.000  ortU=     7.900  ortV=     7.900    drift=0.00e+00  t_eval=4.13e-03  t_dbdsqr=4.84e-04
  ev4_ec4_n45_s1_gm                                n=   135  res=     0.100  ortU=     7.900  ortV=     7.900    drift=0.00e+00  t_eval=4.98e-03  t_dbdsqr=5.69e-04
  ev4_ec4_n70_s1_gm                                n=   210  res=     0.000  ortU=     7.800  ortV=     7.900    drift=0.00e+00  t_eval=1.41e-02  t_dbdsqr=1.30e-03
  ev5_ec1_n10_s3_gs                                n=    20  res=     0.100  ortU=     7.800  ortV=     7.900    drift=0.00e+00  t_eval=1.95e-04  t_dbdsqr=1.72e-05
  ev5_ec1_n10_s3_gm                                n=    30  res=     0.100  ortU=     7.600  ortV=     7.900    drift=0.00e+00  t_eval=2.76e-04  t_dbdsqr=3.56e-05
  ev5_ec1_n80_s1                                   n=    80  res=     0.100  ortU=     7.900  ortV=     7.900    drift=0.00e+00  t_eval=6.26e-04  t_dbdsqr=1.05e-04
  ev5_ec1_n97_s2                                   n=    97  res=     0.100  ortU=     7.900  ortV=     7.900    drift=0.00e+00  t_eval=1.03e-03  t_dbdsqr=2.09e-04
  ev5_ec4_n40_s3                                   n=    40  res=     0.100  ortU=     7.800  ortV=     7.900    drift=0.00e+00  t_eval=2.32e-04  t_dbdsqr=5.63e-05
  ev5_ec4_n46_s2_gs                                n=    92  res=     0.100  ortU=     7.900  ortV=     7.900    drift=0.00e+00  t_eval=5.85e-04  t_dbdsqr=5.18e-05
  ev5_ec4_n53_s2_gs                                n=   106  res=     0.100  ortU=     7.900  ortV=     7.900    drift=0.00e+00  t_eval=7.70e-04  t_dbdsqr=5.93e-05
  ev5_ec4_n73_s0_gm                                n=   219  res=     0.000  ortU=     7.900  ortV=     7.900    drift=0.00e+00  t_eval=2.27e-02  t_dbdsqr=2.58e-04
  ev6_ec1_n24_s1                                   n=    24  res=     0.200  ortU=     7.800  ortV=     7.900    drift=0.00e+00  t_eval=5.53e-05  t_dbdsqr=2.56e-05
  ev6_ec1_n24_s2                                   n=    24  res=     0.200  ortU=     7.900  ortV=     7.800    drift=0.00e+00  t_eval=7.09e-05  t_dbdsqr=2.27e-05
  ev6_ec1_n30_s3_gm                                n=    90  res=     0.100  ortU=     7.900  ortV=     7.900    drift=0.00e+00  t_eval=2.37e-03  t_dbdsqr=2.62e-04
  ev6_ec1_n31_s1                                   n=    31  res=     0.100  ortU=     7.900  ortV=     7.900    drift=0.00e+00  t_eval=8.02e-05  t_dbdsqr=3.23e-05
  ev6_ec1_n75_s2                                   n=    75  res=     0.100  ortU=     7.900  ortV=     7.900    drift=0.00e+00  t_eval=6.75e-04  t_dbdsqr=1.84e-04
  ev6_ec1_n82_s2_gs                                n=   164  res=     0.000  ortU=     7.900  ortV=     7.900    drift=0.00e+00  t_eval=1.67e-02  t_dbdsqr=5.36e-04
  ev6_ec1_n89_s3                                   n=    89  res=     0.100  ortU=     7.900  ortV=     7.900    drift=0.00e+00  t_eval=8.86e-04  t_dbdsqr=2.26e-04
  ev6_ec1_n89_s3_gm                                n=   267  res=     0.000  ortU=     7.900  ortV=     7.900    drift=0.00e+00  t_eval=3.20e-02  t_dbdsqr=2.19e-03
  ev6_ec1_n99_s1_gm                                n=   297  res=     0.000  ortU=     7.900  ortV=     7.900    drift=0.00e+00  t_eval=3.61e-02  t_dbdsqr=2.42e-03
  ev8_ec1_n96_s2_gm                                n=   288  res=     0.100  ortU=     7.900  ortV=     7.900    drift=0.00e+00  t_eval=3.13e-02  t_dbdsqr=3.04e-03
  tri2_n65                                         n=    65  res=     0.200  ortU=     7.900  ortV=     7.900    drift=0.00e+00  t_eval=3.00e-04  t_dbdsqr=8.92e-05
  tri2_n86                                         n=    86  res=     0.200  ortU=     7.900  ortV=     7.900    drift=0.00e+00  t_eval=5.08e-04  t_dbdsqr=1.53e-04
  tri5_n84_gs                                      n=   168  res=     0.000  ortU=     7.900  ortV=     7.900    drift=0.00e+00  t_eval=9.02e-03  t_dbdsqr=3.03e-04
  ev2_ec4_n86_s2                                   n=    86  res=     0.100  ortU=     7.800  ortV=     7.800    drift=0.00e+00  t_eval=8.78e-04  t_dbdsqr=7.93e-06
  ev3_ec1_n8_s3                                    n=     8  res=     0.200  ortU=     7.700  ortV=     7.800    drift=0.00e+00  t_eval=1.87e-05  t_dbdsqr=8.59e-06
  ev3_ec1_n9_s1                                    n=     9  res=     0.100  ortU=     7.600  ortV=     7.800    drift=0.00e+00  t_eval=2.20e-05  t_dbdsqr=5.67e-06
  ev3_ec1_n16_s1                                   n=    16  res=     0.200  ortU=     7.800  ortV=     7.700    drift=0.00e+00  t_eval=3.33e-05  t_dbdsqr=9.14e-06
  ev3_ec1_n18_s0                                   n=    18  res=     0.100  ortU=     7.800  ortV=     7.800    drift=0.00e+00  t_eval=4.48e-05  t_dbdsqr=1.16e-05
  ev3_ec1_n57_s1                                   n=    57  res=     0.100  ortU=     7.800  ortV=     7.800    drift=0.00e+00  t_eval=3.61e-04  t_dbdsqr=1.04e-04
  ev3_ec1_n60_s1                                   n=    60  res=     0.100  ortU=     7.800  ortV=     7.800    drift=0.00e+00  t_eval=3.90e-04  t_dbdsqr=1.13e-04
  ev3_ec4_n8_s3_gm                                 n=    24  res=     0.200  ortU=     7.600  ortV=     7.800    drift=0.00e+00  t_eval=2.85e-04  t_dbdsqr=3.09e-05
  ev3_ec4_n38_s1_gm                                n=   114  res=     0.000  ortU=     7.800  ortV=     7.700    drift=0.00e+00  t_eval=6.10e-03  t_dbdsqr=1.25e-04
  ev4_ec1_n38_s2_gs                                n=    76  res=     0.000  ortU=     7.800  ortV=     7.800    drift=0.00e+00  t_eval=2.46e-03  t_dbdsqr=8.64e-05
  ev4_ec1_n89_s3                                   n=    89  res=     0.200  ortU=     7.800  ortV=     7.800    drift=0.00e+00  t_eval=5.72e-04  t_dbdsqr=2.22e-04
  ev4_ec1_n89_s3_gm                                n=   267  res=     0.000  ortU=     7.800  ortV=     7.800    drift=0.00e+00  t_eval=2.38e-02  t_dbdsqr=2.01e-03
  ev4_ec4_n34_s1_gs                                n=    68  res=     0.000  ortU=     7.800  ortV=     7.700    drift=0.00e+00  t_eval=1.97e-03  t_dbdsqr=8.03e-05
  ev4_ec4_n69_s2_gm                                n=   207  res=     0.100  ortU=     7.800  ortV=     7.800    drift=0.00e+00  t_eval=1.43e-02  t_dbdsqr=1.23e-03
  ev5_ec1_n12_s0                                   n=    12  res=     0.100  ortU=     7.800  ortV=     7.800    drift=0.00e+00  t_eval=2.81e-05  t_dbdsqr=8.85e-06
  ev5_ec1_n29_s2                                   n=    29  res=     0.100  ortU=     7.700  ortV=     7.800    drift=0.00e+00  t_eval=1.22e-04  t_dbdsqr=3.58e-05
  ev5_ec4_n15_s2_gs                                n=    30  res=     0.200  ortU=     7.800  ortV=     7.800    drift=0.00e+00  t_eval=4.20e-04  t_dbdsqr=1.21e-05
  ev6_ec1_n39_s1                                   n=    39  res=     0.200  ortU=     7.700  ortV=     7.800    drift=0.00e+00  t_eval=1.39e-04  t_dbdsqr=5.10e-05
  ev6_ec1_n45_s0_gm                                n=   135  res=     0.000  ortU=     7.800  ortV=     7.800    drift=0.00e+00  t_eval=4.96e-03  t_dbdsqr=5.54e-04
  ev6_ec1_n78_s0_gm                                n=   234  res=     0.000  ortU=     7.800  ortV=     7.800    drift=0.00e+00  t_eval=1.66e-02  t_dbdsqr=1.60e-03
  ev6_ec1_n79_s3_gs                                n=   158  res=     0.200  ortU=     7.800  ortV=     7.800    drift=0.00e+00  t_eval=1.56e-02  t_dbdsqr=3.60e-04
  ev6_ec1_n85_s2                                   n=    85  res=     0.100  ortU=     7.800  ortV=     7.700    drift=0.00e+00  t_eval=8.48e-04  t_dbdsqr=2.09e-04
  ev6_ec1_n92_s1_gm                                n=   276  res=     0.100  ortU=     7.800  ortV=     7.800    drift=0.00e+00  t_eval=3.38e-02  t_dbdsqr=2.13e-03
  ev7_ec1_n51_s3_gm                                n=   153  res=     0.100  ortU=     7.800  ortV=     7.800    drift=0.00e+00  t_eval=1.07e-02  t_dbdsqr=1.67e-04
  ev7_ec1_n54_s1_gs                                n=   108  res=     0.100  ortU=     7.800  ortV=     7.800    drift=0.00e+00  t_eval=3.74e-03  t_dbdsqr=2.06e-04
  ev8_ec1_n30_s3_gm                                n=    90  res=     0.100  ortU=     7.800  ortV=     7.800    drift=0.00e+00  t_eval=2.63e-03  t_dbdsqr=3.25e-04
  ev8_ec1_n90_s2_gm                                n=   270  res=     0.000  ortU=     7.800  ortV=     7.800    drift=0.00e+00  t_eval=2.66e-02  t_dbdsqr=2.65e-03
  ev9_ec1_n13_s0_gs                                n=    26  res=     0.200  ortU=     7.800  ortV=     7.800    drift=0.00e+00  t_eval=2.41e-04  t_dbdsqr=2.69e-05
  ev9_ec1_n52_s2_gm                                n=   156  res=     0.000  ortU=     7.800  ortV=     7.800    drift=0.00e+00  t_eval=1.01e-02  t_dbdsqr=9.51e-04
  ev9_ec1_n81_s2_gm                                n=   243  res=     0.000  ortU=     7.800  ortV=     7.800    drift=0.00e+00  t_eval=2.38e-02  t_dbdsqr=6.90e-04
  tri2_n39                                         n=    39  res=     0.200  ortU=     7.800  ortV=     7.800    drift=0.00e+00  t_eval=1.15e-04  t_dbdsqr=4.07e-05
  tri2_n45                                         n=    45  res=     0.200  ortU=     7.700  ortV=     7.800    drift=0.00e+00  t_eval=1.43e-04  t_dbdsqr=4.91e-05
  tri2_n75_gs                                      n=   150  res=     0.100  ortU=     7.800  ortV=     7.800    drift=0.00e+00  t_eval=7.46e-03  t_dbdsqr=5.12e-04
  tri3_n18                                         n=    18  res=     0.200  ortU=     7.700  ortV=     7.800    drift=1.57e-16  t_eval=6.81e-05  t_dbdsqr=1.58e-05
  tri6_n89_gs                                      n=   178  res=     0.000  ortU=     7.800  ortV=     7.800    drift=0.00e+00  t_eval=1.83e-02  t_dbdsqr=7.16e-04
  ev3_ec1_n18_s2                                   n=    18  res=     0.100  ortU=     7.700  ortV=     7.600    drift=0.00e+00  t_eval=4.31e-05  t_dbdsqr=1.03e-05
  ev3_ec1_n53_s0                                   n=    53  res=     0.100  ortU=     7.600  ortV=     7.700    drift=0.00e+00  t_eval=3.15e-04  t_dbdsqr=9.58e-05
  ev3_ec1_n67_s3                                   n=    67  res=     0.100  ortU=     7.700  ortV=     7.700    drift=0.00e+00  t_eval=4.26e-04  t_dbdsqr=8.22e-05
  ev3_ec1_n72_s2                                   n=    72  res=     0.100  ortU=     7.700  ortV=     7.600    drift=0.00e+00  t_eval=5.59e-04  t_dbdsqr=1.53e-04
  ev3_ec4_n12_s3_gs                                n=    24  res=     0.300  ortU=     7.700  ortV=     7.700    drift=0.00e+00  t_eval=2.84e-04  t_dbdsqr=8.90e-06
  ev3_ec4_n14_s2                                   n=    14  res=     0.300  ortU=     7.700  ortV=     7.600    drift=0.00e+00  t_eval=3.64e-05  t_dbdsqr=6.09e-06
  ev3_ec4_n23_s2                                   n=    23  res=     0.100  ortU=     7.700  ortV=     7.600    drift=0.00e+00  t_eval=7.48e-05  t_dbdsqr=1.12e-05
  ev3_ec4_n46_s0_gm                                n=   138  res=     0.000  ortU=     7.700  ortV=     7.700    drift=0.00e+00  t_eval=9.14e-03  t_dbdsqr=1.51e-04
  ev4_ec1_n55_s0                                   n=    55  res=     0.300  ortU=     7.700  ortV=     7.600    drift=0.00e+00  t_eval=2.48e-04  t_dbdsqr=1.03e-04
  ev4_ec1_n71_s0_gs                                n=   142  res=     0.000  ortU=     7.700  ortV=     7.700    drift=0.00e+00  t_eval=1.07e-02  t_dbdsqr=3.43e-04
  ev4_ec1_n100_s0                                  n=   100  res=     0.200  ortU=     7.700  ortV=     7.700    drift=0.00e+00  t_eval=7.50e-04  t_dbdsqr=3.16e-04
  ev4_ec4_n87_s3_gs                                n=   174  res=     0.000  ortU=     7.700  ortV=     7.700    drift=0.00e+00  t_eval=1.66e-02  t_dbdsqr=4.50e-04
  ev5_ec1_n10_s1_gs                                n=    20  res=     0.200  ortU=     7.400  ortV=     7.700    drift=0.00e+00  t_eval=2.03e-04  t_dbdsqr=1.17e-05
  ev5_ec1_n14_s2                                   n=    14  res=     0.400  ortU=     7.700  ortV=     7.600    drift=0.00e+00  t_eval=3.76e-05  t_dbdsqr=1.08e-05
  ev5_ec1_n22_s0                                   n=    22  res=     0.200  ortU=     7.700  ortV=     7.600    drift=0.00e+00  t_eval=5.37e-05  t_dbdsqr=1.50e-05
  ev5_ec1_n36_s2                                   n=    36  res=     0.100  ortU=     7.700  ortV=     7.700    drift=0.00e+00  t_eval=1.47e-04  t_dbdsqr=2.66e-05
  ev5_ec1_n59_s2                                   n=    59  res=     0.000  ortU=     7.700  ortV=     7.700    drift=0.00e+00  t_eval=3.34e-04  t_dbdsqr=6.00e-05
  ev5_ec1_n68_s2                                   n=    68  res=     0.100  ortU=     7.700  ortV=     7.700    drift=0.00e+00  t_eval=5.15e-04  t_dbdsqr=1.23e-04
  ev5_ec4_n32_s2                                   n=    32  res=     0.300  ortU=     7.700  ortV=     7.700    drift=0.00e+00  t_eval=1.28e-04  t_dbdsqr=1.50e-05
  ev5_ec4_n69_s0                                   n=    69  res=     0.100  ortU=     7.700  ortV=     7.700    drift=1.51e-16  t_eval=6.42e-04  t_dbdsqr=4.18e-05
  ev6_ec1_n29_s1_gm                                n=    87  res=     0.100  ortU=     7.700  ortV=     7.700    drift=0.00e+00  t_eval=2.16e-03  t_dbdsqr=2.54e-04
  ev6_ec1_n65_s1                                   n=    65  res=     0.100  ortU=     7.700  ortV=     7.700    drift=0.00e+00  t_eval=4.29e-04  t_dbdsqr=1.36e-04
  ev6_ec1_n65_s2                                   n=    65  res=     0.100  ortU=     7.700  ortV=     7.700    drift=0.00e+00  t_eval=5.10e-04  t_dbdsqr=1.36e-04
  ev6_ec1_n72_s2                                   n=    72  res=     0.100  ortU=     7.700  ortV=     7.700    drift=0.00e+00  t_eval=6.40e-04  t_dbdsqr=1.66e-04
  ev6_ec1_n88_s1_gs                                n=   176  res=     0.000  ortU=     7.700  ortV=     7.700    drift=0.00e+00  t_eval=1.90e-02  t_dbdsqr=4.38e-04
  ev6_ec1_n90_s3                                   n=    90  res=     0.100  ortU=     7.700  ortV=     7.600    drift=0.00e+00  t_eval=8.85e-04  t_dbdsqr=2.35e-04
  ev6_ec1_n98_s2_gm                                n=   294  res=     0.000  ortU=     7.700  ortV=     7.700    drift=0.00e+00  t_eval=3.21e-02  t_dbdsqr=2.38e-03
  ev6_ec1_n98_s3_gm                                n=   294  res=     0.000  ortU=     7.700  ortV=     7.700    drift=0.00e+00  t_eval=3.62e-02  t_dbdsqr=2.54e-03
  ev9_ec1_n98_s3_gm                                n=   294  res=     0.000  ortU=     7.700  ortV=     7.700    drift=0.00e+00  t_eval=3.54e-02  t_dbdsqr=3.00e-03
  tri2_n50                                         n=    50  res=     0.200  ortU=     7.700  ortV=     7.700    drift=0.00e+00  t_eval=1.73e-04  t_dbdsqr=5.81e-05
  tri2_n57_gs                                      n=   114  res=     0.400  ortU=     7.700  ortV=     7.700    drift=0.00e+00  t_eval=4.37e-03  t_dbdsqr=3.28e-04
  tri3_n12                                         n=    12  res=     0.300  ortU=     7.700  ortV=     7.700    drift=0.00e+00  t_eval=2.42e-05  t_dbdsqr=9.03e-06
  tri4_n42_gm                                      n=   126  res=     0.000  ortU=     7.700  ortV=     7.700    drift=0.00e+00  t_eval=4.06e-03  t_dbdsqr=4.47e-04
  tri4_n67                                         n=    67  res=     0.300  ortU=     7.700  ortV=     7.600    drift=0.00e+00  t_eval=3.07e-04  t_dbdsqr=1.12e-04
  tri6_n6_gs                                       n=    12  res=     0.200  ortU=     7.700  ortV=     7.700    drift=0.00e+00  t_eval=5.31e-05  t_dbdsqr=5.60e-06
  ev3_ec1_n5_s2_gm                                 n=    15  res=     0.200  ortU=     7.600  ortV=     7.500    drift=0.00e+00  t_eval=7.25e-05  t_dbdsqr=1.17e-05
  ev3_ec1_n27_s0                                   n=    27  res=     0.100  ortU=     7.600  ortV=     7.600    drift=0.00e+00  t_eval=9.87e-05  t_dbdsqr=3.37e-05
  ev3_ec1_n29_s2                                   n=    29  res=     0.200  ortU=     7.600  ortV=     7.500    drift=0.00e+00  t_eval=9.12e-05  t_dbdsqr=2.13e-05
  ev3_ec1_n47_s0_gm                                n=   141  res=     0.000  ortU=     7.600  ortV=     7.600    drift=0.00e+00  t_eval=8.46e-03  t_dbdsqr=4.45e-04
  ev3_ec1_n83_s2                                   n=    83  res=     0.100  ortU=     7.600  ortV=     7.600    drift=0.00e+00  t_eval=7.30e-04  t_dbdsqr=1.97e-04
  ev4_ec1_n49_s0_gm                                n=   147  res=     0.000  ortU=     7.600  ortV=     7.600    drift=0.00e+00  t_eval=6.12e-03  t_dbdsqr=6.72e-04
  ev4_ec1_n76_s0_gm                                n=   228  res=     0.000  ortU=     7.600  ortV=     7.600    drift=0.00e+00  t_eval=1.66e-02  t_dbdsqr=1.47e-03
  ev4_ec1_n82_s2_gs                                n=   164  res=     0.000  ortU=     7.600  ortV=     7.600    drift=0.00e+00  t_eval=1.47e-02  t_dbdsqr=3.99e-04
  ev4_ec4_n43_s1_gs                                n=    86  res=     0.000  ortU=     7.600  ortV=     7.600    drift=0.00e+00  t_eval=3.39e-03  t_dbdsqr=1.19e-04
  ev4_ec4_n55_s2_gs                                n=   110  res=     0.000  ortU=     7.600  ortV=     7.600    drift=0.00e+00  t_eval=6.00e-03  t_dbdsqr=1.93e-04
  ev4_ec4_n70_s2_gs                                n=   140  res=     0.000  ortU=     7.600  ortV=     7.600    drift=0.00e+00  t_eval=9.86e-03  t_dbdsqr=2.96e-04
  ev4_ec4_n75_s3                                   n=    75  res=     0.200  ortU=     7.600  ortV=     7.600    drift=0.00e+00  t_eval=4.49e-04  t_dbdsqr=1.87e-04
  ev5_ec1_n72_s1_gm                                n=   216  res=     0.000  ortU=     7.500  ortV=     7.600    drift=0.00e+00  t_eval=2.11e-02  t_dbdsqr=7.34e-04
  ev5_ec4_n29_s1_gm                                n=    87  res=     0.100  ortU=     7.600  ortV=     7.600    drift=0.00e+00  t_eval=3.67e-03  t_dbdsqr=2.09e-04
  ev6_ec1_n12_s1_gs                                n=    24  res=     0.100  ortU=     7.600  ortV=     7.600    drift=0.00e+00  t_eval=2.22e-04  t_dbdsqr=1.86e-05
  ev6_ec1_n43_s2                                   n=    43  res=     0.100  ortU=     7.600  ortV=     7.600    drift=0.00e+00  t_eval=2.27e-04  t_dbdsqr=6.65e-05
  ev6_ec1_n46_s1_gm                                n=   138  res=     0.000  ortU=     7.600  ortV=     7.600    drift=0.00e+00  t_eval=6.75e-03  t_dbdsqr=5.70e-04
  ev6_ec1_n63_s1                                   n=    63  res=     0.100  ortU=     7.600  ortV=     7.600    drift=0.00e+00  t_eval=3.94e-04  t_dbdsqr=1.21e-04
  ev6_ec1_n80_s3                                   n=    80  res=     0.100  ortU=     7.600  ortV=     7.600    drift=0.00e+00  t_eval=6.61e-04  t_dbdsqr=1.84e-04
  ev7_ec1_n23_s1_gs                                n=    46  res=     0.200  ortU=     7.600  ortV=     7.600    drift=0.00e+00  t_eval=5.97e-04  t_dbdsqr=6.61e-06
  ev7_ec1_n84_s2_gs                                n=   168  res=     0.000  ortU=     7.600  ortV=     7.600    drift=0.00e+00  t_eval=8.77e-03  t_dbdsqr=4.39e-04
  ev8_ec1_n13_s3_gm                                n=    39  res=     0.100  ortU=     7.600  ortV=     7.500    drift=0.00e+00  t_eval=4.21e-04  t_dbdsqr=6.45e-05
  ev8_ec1_n28_s0_gm                                n=    84  res=     0.100  ortU=     7.500  ortV=     7.600    drift=0.00e+00  t_eval=2.15e-03  t_dbdsqr=2.91e-04
  ev8_ec1_n53_s0_gm                                n=   159  res=     0.100  ortU=     7.600  ortV=     7.600    drift=0.00e+00  t_eval=8.56e-03  t_dbdsqr=9.23e-04
  ev8_ec1_n57_s2_gm                                n=   171  res=     0.000  ortU=     7.600  ortV=     7.600    drift=0.00e+00  t_eval=9.93e-03  t_dbdsqr=1.08e-03
  ev9_ec1_n86_s3_gm                                n=   258  res=     0.000  ortU=     7.600  ortV=     7.600    drift=0.00e+00  t_eval=2.73e-02  t_dbdsqr=2.42e-03
  tri2_n70                                         n=    70  res=     0.200  ortU=     7.600  ortV=     7.600    drift=0.00e+00  t_eval=3.50e-04  t_dbdsqr=1.02e-04
  tri2_n70_gs                                      n=   140  res=     0.000  ortU=     7.600  ortV=     7.600    drift=0.00e+00  t_eval=6.43e-03  t_dbdsqr=4.73e-04
  tri3_n13_gs                                      n=    26  res=     0.200  ortU=     7.600  ortV=     7.500    drift=0.00e+00  t_eval=2.74e-04  t_dbdsqr=1.84e-05
  tri5_n29                                         n=    29  res=     0.400  ortU=     7.600  ortV=     7.500    drift=0.00e+00  t_eval=6.98e-05  t_dbdsqr=2.77e-05
  tri6_n46_gm                                      n=   138  res=     0.000  ortU=     7.600  ortV=     7.600    drift=0.00e+00  t_eval=5.40e-03  t_dbdsqr=5.44e-04
  tri7_n35_gm                                      n=   105  res=     0.000  ortU=     7.600  ortV=     7.600    drift=0.00e+00  t_eval=2.84e-03  t_dbdsqr=3.22e-04
  tri7_n51_gm                                      n=   153  res=     0.000  ortU=     7.600  ortV=     7.600    drift=0.00e+00  t_eval=7.09e-03  t_dbdsqr=6.41e-04
  bid2_n500_s3                                     n=   500  res=     0.100  ortU=     7.500  ortV=     7.600    drift=0.00e+00  t_eval=1.86e-02  t_dbdsqr=5.17e-03
  ev2_ec4_n92_s3_gs                                n=   184  res=     0.200  ortU=     7.500  ortV=     7.500    drift=2.06e-16  t_eval=1.28e-03  t_dbdsqr=1.34e-05
  ev3_ec4_n87_s1                                   n=    87  res=     0.000  ortU=     7.400  ortV=     7.500    drift=0.00e+00  t_eval=9.12e-04  t_dbdsqr=8.61e-05
  ev4_ec1_n42_s0_gs                                n=    84  res=     0.000  ortU=     7.500  ortV=     7.500    drift=0.00e+00  t_eval=3.47e-03  t_dbdsqr=1.21e-04
  ev4_ec1_n51_s0_gs                                n=   102  res=     0.000  ortU=     7.500  ortV=     7.500    drift=0.00e+00  t_eval=4.88e-03  t_dbdsqr=1.65e-04
  ev4_ec1_n100_s2_gm                               n=   300  res=     0.000  ortU=     7.500  ortV=     7.500    drift=0.00e+00  t_eval=3.26e-02  t_dbdsqr=2.48e-03
  ev4_ec4_n83_s3_gs                                n=   166  res=     0.000  ortU=     7.500  ortV=     7.500    drift=0.00e+00  t_eval=1.45e-02  t_dbdsqr=4.07e-04
  ev5_ec1_n93_s2                                   n=    93  res=     0.100  ortU=     7.500  ortV=     7.500    drift=0.00e+00  t_eval=9.83e-04  t_dbdsqr=1.84e-04
  ev5_ec4_n37_s1_gm                                n=   111  res=     0.100  ortU=     7.400  ortV=     7.500    drift=0.00e+00  t_eval=5.75e-03  t_dbdsqr=3.36e-04
  ev6_ec1_n25_s0                                   n=    25  res=     0.200  ortU=     7.500  ortV=     7.300    drift=0.00e+00  t_eval=5.67e-05  t_dbdsqr=2.42e-05
  ev6_ec1_n25_s2                                   n=    25  res=     0.200  ortU=     7.500  ortV=     7.500    drift=0.00e+00  t_eval=7.27e-05  t_dbdsqr=2.41e-05
  ev6_ec1_n48_s3_gs                                n=    96  res=     0.000  ortU=     7.500  ortV=     7.500    drift=0.00e+00  t_eval=5.63e-03  t_dbdsqr=1.46e-04
  ev6_ec1_n54_s3_gs                                n=   108  res=     0.000  ortU=     7.500  ortV=     7.500    drift=0.00e+00  t_eval=6.88e-03  t_dbdsqr=1.83e-04
  ev6_ec1_n60_s2                                   n=    60  res=     0.100  ortU=     7.400  ortV=     7.500    drift=0.00e+00  t_eval=4.42e-04  t_dbdsqr=1.18e-04
  ev6_ec1_n65_s1_gs                                n=   130  res=     0.100  ortU=     7.500  ortV=     7.500    drift=0.00e+00  t_eval=1.03e-02  t_dbdsqr=2.68e-04
  ev6_ec1_n78_s0                                   n=    78  res=     0.100  ortU=     7.400  ortV=     7.500    drift=0.00e+00  t_eval=6.82e-04  t_dbdsqr=2.35e-04
  ev6_ec1_n79_s3_gm                                n=   237  res=     0.100  ortU=     7.500  ortV=     7.500    drift=0.00e+00  t_eval=2.42e-02  t_dbdsqr=1.66e-03
  ev6_ec1_n87_s3                                   n=    87  res=     0.100  ortU=     7.500  ortV=     7.500    drift=0.00e+00  t_eval=8.19e-04  t_dbdsqr=2.14e-04
  ev7_ec1_n14_s0_gm                                n=    42  res=     0.200  ortU=     7.500  ortV=     7.500    drift=0.00e+00  t_eval=7.27e-04  t_dbdsqr=6.46e-06
  ev7_ec1_n66_s0_gs                                n=   132  res=     0.100  ortU=     7.500  ortV=     7.500    drift=0.00e+00  t_eval=5.65e-03  t_dbdsqr=1.78e-04
  ev7_ec1_n72_s1_gm                                n=   216  res=     0.100  ortU=     7.500  ortV=     7.500    drift=0.00e+00  t_eval=2.14e-02  t_dbdsqr=3.87e-05
  ev7_ec1_n86_s1_gm                                n=   258  res=     0.000  ortU=     7.500  ortV=     7.500    drift=0.00e+00  t_eval=3.11e-02  t_dbdsqr=7.73e-04
  ev8_ec1_n14_s2_gs                                n=    28  res=     0.100  ortU=     7.500  ortV=     7.400    drift=0.00e+00  t_eval=4.06e-04  t_dbdsqr=2.19e-05
  ev8_ec1_n19_s1_gm                                n=    57  res=     0.100  ortU=     7.500  ortV=     7.400    drift=0.00e+00  t_eval=9.44e-04  t_dbdsqr=1.41e-04
  ev8_ec1_n79_s1_gm                                n=   237  res=     0.100  ortU=     7.500  ortV=     7.500    drift=0.00e+00  t_eval=1.98e-02  t_dbdsqr=2.01e-03
  ev9_ec1_n31_s2_gm                                n=    93  res=     0.100  ortU=     7.500  ortV=     7.500    drift=0.00e+00  t_eval=3.54e-03  t_dbdsqr=1.43e-04
  ev9_ec1_n82_s1_gm                                n=   246  res=     0.000  ortU=     7.500  ortV=     7.500    drift=0.00e+00  t_eval=2.43e-02  t_dbdsqr=6.81e-04
  tri2_n27_gs                                      n=    54  res=     0.100  ortU=     7.500  ortV=     7.500    drift=0.00e+00  t_eval=9.08e-04  t_dbdsqr=4.46e-05
  tri2_n67                                         n=    67  res=     0.300  ortU=     7.500  ortV=     7.500    drift=0.00e+00  t_eval=3.16e-04  t_dbdsqr=9.36e-05
  tri4_n36_gm                                      n=   108  res=     0.100  ortU=     7.500  ortV=     7.500    drift=0.00e+00  t_eval=2.83e-03  t_dbdsqr=3.52e-04
  tri5_n79                                         n=    79  res=     0.200  ortU=     7.500  ortV=     7.500    drift=0.00e+00  t_eval=4.35e-04  t_dbdsqr=1.34e-04
  tri5_n91                                         n=    91  res=     0.200  ortU=     7.500  ortV=     7.500    drift=0.00e+00  t_eval=5.68e-04  t_dbdsqr=1.70e-04
  tri6_n33_gm                                      n=    99  res=     0.100  ortU=     7.500  ortV=     7.500    drift=0.00e+00  t_eval=2.61e-03  t_dbdsqr=3.09e-04
  tri7_n90_gm                                      n=   270  res=     0.000  ortU=     7.500  ortV=     7.500    drift=0.00e+00  t_eval=2.48e-02  t_dbdsqr=1.71e-03
  ev2_ec4_n98_s3_gs                                n=   196  res=     0.200  ortU=     7.300  ortV=     7.400    drift=2.14e-16  t_eval=1.76e-03  t_dbdsqr=1.45e-05
  ev3_ec1_n48_s1                                   n=    48  res=     0.100  ortU=     7.400  ortV=     7.400    drift=0.00e+00  t_eval=2.20e-04  t_dbdsqr=4.53e-05
  ev3_ec1_n51_s3                                   n=    51  res=     0.100  ortU=     7.400  ortV=     7.400    drift=0.00e+00  t_eval=3.01e-04  t_dbdsqr=9.33e-05
  ev3_ec1_n56_s3                                   n=    56  res=     0.100  ortU=     7.400  ortV=     7.400    drift=0.00e+00  t_eval=3.13e-04  t_dbdsqr=6.80e-05
  ev3_ec4_n10_s2                                   n=    10  res=     0.000  ortU=     7.300  ortV=     7.400    drift=0.00e+00  t_eval=2.19e-05  t_dbdsqr=4.90e-06
  ev3_ec4_n15_s3_gs                                n=    30  res=     0.200  ortU=     7.400  ortV=     7.400    drift=0.00e+00  t_eval=4.43e-04  t_dbdsqr=1.05e-05
  ev4_ec1_n45_s3_gs                                n=    90  res=     0.000  ortU=     7.400  ortV=     7.400    drift=0.00e+00  t_eval=3.71e-03  t_dbdsqr=1.39e-04
  ev4_ec1_n73_s0                                   n=    73  res=     0.300  ortU=     7.400  ortV=     7.400    drift=0.00e+00  t_eval=4.19e-04  t_dbdsqr=1.80e-04
  ev4_ec1_n74_s0_gs                                n=   148  res=     0.000  ortU=     7.400  ortV=     7.400    drift=0.00e+00  t_eval=1.19e-02  t_dbdsqr=3.29e-04
  ev4_ec1_n86_s1_gs                                n=   172  res=     0.000  ortU=     7.400  ortV=     7.400    drift=0.00e+00  t_eval=1.59e-02  t_dbdsqr=8.58e-04
  ev4_ec4_n12_s2_gs                                n=    24  res=     0.100  ortU=     7.400  ortV=     7.400    drift=0.00e+00  t_eval=1.93e-04  t_dbdsqr=1.73e-05
  ev4_ec4_n49_s3_gm                                n=   147  res=     0.000  ortU=     7.400  ortV=     7.400    drift=0.00e+00  t_eval=6.07e-03  t_dbdsqr=6.46e-04
  ev4_ec4_n55_s1_gm                                n=   165  res=     0.000  ortU=     7.400  ortV=     7.400    drift=0.00e+00  t_eval=8.20e-03  t_dbdsqr=8.11e-04
  ev4_ec4_n56_s0_gs                                n=   112  res=     0.000  ortU=     7.400  ortV=     7.400    drift=0.00e+00  t_eval=6.08e-03  t_dbdsqr=2.09e-04
  ev4_ec4_n59_s0_gm                                n=   177  res=     0.000  ortU=     7.300  ortV=     7.400    drift=0.00e+00  t_eval=9.25e-03  t_dbdsqr=9.62e-04
  ev4_ec4_n90_s3_gs                                n=   180  res=     0.000  ortU=     7.400  ortV=     7.400    drift=0.00e+00  t_eval=1.74e-02  t_dbdsqr=5.36e-04
  ev4_ec4_n95_s0_gm                                n=   285  res=     0.000  ortU=     7.400  ortV=     7.400    drift=0.00e+00  t_eval=2.87e-02  t_dbdsqr=2.20e-03
  ev5_ec1_n26_s2_gm                                n=    78  res=     0.100  ortU=     7.400  ortV=     7.400    drift=0.00e+00  t_eval=2.58e-03  t_dbdsqr=1.60e-04
  ev5_ec1_n40_s1                                   n=    40  res=     0.000  ortU=     7.400  ortV=     7.400    drift=0.00e+00  t_eval=1.80e-04  t_dbdsqr=3.33e-05
  ev5_ec1_n78_s3                                   n=    78  res=     0.100  ortU=     7.400  ortV=     7.400    drift=0.00e+00  t_eval=7.22e-04  t_dbdsqr=1.06e-04
  ev5_ec4_n84_s2                                   n=    84  res=     0.100  ortU=     7.400  ortV=     7.400    drift=0.00e+00  t_eval=9.01e-04  t_dbdsqr=6.01e-05
  ev5_ec4_n91_s0_gm                                n=   273  res=     0.000  ortU=     7.400  ortV=     7.400    drift=0.00e+00  t_eval=3.64e-02  t_dbdsqr=6.02e-04
  ev6_ec1_n8_s3_gs                                 n=    16  res=     0.200  ortU=     7.400  ortV=     7.200    drift=0.00e+00  t_eval=9.58e-05  t_dbdsqr=1.03e-05
  ev6_ec1_n60_s1                                   n=    60  res=     0.100  ortU=     7.400  ortV=     7.400    drift=0.00e+00  t_eval=4.16e-04  t_dbdsqr=1.55e-04
  ev6_ec1_n72_s1                                   n=    72  res=     0.100  ortU=     7.400  ortV=     7.400    drift=0.00e+00  t_eval=4.96e-04  t_dbdsqr=1.49e-04
  ev6_ec1_n75_s1                                   n=    75  res=     0.200  ortU=     7.400  ortV=     7.400    drift=0.00e+00  t_eval=5.83e-04  t_dbdsqr=2.21e-04
  ev6_ec1_n86_s2                                   n=    86  res=     0.100  ortU=     7.400  ortV=     7.400    drift=0.00e+00  t_eval=8.57e-04  t_dbdsqr=2.23e-04
  ev6_ec1_n90_s2                                   n=    90  res=     0.100  ortU=     7.400  ortV=     7.400    drift=0.00e+00  t_eval=9.50e-04  t_dbdsqr=2.41e-04
  ev6_ec1_n92_s3                                   n=    92  res=     0.100  ortU=     7.400  ortV=     7.400    drift=0.00e+00  t_eval=9.33e-04  t_dbdsqr=2.45e-04
  ev7_ec1_n23_s0_gm                                n=    69  res=     0.200  ortU=     7.400  ortV=     7.400    drift=0.00e+00  t_eval=2.02e-03  t_dbdsqr=7.40e-06
  ev7_ec1_n30_s3_gm                                n=    90  res=     0.100  ortU=     7.300  ortV=     7.400    drift=0.00e+00  t_eval=3.79e-03  t_dbdsqr=1.16e-04
  ev8_ec1_n34_s1_gm                                n=   102  res=     0.100  ortU=     7.400  ortV=     7.400    drift=0.00e+00  t_eval=3.46e-03  t_dbdsqr=4.03e-04
  ev8_ec1_n84_s3_gm                                n=   252  res=     0.100  ortU=     7.400  ortV=     7.400    drift=0.00e+00  t_eval=2.23e-02  t_dbdsqr=2.26e-03
  ev9_ec1_n39_s0_gm                                n=   117  res=     0.100  ortU=     7.400  ortV=     7.400    drift=0.00e+00  t_eval=5.90e-03  t_dbdsqr=5.81e-04
  ev9_ec1_n58_s3_gm                                n=   174  res=     0.000  ortU=     7.400  ortV=     7.400    drift=0.00e+00  t_eval=1.23e-02  t_dbdsqr=3.74e-04
  tri6_n60_gm                                      n=   180  res=     0.000  ortU=     7.400  ortV=     7.400    drift=0.00e+00  t_eval=9.34e-03  t_dbdsqr=8.98e-04
  tri7_n84_gm                                      n=   252  res=     0.000  ortU=     7.400  ortV=     7.400    drift=0.00e+00  t_eval=2.09e-02  t_dbdsqr=1.51e-03
  ev1_ec4_n36_s0_gs                                n=    72  res=     0.000  ortU=     7.300  ortV=     7.300    drift=0.00e+00  t_eval=1.28e-04  t_dbdsqr=7.83e-06
  ev3_ec1_n68_s1                                   n=    68  res=     0.200  ortU=     7.300  ortV=     7.200    drift=0.00e+00  t_eval=4.82e-04  t_dbdsqr=1.34e-04
  ev3_ec1_n93_s2                                   n=    93  res=     0.100  ortU=     7.300  ortV=     7.300    drift=0.00e+00  t_eval=9.08e-04  t_dbdsqr=2.37e-04
  ev3_ec4_n21_s0                                   n=    21  res=     0.100  ortU=     7.300  ortV=     7.200    drift=0.00e+00  t_eval=6.69e-05  t_dbdsqr=1.07e-05
  ev3_ec4_n23_s1                                   n=    23  res=     0.100  ortU=     7.200  ortV=     7.300    drift=0.00e+00  t_eval=7.76e-05  t_dbdsqr=1.05e-05
  ev3_ec4_n36_s2                                   n=    36  res=     0.100  ortU=     7.300  ortV=     7.200    drift=0.00e+00  t_eval=1.58e-04  t_dbdsqr=2.06e-05
  ev3_ec4_n89_s3_gm                                n=   267  res=     0.000  ortU=     7.300  ortV=     7.300    drift=0.00e+00  t_eval=3.45e-02  t_dbdsqr=5.06e-04
  ev4_ec1_n64_s2_gm                                n=   192  res=     0.000  ortU=     7.300  ortV=     7.300    drift=0.00e+00  t_eval=1.10e-02  t_dbdsqr=1.05e-03
  ev4_ec1_n75_s2_gs                                n=   150  res=     0.000  ortU=     7.300  ortV=     7.300    drift=0.00e+00  t_eval=1.15e-02  t_dbdsqr=3.24e-04
  ev4_ec1_n87_s1_gm                                n=   261  res=     0.000  ortU=     7.300  ortV=     7.300    drift=0.00e+00  t_eval=2.24e-02  t_dbdsqr=1.85e-03
  ev4_ec4_n48_s1_gm                                n=   144  res=     0.000  ortU=     7.200  ortV=     7.300    drift=0.00e+00  t_eval=5.70e-03  t_dbdsqr=6.45e-04
  ev4_ec4_n59_s0                                   n=    59  res=     0.200  ortU=     7.300  ortV=     7.300    drift=0.00e+00  t_eval=2.81e-04  t_dbdsqr=1.19e-04
  ev4_ec4_n87_s1                                   n=    87  res=     0.200  ortU=     7.300  ortV=     7.300    drift=0.00e+00  t_eval=5.69e-04  t_dbdsqr=2.42e-04
  ev4_ec4_n90_s3                                   n=    90  res=     0.300  ortU=     7.300  ortV=     7.200    drift=0.00e+00  t_eval=6.31e-04  t_dbdsqr=2.66e-04
  ev5_ec1_n12_s1                                   n=    12  res=     0.100  ortU=     7.300  ortV=     7.300    drift=0.00e+00  t_eval=3.19e-05  t_dbdsqr=9.52e-06
  ev5_ec1_n60_s0                                   n=    60  res=     0.200  ortU=     7.300  ortV=     7.300    drift=0.00e+00  t_eval=3.80e-04  t_dbdsqr=6.36e-05
  ev5_ec1_n84_s1                                   n=    84  res=     0.100  ortU=     7.300  ortV=     7.300    drift=0.00e+00  t_eval=7.28e-04  t_dbdsqr=1.05e-04
  ev5_ec4_n13_s2_gs                                n=    26  res=     0.200  ortU=     7.300  ortV=     7.300    drift=0.00e+00  t_eval=3.50e-04  t_dbdsqr=1.12e-05
  ev5_ec4_n52_s2                                   n=    52  res=     0.100  ortU=     7.300  ortV=     7.300    drift=1.08e-15  t_eval=3.09e-04  t_dbdsqr=2.70e-05
  ev6_ec1_n32_s2_gm                                n=    96  res=     0.000  ortU=     7.300  ortV=     7.300    drift=0.00e+00  t_eval=3.23e-03  t_dbdsqr=2.92e-04
  ev6_ec1_n40_s1                                   n=    40  res=     0.200  ortU=     7.300  ortV=     7.300    drift=0.00e+00  t_eval=1.62e-04  t_dbdsqr=6.80e-05
  ev6_ec1_n53_s1_gm                                n=   159  res=     0.000  ortU=     7.300  ortV=     7.300    drift=0.00e+00  t_eval=9.17e-03  t_dbdsqr=7.31e-04
  ev6_ec1_n62_s1_gm                                n=   186  res=     0.100  ortU=     7.300  ortV=     7.300    drift=0.00e+00  t_eval=1.30e-02  t_dbdsqr=9.84e-04
  ev6_ec1_n73_s2_gs                                n=   146  res=     0.000  ortU=     7.300  ortV=     7.300    drift=0.00e+00  t_eval=1.29e-02  t_dbdsqr=3.41e-04
  ev6_ec1_n81_s1                                   n=    81  res=     0.200  ortU=     7.300  ortV=     7.300    drift=0.00e+00  t_eval=7.47e-04  t_dbdsqr=2.59e-04
  ev7_ec1_n27_s2_gs                                n=    54  res=     0.300  ortU=     7.300  ortV=     7.300    drift=1.65e-16  t_eval=3.60e-04  t_dbdsqr=6.96e-06
  ev7_ec1_n30_s0_gm                                n=    90  res=     0.100  ortU=     7.200  ortV=     7.300    drift=0.00e+00  t_eval=3.18e-03  t_dbdsqr=8.69e-06
  ev7_ec1_n40_s3_gs                                n=    80  res=     0.200  ortU=     7.300  ortV=     7.300    drift=0.00e+00  t_eval=1.86e-03  t_dbdsqr=8.41e-06
  ev7_ec1_n46_s0_gm                                n=   138  res=     0.100  ortU=     7.300  ortV=     7.200    drift=0.00e+00  t_eval=8.60e-03  t_dbdsqr=8.17e-05
  ev7_ec1_n50_s1_gm                                n=   150  res=     0.100  ortU=     7.300  ortV=     7.200    drift=0.00e+00  t_eval=1.01e-02  t_dbdsqr=1.86e-05
  ev8_ec1_n58_s0_gm                                n=   174  res=     0.000  ortU=     7.300  ortV=     7.300    drift=0.00e+00  t_eval=1.05e-02  t_dbdsqr=1.12e-03
  tri4_n53                                         n=    53  res=     0.300  ortU=     7.300  ortV=     7.300    drift=0.00e+00  t_eval=1.94e-04  t_dbdsqr=7.10e-05
  tri5_n80                                         n=    80  res=     0.100  ortU=     7.300  ortV=     7.300    drift=0.00e+00  t_eval=4.53e-04  t_dbdsqr=1.40e-04
  tri5_n82                                         n=    82  res=     0.100  ortU=     7.300  ortV=     7.300    drift=0.00e+00  t_eval=4.64e-04  t_dbdsqr=1.44e-04
  tri6_n54_gs                                      n=   108  res=     0.100  ortU=     7.300  ortV=     7.300    drift=0.00e+00  t_eval=6.25e-03  t_dbdsqr=2.79e-04
  tri7_n39_gs                                      n=    78  res=     0.000  ortU=     7.300  ortV=     7.300    drift=0.00e+00  t_eval=2.78e-03  t_dbdsqr=8.30e-05
  tri7_n78_gm                                      n=   234  res=     0.000  ortU=     7.300  ortV=     7.300    drift=0.00e+00  t_eval=1.80e-02  t_dbdsqr=1.33e-03
  ev2_ec1_n96_s2_gs                                n=   192  res=     0.200  ortU=     7.200  ortV=     7.200    drift=2.11e-16  t_eval=1.88e-03  t_dbdsqr=1.31e-05
  ev2_ec4_n64_s2_gs                                n=   128  res=     0.200  ortU=     7.200  ortV=     7.200    drift=0.00e+00  t_eval=9.41e-04  t_dbdsqr=1.16e-05
  ev3_ec1_n13_s0                                   n=    13  res=     0.100  ortU=     7.200  ortV=     7.200    drift=0.00e+00  t_eval=2.68e-05  t_dbdsqr=7.69e-06
  ev3_ec1_n90_s0_gm                                n=   270  res=     0.000  ortU=     7.200  ortV=     7.200    drift=0.00e+00  t_eval=3.36e-02  t_dbdsqr=1.36e-03
  ev3_ec4_n34_s2_gm                                n=   102  res=     0.000  ortU=     7.200  ortV=     7.200    drift=0.00e+00  t_eval=4.97e-03  t_dbdsqr=9.98e-05
  ev3_ec4_n37_s1                                   n=    37  res=     0.100  ortU=     7.200  ortV=     7.100    drift=0.00e+00  t_eval=1.73e-04  t_dbdsqr=2.21e-05
  ev3_ec4_n53_s0_gm                                n=   159  res=     0.000  ortU=     7.200  ortV=     7.200    drift=0.00e+00  t_eval=1.20e-02  t_dbdsqr=2.50e-04
  ev3_ec4_n64_s2                                   n=    64  res=     0.000  ortU=     7.200  ortV=     7.200    drift=0.00e+00  t_eval=5.72e-04  t_dbdsqr=1.29e-04
  ev4_ec1_n99_s3                                   n=    99  res=     0.200  ortU=     7.200  ortV=     7.200    drift=0.00e+00  t_eval=6.95e-04  t_dbdsqr=2.74e-04
  ev4_ec4_n38_s1_gs                                n=    76  res=     0.000  ortU=     7.200  ortV=     7.100    drift=0.00e+00  t_eval=2.51e-03  t_dbdsqr=9.11e-05
  ev4_ec4_n46_s2_gm                                n=   138  res=     0.000  ortU=     7.200  ortV=     7.200    drift=0.00e+00  t_eval=5.10e-03  t_dbdsqr=5.77e-04
  ev4_ec4_n89_s2_gm                                n=   267  res=     0.000  ortU=     7.200  ortV=     7.100    drift=0.00e+00  t_eval=2.51e-02  t_dbdsqr=1.97e-03
  ev4_ec4_n92_s0_gm                                n=   276  res=     0.000  ortU=     7.200  ortV=     7.200    drift=0.00e+00  t_eval=2.63e-02  t_dbdsqr=2.08e-03
  ev5_ec1_n7_s1_gs                                 n=    14  res=     0.200  ortU=     7.200  ortV=     7.200    drift=0.00e+00  t_eval=1.10e-04  t_dbdsqr=9.33e-06
  ev5_ec1_n86_s2_gm                                n=   258  res=     0.000  ortU=     7.200  ortV=     7.100    drift=0.00e+00  t_eval=3.04e-02  t_dbdsqr=9.42e-04
  ev5_ec4_n23_s1                                   n=    23  res=     0.100  ortU=     7.200  ortV=     7.200    drift=0.00e+00  t_eval=8.95e-05  t_dbdsqr=3.50e-05
  ev5_ec4_n27_s0_gm                                n=    81  res=     0.100  ortU=     7.200  ortV=     7.100    drift=0.00e+00  t_eval=2.91e-03  t_dbdsqr=7.25e-05
  ev5_ec4_n37_s0_gm                                n=   111  res=     0.000  ortU=     7.200  ortV=     7.200    drift=0.00e+00  t_eval=5.51e-03  t_dbdsqr=2.02e-04
  ev6_ec1_n11_s2                                   n=    11  res=     0.200  ortU=     7.200  ortV=     7.200    drift=0.00e+00  t_eval=1.96e-05  t_dbdsqr=8.96e-06
  ev6_ec1_n25_s1                                   n=    25  res=     0.200  ortU=     7.200  ortV=     7.100    drift=0.00e+00  t_eval=6.21e-05  t_dbdsqr=2.92e-05
  ev6_ec1_n48_s1_gm                                n=   144  res=     0.100  ortU=     7.200  ortV=     7.200    drift=0.00e+00  t_eval=6.45e-03  t_dbdsqr=6.34e-04
  ev6_ec1_n62_s2                                   n=    62  res=     0.100  ortU=     7.200  ortV=     7.200    drift=0.00e+00  t_eval=4.82e-04  t_dbdsqr=1.27e-04
  ev6_ec1_n74_s0                                   n=    74  res=     0.100  ortU=     7.200  ortV=     7.200    drift=0.00e+00  t_eval=6.03e-04  t_dbdsqr=1.70e-04
  ev6_ec1_n74_s1                                   n=    74  res=     0.100  ortU=     7.200  ortV=     7.200    drift=0.00e+00  t_eval=5.29e-04  t_dbdsqr=1.64e-04
  ev6_ec1_n96_s2_gm                                n=   288  res=     0.000  ortU=     7.200  ortV=     7.200    drift=0.00e+00  t_eval=3.05e-02  t_dbdsqr=2.27e-03
  ev7_ec1_n23_s3_gs                                n=    46  res=     0.200  ortU=     7.200  ortV=     7.200    drift=0.00e+00  t_eval=6.18e-04  t_dbdsqr=6.43e-06
  ev7_ec1_n67_s1_gs                                n=   134  res=     0.100  ortU=     7.200  ortV=     7.200    drift=0.00e+00  t_eval=5.53e-03  t_dbdsqr=1.03e-04
  ev7_ec1_n72_s3_gm                                n=   216  res=     0.000  ortU=     7.200  ortV=     7.200    drift=0.00e+00  t_eval=2.06e-02  t_dbdsqr=5.51e-04
  ev8_ec1_n5_s2_gm                                 n=    15  res=     0.200  ortU=     7.200  ortV=     7.100    drift=0.00e+00  t_eval=7.98e-05  t_dbdsqr=1.07e-05
  ev9_ec1_n64_s3_gm                                n=   192  res=     0.000  ortU=     7.200  ortV=     7.200    drift=0.00e+00  t_eval=1.49e-02  t_dbdsqr=1.39e-03
  ev9_ec1_n78_s3_gm                                n=   234  res=     0.200  ortU=     7.200  ortV=     7.200    drift=0.00e+00  t_eval=2.38e-02  t_dbdsqr=1.97e-03
  ev9_ec1_n85_s3_gm                                n=   255  res=     0.200  ortU=     7.200  ortV=     7.200    drift=0.00e+00  t_eval=2.70e-02  t_dbdsqr=1.11e-03
  tri5_n22                                         n=    22  res=     0.300  ortU=     7.200  ortV=     7.200    drift=0.00e+00  t_eval=4.85e-05  t_dbdsqr=2.04e-05
  tri5_n52                                         n=    52  res=     0.200  ortU=     7.200  ortV=     7.200    drift=0.00e+00  t_eval=1.86e-04  t_dbdsqr=6.40e-05
  tri6_n31_gm                                      n=    93  res=     0.100  ortU=     7.200  ortV=     7.200    drift=0.00e+00  t_eval=2.32e-03  t_dbdsqr=2.76e-04
  tri7_n29_gs                                      n=    58  res=     0.000  ortU=     7.200  ortV=     7.100    drift=0.00e+00  t_eval=1.43e-03  t_dbdsqr=5.23e-05
  ev1_ec1_n84_s3_gs                                n=   168  res=     0.000  ortU=     7.100  ortV=     7.100    drift=4.04e-16  t_eval=5.30e-04  t_dbdsqr=1.45e-05
  ev2_ec1_n99_s1                                   n=    99  res=     0.100  ortU=     7.100  ortV=     7.100    drift=0.00e+00  t_eval=5.80e-04  t_dbdsqr=8.64e-06
  ev3_ec1_n4_s2_gm                                 n=    12  res=     0.300  ortU=     7.100  ortV=     7.000    drift=0.00e+00  t_eval=4.44e-05  t_dbdsqr=1.00e-05
  ev3_ec1_n5_s3_gs                                 n=    10  res=     0.300  ortU=     7.100  ortV=     7.000    drift=0.00e+00  t_eval=5.56e-05  t_dbdsqr=4.96e-06
  ev3_ec1_n11_s2_gs                                n=    22  res=     0.200  ortU=     7.100  ortV=     6.800    drift=0.00e+00  t_eval=2.58e-04  t_dbdsqr=1.20e-05
  ev3_ec1_n42_s3                                   n=    42  res=     0.200  ortU=     7.100  ortV=     7.100    drift=0.00e+00  t_eval=2.09e-04  t_dbdsqr=5.93e-05
  ev3_ec1_n47_s0                                   n=    47  res=     0.100  ortU=     7.100  ortV=     7.100    drift=0.00e+00  t_eval=2.17e-04  t_dbdsqr=4.28e-05
  ev3_ec1_n91_s2                                   n=    91  res=     0.100  ortU=     7.100  ortV=     7.100    drift=0.00e+00  t_eval=8.48e-04  t_dbdsqr=2.24e-04
  ev3_ec4_n29_s2                                   n=    29  res=     0.100  ortU=     7.100  ortV=     7.100    drift=0.00e+00  t_eval=1.15e-04  t_dbdsqr=1.53e-05
  ev3_ec4_n34_s0                                   n=    34  res=     0.200  ortU=     7.100  ortV=     7.100    drift=0.00e+00  t_eval=1.55e-04  t_dbdsqr=1.84e-05
  ev3_ec4_n36_s1_gm                                n=   108  res=     0.100  ortU=     7.100  ortV=     7.100    drift=0.00e+00  t_eval=5.50e-03  t_dbdsqr=1.11e-04
  ev3_ec4_n50_s3                                   n=    50  res=     0.100  ortU=     7.100  ortV=     7.100    drift=0.00e+00  t_eval=3.11e-04  t_dbdsqr=3.24e-05
  ev3_ec4_n52_s3                                   n=    52  res=     0.100  ortU=     7.100  ortV=     7.100    drift=0.00e+00  t_eval=3.39e-04  t_dbdsqr=3.57e-05
  ev3_ec4_n65_s3_gm                                n=   195  res=     0.000  ortU=     7.100  ortV=     7.100    drift=0.00e+00  t_eval=1.81e-02  t_dbdsqr=2.30e-04
  ev4_ec1_n35_s0_gs                                n=    70  res=     0.000  ortU=     7.100  ortV=     7.100    drift=0.00e+00  t_eval=2.27e-03  t_dbdsqr=7.77e-05
  ev4_ec1_n36_s2_gs                                n=    72  res=     0.000  ortU=     7.100  ortV=     7.100    drift=0.00e+00  t_eval=2.22e-03  t_dbdsqr=8.17e-05
  ev4_ec4_n54_s0_gm                                n=   162  res=     0.000  ortU=     7.100  ortV=     7.000    drift=0.00e+00  t_eval=7.84e-03  t_dbdsqr=7.89e-04
  ev4_ec4_n75_s0_gm                                n=   225  res=     0.000  ortU=     7.100  ortV=     7.100    drift=0.00e+00  t_eval=1.71e-02  t_dbdsqr=1.47e-03
  ev4_ec4_n86_s0_gs                                n=   172  res=     0.100  ortU=     7.100  ortV=     7.100    drift=0.00e+00  t_eval=1.62e-02  t_dbdsqr=8.45e-04
  ev5_ec1_n62_s0_gm                                n=   186  res=     0.000  ortU=     7.100  ortV=     7.100    drift=0.00e+00  t_eval=1.60e-02  t_dbdsqr=6.49e-04
  ev5_ec1_n64_s2_gs                                n=   128  res=     0.000  ortU=     7.100  ortV=     7.100    drift=0.00e+00  t_eval=8.35e-03  t_dbdsqr=2.72e-04
  ev5_ec1_n97_s1                                   n=    97  res=     0.100  ortU=     7.100  ortV=     7.100    drift=0.00e+00  t_eval=9.91e-04  t_dbdsqr=1.40e-04
  ev5_ec4_n22_s1                                   n=    22  res=     0.200  ortU=     7.100  ortV=     7.100    drift=0.00e+00  t_eval=6.32e-05  t_dbdsqr=1.29e-05
  ev6_ec1_n13_s1_gs                                n=    26  res=     0.100  ortU=     7.100  ortV=     7.000    drift=0.00e+00  t_eval=2.58e-04  t_dbdsqr=1.98e-05
  ev6_ec1_n42_s1_gm                                n=   126  res=     0.000  ortU=     7.100  ortV=     7.100    drift=0.00e+00  t_eval=4.81e-03  t_dbdsqr=5.05e-04
  ev6_ec1_n57_s0                                   n=    57  res=     0.100  ortU=     7.000  ortV=     7.100    drift=0.00e+00  t_eval=3.29e-04  t_dbdsqr=1.08e-04
  ev6_ec1_n61_s0                                   n=    61  res=     0.100  ortU=     7.100  ortV=     7.100    drift=0.00e+00  t_eval=4.30e-04  t_dbdsqr=1.24e-04
  ev6_ec1_n63_s2                                   n=    63  res=     0.100  ortU=     7.100  ortV=     7.100    drift=0.00e+00  t_eval=5.04e-04  t_dbdsqr=1.39e-04
  ev6_ec1_n64_s1_gm                                n=   192  res=     0.000  ortU=     7.100  ortV=     7.100    drift=0.00e+00  t_eval=1.37e-02  t_dbdsqr=1.06e-03
  ev6_ec1_n66_s3_gs                                n=   132  res=     0.000  ortU=     7.100  ortV=     7.100    drift=0.00e+00  t_eval=1.05e-02  t_dbdsqr=2.59e-04
  ev6_ec1_n83_s1                                   n=    83  res=     0.100  ortU=     7.100  ortV=     7.100    drift=0.00e+00  t_eval=8.11e-04  t_dbdsqr=2.68e-04
  ev8_ec1_n11_s0_gm                                n=    33  res=     0.100  ortU=     7.100  ortV=     7.100    drift=0.00e+00  t_eval=3.02e-04  t_dbdsqr=4.70e-05
  ev8_ec1_n29_s3_gm                                n=    87  res=     0.100  ortU=     7.100  ortV=     7.100    drift=0.00e+00  t_eval=2.12e-03  t_dbdsqr=2.84e-04
  ev8_ec1_n32_s1_gm                                n=    96  res=     0.300  ortU=     7.100  ortV=     7.100    drift=0.00e+00  t_eval=2.83e-03  t_dbdsqr=3.79e-04
  ev8_ec1_n45_s3_gm                                n=   135  res=     0.000  ortU=     7.100  ortV=     7.100    drift=0.00e+00  t_eval=5.86e-03  t_dbdsqr=6.91e-04
  ev8_ec1_n91_s3_gm                                n=   273  res=     0.000  ortU=     7.100  ortV=     7.100    drift=0.00e+00  t_eval=2.79e-02  t_dbdsqr=2.64e-03
  ev9_ec1_n65_s1_gm                                n=   195  res=     0.000  ortU=     7.100  ortV=     7.100    drift=0.00e+00  t_eval=1.62e-02  t_dbdsqr=4.60e-04
  tri2_n42                                         n=    42  res=     0.200  ortU=     7.100  ortV=     7.000    drift=0.00e+00  t_eval=1.28e-04  t_dbdsqr=4.57e-05
  tri5_n61                                         n=    61  res=     0.200  ortU=     7.100  ortV=     7.000    drift=0.00e+00  t_eval=2.63e-04  t_dbdsqr=8.37e-05
  ev1_ec4_n43_s0_gs                                n=    86  res=     0.000  ortU=     7.000  ortV=     7.000    drift=4.17e-16  t_eval=1.36e-04  t_dbdsqr=8.14e-06
  ev3_ec1_n10_s2                                   n=    10  res=     0.100  ortU=     7.000  ortV=     7.000    drift=0.00e+00  t_eval=2.21e-05  t_dbdsqr=6.11e-06
  ev3_ec1_n12_s2_gs                                n=    24  res=     0.200  ortU=     7.000  ortV=     6.900    drift=0.00e+00  t_eval=3.22e-04  t_dbdsqr=1.78e-05
  ev3_ec1_n34_s1                                   n=    34  res=     0.100  ortU=     7.000  ortV=     7.000    drift=0.00e+00  t_eval=1.18e-04  t_dbdsqr=2.81e-05
  ev3_ec1_n40_s3                                   n=    40  res=     0.100  ortU=     6.900  ortV=     7.000    drift=0.00e+00  t_eval=1.91e-04  t_dbdsqr=6.18e-05
  ev3_ec1_n43_s1                                   n=    43  res=     0.200  ortU=     7.000  ortV=     7.000    drift=0.00e+00  t_eval=1.90e-04  t_dbdsqr=3.96e-05
  ev3_ec1_n92_s0                                   n=    92  res=     0.100  ortU=     7.000  ortV=     7.000    drift=0.00e+00  t_eval=8.71e-04  t_dbdsqr=2.29e-04
  ev3_ec4_n65_s1_gm                                n=   195  res=     0.000  ortU=     7.000  ortV=     7.000    drift=0.00e+00  t_eval=1.83e-02  t_dbdsqr=2.46e-04
  ev3_ec4_n65_s2_gm                                n=   195  res=     0.000  ortU=     7.000  ortV=     7.000    drift=0.00e+00  t_eval=1.84e-02  t_dbdsqr=3.18e-04
  ev4_ec4_n87_s0_gs                                n=   174  res=     0.000  ortU=     7.000  ortV=     7.000    drift=0.00e+00  t_eval=1.67e-02  t_dbdsqr=4.34e-04
  ev4_ec4_n91_s0_gm                                n=   273  res=     0.000  ortU=     7.000  ortV=     7.000    drift=0.00e+00  t_eval=2.51e-02  t_dbdsqr=2.03e-03
  ev4_ec4_n98_s2_gs                                n=   196  res=     0.000  ortU=     7.000  ortV=     7.000    drift=0.00e+00  t_eval=2.12e-02  t_dbdsqr=1.09e-03
  ev5_ec1_n5_s0                                    n=     5  res=     0.200  ortU=     6.800  ortV=     7.000    drift=0.00e+00  t_eval=1.15e-05  t_dbdsqr=4.88e-06
  ev5_ec1_n37_s3                                   n=    37  res=     0.100  ortU=     7.000  ortV=     7.000    drift=0.00e+00  t_eval=1.69e-04  t_dbdsqr=2.91e-05
  ev5_ec4_n6_s2_gs                                 n=    12  res=     0.300  ortU=     7.000  ortV=     7.000    drift=0.00e+00  t_eval=6.57e-05  t_dbdsqr=6.16e-06
  ev5_ec4_n10_s3_gm                                n=    30  res=     0.100  ortU=     6.900  ortV=     7.000    drift=0.00e+00  t_eval=4.47e-04  t_dbdsqr=2.56e-05
  ev5_ec4_n61_s3_gm                                n=   183  res=     0.000  ortU=     7.000  ortV=     7.000    drift=0.00e+00  t_eval=1.59e-02  t_dbdsqr=2.01e-04
  ev6_ec1_n27_s1                                   n=    27  res=     0.200  ortU=     7.000  ortV=     7.000    drift=0.00e+00  t_eval=7.01e-05  t_dbdsqr=3.14e-05
  ev6_ec1_n50_s3_gs                                n=   100  res=     0.000  ortU=     7.000  ortV=     7.000    drift=0.00e+00  t_eval=6.00e-03  t_dbdsqr=1.57e-04
  ev6_ec1_n77_s2                                   n=    77  res=     0.100  ortU=     7.000  ortV=     7.000    drift=0.00e+00  t_eval=7.06e-04  t_dbdsqr=1.73e-04
  ev6_ec1_n79_s2_gs                                n=   158  res=     0.000  ortU=     7.000  ortV=     7.000    drift=0.00e+00  t_eval=1.48e-02  t_dbdsqr=3.70e-04
  ev6_ec1_n98_s1_gs                                n=   196  res=     0.000  ortU=     7.000  ortV=     7.000    drift=0.00e+00  t_eval=2.33e-02  t_dbdsqr=5.47e-04
  ev6_ec1_n98_s1_gm                                n=   294  res=     0.000  ortU=     7.000  ortV=     7.000    drift=0.00e+00  t_eval=3.62e-02  t_dbdsqr=2.41e-03
  ev9_ec1_n62_s1_gm                                n=   186  res=     0.100  ortU=     7.000  ortV=     7.000    drift=0.00e+00  t_eval=1.48e-02  t_dbdsqr=1.25e-03
  ev9_ec1_n63_s1_gm                                n=   189  res=     0.100  ortU=     7.000  ortV=     7.000    drift=0.00e+00  t_eval=1.45e-02  t_dbdsqr=4.30e-04
  ev9_ec1_n77_s2_gm                                n=   231  res=     0.000  ortU=     7.000  ortV=     7.000    drift=0.00e+00  t_eval=2.15e-02  t_dbdsqr=1.99e-03
  tri2_n37_gs                                      n=    74  res=     0.100  ortU=     7.000  ortV=     7.000    drift=0.00e+00  t_eval=1.70e-03  t_dbdsqr=7.18e-05
  tri2_n80_gs                                      n=   160  res=     0.200  ortU=     7.000  ortV=     7.000    drift=0.00e+00  t_eval=8.52e-03  t_dbdsqr=5.79e-04
  tri2_n88_gs                                      n=   176  res=     0.100  ortU=     7.000  ortV=     7.000    drift=0.00e+00  t_eval=1.05e-02  t_dbdsqr=7.52e-04
  tri2_n90                                         n=    90  res=     0.200  ortU=     7.000  ortV=     7.000    drift=0.00e+00  t_eval=5.26e-04  t_dbdsqr=1.56e-04
  tri3_n39_gs                                      n=    78  res=     0.100  ortU=     7.000  ortV=     7.000    drift=0.00e+00  t_eval=3.26e-03  t_dbdsqr=1.19e-04
  tri5_n40                                         n=    40  res=     0.200  ortU=     7.000  ortV=     7.000    drift=0.00e+00  t_eval=1.15e-04  t_dbdsqr=4.29e-05
  ev1_ec4_n80_s2_gs                                n=   160  res=     0.000  ortU=     6.900  ortV=     6.900    drift=4.63e-16  t_eval=3.04e-04  t_dbdsqr=1.25e-05
  ev3_ec1_n24_s2                                   n=    24  res=     0.100  ortU=     6.900  ortV=     6.900    drift=0.00e+00  t_eval=6.45e-05  t_dbdsqr=1.51e-05
  ev3_ec1_n45_s3                                   n=    45  res=     0.100  ortU=     6.800  ortV=     6.900    drift=0.00e+00  t_eval=2.41e-04  t_dbdsqr=7.61e-05
  ev3_ec4_n11_s3                                   n=    11  res=     0.800  ortU=     6.900  ortV=     6.800    drift=0.00e+00  t_eval=2.72e-05  t_dbdsqr=4.29e-06
  ev3_ec4_n33_s0_gm                                n=    99  res=     0.000  ortU=     6.900  ortV=     6.900    drift=4.09e-16  t_eval=5.73e-04  t_dbdsqr=9.93e-05
  ev4_ec1_n59_s0_gs                                n=   118  res=     0.000  ortU=     6.900  ortV=     6.900    drift=0.00e+00  t_eval=6.78e-03  t_dbdsqr=2.16e-04
  ev4_ec1_n69_s1_gm                                n=   207  res=     0.000  ortU=     6.900  ortV=     6.900    drift=0.00e+00  t_eval=1.36e-02  t_dbdsqr=1.24e-03
  ev4_ec1_n77_s2_gm                                n=   231  res=     0.000  ortU=     6.900  ortV=     6.900    drift=0.00e+00  t_eval=1.78e-02  t_dbdsqr=1.51e-03
  ev4_ec4_n41_s1_gm                                n=   123  res=     0.000  ortU=     6.900  ortV=     6.900    drift=0.00e+00  t_eval=4.04e-03  t_dbdsqr=4.66e-04
  ev4_ec4_n53_s1_gs                                n=   106  res=     0.000  ortU=     6.900  ortV=     6.900    drift=0.00e+00  t_eval=5.37e-03  t_dbdsqr=1.80e-04
  ev4_ec4_n93_s0_gm                                n=   279  res=     0.000  ortU=     6.900  ortV=     6.900    drift=0.00e+00  t_eval=2.68e-02  t_dbdsqr=2.15e-03
  ev5_ec1_n28_s2_gm                                n=    84  res=     0.100  ortU=     6.900  ortV=     6.900    drift=0.00e+00  t_eval=3.02e-03  t_dbdsqr=1.99e-04
  ev5_ec1_n29_s1                                   n=    29  res=     0.100  ortU=     6.800  ortV=     6.900    drift=0.00e+00  t_eval=1.06e-04  t_dbdsqr=2.04e-05
  ev5_ec1_n31_s3                                   n=    31  res=     0.000  ortU=     6.900  ortV=     6.900    drift=0.00e+00  t_eval=1.45e-04  t_dbdsqr=4.34e-05
  ev5_ec1_n45_s1                                   n=    45  res=     0.000  ortU=     6.900  ortV=     6.900    drift=0.00e+00  t_eval=2.18e-04  t_dbdsqr=4.02e-05
  ev5_ec4_n7_s2_gm                                 n=    21  res=     0.200  ortU=     6.900  ortV=     6.900    drift=0.00e+00  t_eval=1.27e-04  t_dbdsqr=1.85e-05
  ev5_ec4_n9_s0_gs                                 n=    18  res=     0.200  ortU=     6.800  ortV=     6.900    drift=0.00e+00  t_eval=1.43e-04  t_dbdsqr=7.21e-06
  ev5_ec4_n25_s0_gm                                n=    75  res=     0.000  ortU=     6.800  ortV=     6.900    drift=0.00e+00  t_eval=2.50e-03  t_dbdsqr=6.66e-05
  ev5_ec4_n56_s2                                   n=    56  res=     0.300  ortU=     6.900  ortV=     6.900    drift=0.00e+00  t_eval=4.16e-04  t_dbdsqr=3.11e-05
  ev5_ec4_n80_s3_gm                                n=   240  res=     0.000  ortU=     6.900  ortV=     6.900    drift=0.00e+00  t_eval=3.25e-03  t_dbdsqr=3.03e-04
  ev5_ec4_n88_s1_gm                                n=   264  res=     0.000  ortU=     6.900  ortV=     6.900    drift=0.00e+00  t_eval=3.22e-02  t_dbdsqr=4.98e-04
  ev6_ec1_n75_s0                                   n=    75  res=     0.100  ortU=     6.900  ortV=     6.900    drift=0.00e+00  t_eval=6.02e-04  t_dbdsqr=1.76e-04
  ev6_ec1_n76_s3                                   n=    76  res=     0.100  ortU=     6.900  ortV=     6.900    drift=0.00e+00  t_eval=6.15e-04  t_dbdsqr=1.69e-04
  ev6_ec1_n95_s3                                   n=    95  res=     0.100  ortU=     6.900  ortV=     6.900    drift=0.00e+00  t_eval=9.91e-04  t_dbdsqr=2.59e-04
  ev7_ec1_n75_s3_gm                                n=   225  res=     0.100  ortU=     6.900  ortV=     6.900    drift=0.00e+00  t_eval=2.22e-02  t_dbdsqr=2.03e-05
  ev7_ec1_n90_s1_gs                                n=   180  res=     0.000  ortU=     6.900  ortV=     6.900    drift=0.00e+00  t_eval=1.03e-02  t_dbdsqr=3.35e-04
  ev9_ec1_n35_s2_gm                                n=   105  res=     0.000  ortU=     6.900  ortV=     6.900    drift=0.00e+00  t_eval=4.28e-03  t_dbdsqr=1.66e-04
  ev9_ec1_n37_s1_gs                                n=    74  res=     0.100  ortU=     6.900  ortV=     6.900    drift=0.00e+00  t_eval=2.05e-03  t_dbdsqr=1.83e-04
  ev9_ec1_n54_s3_gm                                n=   162  res=     0.000  ortU=     6.900  ortV=     6.900    drift=0.00e+00  t_eval=1.12e-02  t_dbdsqr=1.02e-03
  tri2_n64_gs                                      n=   128  res=     0.200  ortU=     6.900  ortV=     6.800    drift=0.00e+00  t_eval=5.46e-03  t_dbdsqr=3.86e-04
  tri2_n71_gs                                      n=   142  res=     0.200  ortU=     6.900  ortV=     6.900    drift=0.00e+00  t_eval=6.77e-03  t_dbdsqr=4.93e-04
  tri4_n8_gs                                       n=    16  res=     0.200  ortU=     6.900  ortV=     6.900    drift=0.00e+00  t_eval=9.04e-05  t_dbdsqr=8.32e-06
  tri4_n74                                         n=    74  res=     0.200  ortU=     6.800  ortV=     6.900    drift=0.00e+00  t_eval=3.66e-04  t_dbdsqr=1.28e-04
  tri5_n37                                         n=    37  res=     0.200  ortU=     6.900  ortV=     6.900    drift=0.00e+00  t_eval=1.01e-04  t_dbdsqr=3.79e-05
  bid2_n250_s3                                     n=   250  res=     0.100  ortU=     6.900  ortV=     6.900    drift=0.00e+00  t_eval=4.02e-03  t_dbdsqr=1.38e-03
  bid2_n500_s2                                     n=   500  res=     0.100  ortU=     6.800  ortV=     6.900    drift=0.00e+00  t_eval=2.03e-02  t_dbdsqr=5.20e-03
  ev3_ec1_n29_s0                                   n=    29  res=     0.100  ortU=     6.800  ortV=     6.800    drift=0.00e+00  t_eval=1.12e-04  t_dbdsqr=3.95e-05
  ev3_ec1_n64_s2                                   n=    64  res=     0.100  ortU=     6.800  ortV=     6.800    drift=0.00e+00  t_eval=3.86e-04  t_dbdsqr=7.31e-05
  ev3_ec1_n74_s2_gm                                n=   222  res=     0.000  ortU=     6.800  ortV=     6.800    drift=0.00e+00  t_eval=2.24e-02  t_dbdsqr=9.74e-04
  ev3_ec4_n24_s3_gm                                n=    72  res=     0.100  ortU=     6.700  ortV=     6.800    drift=0.00e+00  t_eval=2.50e-03  t_dbdsqr=6.64e-05
  ev3_ec4_n44_s3                                   n=    44  res=     0.100  ortU=     6.800  ortV=     6.800    drift=0.00e+00  t_eval=2.98e-04  t_dbdsqr=7.16e-05
  ev3_ec4_n70_s3                                   n=    70  res=     0.000  ortU=     6.700  ortV=     6.800    drift=0.00e+00  t_eval=5.85e-04  t_dbdsqr=5.91e-05
  ev3_ec4_n78_s2                                   n=    78  res=     0.100  ortU=     6.800  ortV=     6.800    drift=0.00e+00  t_eval=7.43e-04  t_dbdsqr=7.14e-05
  ev4_ec1_n10_s2_gs                                n=    20  res=     0.100  ortU=     6.800  ortV=     6.800    drift=0.00e+00  t_eval=1.42e-04  t_dbdsqr=1.51e-05
  ev4_ec1_n29_s3_gs                                n=    58  res=     0.000  ortU=     6.800  ortV=     6.800    drift=0.00e+00  t_eval=1.48e-03  t_dbdsqr=6.53e-05
  ev4_ec1_n94_s2_gm                                n=   282  res=     0.100  ortU=     6.800  ortV=     6.800    drift=0.00e+00  t_eval=2.75e-02  t_dbdsqr=2.14e-03
  ev4_ec4_n55_s2_gm                                n=   165  res=     0.000  ortU=     6.800  ortV=     6.800    drift=0.00e+00  t_eval=7.96e-03  t_dbdsqr=8.30e-04
  ev4_ec4_n64_s1_gm                                n=   192  res=     0.000  ortU=     6.800  ortV=     6.800    drift=0.00e+00  t_eval=1.14e-02  t_dbdsqr=1.09e-03
  ev4_ec4_n74_s0                                   n=    74  res=     0.200  ortU=     6.700  ortV=     6.800    drift=0.00e+00  t_eval=4.33e-04  t_dbdsqr=1.90e-04
  ev4_ec4_n75_s2_gm                                n=   225  res=     0.000  ortU=     6.800  ortV=     6.800    drift=0.00e+00  t_eval=1.68e-02  t_dbdsqr=1.42e-03
  ev4_ec4_n82_s1_gs                                n=   164  res=     0.000  ortU=     6.700  ortV=     6.800    drift=0.00e+00  t_eval=1.41e-02  t_dbdsqr=4.28e-04
  ev5_ec1_n21_s0                                   n=    21  res=     0.300  ortU=     6.800  ortV=     6.800    drift=0.00e+00  t_eval=6.70e-05  t_dbdsqr=2.63e-05
  ev5_ec1_n28_s0                                   n=    28  res=     0.100  ortU=     6.800  ortV=     6.800    drift=0.00e+00  t_eval=8.89e-05  t_dbdsqr=2.08e-05
  ev5_ec1_n82_s1                                   n=    82  res=     0.100  ortU=     6.800  ortV=     6.800    drift=0.00e+00  t_eval=6.73e-04  t_dbdsqr=1.06e-04
  ev5_ec4_n7_s2                                    n=     7  res=     0.300  ortU=     6.800  ortV=     6.800    drift=0.00e+00  t_eval=1.28e-05  t_dbdsqr=4.72e-06
  ev5_ec4_n41_s0                                   n=    41  res=     0.100  ortU=     6.800  ortV=     6.800    drift=0.00e+00  t_eval=2.76e-04  t_dbdsqr=6.41e-05
  ev5_ec4_n72_s1_gm                                n=   216  res=     0.000  ortU=     6.800  ortV=     6.800    drift=0.00e+00  t_eval=2.15e-02  t_dbdsqr=3.00e-04
  ev5_ec4_n99_s2                                   n=    99  res=     0.200  ortU=     6.800  ortV=     6.800    drift=1.36e-16  t_eval=1.27e-03  t_dbdsqr=8.44e-05
  ev6_ec1_n24_s2_gm                                n=    72  res=     0.000  ortU=     6.800  ortV=     6.800    drift=0.00e+00  t_eval=1.57e-03  t_dbdsqr=1.78e-04
  ev6_ec1_n36_s2                                   n=    36  res=     0.100  ortU=     6.800  ortV=     6.800    drift=0.00e+00  t_eval=1.71e-04  t_dbdsqr=4.70e-05
  ev6_ec1_n46_s2                                   n=    46  res=     0.200  ortU=     6.800  ortV=     6.800    drift=0.00e+00  t_eval=2.83e-04  t_dbdsqr=7.31e-05
  ev6_ec1_n46_s2_gm                                n=   138  res=     0.100  ortU=     6.800  ortV=     6.800    drift=0.00e+00  t_eval=7.02e-03  t_dbdsqr=5.62e-04
  ev6_ec1_n66_s2_gm                                n=   198  res=     0.000  ortU=     6.800  ortV=     6.800    drift=0.00e+00  t_eval=1.49e-02  t_dbdsqr=1.17e-03
  ev6_ec1_n92_s2                                   n=    92  res=     0.100  ortU=     6.800  ortV=     6.800    drift=0.00e+00  t_eval=9.96e-04  t_dbdsqr=2.45e-04
  ev7_ec1_n15_s1_gm                                n=    45  res=     0.100  ortU=     6.700  ortV=     6.800    drift=0.00e+00  t_eval=8.23e-04  t_dbdsqr=6.17e-06
  ev7_ec1_n65_s3_gs                                n=   130  res=     0.000  ortU=     6.700  ortV=     6.800    drift=0.00e+00  t_eval=5.27e-03  t_dbdsqr=3.07e-04
  ev8_ec1_n20_s3_gm                                n=    60  res=     0.100  ortU=     6.800  ortV=     6.800    drift=0.00e+00  t_eval=1.10e-03  t_dbdsqr=1.56e-04
  ev8_ec1_n40_s1_gm                                n=   120  res=     0.000  ortU=     6.800  ortV=     6.800    drift=0.00e+00  t_eval=4.72e-03  t_dbdsqr=5.81e-04
  ev9_ec1_n18_s1_gm                                n=    54  res=     0.100  ortU=     6.700  ortV=     6.800    drift=0.00e+00  t_eval=9.09e-04  t_dbdsqr=5.13e-05
  ev9_ec1_n49_s2_gm                                n=   147  res=     0.100  ortU=     6.800  ortV=     6.800    drift=0.00e+00  t_eval=8.88e-03  t_dbdsqr=8.79e-04
  tri4_n27                                         n=    27  res=     0.400  ortU=     6.800  ortV=     6.700    drift=0.00e+00  t_eval=5.82e-05  t_dbdsqr=2.43e-05
  tri4_n61                                         n=    61  res=     0.200  ortU=     6.700  ortV=     6.800    drift=0.00e+00  t_eval=2.54e-04  t_dbdsqr=8.91e-05
  tri5_n35                                         n=    35  res=     0.200  ortU=     6.700  ortV=     6.800    drift=0.00e+00  t_eval=9.55e-05  t_dbdsqr=3.80e-05
  tri7_n93_gm                                      n=   279  res=     0.000  ortU=     6.800  ortV=     6.800    drift=0.00e+00  t_eval=2.64e-02  t_dbdsqr=1.86e-03
  ev1_ec4_n90_s3_gs                                n=   180  res=     0.000  ortU=     6.700  ortV=     6.700    drift=0.00e+00  t_eval=2.86e-04  t_dbdsqr=1.49e-05
  ev2_ec4_n78_s3                                   n=    78  res=     0.100  ortU=     6.700  ortV=     6.700    drift=2.10e-16  t_eval=5.71e-04  t_dbdsqr=6.64e-06
  ev3_ec1_n40_s1                                   n=    40  res=     0.100  ortU=     6.600  ortV=     6.700    drift=0.00e+00  t_eval=1.88e-04  t_dbdsqr=6.01e-05
  ev3_ec4_n15_s1                                   n=    15  res=     0.400  ortU=     6.700  ortV=     6.700    drift=0.00e+00  t_eval=4.20e-05  t_dbdsqr=6.44e-06
  ev3_ec4_n26_s3                                   n=    26  res=     0.100  ortU=     6.700  ortV=     6.700    drift=0.00e+00  t_eval=9.34e-05  t_dbdsqr=1.27e-05
  ev3_ec4_n49_s0_gm                                n=   147  res=     0.100  ortU=     6.700  ortV=     6.700    drift=5.37e-16  t_eval=1.23e-03  t_dbdsqr=1.60e-04
  ev3_ec4_n51_s3                                   n=    51  res=     0.200  ortU=     6.700  ortV=     6.700    drift=0.00e+00  t_eval=3.20e-04  t_dbdsqr=3.48e-05
  ev3_ec4_n58_s1                                   n=    58  res=     0.100  ortU=     6.700  ortV=     6.700    drift=0.00e+00  t_eval=4.20e-04  t_dbdsqr=4.28e-05
  ev3_ec4_n66_s2                                   n=    66  res=     0.100  ortU=     6.700  ortV=     6.700    drift=0.00e+00  t_eval=5.17e-04  t_dbdsqr=5.53e-05
  ev3_ec4_n71_s2_gm                                n=   213  res=     0.000  ortU=     6.700  ortV=     6.700    drift=5.36e-16  t_eval=2.51e-03  t_dbdsqr=2.81e-04
  ev4_ec1_n30_s3                                   n=    30  res=     0.400  ortU=     6.700  ortV=     6.700    drift=0.00e+00  t_eval=8.21e-05  t_dbdsqr=3.56e-05
  ev4_ec1_n67_s1_gm                                n=   201  res=     0.000  ortU=     6.700  ortV=     6.600    drift=0.00e+00  t_eval=1.31e-02  t_dbdsqr=1.18e-03
  ev4_ec1_n93_s0                                   n=    93  res=     0.200  ortU=     6.700  ortV=     6.600    drift=0.00e+00  t_eval=6.22e-04  t_dbdsqr=2.48e-04
  ev4_ec1_n96_s2_gm                                n=   288  res=     0.000  ortU=     6.700  ortV=     6.700    drift=0.00e+00  t_eval=2.87e-02  t_dbdsqr=2.24e-03
  ev4_ec4_n56_s0_gm                                n=   168  res=     0.000  ortU=     6.700  ortV=     6.700    drift=0.00e+00  t_eval=8.14e-03  t_dbdsqr=8.70e-04
  ev5_ec1_n11_s0_gm                                n=    33  res=     0.100  ortU=     6.600  ortV=     6.700    drift=0.00e+00  t_eval=4.21e-04  t_dbdsqr=2.89e-05
  ev5_ec1_n47_s0                                   n=    47  res=     0.100  ortU=     6.700  ortV=     6.700    drift=0.00e+00  t_eval=2.29e-04  t_dbdsqr=4.41e-05
  ev5_ec1_n74_s0_gm                                n=   222  res=     0.000  ortU=     6.700  ortV=     6.700    drift=0.00e+00  t_eval=2.22e-02  t_dbdsqr=7.85e-04
  ev5_ec1_n96_s2                                   n=    96  res=     0.100  ortU=     6.700  ortV=     6.700    drift=0.00e+00  t_eval=1.00e-03  t_dbdsqr=1.99e-04
  ev5_ec4_n7_s2_gs                                 n=    14  res=     0.200  ortU=     6.700  ortV=     6.500    drift=0.00e+00  t_eval=9.14e-05  t_dbdsqr=7.57e-06
  ev5_ec4_n9_s2_gm                                 n=    27  res=     0.100  ortU=     6.700  ortV=     6.700    drift=0.00e+00  t_eval=2.43e-04  t_dbdsqr=1.99e-05
  ev5_ec4_n58_s3_gm                                n=   174  res=     0.100  ortU=     6.700  ortV=     6.700    drift=0.00e+00  t_eval=1.44e-02  t_dbdsqr=1.88e-04
  ev5_ec4_n74_s1_gm                                n=   222  res=     0.000  ortU=     6.700  ortV=     6.700    drift=0.00e+00  t_eval=2.27e-02  t_dbdsqr=2.93e-04
  ev5_ec4_n86_s2                                   n=    86  res=     0.100  ortU=     6.700  ortV=     6.700    drift=6.59e-16  t_eval=9.22e-04  t_dbdsqr=6.70e-05
  ev6_ec1_n29_s2_gs                                n=    58  res=     0.100  ortU=     6.700  ortV=     6.700    drift=0.00e+00  t_eval=1.88e-03  t_dbdsqr=5.79e-05
  ev6_ec1_n33_s3                                   n=    33  res=     0.100  ortU=     6.700  ortV=     6.700    drift=0.00e+00  t_eval=1.17e-04  t_dbdsqr=3.95e-05
  ev6_ec1_n43_s0_gm                                n=   129  res=     0.000  ortU=     6.700  ortV=     6.700    drift=0.00e+00  t_eval=4.45e-03  t_dbdsqr=5.29e-04
  ev6_ec1_n46_s3_gm                                n=   138  res=     0.000  ortU=     6.700  ortV=     6.700    drift=0.00e+00  t_eval=6.78e-03  t_dbdsqr=5.70e-04
  ev6_ec1_n48_s1                                   n=    48  res=     0.200  ortU=     6.700  ortV=     6.700    drift=0.00e+00  t_eval=2.39e-04  t_dbdsqr=9.65e-05
  ev6_ec1_n67_s2_gs                                n=   134  res=     0.100  ortU=     6.700  ortV=     6.700    drift=0.00e+00  t_eval=1.07e-02  t_dbdsqr=2.77e-04
  ev6_ec1_n74_s3                                   n=    74  res=     0.100  ortU=     6.700  ortV=     6.700    drift=0.00e+00  t_eval=5.90e-04  t_dbdsqr=1.57e-04
  ev6_ec1_n74_s3_gs                                n=   148  res=     0.000  ortU=     6.700  ortV=     6.700    drift=0.00e+00  t_eval=1.35e-02  t_dbdsqr=3.10e-04
  ev6_ec1_n91_s2_gm                                n=   273  res=     0.100  ortU=     6.700  ortV=     6.700    drift=0.00e+00  t_eval=2.64e-02  t_dbdsqr=2.10e-03
  ev6_ec1_n94_s1                                   n=    94  res=     0.100  ortU=     6.700  ortV=     6.700    drift=0.00e+00  t_eval=1.10e-03  t_dbdsqr=3.36e-04
  ev6_ec1_n99_s2_gm                                n=   297  res=     0.100  ortU=     6.700  ortV=     6.700    drift=0.00e+00  t_eval=3.34e-02  t_dbdsqr=2.46e-03
  ev7_ec1_n32_s3_gs                                n=    64  res=     0.200  ortU=     6.700  ortV=     6.600    drift=0.00e+00  t_eval=1.14e-03  t_dbdsqr=7.03e-06
  ev7_ec1_n38_s0_gm                                n=   114  res=     0.100  ortU=     6.700  ortV=     6.700    drift=0.00e+00  t_eval=5.52e-03  t_dbdsqr=1.05e-05
  ev7_ec1_n63_s0_gs                                n=   126  res=     0.100  ortU=     6.700  ortV=     6.700    drift=0.00e+00  t_eval=4.81e-03  t_dbdsqr=1.20e-05
  ev8_ec1_n22_s1                                   n=    22  res=     0.100  ortU=     6.700  ortV=     6.700    drift=0.00e+00  t_eval=8.35e-05  t_dbdsqr=2.12e-05
  ev8_ec1_n24_s2_gm                                n=    72  res=     0.000  ortU=     6.700  ortV=     6.700    drift=0.00e+00  t_eval=1.44e-03  t_dbdsqr=1.90e-04
  ev8_ec1_n36_s0_gm                                n=   108  res=     0.100  ortU=     6.700  ortV=     6.700    drift=0.00e+00  t_eval=3.69e-03  t_dbdsqr=4.74e-04
  ev8_ec1_n36_s2_gm                                n=   108  res=     0.000  ortU=     6.700  ortV=     6.700    drift=0.00e+00  t_eval=3.61e-03  t_dbdsqr=4.55e-04
  ev9_ec1_n27_s2_gs                                n=    54  res=     0.400  ortU=     6.700  ortV=     6.700    drift=0.00e+00  t_eval=1.08e-03  t_dbdsqr=1.01e-04
  tri2_n49_gs                                      n=    98  res=     0.300  ortU=     6.700  ortV=     6.700    drift=0.00e+00  t_eval=3.04e-03  t_dbdsqr=1.09e-04
  tri2_n51                                         n=    51  res=     0.200  ortU=     6.700  ortV=     6.700    drift=0.00e+00  t_eval=1.81e-04  t_dbdsqr=5.94e-05
  tri2_n63                                         n=    63  res=     0.200  ortU=     6.700  ortV=     6.700    drift=0.00e+00  t_eval=2.79e-04  t_dbdsqr=8.39e-05
  tri2_n77                                         n=    77  res=     0.200  ortU=     6.700  ortV=     6.700    drift=0.00e+00  t_eval=4.01e-04  t_dbdsqr=1.23e-04
  tri2_n87                                         n=    87  res=     0.200  ortU=     6.700  ortV=     6.700    drift=0.00e+00  t_eval=5.25e-04  t_dbdsqr=1.58e-04
  tri4_n92_gm                                      n=   276  res=     0.100  ortU=     6.700  ortV=     6.700    drift=0.00e+00  t_eval=2.56e-02  t_dbdsqr=1.86e-03
  ev1_ec4_n38_s0_gs                                n=    76  res=     0.000  ortU=     6.500  ortV=     6.600    drift=6.99e-16  t_eval=9.80e-05  t_dbdsqr=8.28e-06
  ev2_ec4_n34_s1_gs                                n=    68  res=     0.200  ortU=     6.600  ortV=     6.600    drift=0.00e+00  t_eval=1.68e-04  t_dbdsqr=5.79e-06
  ev2_ec4_n87_s3                                   n=    87  res=     0.100  ortU=     6.600  ortV=     6.500    drift=2.16e-16  t_eval=4.08e-04  t_dbdsqr=8.84e-06
  ev3_ec1_n25_s2_gm                                n=    75  res=     0.100  ortU=     6.600  ortV=     6.600    drift=0.00e+00  t_eval=2.39e-03  t_dbdsqr=1.58e-04
  ev3_ec1_n30_s2                                   n=    30  res=     0.200  ortU=     6.600  ortV=     6.600    drift=0.00e+00  t_eval=1.20e-04  t_dbdsqr=4.24e-05
  ev3_ec4_n8_s0_gs                                 n=    16  res=     0.200  ortU=     6.600  ortV=     6.600    drift=0.00e+00  t_eval=1.56e-04  t_dbdsqr=8.96e-06
  ev3_ec4_n26_s1_gm                                n=    78  res=     0.100  ortU=     6.600  ortV=     6.600    drift=0.00e+00  t_eval=2.84e-03  t_dbdsqr=6.83e-05
  ev3_ec4_n43_s0_gm                                n=   129  res=     0.100  ortU=     6.600  ortV=     6.600    drift=0.00e+00  t_eval=7.81e-03  t_dbdsqr=1.38e-04
  ev3_ec4_n46_s1_gm                                n=   138  res=     0.000  ortU=     6.600  ortV=     6.600    drift=0.00e+00  t_eval=9.02e-03  t_dbdsqr=1.53e-04
  ev3_ec4_n84_s2_gm                                n=   252  res=     0.000  ortU=     6.600  ortV=     6.600    drift=0.00e+00  t_eval=3.01e-02  t_dbdsqr=3.62e-04
  ev3_ec4_n99_s3_gm                                n=   297  res=     0.000  ortU=     6.600  ortV=     6.600    drift=0.00e+00  t_eval=4.28e-02  t_dbdsqr=7.13e-04
  ev4_ec1_n23_s0_gs                                n=    46  res=     0.100  ortU=     6.600  ortV=     6.600    drift=0.00e+00  t_eval=7.97e-04  t_dbdsqr=4.44e-05
  ev4_ec4_n11_s3_gs                                n=    22  res=     0.100  ortU=     6.600  ortV=     6.500    drift=0.00e+00  t_eval=1.64e-04  t_dbdsqr=1.42e-05
  ev4_ec4_n39_s0_gm                                n=   117  res=     0.100  ortU=     6.600  ortV=     6.600    drift=0.00e+00  t_eval=3.53e-03  t_dbdsqr=4.31e-04
  ev4_ec4_n54_s3                                   n=    54  res=     0.200  ortU=     6.600  ortV=     6.500    drift=0.00e+00  t_eval=2.55e-04  t_dbdsqr=1.10e-04
  ev4_ec4_n94_s0_gm                                n=   282  res=     0.000  ortU=     6.600  ortV=     6.600    drift=0.00e+00  t_eval=2.79e-02  t_dbdsqr=2.20e-03
  ev5_ec1_n14_s0                                   n=    14  res=     0.100  ortU=     6.600  ortV=     6.500    drift=0.00e+00  t_eval=2.54e-05  t_dbdsqr=9.91e-06
  ev5_ec1_n49_s1_gm                                n=   147  res=     0.000  ortU=     6.600  ortV=     6.600    drift=0.00e+00  t_eval=9.66e-03  t_dbdsqr=4.48e-04
  ev5_ec4_n16_s0_gm                                n=    48  res=     0.100  ortU=     6.600  ortV=     6.600    drift=0.00e+00  t_eval=1.08e-03  t_dbdsqr=9.60e-05
  ev5_ec4_n34_s1_gm                                n=   102  res=     0.100  ortU=     6.600  ortV=     6.600    drift=0.00e+00  t_eval=4.76e-03  t_dbdsqr=2.25e-04
  ev5_ec4_n88_s2                                   n=    88  res=     0.200  ortU=     6.600  ortV=     6.600    drift=0.00e+00  t_eval=9.68e-04  t_dbdsqr=6.89e-05
  ev5_ec4_n96_s1_gm                                n=   288  res=     0.000  ortU=     6.600  ortV=     6.600    drift=6.16e-16  t_eval=4.32e-03  t_dbdsqr=4.45e-04
  ev5_ec4_n99_s3                                   n=    99  res=     0.100  ortU=     6.500  ortV=     6.600    drift=0.00e+00  t_eval=1.19e-03  t_dbdsqr=8.46e-05
  ev6_ec1_n7_s3                                    n=     7  res=     0.400  ortU=     6.400  ortV=     6.600    drift=0.00e+00  t_eval=1.13e-05  t_dbdsqr=6.48e-06
  ev6_ec1_n18_s2                                   n=    18  res=     0.300  ortU=     6.500  ortV=     6.600    drift=0.00e+00  t_eval=4.51e-05  t_dbdsqr=1.77e-05
  ev6_ec1_n48_s2_gs                                n=    96  res=     0.100  ortU=     6.600  ortV=     6.600    drift=0.00e+00  t_eval=5.51e-03  t_dbdsqr=1.49e-04
  ev6_ec1_n63_s3                                   n=    63  res=     0.100  ortU=     6.600  ortV=     6.600    drift=0.00e+00  t_eval=4.68e-04  t_dbdsqr=1.28e-04
  ev6_ec1_n64_s3_gs                                n=   128  res=     0.000  ortU=     6.600  ortV=     6.600    drift=0.00e+00  t_eval=1.01e-02  t_dbdsqr=2.61e-04
  ev6_ec1_n97_s2_gm                                n=   291  res=     0.000  ortU=     6.600  ortV=     6.600    drift=0.00e+00  t_eval=3.33e-02  t_dbdsqr=2.35e-03
  ev8_ec1_n55_s2_gs                                n=   110  res=     0.000  ortU=     6.600  ortV=     6.600    drift=0.00e+00  t_eval=5.81e-03  t_dbdsqr=1.88e-04
  ev9_ec1_n15_s2_gs                                n=    30  res=     0.100  ortU=     6.600  ortV=     6.600    drift=0.00e+00  t_eval=2.83e-04  t_dbdsqr=3.22e-05
  ev9_ec1_n18_s1_gs                                n=    36  res=     0.500  ortU=     6.600  ortV=     6.600    drift=0.00e+00  t_eval=4.53e-04  t_dbdsqr=4.39e-05
  ev9_ec1_n33_s1_gs                                n=    66  res=     0.200  ortU=     6.600  ortV=     6.600    drift=0.00e+00  t_eval=1.81e-03  t_dbdsqr=1.57e-04
  ev9_ec1_n36_s0_gm                                n=   108  res=     0.100  ortU=     6.600  ortV=     6.600    drift=0.00e+00  t_eval=4.26e-03  t_dbdsqr=5.05e-04
  ev9_ec1_n82_s2_gm                                n=   246  res=     0.100  ortU=     6.600  ortV=     6.600    drift=0.00e+00  t_eval=2.46e-02  t_dbdsqr=6.70e-04
  ev9_ec1_n92_s2_gm                                n=   276  res=     0.100  ortU=     6.600  ortV=     6.600    drift=0.00e+00  t_eval=3.38e-02  t_dbdsqr=2.71e-03
  tri2_n32                                         n=    32  res=     0.300  ortU=     6.600  ortV=     6.600    drift=0.00e+00  t_eval=7.86e-05  t_dbdsqr=2.94e-05
  tri2_n95_gs                                      n=   190  res=     0.200  ortU=     6.600  ortV=     6.600    drift=0.00e+00  t_eval=1.21e-02  t_dbdsqr=8.35e-04
  tri5_n43_gs                                      n=    86  res=     0.000  ortU=     6.600  ortV=     6.600    drift=0.00e+00  t_eval=2.31e-03  t_dbdsqr=9.12e-05
  tri5_n92                                         n=    92  res=     0.200  ortU=     6.600  ortV=     6.600    drift=0.00e+00  t_eval=5.74e-04  t_dbdsqr=1.75e-04
  tri6_n14_gs                                      n=    28  res=     0.100  ortU=     6.600  ortV=     6.600    drift=0.00e+00  t_eval=3.21e-04  t_dbdsqr=2.59e-05
  ev1_ec1_n95_s2_gs                                n=   190  res=     0.000  ortU=     6.500  ortV=     6.500    drift=7.52e-16  t_eval=5.47e-04  t_dbdsqr=1.60e-05
  ev1_ec4_n65_s0_gs                                n=   130  res=     0.000  ortU=     6.500  ortV=     6.500    drift=3.77e-16  t_eval=3.04e-04  t_dbdsqr=1.22e-05
  ev1_ec4_n100_s2_gs                               n=   200  res=     0.000  ortU=     6.500  ortV=     6.500    drift=5.11e-16  t_eval=5.11e-04  t_dbdsqr=1.56e-05
  ev2_ec4_n64_s3                                   n=    64  res=     0.100  ortU=     6.500  ortV=     6.500    drift=2.16e-16  t_eval=3.65e-04  t_dbdsqr=6.70e-06
  ev3_ec1_n22_s0                                   n=    22  res=     0.100  ortU=     6.500  ortV=     6.500    drift=0.00e+00  t_eval=5.96e-05  t_dbdsqr=1.36e-05
  ev3_ec1_n36_s3                                   n=    36  res=     0.100  ortU=     6.500  ortV=     6.500    drift=0.00e+00  t_eval=1.34e-04  t_dbdsqr=2.89e-05
  ev3_ec1_n44_s0                                   n=    44  res=     0.100  ortU=     6.500  ortV=     6.500    drift=0.00e+00  t_eval=2.30e-04  t_dbdsqr=7.17e-05
  ev3_ec1_n48_s0                                   n=    48  res=     0.100  ortU=     6.400  ortV=     6.500    drift=0.00e+00  t_eval=2.61e-04  t_dbdsqr=8.24e-05
  ev3_ec1_n68_s2                                   n=    68  res=     0.100  ortU=     6.500  ortV=     6.500    drift=0.00e+00  t_eval=4.86e-04  t_dbdsqr=1.32e-04
  ev3_ec1_n78_s3                                   n=    78  res=     0.100  ortU=     6.500  ortV=     6.500    drift=0.00e+00  t_eval=6.44e-04  t_dbdsqr=1.73e-04
  ev3_ec4_n14_s3_gm                                n=    42  res=     0.100  ortU=     6.500  ortV=     6.400    drift=0.00e+00  t_eval=8.97e-04  t_dbdsqr=5.42e-05
  ev3_ec4_n16_s3_gm                                n=    48  res=     0.100  ortU=     6.500  ortV=     6.500    drift=0.00e+00  t_eval=1.07e-03  t_dbdsqr=4.10e-05
  ev3_ec4_n30_s0                                   n=    30  res=     0.100  ortU=     6.500  ortV=     6.500    drift=0.00e+00  t_eval=1.25e-04  t_dbdsqr=1.47e-05
  ev3_ec4_n42_s3                                   n=    42  res=     0.100  ortU=     6.400  ortV=     6.500    drift=0.00e+00  t_eval=2.72e-04  t_dbdsqr=6.30e-05
  ev3_ec4_n93_s2                                   n=    93  res=     0.000  ortU=     6.500  ortV=     6.500    drift=0.00e+00  t_eval=1.05e-03  t_dbdsqr=9.66e-05
  ev4_ec1_n15_s3_gs                                n=    30  res=     0.100  ortU=     6.500  ortV=     6.400    drift=0.00e+00  t_eval=3.16e-04  t_dbdsqr=2.31e-05
  ev4_ec1_n66_s0_gm                                n=   198  res=     0.100  ortU=     6.500  ortV=     6.500    drift=0.00e+00  t_eval=1.20e-02  t_dbdsqr=1.14e-03
  ev4_ec4_n10_s3_gs                                n=    20  res=     0.100  ortU=     6.400  ortV=     6.500    drift=0.00e+00  t_eval=1.40e-04  t_dbdsqr=1.22e-05
  ev4_ec4_n48_s2_gm                                n=   144  res=     0.000  ortU=     6.500  ortV=     6.500    drift=0.00e+00  t_eval=5.63e-03  t_dbdsqr=6.16e-04
  ev4_ec4_n67_s1_gm                                n=   201  res=     0.000  ortU=     6.500  ortV=     6.500    drift=0.00e+00  t_eval=1.23e-02  t_dbdsqr=1.15e-03
  ev4_ec4_n74_s1                                   n=    74  res=     0.200  ortU=     6.500  ortV=     6.500    drift=0.00e+00  t_eval=4.38e-04  t_dbdsqr=1.85e-04
  ev4_ec4_n97_s1_gs                                n=   194  res=     0.000  ortU=     6.500  ortV=     6.500    drift=0.00e+00  t_eval=2.05e-02  t_dbdsqr=6.07e-04
  ev5_ec1_n7_s3                                    n=     7  res=     0.500  ortU=     6.500  ortV=     6.400    drift=0.00e+00  t_eval=1.31e-05  t_dbdsqr=5.24e-06
  ev5_ec1_n18_s3                                   n=    18  res=     0.100  ortU=     6.500  ortV=     6.500    drift=0.00e+00  t_eval=5.05e-05  t_dbdsqr=1.17e-05
  ev5_ec1_n34_s3                                   n=    34  res=     0.100  ortU=     6.500  ortV=     6.500    drift=0.00e+00  t_eval=1.54e-04  t_dbdsqr=2.60e-05
  ev5_ec1_n51_s2                                   n=    51  res=     0.100  ortU=     6.500  ortV=     6.500    drift=0.00e+00  t_eval=2.87e-04  t_dbdsqr=7.81e-05
  ev5_ec1_n63_s1                                   n=    63  res=     0.100  ortU=     6.500  ortV=     6.500    drift=0.00e+00  t_eval=4.11e-04  t_dbdsqr=6.32e-05
  ev5_ec1_n69_s3                                   n=    69  res=     0.100  ortU=     6.500  ortV=     6.500    drift=0.00e+00  t_eval=6.06e-04  t_dbdsqr=1.35e-04
  ev5_ec1_n73_s1_gm                                n=   219  res=     0.000  ortU=     6.500  ortV=     6.500    drift=0.00e+00  t_eval=2.14e-02  t_dbdsqr=6.92e-04
  ev5_ec1_n82_s2                                   n=    82  res=     0.100  ortU=     6.500  ortV=     6.400    drift=0.00e+00  t_eval=7.41e-04  t_dbdsqr=1.61e-04
  ev5_ec4_n72_s1                                   n=    72  res=     0.100  ortU=     6.500  ortV=     6.500    drift=0.00e+00  t_eval=5.80e-04  t_dbdsqr=5.34e-05
  ev5_ec4_n91_s1                                   n=    91  res=     0.100  ortU=     6.500  ortV=     6.500    drift=0.00e+00  t_eval=8.90e-04  t_dbdsqr=8.34e-05
  ev5_ec4_n92_s0_gm                                n=   276  res=     0.000  ortU=     6.500  ortV=     6.500    drift=0.00e+00  t_eval=3.59e-02  t_dbdsqr=3.81e-04
  ev6_ec1_n13_s2                                   n=    13  res=     0.400  ortU=     6.300  ortV=     6.500    drift=0.00e+00  t_eval=2.23e-05  t_dbdsqr=1.05e-05
  ev6_ec1_n15_s0                                   n=    15  res=     0.100  ortU=     6.500  ortV=     6.400    drift=0.00e+00  t_eval=2.56e-05  t_dbdsqr=1.48e-05
  ev6_ec1_n33_s2                                   n=    33  res=     0.200  ortU=     6.500  ortV=     6.500    drift=0.00e+00  t_eval=1.46e-04  t_dbdsqr=4.01e-05
  ev6_ec1_n76_s3_gm                                n=   228  res=     0.000  ortU=     6.500  ortV=     6.500    drift=0.00e+00  t_eval=2.24e-02  t_dbdsqr=1.59e-03
  ev6_ec1_n90_s0                                   n=    90  res=     0.100  ortU=     6.500  ortV=     6.500    drift=0.00e+00  t_eval=8.75e-04  t_dbdsqr=2.97e-04
  ev6_ec1_n93_s2                                   n=    93  res=     0.100  ortU=     6.500  ortV=     6.500    drift=0.00e+00  t_eval=1.04e-03  t_dbdsqr=2.64e-04
  ev7_ec1_n16_s2_gs                                n=    32  res=     0.300  ortU=     6.500  ortV=     6.500    drift=0.00e+00  t_eval=2.96e-04  t_dbdsqr=4.57e-06
  ev7_ec1_n44_s2_gs                                n=    88  res=     0.200  ortU=     6.500  ortV=     6.500    drift=0.00e+00  t_eval=2.21e-03  t_dbdsqr=9.93e-06
  ev9_ec1_n21_s0_gs                                n=    42  res=     0.100  ortU=     6.500  ortV=     6.400    drift=0.00e+00  t_eval=6.66e-04  t_dbdsqr=6.68e-05
  ev9_ec1_n43_s3_gm                                n=   129  res=     0.100  ortU=     6.500  ortV=     6.500    drift=0.00e+00  t_eval=6.61e-03  t_dbdsqr=6.90e-04
  ev9_ec1_n45_s0_gm                                n=   135  res=     0.000  ortU=     6.500  ortV=     6.500    drift=0.00e+00  t_eval=6.58e-03  t_dbdsqr=2.52e-04
  ev9_ec1_n94_s2_gm                                n=   282  res=     0.000  ortU=     6.500  ortV=     6.500    drift=0.00e+00  t_eval=3.34e-02  t_dbdsqr=1.33e-03
  tri2_n95                                         n=    95  res=     0.200  ortU=     6.500  ortV=     6.500    drift=0.00e+00  t_eval=6.00e-04  t_dbdsqr=1.73e-04
  tri5_n23                                         n=    23  res=     0.300  ortU=     6.500  ortV=     6.500    drift=0.00e+00  t_eval=5.00e-05  t_dbdsqr=2.13e-05
  tri5_n96                                         n=    96  res=     0.200  ortU=     6.500  ortV=     6.500    drift=0.00e+00  t_eval=6.20e-04  t_dbdsqr=1.88e-04
  ev1_ec4_n57_s0_gs                                n=   114  res=     0.000  ortU=     6.300  ortV=     6.400    drift=1.18e-16  t_eval=2.53e-04  t_dbdsqr=9.69e-06
  ev3_ec1_n79_s2                                   n=    79  res=     0.100  ortU=     6.400  ortV=     6.400    drift=0.00e+00  t_eval=6.49e-04  t_dbdsqr=1.84e-04
  ev3_ec1_n90_s2                                   n=    90  res=     0.100  ortU=     6.400  ortV=     6.400    drift=0.00e+00  t_eval=8.41e-04  t_dbdsqr=2.25e-04
  ev3_ec4_n6_s3_gm                                 n=    18  res=     0.300  ortU=     6.400  ortV=     6.300    drift=0.00e+00  t_eval=1.50e-04  t_dbdsqr=2.22e-05
  ev3_ec4_n9_s1_gm                                 n=    27  res=     0.200  ortU=     6.400  ortV=     6.400    drift=0.00e+00  t_eval=3.46e-04  t_dbdsqr=3.38e-05
  ev3_ec4_n17_s2                                   n=    17  res=     0.100  ortU=     6.400  ortV=     6.300    drift=0.00e+00  t_eval=4.51e-05  t_dbdsqr=7.23e-06
  ev3_ec4_n43_s2                                   n=    43  res=     0.000  ortU=     6.400  ortV=     6.400    drift=0.00e+00  t_eval=2.19e-04  t_dbdsqr=2.61e-05
  ev3_ec4_n55_s0                                   n=    55  res=     0.100  ortU=     6.400  ortV=     6.400    drift=0.00e+00  t_eval=3.82e-04  t_dbdsqr=4.17e-05
  ev3_ec4_n70_s1                                   n=    70  res=     0.100  ortU=     6.400  ortV=     6.400    drift=0.00e+00  t_eval=6.00e-04  t_dbdsqr=5.86e-05
  ev3_ec4_n87_s0                                   n=    87  res=     0.200  ortU=     6.400  ortV=     6.400    drift=0.00e+00  t_eval=9.33e-04  t_dbdsqr=9.18e-05
  ev3_ec4_n91_s3_gm                                n=   273  res=     0.000  ortU=     6.400  ortV=     6.400    drift=0.00e+00  t_eval=3.56e-02  t_dbdsqr=5.15e-04
  ev4_ec1_n51_s3                                   n=    51  res=     0.300  ortU=     6.400  ortV=     6.400    drift=0.00e+00  t_eval=2.21e-04  t_dbdsqr=9.59e-05
  ev4_ec1_n73_s2_gm                                n=   219  res=     0.100  ortU=     6.400  ortV=     6.400    drift=0.00e+00  t_eval=1.52e-02  t_dbdsqr=1.39e-03
  ev4_ec1_n89_s3_gs                                n=   178  res=     0.000  ortU=     6.400  ortV=     6.400    drift=0.00e+00  t_eval=1.67e-02  t_dbdsqr=4.53e-04
  ev4_ec4_n40_s3_gm                                n=   120  res=     0.100  ortU=     6.400  ortV=     6.400    drift=0.00e+00  t_eval=3.74e-03  t_dbdsqr=4.51e-04
  ev5_ec1_n12_s3_gs                                n=    24  res=     0.200  ortU=     6.400  ortV=     6.400    drift=0.00e+00  t_eval=3.06e-04  t_dbdsqr=1.50e-05
  ev5_ec1_n49_s1                                   n=    49  res=     0.100  ortU=     6.400  ortV=     6.400    drift=0.00e+00  t_eval=2.51e-04  t_dbdsqr=4.44e-05
  ev5_ec1_n69_s0                                   n=    69  res=     0.100  ortU=     6.400  ortV=     6.400    drift=0.00e+00  t_eval=5.66e-04  t_dbdsqr=1.34e-04
  ev5_ec1_n72_s3                                   n=    72  res=     0.100  ortU=     6.400  ortV=     6.400    drift=0.00e+00  t_eval=6.50e-04  t_dbdsqr=1.44e-04
  ev5_ec4_n18_s2                                   n=    18  res=     0.100  ortU=     6.400  ortV=     6.200    drift=0.00e+00  t_eval=5.47e-05  t_dbdsqr=9.54e-06
  ev5_ec4_n36_s1_gs                                n=    72  res=     0.100  ortU=     6.400  ortV=     6.400    drift=0.00e+00  t_eval=2.46e-03  t_dbdsqr=6.56e-05
  ev5_ec4_n74_s3                                   n=    74  res=     0.100  ortU=     6.400  ortV=     6.400    drift=0.00e+00  t_eval=6.08e-04  t_dbdsqr=5.31e-05
  ev5_ec4_n75_s2                                   n=    75  res=     0.200  ortU=     6.400  ortV=     6.400    drift=0.00e+00  t_eval=7.65e-04  t_dbdsqr=5.34e-05
  ev6_ec1_n14_s1                                   n=    14  res=     0.300  ortU=     6.300  ortV=     6.400    drift=0.00e+00  t_eval=2.27e-05  t_dbdsqr=1.02e-05
  ev6_ec1_n95_s2_gm                                n=   285  res=     0.100  ortU=     6.400  ortV=     6.400    drift=0.00e+00  t_eval=2.97e-02  t_dbdsqr=2.33e-03
  ev7_ec1_n44_s0_gs                                n=    88  res=     0.200  ortU=     6.300  ortV=     6.400    drift=0.00e+00  t_eval=2.26e-03  t_dbdsqr=8.14e-06
  ev7_ec1_n59_s3_gs                                n=   118  res=     0.200  ortU=     6.400  ortV=     6.400    drift=0.00e+00  t_eval=3.86e-03  t_dbdsqr=1.28e-05
  ev8_ec1_n59_s0                                   n=    59  res=     0.000  ortU=     6.400  ortV=     6.400    drift=0.00e+00  t_eval=4.90e-04  t_dbdsqr=1.09e-04
  ev9_ec1_n37_s3_gs                                n=    74  res=     0.200  ortU=     6.400  ortV=     6.400    drift=0.00e+00  t_eval=2.14e-03  t_dbdsqr=1.85e-04
  ev9_ec1_n61_s3_gm                                n=   183  res=     0.100  ortU=     6.400  ortV=     6.400    drift=0.00e+00  t_eval=1.36e-02  t_dbdsqr=1.29e-03
  tri2_n43_gs                                      n=    86  res=     0.200  ortU=     6.400  ortV=     6.400    drift=0.00e+00  t_eval=2.36e-03  t_dbdsqr=9.03e-05
  tri4_n65                                         n=    65  res=     0.200  ortU=     6.400  ortV=     6.400    drift=0.00e+00  t_eval=2.96e-04  t_dbdsqr=1.05e-04
  tri4_n100_gm                                     n=   300  res=     0.000  ortU=     6.400  ortV=     6.400    drift=0.00e+00  t_eval=3.10e-02  t_dbdsqr=2.21e-03
  tri5_n25                                         n=    25  res=     0.300  ortU=     6.400  ortV=     6.400    drift=0.00e+00  t_eval=5.37e-05  t_dbdsqr=2.10e-05
  tri5_n63                                         n=    63  res=     0.300  ortU=     6.400  ortV=     6.400    drift=0.00e+00  t_eval=2.86e-04  t_dbdsqr=8.54e-05
  tri5_n71_gs                                      n=   142  res=     0.100  ortU=     6.400  ortV=     6.400    drift=0.00e+00  t_eval=6.48e-03  t_dbdsqr=2.24e-04
  tri5_n85                                         n=    85  res=     0.100  ortU=     6.400  ortV=     6.400    drift=0.00e+00  t_eval=5.05e-04  t_dbdsqr=1.54e-04
  tri5_n91_gs                                      n=   182  res=     0.100  ortU=     6.300  ortV=     6.400    drift=0.00e+00  t_eval=1.07e-02  t_dbdsqr=3.39e-04
  tri7_n57_gs                                      n=   114  res=     0.000  ortU=     6.400  ortV=     6.400    drift=0.00e+00  t_eval=6.46e-03  t_dbdsqr=1.50e-04
  tri7_n100_gm                                     n=   300  res=     0.000  ortU=     6.400  ortV=     6.400    drift=0.00e+00  t_eval=3.19e-02  t_dbdsqr=2.16e-03
  bid2_n250_s0                                     n=   250  res=     0.100  ortU=     6.400  ortV=     6.400    drift=0.00e+00  t_eval=4.05e-03  t_dbdsqr=1.36e-03
  ev2_ec4_n51_s3                                   n=    51  res=     0.100  ortU=     6.300  ortV=     6.200    drift=0.00e+00  t_eval=3.13e-04  t_dbdsqr=4.78e-06
  ev3_ec1_n3_s2_gs                                 n=     6  res=     0.700  ortU=     6.300  ortV=     6.200    drift=0.00e+00  t_eval=2.53e-05  t_dbdsqr=2.92e-06
  ev3_ec1_n22_s3_gm                                n=    66  res=     0.100  ortU=     6.300  ortV=     6.300    drift=0.00e+00  t_eval=1.78e-03  t_dbdsqr=1.34e-04
  ev3_ec1_n25_s3                                   n=    25  res=     0.200  ortU=     6.300  ortV=     6.300    drift=0.00e+00  t_eval=7.13e-05  t_dbdsqr=1.71e-05
  ev3_ec1_n35_s0                                   n=    35  res=     0.100  ortU=     6.200  ortV=     6.300    drift=0.00e+00  t_eval=1.29e-04  t_dbdsqr=2.56e-05
  ev3_ec1_n39_s0                                   n=    39  res=     0.100  ortU=     6.300  ortV=     6.300    drift=0.00e+00  t_eval=1.56e-04  t_dbdsqr=3.32e-05
  ev3_ec1_n47_s3                                   n=    47  res=     0.100  ortU=     6.200  ortV=     6.300    drift=0.00e+00  t_eval=2.62e-04  t_dbdsqr=8.26e-05
  ev3_ec1_n56_s0                                   n=    56  res=     0.100  ortU=     6.300  ortV=     6.300    drift=0.00e+00  t_eval=3.06e-04  t_dbdsqr=5.80e-05
  ev3_ec1_n70_s3                                   n=    70  res=     0.100  ortU=     6.300  ortV=     6.200    drift=0.00e+00  t_eval=5.37e-04  t_dbdsqr=1.55e-04
  ev3_ec1_n90_s1                                   n=    90  res=     0.100  ortU=     6.300  ortV=     6.300    drift=0.00e+00  t_eval=7.52e-04  t_dbdsqr=1.47e-04
  ev3_ec1_n97_s1                                   n=    97  res=     0.100  ortU=     6.300  ortV=     6.300    drift=0.00e+00  t_eval=9.77e-04  t_dbdsqr=2.51e-04
  ev3_ec1_n98_s2                                   n=    98  res=     0.100  ortU=     6.300  ortV=     6.300    drift=0.00e+00  t_eval=9.85e-04  t_dbdsqr=2.38e-04
  ev3_ec1_n99_s1                                   n=    99  res=     0.200  ortU=     6.300  ortV=     6.300    drift=0.00e+00  t_eval=1.01e-03  t_dbdsqr=2.64e-04
  ev3_ec1_n100_s1                                  n=   100  res=     0.200  ortU=     6.300  ortV=     6.300    drift=0.00e+00  t_eval=9.39e-04  t_dbdsqr=1.74e-04
  ev3_ec4_n18_s0_gm                                n=    54  res=     0.100  ortU=     6.300  ortV=     6.300    drift=0.00e+00  t_eval=1.38e-03  t_dbdsqr=4.59e-05
  ev4_ec1_n43_s3_gm                                n=   129  res=     0.000  ortU=     6.300  ortV=     6.300    drift=0.00e+00  t_eval=4.61e-03  t_dbdsqr=5.29e-04
  ev4_ec1_n51_s1_gm                                n=   153  res=     0.000  ortU=     6.300  ortV=     6.300    drift=0.00e+00  t_eval=6.69e-03  t_dbdsqr=7.40e-04
  ev4_ec4_n83_s0_gs                                n=   166  res=     0.000  ortU=     6.300  ortV=     6.300    drift=0.00e+00  t_eval=1.49e-02  t_dbdsqr=4.48e-04
  ev4_ec4_n93_s3                                   n=    93  res=     0.200  ortU=     6.300  ortV=     6.300    drift=0.00e+00  t_eval=6.54e-04  t_dbdsqr=2.73e-04
  ev5_ec1_n41_s0                                   n=    41  res=     0.100  ortU=     6.300  ortV=     6.300    drift=0.00e+00  t_eval=1.88e-04  t_dbdsqr=3.41e-05
  ev5_ec1_n45_s2                                   n=    45  res=     0.200  ortU=     6.300  ortV=     6.300    drift=0.00e+00  t_eval=2.31e-04  t_dbdsqr=6.73e-05
  ev5_ec1_n49_s2                                   n=    49  res=     0.200  ortU=     6.300  ortV=     6.200    drift=0.00e+00  t_eval=2.70e-04  t_dbdsqr=7.52e-05
  ev5_ec1_n81_s3_gs                                n=   162  res=     0.000  ortU=     6.300  ortV=     6.300    drift=0.00e+00  t_eval=1.25e-02  t_dbdsqr=5.60e-04
  ev5_ec1_n85_s2                                   n=    85  res=     0.100  ortU=     6.300  ortV=     6.300    drift=0.00e+00  t_eval=7.88e-04  t_dbdsqr=1.66e-04
  ev5_ec4_n27_s3_gm                                n=    81  res=     0.100  ortU=     6.300  ortV=     6.300    drift=0.00e+00  t_eval=3.22e-03  t_dbdsqr=9.87e-05
  ev5_ec4_n34_s2                                   n=    34  res=     0.400  ortU=     6.200  ortV=     6.300    drift=0.00e+00  t_eval=1.57e-04  t_dbdsqr=1.55e-05
  ev5_ec4_n43_s0_gm                                n=   129  res=     0.000  ortU=     6.300  ortV=     6.300    drift=0.00e+00  t_eval=7.33e-03  t_dbdsqr=2.58e-04
  ev5_ec4_n48_s2_gm                                n=   144  res=     0.100  ortU=     6.300  ortV=     6.300    drift=4.98e-16  t_eval=1.20e-03  t_dbdsqr=1.95e-04
  ev5_ec4_n82_s1_gm                                n=   246  res=     0.000  ortU=     6.300  ortV=     6.300    drift=0.00e+00  t_eval=2.80e-02  t_dbdsqr=3.54e-04
  ev5_ec4_n97_s2                                   n=    97  res=     0.100  ortU=     6.300  ortV=     6.300    drift=0.00e+00  t_eval=1.26e-03  t_dbdsqr=8.25e-05
  ev6_ec1_n67_s2                                   n=    67  res=     0.100  ortU=     6.300  ortV=     6.300    drift=0.00e+00  t_eval=5.48e-04  t_dbdsqr=1.39e-04
  ev6_ec1_n79_s2                                   n=    79  res=     0.200  ortU=     6.300  ortV=     6.300    drift=0.00e+00  t_eval=7.29e-04  t_dbdsqr=1.83e-04
  ev6_ec1_n81_s2                                   n=    81  res=     0.100  ortU=     6.300  ortV=     6.300    drift=0.00e+00  t_eval=7.93e-04  t_dbdsqr=2.58e-04
  ev6_ec1_n83_s2                                   n=    83  res=     0.100  ortU=     6.300  ortV=     6.200    drift=0.00e+00  t_eval=8.86e-04  t_dbdsqr=2.75e-04
  ev6_ec1_n99_s0                                   n=    99  res=     0.100  ortU=     6.300  ortV=     6.300    drift=0.00e+00  t_eval=1.09e-03  t_dbdsqr=3.53e-04
  ev7_ec1_n17_s0_gm                                n=    51  res=     0.200  ortU=     6.300  ortV=     6.300    drift=0.00e+00  t_eval=1.01e-03  t_dbdsqr=7.11e-06
  ev7_ec1_n32_s3_gm                                n=    96  res=     0.200  ortU=     6.300  ortV=     6.300    drift=0.00e+00  t_eval=3.90e-03  t_dbdsqr=9.56e-06
  ev7_ec1_n78_s2_gm                                n=   234  res=     0.000  ortU=     6.300  ortV=     6.300    drift=0.00e+00  t_eval=2.44e-02  t_dbdsqr=6.25e-04
  ev7_ec1_n87_s0_gm                                n=   261  res=     0.000  ortU=     6.300  ortV=     6.300    drift=0.00e+00  t_eval=2.99e-02  t_dbdsqr=4.24e-04
  ev7_ec1_n88_s0_gm                                n=   264  res=     0.000  ortU=     6.300  ortV=     6.300    drift=0.00e+00  t_eval=3.27e-02  t_dbdsqr=7.74e-04
  ev7_ec1_n100_s3_gs                               n=   200  res=     0.000  ortU=     6.300  ortV=     6.300    drift=0.00e+00  t_eval=1.27e-02  t_dbdsqr=1.28e-03
  ev8_ec1_n69_s1_gm                                n=   207  res=     0.100  ortU=     6.300  ortV=     6.300    drift=0.00e+00  t_eval=1.55e-02  t_dbdsqr=1.57e-03
  ev9_ec1_n10_s0_gs                                n=    20  res=     0.800  ortU=     6.100  ortV=     6.300    drift=0.00e+00  t_eval=1.18e-04  t_dbdsqr=1.63e-05
  ev9_ec1_n46_s2_gs                                n=    92  res=     0.100  ortU=     6.300  ortV=     6.300    drift=0.00e+00  t_eval=3.11e-03  t_dbdsqr=2.67e-04
  ev9_ec1_n47_s3_gm                                n=   141  res=     0.100  ortU=     6.300  ortV=     6.300    drift=0.00e+00  t_eval=7.73e-03  t_dbdsqr=7.78e-04
  ev9_ec1_n71_s1_gm                                n=   213  res=     0.100  ortU=     6.300  ortV=     6.300    drift=0.00e+00  t_eval=1.93e-02  t_dbdsqr=1.67e-03
  ev9_ec1_n77_s0_gm                                n=   231  res=     0.000  ortU=     6.300  ortV=     6.300    drift=0.00e+00  t_eval=2.37e-02  t_dbdsqr=1.99e-03
  tri5_n86_gs                                      n=   172  res=     0.000  ortU=     6.300  ortV=     6.300    drift=0.00e+00  t_eval=9.50e-03  t_dbdsqr=3.14e-04
  tri5_n100                                        n=   100  res=     0.100  ortU=     6.300  ortV=     6.300    drift=0.00e+00  t_eval=6.73e-04  t_dbdsqr=2.01e-04
  tri6_n66_gm                                      n=   198  res=     0.000  ortU=     6.300  ortV=     6.300    drift=0.00e+00  t_eval=1.14e-02  t_dbdsqr=1.08e-03
  ev1_ec1_n77_s2_gs                                n=   154  res=     0.000  ortU=     6.200  ortV=     6.200    drift=6.92e-16  t_eval=3.97e-04  t_dbdsqr=1.57e-05
  ev1_ec4_n66_s0_gs                                n=   132  res=     0.000  ortU=     6.200  ortV=     6.200    drift=6.98e-16  t_eval=3.35e-04  t_dbdsqr=1.30e-05
  ev1_ec4_n73_s2_gs                                n=   146  res=     0.000  ortU=     6.200  ortV=     6.100    drift=0.00e+00  t_eval=2.50e-04  t_dbdsqr=1.22e-05
  ev3_ec1_n20_s3_gm                                n=    60  res=     0.100  ortU=     6.100  ortV=     6.200    drift=0.00e+00  t_eval=1.44e-03  t_dbdsqr=1.14e-04
  ev3_ec1_n25_s0_gm                                n=    75  res=     0.100  ortU=     6.100  ortV=     6.200    drift=0.00e+00  t_eval=2.35e-03  t_dbdsqr=1.58e-04
  ev3_ec1_n44_s3                                   n=    44  res=     0.100  ortU=     6.200  ortV=     6.200    drift=0.00e+00  t_eval=2.26e-04  t_dbdsqr=7.39e-05
  ev3_ec1_n51_s0                                   n=    51  res=     0.100  ortU=     6.200  ortV=     6.200    drift=0.00e+00  t_eval=2.52e-04  t_dbdsqr=5.00e-05
  ev3_ec4_n6_s3                                    n=     6  res=     0.200  ortU=     6.100  ortV=     6.200    drift=0.00e+00  t_eval=1.55e-05  t_dbdsqr=3.54e-06
  ev3_ec4_n22_s2                                   n=    22  res=     0.100  ortU=     6.200  ortV=     6.200    drift=0.00e+00  t_eval=6.93e-05  t_dbdsqr=1.00e-05
  ev3_ec4_n26_s0_gs                                n=    52  res=     0.100  ortU=     6.200  ortV=     6.100    drift=0.00e+00  t_eval=1.30e-03  t_dbdsqr=2.49e-05
  ev3_ec4_n26_s2_gm                                n=    78  res=     0.100  ortU=     6.200  ortV=     6.200    drift=0.00e+00  t_eval=2.86e-03  t_dbdsqr=4.92e-05
  ev3_ec4_n34_s3_gm                                n=   102  res=     0.100  ortU=     6.200  ortV=     6.200    drift=0.00e+00  t_eval=4.88e-03  t_dbdsqr=1.02e-04
  ev3_ec4_n51_s0                                   n=    51  res=     0.100  ortU=     6.100  ortV=     6.200    drift=0.00e+00  t_eval=3.38e-04  t_dbdsqr=3.59e-05
  ev4_ec1_n26_s0_gs                                n=    52  res=     0.100  ortU=     6.200  ortV=     6.200    drift=0.00e+00  t_eval=1.15e-03  t_dbdsqr=5.01e-05
  ev4_ec1_n46_s0                                   n=    46  res=     0.300  ortU=     6.200  ortV=     6.100    drift=0.00e+00  t_eval=1.80e-04  t_dbdsqr=7.41e-05
  ev4_ec1_n46_s1_gm                                n=   138  res=     0.000  ortU=     6.200  ortV=     6.200    drift=0.00e+00  t_eval=5.15e-03  t_dbdsqr=5.87e-04
  ev4_ec1_n75_s0                                   n=    75  res=     0.200  ortU=     6.200  ortV=     6.200    drift=0.00e+00  t_eval=4.15e-04  t_dbdsqr=1.66e-04
  ev4_ec1_n76_s0_gs                                n=   152  res=     0.000  ortU=     6.200  ortV=     6.100    drift=0.00e+00  t_eval=1.20e-02  t_dbdsqr=3.40e-04
  ev4_ec1_n79_s2                                   n=    79  res=     0.200  ortU=     6.200  ortV=     6.200    drift=0.00e+00  t_eval=4.59e-04  t_dbdsqr=1.81e-04
  ev4_ec1_n92_s3_gm                                n=   276  res=     0.000  ortU=     6.200  ortV=     6.200    drift=0.00e+00  t_eval=2.64e-02  t_dbdsqr=2.10e-03
  ev4_ec4_n47_s2                                   n=    47  res=     0.300  ortU=     6.100  ortV=     6.200    drift=0.00e+00  t_eval=1.81e-04  t_dbdsqr=7.74e-05
  ev4_ec4_n82_s3_gs                                n=   164  res=     0.000  ortU=     6.200  ortV=     6.100    drift=0.00e+00  t_eval=1.42e-02  t_dbdsqr=3.91e-04
  ev4_ec4_n93_s1                                   n=    93  res=     0.200  ortU=     6.200  ortV=     6.200    drift=0.00e+00  t_eval=6.67e-04  t_dbdsqr=2.80e-04
  ev5_ec1_n8_s2_gm                                 n=    24  res=     0.100  ortU=     5.900  ortV=     6.200    drift=0.00e+00  t_eval=2.13e-04  t_dbdsqr=2.65e-05
  ev5_ec1_n9_s1_gm                                 n=    27  res=     0.200  ortU=     6.200  ortV=     6.200    drift=0.00e+00  t_eval=2.29e-04  t_dbdsqr=2.21e-05
  ev5_ec1_n12_s3                                   n=    12  res=     0.100  ortU=     6.100  ortV=     6.200    drift=0.00e+00  t_eval=2.80e-05  t_dbdsqr=1.02e-05
  ev5_ec1_n28_s2                                   n=    28  res=     0.100  ortU=     6.100  ortV=     6.200    drift=0.00e+00  t_eval=1.08e-04  t_dbdsqr=3.70e-05
  ev5_ec1_n31_s2_gm                                n=    93  res=     0.100  ortU=     6.200  ortV=     6.200    drift=0.00e+00  t_eval=3.66e-03  t_dbdsqr=1.47e-04
  ev5_ec1_n55_s0                                   n=    55  res=     0.100  ortU=     6.200  ortV=     6.200    drift=0.00e+00  t_eval=3.64e-04  t_dbdsqr=9.67e-05
  ev5_ec1_n57_s3                                   n=    57  res=     0.100  ortU=     6.200  ortV=     6.200    drift=0.00e+00  t_eval=4.00e-04  t_dbdsqr=5.55e-05
  ev5_ec1_n75_s2                                   n=    75  res=     0.100  ortU=     6.200  ortV=     6.200    drift=0.00e+00  t_eval=6.08e-04  t_dbdsqr=1.42e-04
  ev5_ec4_n41_s1                                   n=    41  res=     0.100  ortU=     6.200  ortV=     6.200    drift=0.00e+00  t_eval=1.85e-04  t_dbdsqr=2.35e-05
  ev5_ec4_n48_s0                                   n=    48  res=     0.100  ortU=     6.200  ortV=     6.200    drift=0.00e+00  t_eval=3.19e-04  t_dbdsqr=2.90e-05
  ev6_ec1_n6_s2                                    n=     6  res=     0.600  ortU=     6.200  ortV=     5.700    drift=0.00e+00  t_eval=1.03e-05  t_dbdsqr=5.03e-06
  ev6_ec1_n8_s2                                    n=     8  res=     0.700  ortU=     6.200  ortV=     5.500    drift=0.00e+00  t_eval=1.34e-05  t_dbdsqr=6.89e-06
  ev6_ec1_n10_s2_gs                                n=    20  res=     0.200  ortU=     6.200  ortV=     6.200    drift=0.00e+00  t_eval=1.52e-04  t_dbdsqr=1.22e-05
  ev6_ec1_n43_s1_gs                                n=    86  res=     0.000  ortU=     6.200  ortV=     6.200    drift=0.00e+00  t_eval=4.12e-03  t_dbdsqr=1.64e-04
  ev6_ec1_n45_s2                                   n=    45  res=     0.100  ortU=     6.200  ortV=     6.200    drift=0.00e+00  t_eval=2.85e-04  t_dbdsqr=9.91e-05
  ev6_ec1_n46_s3_gs                                n=    92  res=     0.100  ortU=     6.200  ortV=     6.200    drift=0.00e+00  t_eval=4.88e-03  t_dbdsqr=1.46e-04
  ev6_ec1_n51_s1                                   n=    51  res=     0.100  ortU=     6.200  ortV=     6.200    drift=0.00e+00  t_eval=2.76e-04  t_dbdsqr=1.11e-04
  ev6_ec1_n84_s3_gs                                n=   168  res=     0.000  ortU=     6.200  ortV=     6.200    drift=0.00e+00  t_eval=1.76e-02  t_dbdsqr=4.09e-04
  ev6_ec1_n86_s0_gm                                n=   258  res=     0.200  ortU=     6.200  ortV=     6.200    drift=0.00e+00  t_eval=2.30e-02  t_dbdsqr=1.97e-03
  ev7_ec1_n34_s2_gm                                n=   102  res=     0.200  ortU=     6.200  ortV=     6.200    drift=0.00e+00  t_eval=4.49e-03  t_dbdsqr=1.00e-05
  ev7_ec1_n47_s0_gm                                n=   141  res=     0.100  ortU=     6.200  ortV=     6.200    drift=0.00e+00  t_eval=9.07e-03  t_dbdsqr=9.95e-05
  ev7_ec1_n65_s2_gs                                n=   130  res=     0.200  ortU=     6.200  ortV=     6.200    drift=0.00e+00  t_eval=4.74e-03  t_dbdsqr=1.34e-05
  ev7_ec1_n69_s1_gm                                n=   207  res=     0.000  ortU=     6.200  ortV=     6.200    drift=0.00e+00  t_eval=1.94e-02  t_dbdsqr=3.96e-04
  ev8_ec1_n5_s0_gm                                 n=    15  res=     0.300  ortU=     6.100  ortV=     6.200    drift=0.00e+00  t_eval=8.63e-05  t_dbdsqr=1.33e-05
  ev8_ec1_n24_s1_gm                                n=    72  res=     0.000  ortU=     6.200  ortV=     6.100    drift=0.00e+00  t_eval=1.47e-03  t_dbdsqr=2.37e-04
  ev8_ec1_n31_s0_gm                                n=    93  res=     0.000  ortU=     6.200  ortV=     6.200    drift=0.00e+00  t_eval=2.87e-03  t_dbdsqr=3.55e-04
  ev8_ec1_n55_s0                                   n=    55  res=     0.000  ortU=     6.200  ortV=     6.200    drift=0.00e+00  t_eval=4.29e-04  t_dbdsqr=9.61e-05
  ev9_ec1_n58_s0_gm                                n=   174  res=     0.100  ortU=     6.200  ortV=     6.200    drift=0.00e+00  t_eval=1.25e-02  t_dbdsqr=1.17e-03
  ev9_ec1_n94_s0_gm                                n=   282  res=     0.000  ortU=     6.200  ortV=     6.200    drift=0.00e+00  t_eval=3.34e-02  t_dbdsqr=2.90e-03
  tri4_n79                                         n=    79  res=     0.200  ortU=     6.200  ortV=     6.200    drift=0.00e+00  t_eval=4.13e-04  t_dbdsqr=1.42e-04
  tri5_n77_gs                                      n=   154  res=     0.000  ortU=     6.200  ortV=     6.200    drift=0.00e+00  t_eval=7.49e-03  t_dbdsqr=2.53e-04
  ev1_ec1_n61_s3_gs                                n=   122  res=     0.000  ortU=     6.000  ortV=     6.100    drift=4.16e-16  t_eval=3.31e-04  t_dbdsqr=1.28e-05
  ev3_ec1_n3_s2_gm                                 n=     9  res=     0.100  ortU=     6.000  ortV=     6.100    drift=0.00e+00  t_eval=2.81e-05  t_dbdsqr=5.66e-06
  ev3_ec1_n6_s1_gs                                 n=    12  res=     0.500  ortU=     6.000  ortV=     6.100    drift=0.00e+00  t_eval=8.42e-05  t_dbdsqr=6.63e-06
  ev3_ec1_n9_s0                                    n=     9  res=     0.100  ortU=     6.000  ortV=     6.100    drift=0.00e+00  t_eval=1.85e-05  t_dbdsqr=4.79e-06
  ev3_ec1_n24_s3                                   n=    24  res=     0.100  ortU=     6.100  ortV=     6.000    drift=0.00e+00  t_eval=6.59e-05  t_dbdsqr=1.55e-05
  ev3_ec4_n13_s1_gm                                n=    39  res=     0.100  ortU=     6.100  ortV=     6.100    drift=0.00e+00  t_eval=7.33e-04  t_dbdsqr=3.38e-05
  ev3_ec4_n37_s1_gm                                n=   111  res=     0.000  ortU=     6.100  ortV=     6.100    drift=0.00e+00  t_eval=5.83e-03  t_dbdsqr=1.14e-04
  ev3_ec4_n47_s2                                   n=    47  res=     0.100  ortU=     6.100  ortV=     6.100    drift=0.00e+00  t_eval=2.68e-04  t_dbdsqr=3.06e-05
  ev4_ec1_n47_s0_gs                                n=    94  res=     0.000  ortU=     6.100  ortV=     6.100    drift=0.00e+00  t_eval=4.08e-03  t_dbdsqr=1.34e-04
  ev4_ec1_n94_s1_gs                                n=   188  res=     0.000  ortU=     6.100  ortV=     6.100    drift=0.00e+00  t_eval=1.88e-02  t_dbdsqr=4.86e-04
  ev4_ec1_n95_s2                                   n=    95  res=     0.200  ortU=     6.100  ortV=     6.000    drift=0.00e+00  t_eval=6.31e-04  t_dbdsqr=2.52e-04
  ev4_ec4_n37_s1                                   n=    37  res=     0.300  ortU=     6.100  ortV=     6.000    drift=0.00e+00  t_eval=1.15e-04  t_dbdsqr=4.73e-05
  ev4_ec4_n45_s1_gs                                n=    90  res=     0.000  ortU=     6.100  ortV=     6.100    drift=0.00e+00  t_eval=3.85e-03  t_dbdsqr=1.27e-04
  ev4_ec4_n51_s1                                   n=    51  res=     0.200  ortU=     6.100  ortV=     6.100    drift=0.00e+00  t_eval=2.04e-04  t_dbdsqr=8.10e-05
  ev4_ec4_n58_s1_gm                                n=   174  res=     0.000  ortU=     6.100  ortV=     6.000    drift=0.00e+00  t_eval=8.79e-03  t_dbdsqr=9.23e-04
  ev4_ec4_n68_s2_gm                                n=   204  res=     0.000  ortU=     6.100  ortV=     6.100    drift=0.00e+00  t_eval=1.29e-02  t_dbdsqr=1.17e-03
  ev4_ec4_n74_s3_gm                                n=   222  res=     0.100  ortU=     6.100  ortV=     6.100    drift=0.00e+00  t_eval=1.66e-02  t_dbdsqr=1.45e-03
  ev5_ec1_n16_s0                                   n=    16  res=     0.200  ortU=     6.100  ortV=     6.000    drift=0.00e+00  t_eval=3.74e-05  t_dbdsqr=9.32e-06
  ev5_ec1_n17_s2                                   n=    17  res=     0.200  ortU=     6.100  ortV=     6.100    drift=0.00e+00  t_eval=6.01e-05  t_dbdsqr=2.32e-05
  ev5_ec1_n23_s2                                   n=    23  res=     0.200  ortU=     6.100  ortV=     6.100    drift=0.00e+00  t_eval=8.30e-05  t_dbdsqr=2.97e-05
  ev5_ec1_n24_s2                                   n=    24  res=     0.100  ortU=     6.100  ortV=     6.000    drift=0.00e+00  t_eval=7.24e-05  t_dbdsqr=1.93e-05
  ev5_ec1_n27_s0                                   n=    27  res=     0.200  ortU=     6.000  ortV=     6.100    drift=0.00e+00  t_eval=8.30e-05  t_dbdsqr=1.99e-05
  ev5_ec1_n78_s1                                   n=    78  res=     0.100  ortU=     6.100  ortV=     6.100    drift=0.00e+00  t_eval=6.42e-04  t_dbdsqr=1.50e-04
  ev5_ec1_n92_s3                                   n=    92  res=     0.000  ortU=     6.100  ortV=     6.100    drift=0.00e+00  t_eval=1.04e-03  t_dbdsqr=2.02e-04
  ev5_ec1_n94_s3_gs                                n=   188  res=     0.000  ortU=     6.100  ortV=     6.100    drift=0.00e+00  t_eval=1.70e-02  t_dbdsqr=6.76e-04
  ev5_ec4_n37_s2                                   n=    37  res=     0.300  ortU=     6.100  ortV=     6.100    drift=0.00e+00  t_eval=1.81e-04  t_dbdsqr=2.02e-05
  ev5_ec4_n38_s2                                   n=    38  res=     0.300  ortU=     6.100  ortV=     6.000    drift=0.00e+00  t_eval=1.85e-04  t_dbdsqr=1.89e-05
  ev5_ec4_n40_s1_gm                                n=   120  res=     0.100  ortU=     6.100  ortV=     6.000    drift=0.00e+00  t_eval=6.60e-03  t_dbdsqr=2.77e-04
  ev5_ec4_n42_s0                                   n=    42  res=     0.000  ortU=     6.100  ortV=     6.100    drift=0.00e+00  t_eval=2.36e-04  t_dbdsqr=2.51e-05
  ev5_ec4_n50_s0                                   n=    50  res=     0.100  ortU=     6.100  ortV=     6.000    drift=0.00e+00  t_eval=3.53e-04  t_dbdsqr=2.96e-05
  ev5_ec4_n61_s2_gm                                n=   183  res=     0.000  ortU=     6.100  ortV=     6.100    drift=0.00e+00  t_eval=1.57e-02  t_dbdsqr=1.96e-04
  ev6_ec1_n15_s3                                   n=    15  res=     0.200  ortU=     6.100  ortV=     6.100    drift=0.00e+00  t_eval=2.59e-05  t_dbdsqr=1.25e-05
  ev6_ec1_n16_s1                                   n=    16  res=     0.200  ortU=     6.100  ortV=     6.100    drift=0.00e+00  t_eval=2.80e-05  t_dbdsqr=1.43e-05
  ev6_ec1_n18_s3                                   n=    18  res=     0.200  ortU=     6.100  ortV=     6.100    drift=0.00e+00  t_eval=3.53e-05  t_dbdsqr=1.69e-05
  ev6_ec1_n29_s2_gm                                n=    87  res=     0.100  ortU=     6.100  ortV=     6.100    drift=0.00e+00  t_eval=2.70e-03  t_dbdsqr=2.48e-04
  ev6_ec1_n30_s1                                   n=    30  res=     0.100  ortU=     6.000  ortV=     6.100    drift=0.00e+00  t_eval=8.61e-05  t_dbdsqr=4.03e-05
  ev6_ec1_n33_s3_gs                                n=    66  res=     0.100  ortU=     6.100  ortV=     6.100    drift=0.00e+00  t_eval=2.54e-03  t_dbdsqr=7.40e-05
  ev6_ec1_n55_s2                                   n=    55  res=     0.200  ortU=     6.100  ortV=     6.100    drift=0.00e+00  t_eval=3.93e-04  t_dbdsqr=1.02e-04
  ev6_ec1_n56_s3_gm                                n=   168  res=     0.100  ortU=     6.100  ortV=     6.100    drift=0.00e+00  t_eval=1.16e-02  t_dbdsqr=8.55e-04
  ev6_ec1_n100_s1                                  n=   100  res=     0.100  ortU=     6.100  ortV=     6.100    drift=0.00e+00  t_eval=1.13e-03  t_dbdsqr=2.98e-04
  ev6_ec1_n100_s3                                  n=   100  res=     0.100  ortU=     6.100  ortV=     6.100    drift=0.00e+00  t_eval=1.08e-03  t_dbdsqr=2.80e-04
  ev7_ec1_n29_s3_gm                                n=    87  res=     0.100  ortU=     6.100  ortV=     6.100    drift=0.00e+00  t_eval=3.42e-03  t_dbdsqr=1.11e-04
  ev7_ec1_n75_s0_gs                                n=   150  res=     0.000  ortU=     6.100  ortV=     6.100    drift=0.00e+00  t_eval=6.98e-03  t_dbdsqr=3.51e-04
  ev7_ec1_n91_s2_gm                                n=   273  res=     0.000  ortU=     6.100  ortV=     6.100    drift=0.00e+00  t_eval=3.49e-02  t_dbdsqr=8.08e-04
  ev7_ec1_n96_s0_gm                                n=   288  res=     0.000  ortU=     6.100  ortV=     6.100    drift=0.00e+00  t_eval=3.75e-02  t_dbdsqr=9.63e-04
  ev7_ec1_n100_s1_gs                               n=   200  res=     0.000  ortU=     6.100  ortV=     6.100    drift=0.00e+00  t_eval=1.33e-02  t_dbdsqr=1.25e-03
  ev9_ec1_n45_s1_gm                                n=   135  res=     0.200  ortU=     6.100  ortV=     6.100    drift=0.00e+00  t_eval=7.38e-03  t_dbdsqr=7.26e-04
  ev9_ec1_n79_s2_gs                                n=   158  res=     0.200  ortU=     6.000  ortV=     6.100    drift=0.00e+00  t_eval=1.02e-02  t_dbdsqr=7.75e-04
  ev9_ec1_n99_s2_gm                                n=   297  res=     0.100  ortU=     6.100  ortV=     6.100    drift=0.00e+00  t_eval=3.83e-02  t_dbdsqr=3.13e-03
  tri4_n18_gs                                      n=    36  res=     0.100  ortU=     6.100  ortV=     6.000    drift=0.00e+00  t_eval=4.32e-04  t_dbdsqr=2.59e-05
  tri6_n21_gs                                      n=    42  res=     0.100  ortU=     6.100  ortV=     6.100    drift=0.00e+00  t_eval=8.24e-04  t_dbdsqr=5.12e-05
  ev2_ec4_n71_s3_gs                                n=   142  res=     0.200  ortU=     6.000  ortV=     6.000    drift=2.19e-16  t_eval=6.12e-04  t_dbdsqr=1.26e-05
  ev2_ec4_n84_s3                                   n=    84  res=     0.100  ortU=     6.000  ortV=     6.000    drift=2.20e-16  t_eval=5.79e-04  t_dbdsqr=7.34e-06
  ev3_ec1_n8_s2_gs                                 n=    16  res=     0.200  ortU=     6.000  ortV=     5.700    drift=0.00e+00  t_eval=1.44e-04  t_dbdsqr=1.09e-05
  ev3_ec1_n43_s1_gm                                n=   129  res=     0.000  ortU=     6.000  ortV=     6.000    drift=0.00e+00  t_eval=7.06e-03  t_dbdsqr=3.78e-04
  ev3_ec1_n72_s0                                   n=    72  res=     0.100  ortU=     6.000  ortV=     6.000    drift=0.00e+00  t_eval=4.84e-04  t_dbdsqr=9.05e-05
  ev3_ec1_n87_s3                                   n=    87  res=     0.100  ortU=     6.000  ortV=     6.000    drift=0.00e+00  t_eval=7.87e-04  t_dbdsqr=2.09e-04
  ev3_ec1_n89_s0                                   n=    89  res=     0.200  ortU=     6.000  ortV=     6.000    drift=0.00e+00  t_eval=8.21e-04  t_dbdsqr=2.16e-04
  ev3_ec1_n89_s3                                   n=    89  res=     0.100  ortU=     6.000  ortV=     6.000    drift=0.00e+00  t_eval=8.25e-04  t_dbdsqr=2.21e-04
  ev3_ec1_n94_s3                                   n=    94  res=     0.100  ortU=     6.000  ortV=     6.000    drift=0.00e+00  t_eval=8.29e-04  t_dbdsqr=1.52e-04
  ev3_ec4_n25_s0                                   n=    25  res=     0.100  ortU=     6.000  ortV=     5.900    drift=0.00e+00  t_eval=8.88e-05  t_dbdsqr=1.15e-05
  ev3_ec4_n42_s0                                   n=    42  res=     0.200  ortU=     5.900  ortV=     6.000    drift=0.00e+00  t_eval=2.31e-04  t_dbdsqr=2.44e-05
  ev3_ec4_n53_s2_gm                                n=   159  res=     0.000  ortU=     6.000  ortV=     6.000    drift=0.00e+00  t_eval=1.18e-02  t_dbdsqr=1.76e-04
  ev3_ec4_n58_s2_gm                                n=   174  res=     0.000  ortU=     6.000  ortV=     6.000    drift=0.00e+00  t_eval=1.45e-02  t_dbdsqr=2.07e-04
  ev4_ec1_n4_s3_gs                                 n=     8  res=     0.500  ortU=     5.900  ortV=     6.000    drift=0.00e+00  t_eval=3.24e-05  t_dbdsqr=6.73e-06
  ev4_ec1_n58_s3_gs                                n=   116  res=     0.000  ortU=     5.900  ortV=     6.000    drift=0.00e+00  t_eval=6.65e-03  t_dbdsqr=2.10e-04
  ev4_ec1_n68_s0_gm                                n=   204  res=     0.100  ortU=     5.900  ortV=     6.000    drift=0.00e+00  t_eval=1.32e-02  t_dbdsqr=1.22e-03
  ev4_ec1_n70_s2_gs                                n=   140  res=     0.000  ortU=     6.000  ortV=     6.000    drift=0.00e+00  t_eval=9.77e-03  t_dbdsqr=2.98e-04
  ev4_ec1_n82_s3_gm                                n=   246  res=     0.000  ortU=     6.000  ortV=     6.000    drift=0.00e+00  t_eval=2.10e-02  t_dbdsqr=1.73e-03
  ev4_ec1_n85_s1_gm                                n=   255  res=     0.000  ortU=     6.000  ortV=     6.000    drift=0.00e+00  t_eval=2.27e-02  t_dbdsqr=1.80e-03
  ev4_ec4_n53_s1_gm                                n=   159  res=     0.100  ortU=     6.000  ortV=     6.000    drift=0.00e+00  t_eval=7.27e-03  t_dbdsqr=7.67e-04
  ev4_ec4_n59_s3_gs                                n=   118  res=     0.000  ortU=     6.000  ortV=     6.000    drift=0.00e+00  t_eval=7.01e-03  t_dbdsqr=2.10e-04
  ev4_ec4_n59_s3_gm                                n=   177  res=     0.000  ortU=     6.000  ortV=     6.000    drift=0.00e+00  t_eval=9.30e-03  t_dbdsqr=9.44e-04
  ev4_ec4_n78_s1                                   n=    78  res=     0.200  ortU=     6.000  ortV=     6.000    drift=0.00e+00  t_eval=4.78e-04  t_dbdsqr=2.05e-04
  ev4_ec4_n94_s3                                   n=    94  res=     0.200  ortU=     6.000  ortV=     5.900    drift=0.00e+00  t_eval=6.80e-04  t_dbdsqr=2.89e-04
  ev4_ec4_n96_s2_gm                                n=   288  res=     0.000  ortU=     6.000  ortV=     6.000    drift=0.00e+00  t_eval=2.85e-02  t_dbdsqr=2.25e-03
  ev4_ec4_n99_s3                                   n=    99  res=     0.200  ortU=     6.000  ortV=     6.000    drift=0.00e+00  t_eval=7.50e-04  t_dbdsqr=3.16e-04
  ev5_ec1_n11_s3                                   n=    11  res=     0.100  ortU=     5.900  ortV=     6.000    drift=0.00e+00  t_eval=2.78e-05  t_dbdsqr=1.05e-05
  ev5_ec1_n76_s1                                   n=    76  res=     0.100  ortU=     6.000  ortV=     6.000    drift=0.00e+00  t_eval=5.81e-04  t_dbdsqr=9.23e-05
  ev5_ec1_n89_s3_gs                                n=   178  res=     0.000  ortU=     6.000  ortV=     6.000    drift=0.00e+00  t_eval=1.52e-02  t_dbdsqr=6.36e-04
  ev5_ec1_n92_s2                                   n=    92  res=     0.100  ortU=     6.000  ortV=     6.000    drift=0.00e+00  t_eval=9.84e-04  t_dbdsqr=1.93e-04
  ev5_ec4_n30_s0                                   n=    30  res=     0.100  ortU=     6.000  ortV=     6.000    drift=0.00e+00  t_eval=1.31e-04  t_dbdsqr=1.46e-05
  ev5_ec4_n85_s2                                   n=    85  res=     0.100  ortU=     6.000  ortV=     6.000    drift=0.00e+00  t_eval=1.05e-03  t_dbdsqr=1.65e-04
  ev5_ec4_n85_s2_gm                                n=   255  res=     0.100  ortU=     6.000  ortV=     6.000    drift=0.00e+00  t_eval=3.10e-02  t_dbdsqr=4.30e-04
  ev5_ec4_n95_s3_gm                                n=   285  res=     0.000  ortU=     6.000  ortV=     6.000    drift=0.00e+00  t_eval=4.58e-03  t_dbdsqr=3.74e-04
  ev5_ec4_n99_s1_gm                                n=   297  res=     0.000  ortU=     6.000  ortV=     6.000    drift=0.00e+00  t_eval=4.09e-02  t_dbdsqr=5.69e-04
  ev6_ec1_n34_s2_gm                                n=   102  res=     0.000  ortU=     5.900  ortV=     6.000    drift=0.00e+00  t_eval=3.70e-03  t_dbdsqr=3.33e-04
  ev6_ec1_n35_s2                                   n=    35  res=     0.100  ortU=     6.000  ortV=     5.900    drift=0.00e+00  t_eval=1.81e-04  t_dbdsqr=6.38e-05
  ev6_ec1_n36_s0_gm                                n=   108  res=     0.000  ortU=     6.000  ortV=     6.000    drift=0.00e+00  t_eval=3.15e-03  t_dbdsqr=3.71e-04
  ev6_ec1_n76_s2_gm                                n=   228  res=     0.100  ortU=     6.000  ortV=     6.000    drift=0.00e+00  t_eval=2.00e-02  t_dbdsqr=1.49e-03
  ev6_ec1_n96_s0_gs                                n=   192  res=     0.100  ortU=     6.000  ortV=     6.000    drift=0.00e+00  t_eval=2.08e-02  t_dbdsqr=1.16e-03
  ev7_ec1_n39_s1_gs                                n=    78  res=     0.300  ortU=     6.000  ortV=     6.000    drift=0.00e+00  t_eval=1.71e-03  t_dbdsqr=1.17e-05
  ev7_ec1_n54_s2_gm                                n=   162  res=     0.100  ortU=     6.000  ortV=     6.000    drift=0.00e+00  t_eval=1.18e-02  t_dbdsqr=1.36e-04
  ev7_ec1_n76_s0_gs                                n=   152  res=     0.000  ortU=     6.000  ortV=     6.000    drift=0.00e+00  t_eval=6.24e-03  t_dbdsqr=3.83e-04
  ev8_ec1_n26_s2_gm                                n=    78  res=     0.100  ortU=     6.000  ortV=     6.000    drift=0.00e+00  t_eval=1.75e-03  t_dbdsqr=2.84e-04
  ev8_ec1_n81_s3_gm                                n=   243  res=     0.100  ortU=     6.000  ortV=     6.000    drift=0.00e+00  t_eval=2.04e-02  t_dbdsqr=2.03e-03
  ev9_ec1_n22_s3_gm                                n=    66  res=     0.100  ortU=     6.000  ortV=     6.000    drift=0.00e+00  t_eval=1.65e-03  t_dbdsqr=8.22e-05
  ev9_ec1_n23_s0_gm                                n=    69  res=     0.100  ortU=     6.000  ortV=     6.000    drift=0.00e+00  t_eval=1.86e-03  t_dbdsqr=8.50e-05
  tri2_n73_gs                                      n=   146  res=     0.200  ortU=     6.000  ortV=     6.000    drift=0.00e+00  t_eval=6.99e-03  t_dbdsqr=4.86e-04
  tri2_n75                                         n=    75  res=     0.200  ortU=     6.000  ortV=     5.900    drift=0.00e+00  t_eval=3.85e-04  t_dbdsqr=1.17e-04
  tri2_n81_gs                                      n=   162  res=     0.100  ortU=     6.000  ortV=     6.000    drift=0.00e+00  t_eval=8.65e-03  t_dbdsqr=6.12e-04
  tri4_n97                                         n=    97  res=     0.100  ortU=     6.000  ortV=     5.900    drift=0.00e+00  t_eval=6.01e-04  t_dbdsqr=2.02e-04
  tri5_n15                                         n=    15  res=     0.400  ortU=     6.000  ortV=     6.000    drift=0.00e+00  t_eval=2.77e-05  t_dbdsqr=1.09e-05
  tri5_n46                                         n=    46  res=     0.200  ortU=     6.000  ortV=     6.000    drift=0.00e+00  t_eval=1.51e-04  t_dbdsqr=5.12e-05
  tri7_n65_gm                                      n=   195  res=     0.000  ortU=     6.000  ortV=     6.000    drift=0.00e+00  t_eval=1.16e-02  t_dbdsqr=9.77e-04
  ev2_ec1_n43_s3                                   n=    43  res=     0.100  ortU=     5.900  ortV=     5.900    drift=2.22e-16  t_eval=1.54e-04  t_dbdsqr=5.32e-06
  ev2_ec1_n64_s2_gs                                n=   128  res=     0.200  ortU=     5.900  ortV=     5.900    drift=2.15e-16  t_eval=8.39e-04  t_dbdsqr=1.04e-05
  ev3_ec1_n13_s0_gs                                n=    26  res=     0.100  ortU=     5.900  ortV=     5.700    drift=0.00e+00  t_eval=3.72e-04  t_dbdsqr=1.30e-05
  ev3_ec1_n36_s3_gm                                n=   108  res=     0.100  ortU=     5.800  ortV=     5.900    drift=0.00e+00  t_eval=4.88e-03  t_dbdsqr=2.82e-04
  ev3_ec1_n78_s0                                   n=    78  res=     0.100  ortU=     5.900  ortV=     5.900    drift=0.00e+00  t_eval=6.36e-04  t_dbdsqr=1.77e-04
  ev3_ec4_n10_s3_gs                                n=    20  res=     0.200  ortU=     5.900  ortV=     5.900    drift=0.00e+00  t_eval=2.19e-04  t_dbdsqr=7.96e-06
  ev3_ec4_n28_s2_gm                                n=    84  res=     0.000  ortU=     5.900  ortV=     5.900    drift=0.00e+00  t_eval=3.26e-03  t_dbdsqr=8.13e-05
  ev3_ec4_n56_s3                                   n=    56  res=     0.100  ortU=     5.900  ortV=     5.900    drift=0.00e+00  t_eval=3.92e-04  t_dbdsqr=3.89e-05
  ev3_ec4_n68_s3                                   n=    68  res=     0.100  ortU=     5.900  ortV=     5.900    drift=0.00e+00  t_eval=5.75e-04  t_dbdsqr=5.65e-05
  ev3_ec4_n83_s2                                   n=    83  res=     0.100  ortU=     5.900  ortV=     5.900    drift=0.00e+00  t_eval=8.31e-04  t_dbdsqr=8.16e-05
  ev3_ec4_n84_s3                                   n=    84  res=     0.000  ortU=     5.900  ortV=     5.900    drift=0.00e+00  t_eval=8.43e-04  t_dbdsqr=8.07e-05
  ev4_ec1_n48_s1                                   n=    48  res=     0.300  ortU=     5.900  ortV=     5.900    drift=0.00e+00  t_eval=1.84e-04  t_dbdsqr=7.39e-05
  ev4_ec1_n54_s2_gs                                n=   108  res=     0.000  ortU=     5.900  ortV=     5.900    drift=0.00e+00  t_eval=5.58e-03  t_dbdsqr=2.21e-04
  ev4_ec1_n60_s0_gm                                n=   180  res=     0.000  ortU=     5.900  ortV=     5.900    drift=0.00e+00  t_eval=9.83e-03  t_dbdsqr=9.80e-04
  ev4_ec1_n72_s3_gm                                n=   216  res=     0.000  ortU=     5.900  ortV=     5.900    drift=0.00e+00  t_eval=1.46e-02  t_dbdsqr=1.34e-03
  ev4_ec1_n77_s0_gm                                n=   231  res=     0.000  ortU=     5.900  ortV=     5.900    drift=0.00e+00  t_eval=1.72e-02  t_dbdsqr=1.52e-03
  ev4_ec1_n82_s2_gm                                n=   246  res=     0.000  ortU=     5.900  ortV=     5.900    drift=0.00e+00  t_eval=2.06e-02  t_dbdsqr=1.68e-03
  ev4_ec1_n89_s1_gm                                n=   267  res=     0.000  ortU=     5.900  ortV=     5.900    drift=0.00e+00  t_eval=2.46e-02  t_dbdsqr=1.95e-03
  ev4_ec1_n95_s1                                   n=    95  res=     0.200  ortU=     5.800  ortV=     5.900    drift=0.00e+00  t_eval=6.72e-04  t_dbdsqr=2.86e-04
  ev4_ec4_n38_s0_gm                                n=   114  res=     0.100  ortU=     5.900  ortV=     5.900    drift=0.00e+00  t_eval=3.37e-03  t_dbdsqr=4.11e-04
  ev4_ec4_n71_s3_gm                                n=   213  res=     0.100  ortU=     5.900  ortV=     5.900    drift=0.00e+00  t_eval=1.41e-02  t_dbdsqr=1.34e-03
  ev4_ec4_n83_s1                                   n=    83  res=     0.200  ortU=     5.900  ortV=     5.900    drift=0.00e+00  t_eval=5.34e-04  t_dbdsqr=2.29e-04
  ev4_ec4_n85_s3                                   n=    85  res=     0.200  ortU=     5.800  ortV=     5.900    drift=0.00e+00  t_eval=5.61e-04  t_dbdsqr=2.41e-04
  ev4_ec4_n90_s1_gm                                n=   270  res=     0.000  ortU=     5.900  ortV=     5.900    drift=0.00e+00  t_eval=2.52e-02  t_dbdsqr=1.99e-03
  ev5_ec1_n25_s2_gm                                n=    75  res=     0.100  ortU=     5.900  ortV=     5.800    drift=0.00e+00  t_eval=2.46e-03  t_dbdsqr=1.40e-04
  ev5_ec1_n33_s2                                   n=    33  res=     0.100  ortU=     5.900  ortV=     5.900    drift=0.00e+00  t_eval=1.18e-04  t_dbdsqr=2.42e-05
  ev5_ec1_n48_s0                                   n=    48  res=     0.100  ortU=     5.900  ortV=     5.900    drift=0.00e+00  t_eval=2.48e-04  t_dbdsqr=4.61e-05
  ev5_ec1_n52_s0                                   n=    52  res=     0.100  ortU=     5.900  ortV=     5.900    drift=0.00e+00  t_eval=3.09e-04  t_dbdsqr=8.31e-05
  ev5_ec1_n59_s3                                   n=    59  res=     0.000  ortU=     5.900  ortV=     5.900    drift=0.00e+00  t_eval=4.68e-04  t_dbdsqr=1.06e-04
  ev5_ec1_n76_s0                                   n=    76  res=     0.100  ortU=     5.900  ortV=     5.900    drift=0.00e+00  t_eval=5.88e-04  t_dbdsqr=9.03e-05
  ev5_ec4_n19_s1_gm                                n=    57  res=     0.100  ortU=     5.800  ortV=     5.900    drift=0.00e+00  t_eval=1.57e-03  t_dbdsqr=1.13e-04
  ev5_ec4_n46_s0                                   n=    46  res=     0.100  ortU=     5.900  ortV=     5.900    drift=0.00e+00  t_eval=2.89e-04  t_dbdsqr=2.68e-05
  ev5_ec4_n74_s0                                   n=    74  res=     0.000  ortU=     5.900  ortV=     5.900    drift=0.00e+00  t_eval=8.57e-04  t_dbdsqr=1.53e-04
  ev6_ec1_n43_s1                                   n=    43  res=     0.200  ortU=     5.900  ortV=     5.900    drift=0.00e+00  t_eval=1.88e-04  t_dbdsqr=8.36e-05
  ev6_ec1_n49_s2                                   n=    49  res=     0.100  ortU=     5.900  ortV=     5.900    drift=0.00e+00  t_eval=3.19e-04  t_dbdsqr=8.37e-05
  ev6_ec1_n59_s1_gm                                n=   177  res=     0.000  ortU=     5.900  ortV=     5.900    drift=0.00e+00  t_eval=1.18e-02  t_dbdsqr=9.66e-04
  ev6_ec1_n75_s3_gm                                n=   225  res=     0.100  ortU=     5.800  ortV=     5.900    drift=0.00e+00  t_eval=2.21e-02  t_dbdsqr=1.54e-03
  ev6_ec1_n77_s0_gm                                n=   231  res=     0.000  ortU=     5.900  ortV=     5.900    drift=0.00e+00  t_eval=1.55e-02  t_dbdsqr=1.51e-03
  ev7_ec1_n12_s2_gs                                n=    24  res=     0.300  ortU=     5.800  ortV=     5.900    drift=0.00e+00  t_eval=1.77e-04  t_dbdsqr=3.81e-06
  ev7_ec1_n58_s2_gs                                n=   116  res=     0.100  ortU=     5.900  ortV=     5.900    drift=0.00e+00  t_eval=3.76e-03  t_dbdsqr=8.66e-05
  ev7_ec1_n59_s2_gm                                n=   177  res=     0.000  ortU=     5.800  ortV=     5.900    drift=0.00e+00  t_eval=1.36e-02  t_dbdsqr=3.67e-04
  ev7_ec1_n84_s0_gs                                n=   168  res=     0.000  ortU=     5.900  ortV=     5.900    drift=0.00e+00  t_eval=9.05e-03  t_dbdsqr=4.02e-04
  ev7_ec1_n87_s0_gs                                n=   174  res=     0.100  ortU=     5.900  ortV=     5.900    drift=0.00e+00  t_eval=9.52e-03  t_dbdsqr=2.84e-04
  ev9_ec1_n37_s1_gm                                n=   111  res=     0.100  ortU=     5.800  ortV=     5.900    drift=0.00e+00  t_eval=4.59e-03  t_dbdsqr=5.22e-04
  tri3_n5                                          n=     5  res=     0.600  ortU=     5.900  ortV=     5.800    drift=0.00e+00  t_eval=7.18e-06  t_dbdsqr=3.41e-06
  tri4_n53_gs                                      n=   106  res=     0.000  ortU=     5.900  ortV=     5.900    drift=0.00e+00  t_eval=5.24e-03  t_dbdsqr=1.39e-04
  tri4_n92                                         n=    92  res=     0.100  ortU=     5.900  ortV=     5.800    drift=0.00e+00  t_eval=5.50e-04  t_dbdsqr=1.94e-04
  tri5_n33                                         n=    33  res=     0.200  ortU=     5.900  ortV=     5.900    drift=0.00e+00  t_eval=8.83e-05  t_dbdsqr=3.27e-05
  tri5_n99                                         n=    99  res=     0.200  ortU=     5.900  ortV=     5.900    drift=0.00e+00  t_eval=6.78e-04  t_dbdsqr=2.02e-04
  ev1_ec1_n90_s0_gs                                n=   180  res=     0.000  ortU=     5.800  ortV=     5.800    drift=5.54e-16  t_eval=5.35e-04  t_dbdsqr=1.67e-05
  ev3_ec1_n10_s1                                   n=    10  res=     0.300  ortU=     5.800  ortV=     5.800    drift=0.00e+00  t_eval=2.70e-05  t_dbdsqr=5.89e-06
  ev3_ec1_n17_s1                                   n=    17  res=     0.100  ortU=     5.700  ortV=     5.800    drift=0.00e+00  t_eval=3.72e-05  t_dbdsqr=9.17e-06
  ev3_ec1_n25_s1                                   n=    25  res=     0.100  ortU=     5.800  ortV=     5.800    drift=0.00e+00  t_eval=7.11e-05  t_dbdsqr=1.59e-05
  ev3_ec1_n32_s1_gm                                n=    96  res=     0.000  ortU=     5.700  ortV=     5.800    drift=0.00e+00  t_eval=3.87e-03  t_dbdsqr=2.35e-04
  ev3_ec1_n48_s2                                   n=    48  res=     0.100  ortU=     5.800  ortV=     5.800    drift=0.00e+00  t_eval=2.63e-04  t_dbdsqr=8.36e-05
  ev3_ec1_n49_s2                                   n=    49  res=     0.100  ortU=     5.800  ortV=     5.800    drift=0.00e+00  t_eval=2.30e-04  t_dbdsqr=4.91e-05
  ev3_ec1_n65_s2                                   n=    65  res=     0.100  ortU=     5.700  ortV=     5.800    drift=0.00e+00  t_eval=4.54e-04  t_dbdsqr=1.33e-04
  ev3_ec1_n88_s2                                   n=    88  res=     0.100  ortU=     5.800  ortV=     5.800    drift=0.00e+00  t_eval=7.79e-04  t_dbdsqr=2.10e-04
  ev3_ec4_n9_s1_gs                                 n=    18  res=     0.200  ortU=     5.800  ortV=     5.700    drift=0.00e+00  t_eval=1.63e-04  t_dbdsqr=6.81e-06
  ev3_ec4_n45_s0                                   n=    45  res=     0.200  ortU=     5.700  ortV=     5.800    drift=0.00e+00  t_eval=2.54e-04  t_dbdsqr=2.89e-05
  ev3_ec4_n48_s2_gm                                n=   144  res=     0.100  ortU=     5.800  ortV=     5.800    drift=0.00e+00  t_eval=9.73e-03  t_dbdsqr=1.58e-04
  ev3_ec4_n55_s0_gm                                n=   165  res=     0.000  ortU=     5.800  ortV=     5.800    drift=0.00e+00  t_eval=1.29e-02  t_dbdsqr=1.95e-04
  ev3_ec4_n57_s1                                   n=    57  res=     0.100  ortU=     5.700  ortV=     5.800    drift=0.00e+00  t_eval=4.69e-04  t_dbdsqr=1.15e-04
  ev3_ec4_n75_s3_gm                                n=   225  res=     0.100  ortU=     5.800  ortV=     5.800    drift=0.00e+00  t_eval=2.41e-02  t_dbdsqr=4.03e-04
  ev4_ec1_n58_s2_gm                                n=   174  res=     0.000  ortU=     5.800  ortV=     5.800    drift=0.00e+00  t_eval=9.17e-03  t_dbdsqr=8.96e-04
  ev4_ec1_n68_s3                                   n=    68  res=     0.200  ortU=     5.800  ortV=     5.800    drift=0.00e+00  t_eval=3.55e-04  t_dbdsqr=1.42e-04
  ev4_ec1_n87_s0                                   n=    87  res=     0.200  ortU=     5.800  ortV=     5.800    drift=0.00e+00  t_eval=5.36e-04  t_dbdsqr=2.13e-04
  ev4_ec1_n100_s3                                  n=   100  res=     0.100  ortU=     5.800  ortV=     5.700    drift=0.00e+00  t_eval=7.02e-04  t_dbdsqr=2.78e-04
  ev4_ec4_n40_s3                                   n=    40  res=     0.400  ortU=     5.800  ortV=     5.800    drift=0.00e+00  t_eval=1.27e-04  t_dbdsqr=5.17e-05
  ev5_ec1_n4_s2_gm                                 n=    12  res=     0.200  ortU=     5.800  ortV=     5.600    drift=0.00e+00  t_eval=4.42e-05  t_dbdsqr=8.64e-06
  ev5_ec1_n37_s0                                   n=    37  res=     0.100  ortU=     5.800  ortV=     5.800    drift=0.00e+00  t_eval=1.40e-04  t_dbdsqr=2.84e-05
  ev5_ec1_n70_s0                                   n=    70  res=     0.100  ortU=     5.800  ortV=     5.800    drift=0.00e+00  t_eval=5.67e-04  t_dbdsqr=1.32e-04
  ev5_ec1_n79_s3                                   n=    79  res=     0.100  ortU=     5.800  ortV=     5.800    drift=0.00e+00  t_eval=7.64e-04  t_dbdsqr=1.18e-04
  ev5_ec1_n87_s1                                   n=    87  res=     0.100  ortU=     5.800  ortV=     5.800    drift=0.00e+00  t_eval=7.34e-04  t_dbdsqr=1.11e-04
  ev5_ec4_n17_s1_gm                                n=    51  res=     0.100  ortU=     5.700  ortV=     5.800    drift=0.00e+00  t_eval=1.27e-03  t_dbdsqr=1.03e-04
  ev5_ec4_n44_s2_gm                                n=   132  res=     0.100  ortU=     5.800  ortV=     5.800    drift=3.90e-16  t_eval=1.02e-03  t_dbdsqr=1.21e-04
  ev5_ec4_n71_s1                                   n=    71  res=     0.000  ortU=     5.700  ortV=     5.800    drift=0.00e+00  t_eval=5.54e-04  t_dbdsqr=5.25e-05
  ev5_ec4_n75_s3                                   n=    75  res=     0.100  ortU=     5.800  ortV=     5.800    drift=1.61e-16  t_eval=6.53e-04  t_dbdsqr=5.23e-05
  ev5_ec4_n90_s1                                   n=    90  res=     0.100  ortU=     5.800  ortV=     5.800    drift=0.00e+00  t_eval=9.98e-04  t_dbdsqr=1.93e-04
  ev6_ec1_n8_s2_gs                                 n=    16  res=     0.200  ortU=     5.800  ortV=     5.800    drift=0.00e+00  t_eval=9.26e-05  t_dbdsqr=1.20e-05
  ev6_ec1_n44_s2                                   n=    44  res=     0.200  ortU=     5.800  ortV=     5.800    drift=0.00e+00  t_eval=2.73e-04  t_dbdsqr=9.63e-05
  ev6_ec1_n56_s2_gm                                n=   168  res=     0.000  ortU=     5.800  ortV=     5.800    drift=0.00e+00  t_eval=9.91e-03  t_dbdsqr=8.60e-04
  ev6_ec1_n98_s2                                   n=    98  res=     0.100  ortU=     5.800  ortV=     5.800    drift=0.00e+00  t_eval=1.17e-03  t_dbdsqr=2.89e-04
  ev7_ec1_n23_s0_gs                                n=    46  res=     0.300  ortU=     5.800  ortV=     5.800    drift=0.00e+00  t_eval=6.20e-04  t_dbdsqr=5.76e-06
  ev7_ec1_n29_s1_gs                                n=    58  res=     0.200  ortU=     5.800  ortV=     5.800    drift=0.00e+00  t_eval=9.41e-04  t_dbdsqr=6.03e-06
  ev7_ec1_n34_s2_gs                                n=    68  res=     0.300  ortU=     5.800  ortV=     5.700    drift=0.00e+00  t_eval=1.33e-03  t_dbdsqr=7.36e-06
  ev7_ec1_n93_s0_gm                                n=   279  res=     0.000  ortU=     5.800  ortV=     5.800    drift=0.00e+00  t_eval=3.66e-02  t_dbdsqr=5.56e-04
  ev8_ec1_n8_s1_gm                                 n=    24  res=     0.200  ortU=     5.800  ortV=     5.800    drift=0.00e+00  t_eval=1.83e-04  t_dbdsqr=4.12e-05
  ev8_ec1_n14_s3_gm                                n=    42  res=     0.200  ortU=     5.700  ortV=     5.800    drift=0.00e+00  t_eval=5.39e-04  t_dbdsqr=7.51e-05
  ev8_ec1_n71_s1_gm                                n=   213  res=     0.000  ortU=     5.800  ortV=     5.800    drift=0.00e+00  t_eval=1.58e-02  t_dbdsqr=1.67e-03
  ev9_ec1_n31_s3_gm                                n=    93  res=     0.100  ortU=     5.700  ortV=     5.800    drift=0.00e+00  t_eval=3.27e-03  t_dbdsqr=1.39e-04
  ev9_ec1_n64_s0_gm                                n=   192  res=     0.000  ortU=     5.800  ortV=     5.800    drift=0.00e+00  t_eval=1.45e-02  t_dbdsqr=1.35e-03
  ev9_ec1_n98_s0_gm                                n=   294  res=     0.000  ortU=     5.800  ortV=     5.800    drift=0.00e+00  t_eval=3.77e-02  t_dbdsqr=3.14e-03
  tri5_n18_gs                                      n=    36  res=     0.100  ortU=     5.800  ortV=     5.800    drift=0.00e+00  t_eval=4.10e-04  t_dbdsqr=2.58e-05
  tri6_n92_gs                                      n=   184  res=     0.000  ortU=     5.800  ortV=     5.800    drift=0.00e+00  t_eval=1.94e-02  t_dbdsqr=8.07e-04
  tri7_n11_gs                                      n=    22  res=     0.200  ortU=     5.800  ortV=     5.800    drift=0.00e+00  t_eval=1.65e-04  t_dbdsqr=1.44e-05
  ev1_ec1_n36_s3_gs                                n=    72  res=     0.000  ortU=     5.700  ortV=     5.600    drift=0.00e+00  t_eval=1.02e-04  t_dbdsqr=8.71e-06
  ev1_ec1_n52_s0_gs                                n=   104  res=     0.000  ortU=     5.700  ortV=     5.700    drift=1.47e-16  t_eval=2.20e-04  t_dbdsqr=1.38e-05
  ev2_ec4_n94_s0                                   n=    94  res=     0.000  ortU=     5.700  ortV=     5.700    drift=2.12e-16  t_eval=8.80e-04  t_dbdsqr=7.57e-06
  ev3_ec1_n7_s1_gs                                 n=    14  res=     0.200  ortU=     5.700  ortV=     5.700    drift=0.00e+00  t_eval=1.12e-04  t_dbdsqr=7.66e-06
  ev3_ec1_n27_s1                                   n=    27  res=     0.100  ortU=     5.700  ortV=     5.700    drift=0.00e+00  t_eval=8.07e-05  t_dbdsqr=1.84e-05
  ev3_ec1_n37_s1                                   n=    37  res=     0.100  ortU=     5.700  ortV=     5.700    drift=0.00e+00  t_eval=1.38e-04  t_dbdsqr=3.06e-05
  ev3_ec1_n45_s1                                   n=    45  res=     0.100  ortU=     5.700  ortV=     5.700    drift=0.00e+00  t_eval=2.31e-04  t_dbdsqr=7.30e-05
  ev3_ec1_n63_s3                                   n=    63  res=     0.100  ortU=     5.700  ortV=     5.700    drift=0.00e+00  t_eval=3.84e-04  t_dbdsqr=7.33e-05
  ev3_ec1_n69_s0                                   n=    69  res=     0.100  ortU=     5.700  ortV=     5.600    drift=0.00e+00  t_eval=4.42e-04  t_dbdsqr=8.35e-05
  ev3_ec1_n82_s3                                   n=    82  res=     0.100  ortU=     5.700  ortV=     5.700    drift=0.00e+00  t_eval=6.24e-04  t_dbdsqr=1.16e-04
  ev3_ec1_n84_s3                                   n=    84  res=     0.100  ortU=     5.700  ortV=     5.700    drift=0.00e+00  t_eval=7.30e-04  t_dbdsqr=1.92e-04
  ev3_ec1_n93_s3                                   n=    93  res=     0.100  ortU=     5.700  ortV=     5.700    drift=0.00e+00  t_eval=8.89e-04  t_dbdsqr=2.22e-04
  ev3_ec4_n14_s0_gm                                n=    42  res=     0.100  ortU=     5.700  ortV=     5.700    drift=0.00e+00  t_eval=8.55e-04  t_dbdsqr=5.59e-05
  ev3_ec4_n41_s0_gm                                n=   123  res=     0.200  ortU=     5.700  ortV=     5.700    drift=4.11e-16  t_eval=8.81e-04  t_dbdsqr=1.27e-04
  ev3_ec4_n62_s1_gm                                n=   186  res=     0.100  ortU=     5.700  ortV=     5.700    drift=0.00e+00  t_eval=1.62e-02  t_dbdsqr=2.34e-04
  ev3_ec4_n65_s3                                   n=    65  res=     0.100  ortU=     5.600  ortV=     5.700    drift=0.00e+00  t_eval=5.22e-04  t_dbdsqr=4.83e-05
  ev3_ec4_n85_s3                                   n=    85  res=     0.100  ortU=     5.700  ortV=     5.700    drift=0.00e+00  t_eval=8.77e-04  t_dbdsqr=7.77e-05
  ev4_ec1_n14_s2_gs                                n=    28  res=     0.100  ortU=     5.700  ortV=     5.600    drift=0.00e+00  t_eval=2.70e-04  t_dbdsqr=1.97e-05
  ev4_ec1_n72_s1_gm                                n=   216  res=     0.000  ortU=     5.700  ortV=     5.700    drift=0.00e+00  t_eval=1.53e-02  t_dbdsqr=1.36e-03
  ev4_ec4_n44_s1_gm                                n=   132  res=     0.100  ortU=     5.600  ortV=     5.700    drift=0.00e+00  t_eval=4.68e-03  t_dbdsqr=5.28e-04
  ev4_ec4_n52_s1_gm                                n=   156  res=     0.000  ortU=     5.700  ortV=     5.700    drift=0.00e+00  t_eval=6.92e-03  t_dbdsqr=7.46e-04
  ev4_ec4_n81_s3_gm                                n=   243  res=     0.000  ortU=     5.700  ortV=     5.700    drift=0.00e+00  t_eval=1.99e-02  t_dbdsqr=1.70e-03
  ev5_ec1_n3_s2_gs                                 n=     6  res=     0.500  ortU=     5.700  ortV=     5.300    drift=0.00e+00  t_eval=2.29e-05  t_dbdsqr=2.71e-06
  ev5_ec1_n12_s0_gs                                n=    24  res=     0.200  ortU=     5.700  ortV=     5.600    drift=0.00e+00  t_eval=3.33e-04  t_dbdsqr=1.42e-05
  ev5_ec1_n72_s2                                   n=    72  res=     0.100  ortU=     5.700  ortV=     5.700    drift=0.00e+00  t_eval=5.60e-04  t_dbdsqr=1.31e-04
  ev5_ec1_n90_s0_gm                                n=   270  res=     0.000  ortU=     5.700  ortV=     5.700    drift=0.00e+00  t_eval=3.38e-02  t_dbdsqr=1.08e-03
  ev5_ec4_n18_s0_gs                                n=    36  res=     0.100  ortU=     5.700  ortV=     5.600    drift=0.00e+00  t_eval=5.72e-04  t_dbdsqr=1.28e-05
  ev5_ec4_n44_s3                                   n=    44  res=     0.100  ortU=     5.700  ortV=     5.700    drift=0.00e+00  t_eval=2.40e-04  t_dbdsqr=2.37e-05
  ev5_ec4_n59_s1_gs                                n=   118  res=     0.000  ortU=     5.700  ortV=     5.700    drift=0.00e+00  t_eval=6.50e-03  t_dbdsqr=1.45e-04
  ev5_ec4_n60_s3                                   n=    60  res=     0.100  ortU=     5.700  ortV=     5.700    drift=0.00e+00  t_eval=4.10e-04  t_dbdsqr=3.49e-05
  ev5_ec4_n66_s2                                   n=    66  res=     0.100  ortU=     5.700  ortV=     5.700    drift=0.00e+00  t_eval=5.49e-04  t_dbdsqr=4.21e-05
  ev5_ec4_n69_s1                                   n=    69  res=     0.100  ortU=     5.700  ortV=     5.700    drift=0.00e+00  t_eval=5.29e-04  t_dbdsqr=4.99e-05
  ev5_ec4_n79_s0_gs                                n=   158  res=     0.000  ortU=     5.700  ortV=     5.700    drift=0.00e+00  t_eval=1.12e-02  t_dbdsqr=1.75e-04
  ev6_ec1_n45_s3_gs                                n=    90  res=     0.100  ortU=     5.700  ortV=     5.700    drift=0.00e+00  t_eval=4.76e-03  t_dbdsqr=1.32e-04
  ev6_ec1_n62_s2_gm                                n=   186  res=     0.100  ortU=     5.700  ortV=     5.700    drift=0.00e+00  t_eval=1.35e-02  t_dbdsqr=1.05e-03
  ev6_ec1_n71_s3                                   n=    71  res=     0.100  ortU=     5.700  ortV=     5.700    drift=0.00e+00  t_eval=5.33e-04  t_dbdsqr=1.48e-04
  ev6_ec1_n76_s3_gs                                n=   152  res=     0.000  ortU=     5.700  ortV=     5.700    drift=0.00e+00  t_eval=1.43e-02  t_dbdsqr=3.37e-04
  ev6_ec1_n77_s3_gs                                n=   154  res=     0.000  ortU=     5.700  ortV=     5.700    drift=0.00e+00  t_eval=1.47e-02  t_dbdsqr=3.60e-04
  ev6_ec1_n86_s0_gs                                n=   172  res=     0.000  ortU=     5.700  ortV=     5.700    drift=0.00e+00  t_eval=1.67e-02  t_dbdsqr=4.54e-04
  ev6_ec1_n93_s3                                   n=    93  res=     0.100  ortU=     5.700  ortV=     5.700    drift=0.00e+00  t_eval=9.36e-04  t_dbdsqr=2.40e-04
  ev7_ec1_n36_s1_gm                                n=   108  res=     0.100  ortU=     5.700  ortV=     5.600    drift=0.00e+00  t_eval=5.00e-03  t_dbdsqr=7.00e-05
  ev7_ec1_n37_s2_gs                                n=    74  res=     0.200  ortU=     5.700  ortV=     5.700    drift=0.00e+00  t_eval=1.63e-03  t_dbdsqr=8.53e-06
  ev7_ec1_n58_s2                                   n=    58  res=     0.200  ortU=     5.700  ortV=     5.700    drift=0.00e+00  t_eval=8.57e-04  t_dbdsqr=3.95e-05
  ev7_ec1_n65_s1_gs                                n=   130  res=     0.100  ortU=     5.600  ortV=     5.700    drift=0.00e+00  t_eval=5.26e-03  t_dbdsqr=2.80e-04
  ev8_ec1_n32_s0_gm                                n=    96  res=     0.000  ortU=     5.700  ortV=     5.700    drift=0.00e+00  t_eval=2.69e-03  t_dbdsqr=3.69e-04
  ev8_ec1_n44_s1_gm                                n=   132  res=     0.100  ortU=     5.700  ortV=     5.700    drift=0.00e+00  t_eval=5.84e-03  t_dbdsqr=6.70e-04
  ev8_ec1_n49_s0_gm                                n=   147  res=     0.100  ortU=     5.700  ortV=     5.700    drift=0.00e+00  t_eval=6.66e-03  t_dbdsqr=7.81e-04
  ev9_ec1_n17_s1                                   n=    17  res=     0.100  ortU=     5.700  ortV=     5.700    drift=0.00e+00  t_eval=5.81e-05  t_dbdsqr=1.52e-05
  tri2_n62_gs                                      n=   124  res=     0.100  ortU=     5.700  ortV=     5.700    drift=0.00e+00  t_eval=5.03e-03  t_dbdsqr=3.61e-04
  tri2_n93                                         n=    93  res=     0.100  ortU=     5.700  ortV=     5.700    drift=0.00e+00  t_eval=5.63e-04  t_dbdsqr=1.65e-04
  tri4_n77                                         n=    77  res=     0.200  ortU=     5.700  ortV=     5.700    drift=0.00e+00  t_eval=3.89e-04  t_dbdsqr=1.36e-04
  tri5_n28_gs                                      n=    56  res=     0.000  ortU=     5.700  ortV=     5.600    drift=0.00e+00  t_eval=9.90e-04  t_dbdsqr=4.97e-05
  tri5_n41_gs                                      n=    82  res=     0.000  ortU=     5.700  ortV=     5.700    drift=0.00e+00  t_eval=2.16e-03  t_dbdsqr=8.71e-05
  tri5_n71                                         n=    71  res=     0.300  ortU=     5.700  ortV=     5.700    drift=0.00e+00  t_eval=3.57e-04  t_dbdsqr=1.13e-04
  tri5_n76_gs                                      n=   152  res=     0.000  ortU=     5.700  ortV=     5.700    drift=0.00e+00  t_eval=7.39e-03  t_dbdsqr=2.51e-04
  tri5_n95_gs                                      n=   190  res=     0.000  ortU=     5.700  ortV=     5.700    drift=0.00e+00  t_eval=1.16e-02  t_dbdsqr=3.67e-04
  ev2_ec1_n63_s1                                   n=    63  res=     0.100  ortU=     5.600  ortV=     5.600    drift=2.06e-16  t_eval=2.96e-04  t_dbdsqr=6.28e-06
  ev2_ec1_n70_s3                                   n=    70  res=     0.100  ortU=     5.600  ortV=     5.600    drift=2.13e-16  t_eval=3.92e-04  t_dbdsqr=6.86e-06
  ev2_ec1_n80_s1                                   n=    80  res=     0.100  ortU=     5.600  ortV=     5.500    drift=0.00e+00  t_eval=4.25e-04  t_dbdsqr=6.88e-06
  ev3_ec1_n62_s2                                   n=    62  res=     0.100  ortU=     5.600  ortV=     5.600    drift=0.00e+00  t_eval=3.64e-04  t_dbdsqr=7.04e-05
  ev3_ec4_n11_s3_gm                                n=    33  res=     0.400  ortU=     5.600  ortV=     5.600    drift=0.00e+00  t_eval=5.49e-04  t_dbdsqr=4.22e-05
  ev3_ec4_n18_s1_gs                                n=    36  res=     0.100  ortU=     5.500  ortV=     5.600    drift=0.00e+00  t_eval=6.42e-04  t_dbdsqr=2.48e-05
  ev3_ec4_n38_s3_gm                                n=   114  res=     0.000  ortU=     5.600  ortV=     5.500    drift=0.00e+00  t_eval=6.08e-03  t_dbdsqr=1.16e-04
  ev3_ec4_n40_s0_gm                                n=   120  res=     0.200  ortU=     5.600  ortV=     5.600    drift=0.00e+00  t_eval=6.76e-03  t_dbdsqr=1.26e-04
  ev3_ec4_n68_s0_gs                                n=   136  res=     0.100  ortU=     5.600  ortV=     5.600    drift=0.00e+00  t_eval=8.60e-03  t_dbdsqr=2.38e-04
  ev3_ec4_n70_s1_gm                                n=   210  res=     0.000  ortU=     5.600  ortV=     5.600    drift=0.00e+00  t_eval=2.11e-02  t_dbdsqr=2.84e-04
  ev3_ec4_n80_s1_gm                                n=   240  res=     0.000  ortU=     5.600  ortV=     5.600    drift=0.00e+00  t_eval=2.75e-02  t_dbdsqr=3.53e-04
  ev3_ec4_n98_s2                                   n=    98  res=     0.100  ortU=     5.600  ortV=     5.600    drift=0.00e+00  t_eval=1.28e-03  t_dbdsqr=2.22e-04
  ev4_ec1_n53_s3_gs                                n=   106  res=     0.000  ortU=     5.600  ortV=     5.600    drift=0.00e+00  t_eval=5.47e-03  t_dbdsqr=1.99e-04
  ev4_ec1_n69_s1                                   n=    69  res=     0.200  ortU=     5.600  ortV=     5.500    drift=0.00e+00  t_eval=3.63e-04  t_dbdsqr=1.44e-04
  ev4_ec1_n77_s2                                   n=    77  res=     0.200  ortU=     5.600  ortV=     5.600    drift=0.00e+00  t_eval=4.33e-04  t_dbdsqr=1.75e-04
  ev4_ec4_n21_s3                                   n=    21  res=     0.400  ortU=     5.500  ortV=     5.600    drift=0.00e+00  t_eval=4.31e-05  t_dbdsqr=1.88e-05
  ev4_ec4_n64_s2                                   n=    64  res=     0.200  ortU=     5.600  ortV=     5.600    drift=0.00e+00  t_eval=3.41e-04  t_dbdsqr=1.51e-04
  ev4_ec4_n66_s3_gm                                n=   198  res=     0.000  ortU=     5.600  ortV=     5.600    drift=0.00e+00  t_eval=1.20e-02  t_dbdsqr=1.14e-03
  ev5_ec1_n30_s3                                   n=    30  res=     0.000  ortU=     5.600  ortV=     5.600    drift=0.00e+00  t_eval=1.16e-04  t_dbdsqr=2.18e-05
  ev5_ec1_n41_s0_gm                                n=   123  res=     0.000  ortU=     5.600  ortV=     5.600    drift=0.00e+00  t_eval=6.66e-03  t_dbdsqr=3.25e-04
  ev5_ec1_n45_s0                                   n=    45  res=     0.100  ortU=     5.600  ortV=     5.600    drift=0.00e+00  t_eval=2.55e-04  t_dbdsqr=7.00e-05
  ev5_ec1_n71_s1                                   n=    71  res=     0.100  ortU=     5.600  ortV=     5.600    drift=0.00e+00  t_eval=5.03e-04  t_dbdsqr=8.43e-05
  ev5_ec1_n71_s2_gs                                n=   142  res=     0.100  ortU=     5.600  ortV=     5.600    drift=0.00e+00  t_eval=1.05e-02  t_dbdsqr=2.97e-04
  ev5_ec4_n22_s0_gs                                n=    44  res=     0.200  ortU=     5.600  ortV=     5.600    drift=0.00e+00  t_eval=9.04e-04  t_dbdsqr=2.23e-05
  ev5_ec4_n46_s2_gm                                n=   138  res=     0.100  ortU=     5.600  ortV=     5.600    drift=5.29e-16  t_eval=1.14e-03  t_dbdsqr=1.40e-04
  ev5_ec4_n47_s0_gm                                n=   141  res=     0.000  ortU=     5.600  ortV=     5.600    drift=0.00e+00  t_eval=9.18e-03  t_dbdsqr=2.69e-04
  ev5_ec4_n49_s1_gm                                n=   147  res=     0.000  ortU=     5.600  ortV=     5.600    drift=0.00e+00  t_eval=1.01e-02  t_dbdsqr=2.88e-04
  ev5_ec4_n56_s3                                   n=    56  res=     0.100  ortU=     5.500  ortV=     5.600    drift=1.43e-16  t_eval=3.64e-04  t_dbdsqr=3.22e-05
  ev5_ec4_n72_s0                                   n=    72  res=     0.000  ortU=     5.600  ortV=     5.600    drift=0.00e+00  t_eval=7.87e-04  t_dbdsqr=1.36e-04
  ev5_ec4_n74_s2_gm                                n=   222  res=     0.000  ortU=     5.600  ortV=     5.600    drift=0.00e+00  t_eval=2.32e-02  t_dbdsqr=2.69e-04
  ev6_ec1_n8_s1                                    n=     8  res=     0.400  ortU=     5.600  ortV=     5.500    drift=0.00e+00  t_eval=1.35e-05  t_dbdsqr=6.66e-06
  ev6_ec1_n11_s0                                   n=    11  res=     0.400  ortU=     5.500  ortV=     5.600    drift=0.00e+00  t_eval=1.54e-05  t_dbdsqr=8.97e-06
  ev6_ec1_n18_s1                                   n=    18  res=     0.200  ortU=     5.600  ortV=     5.600    drift=0.00e+00  t_eval=3.58e-05  t_dbdsqr=1.76e-05
  ev6_ec1_n48_s1_gs                                n=    96  res=     0.000  ortU=     5.600  ortV=     5.500    drift=0.00e+00  t_eval=5.04e-03  t_dbdsqr=1.91e-04
  ev6_ec1_n76_s0                                   n=    76  res=     0.100  ortU=     5.600  ortV=     5.600    drift=0.00e+00  t_eval=6.02e-04  t_dbdsqr=1.76e-04
  ev6_ec1_n89_s0_gm                                n=   267  res=     0.200  ortU=     5.600  ortV=     5.600    drift=0.00e+00  t_eval=2.49e-02  t_dbdsqr=2.00e-03
  ev6_ec1_n100_s0                                  n=   100  res=     0.100  ortU=     5.600  ortV=     5.600    drift=0.00e+00  t_eval=1.12e-03  t_dbdsqr=3.66e-04
  ev7_ec1_n52_s3_gs                                n=   104  res=     0.000  ortU=     5.600  ortV=     5.600    drift=0.00e+00  t_eval=3.31e-03  t_dbdsqr=3.78e-04
  ev7_ec1_n66_s1_gm                                n=   198  res=     0.000  ortU=     5.600  ortV=     5.600    drift=0.00e+00  t_eval=1.77e-02  t_dbdsqr=6.46e-04
  ev7_ec1_n68_s1_gs                                n=   136  res=     0.000  ortU=     5.600  ortV=     5.600    drift=0.00e+00  t_eval=5.44e-03  t_dbdsqr=2.64e-04
  ev7_ec1_n78_s3_gs                                n=   156  res=     0.000  ortU=     5.600  ortV=     5.600    drift=0.00e+00  t_eval=7.85e-03  t_dbdsqr=3.90e-04
  ev8_ec1_n29_s1_gm                                n=    87  res=     0.100  ortU=     5.600  ortV=     5.600    drift=0.00e+00  t_eval=2.21e-03  t_dbdsqr=3.04e-04
  ev9_ec1_n28_s1_gs                                n=    56  res=     0.200  ortU=     5.600  ortV=     5.600    drift=0.00e+00  t_eval=1.21e-03  t_dbdsqr=1.12e-04
  ev9_ec1_n76_s3_gm                                n=   228  res=     0.200  ortU=     5.600  ortV=     5.600    drift=0.00e+00  t_eval=2.22e-02  t_dbdsqr=6.07e-04
  ev9_ec1_n83_s0_gm                                n=   249  res=     0.100  ortU=     5.600  ortV=     5.500    drift=0.00e+00  t_eval=2.61e-02  t_dbdsqr=2.26e-03
  ev9_ec1_n100_s3_gm                               n=   300  res=     0.000  ortU=     5.600  ortV=     5.600    drift=0.00e+00  t_eval=3.68e-02  t_dbdsqr=3.16e-03
  tri2_n21                                         n=    21  res=     0.300  ortU=     5.600  ortV=     5.600    drift=0.00e+00  t_eval=4.01e-05  t_dbdsqr=1.69e-05
  tri2_n27                                         n=    27  res=     0.200  ortU=     5.500  ortV=     5.600    drift=0.00e+00  t_eval=6.02e-05  t_dbdsqr=2.41e-05
  tri2_n56                                         n=    56  res=     0.300  ortU=     5.600  ortV=     5.600    drift=0.00e+00  t_eval=2.10e-04  t_dbdsqr=6.81e-05
  tri2_n83                                         n=    83  res=     0.100  ortU=     5.600  ortV=     5.600    drift=0.00e+00  t_eval=4.60e-04  t_dbdsqr=1.42e-04
  tri5_n85_gs                                      n=   170  res=     0.000  ortU=     5.600  ortV=     5.600    drift=0.00e+00  t_eval=9.50e-03  t_dbdsqr=3.07e-04
  tri6_n67_gm                                      n=   201  res=     0.000  ortU=     5.600  ortV=     5.500    drift=0.00e+00  t_eval=1.18e-02  t_dbdsqr=1.08e-03
  tri7_n72_gm                                      n=   216  res=     0.000  ortU=     5.600  ortV=     5.600    drift=0.00e+00  t_eval=1.47e-02  t_dbdsqr=1.16e-03
  ev1_ec1_n64_s0_gs                                n=   128  res=     0.000  ortU=     5.500  ortV=     5.400    drift=0.00e+00  t_eval=3.01e-04  t_dbdsqr=1.05e-05
  ev1_ec4_n83_s2_gs                                n=   166  res=     0.000  ortU=     5.500  ortV=     5.500    drift=3.19e-16  t_eval=3.27e-04  t_dbdsqr=1.34e-05
  ev2_ec4_n19_s1_gm                                n=    57  res=     0.100  ortU=     5.400  ortV=     5.500    drift=0.00e+00  t_eval=2.33e-04  t_dbdsqr=6.41e-06
  ev2_ec4_n86_s2_gs                                n=   172  res=     0.300  ortU=     5.500  ortV=     5.500    drift=0.00e+00  t_eval=1.94e-03  t_dbdsqr=1.33e-05
  ev3_ec1_n21_s1_gs                                n=    42  res=     0.100  ortU=     5.400  ortV=     5.500    drift=0.00e+00  t_eval=9.81e-04  t_dbdsqr=4.73e-05
  ev3_ec1_n21_s2                                   n=    21  res=     0.100  ortU=     5.500  ortV=     5.500    drift=0.00e+00  t_eval=5.49e-05  t_dbdsqr=1.43e-05
  ev3_ec1_n61_s3                                   n=    61  res=     0.100  ortU=     5.500  ortV=     5.500    drift=0.00e+00  t_eval=4.12e-04  t_dbdsqr=1.25e-04
  ev3_ec1_n89_s2                                   n=    89  res=     0.100  ortU=     5.500  ortV=     5.500    drift=0.00e+00  t_eval=8.04e-04  t_dbdsqr=2.10e-04
  ev3_ec4_n23_s0                                   n=    23  res=     0.200  ortU=     5.500  ortV=     5.500    drift=0.00e+00  t_eval=7.92e-05  t_dbdsqr=1.11e-05
  ev3_ec4_n45_s0_gs                                n=    90  res=     0.100  ortU=     5.500  ortV=     5.500    drift=0.00e+00  t_eval=3.76e-03  t_dbdsqr=8.55e-05
  ev3_ec4_n78_s1_gm                                n=   234  res=     0.000  ortU=     5.500  ortV=     5.500    drift=0.00e+00  t_eval=2.58e-02  t_dbdsqr=3.23e-04
  ev4_ec1_n41_s1_gm                                n=   123  res=     0.000  ortU=     5.500  ortV=     5.500    drift=0.00e+00  t_eval=3.97e-03  t_dbdsqr=4.67e-04
  ev4_ec1_n60_s3_gm                                n=   180  res=     0.000  ortU=     5.500  ortV=     5.500    drift=0.00e+00  t_eval=9.95e-03  t_dbdsqr=9.83e-04
  ev4_ec1_n73_s3                                   n=    73  res=     0.200  ortU=     5.500  ortV=     5.500    drift=0.00e+00  t_eval=4.09e-04  t_dbdsqr=1.76e-04
  ev4_ec1_n81_s1_gm                                n=   243  res=     0.000  ortU=     5.500  ortV=     5.400    drift=0.00e+00  t_eval=2.09e-02  t_dbdsqr=1.70e-03
  ev4_ec4_n34_s2_gm                                n=   102  res=     0.100  ortU=     5.500  ortV=     5.500    drift=0.00e+00  t_eval=2.63e-03  t_dbdsqr=3.43e-04
  ev4_ec4_n55_s0_gs                                n=   110  res=     0.000  ortU=     5.500  ortV=     5.500    drift=0.00e+00  t_eval=5.82e-03  t_dbdsqr=1.83e-04
  ev4_ec4_n69_s0                                   n=    69  res=     0.200  ortU=     5.500  ortV=     5.500    drift=0.00e+00  t_eval=3.64e-04  t_dbdsqr=1.44e-04
  ev4_ec4_n76_s0                                   n=    76  res=     0.200  ortU=     5.500  ortV=     5.500    drift=0.00e+00  t_eval=4.37e-04  t_dbdsqr=1.74e-04
  ev4_ec4_n84_s3                                   n=    84  res=     0.100  ortU=     5.500  ortV=     5.500    drift=0.00e+00  t_eval=5.48e-04  t_dbdsqr=2.31e-04
  ev4_ec4_n92_s3                                   n=    92  res=     0.200  ortU=     5.500  ortV=     5.400    drift=0.00e+00  t_eval=6.58e-04  t_dbdsqr=2.84e-04
  ev4_ec4_n96_s1                                   n=    96  res=     0.200  ortU=     5.500  ortV=     5.500    drift=0.00e+00  t_eval=6.76e-04  t_dbdsqr=2.62e-04
  ev4_ec4_n100_s1_gm                               n=   300  res=     0.000  ortU=     5.500  ortV=     5.500    drift=0.00e+00  t_eval=3.27e-02  t_dbdsqr=2.46e-03
  ev5_ec1_n7_s0                                    n=     7  res=     0.100  ortU=     5.500  ortV=     5.400    drift=0.00e+00  t_eval=1.70e-05  t_dbdsqr=7.10e-06
  ev5_ec1_n17_s0                                   n=    17  res=     0.100  ortU=     5.500  ortV=     5.500    drift=0.00e+00  t_eval=3.58e-05  t_dbdsqr=1.14e-05
  ev5_ec1_n33_s0                                   n=    33  res=     0.100  ortU=     5.500  ortV=     5.400    drift=0.00e+00  t_eval=1.32e-04  t_dbdsqr=4.05e-05
  ev5_ec1_n33_s3                                   n=    33  res=     0.000  ortU=     5.500  ortV=     5.500    drift=0.00e+00  t_eval=1.43e-04  t_dbdsqr=2.50e-05
  ev5_ec1_n39_s1                                   n=    39  res=     0.100  ortU=     5.400  ortV=     5.500    drift=0.00e+00  t_eval=1.77e-04  t_dbdsqr=3.12e-05
  ev5_ec1_n60_s2_gs                                n=   120  res=     0.000  ortU=     5.500  ortV=     5.500    drift=0.00e+00  t_eval=7.41e-03  t_dbdsqr=2.83e-04
  ev5_ec4_n11_s3_gm                                n=    33  res=     0.100  ortU=     5.200  ortV=     5.500    drift=0.00e+00  t_eval=5.38e-04  t_dbdsqr=4.30e-05
  ev5_ec4_n40_s3_gs                                n=    80  res=     0.100  ortU=     5.400  ortV=     5.500    drift=0.00e+00  t_eval=4.53e-04  t_dbdsqr=8.32e-05
  ev5_ec4_n42_s2_gm                                n=   126  res=     0.100  ortU=     5.500  ortV=     5.500    drift=4.88e-16  t_eval=9.16e-04  t_dbdsqr=1.27e-04
  ev5_ec4_n45_s3                                   n=    45  res=     0.100  ortU=     5.400  ortV=     5.500    drift=0.00e+00  t_eval=2.57e-04  t_dbdsqr=2.58e-05
  ev5_ec4_n63_s3_gm                                n=   189  res=     0.000  ortU=     5.500  ortV=     5.500    drift=0.00e+00  t_eval=1.74e-02  t_dbdsqr=3.49e-04
  ev6_ec1_n8_s3                                    n=     8  res=     0.400  ortU=     5.500  ortV=     5.500    drift=0.00e+00  t_eval=1.13e-05  t_dbdsqr=6.69e-06
  ev6_ec1_n28_s2                                   n=    28  res=     0.100  ortU=     5.500  ortV=     5.500    drift=0.00e+00  t_eval=1.00e-04  t_dbdsqr=2.74e-05
  ev6_ec1_n52_s2_gs                                n=   104  res=     0.000  ortU=     5.500  ortV=     5.500    drift=0.00e+00  t_eval=6.03e-03  t_dbdsqr=1.80e-04
  ev6_ec1_n66_s1_gs                                n=   132  res=     0.000  ortU=     5.500  ortV=     5.500    drift=0.00e+00  t_eval=1.10e-02  t_dbdsqr=2.65e-04
  ev6_ec1_n67_s3_gs                                n=   134  res=     0.000  ortU=     5.500  ortV=     5.500    drift=0.00e+00  t_eval=1.10e-02  t_dbdsqr=2.65e-04
  ev6_ec1_n80_s2_gs                                n=   160  res=     0.000  ortU=     5.500  ortV=     5.500    drift=0.00e+00  t_eval=1.54e-02  t_dbdsqr=4.94e-04
  ev6_ec1_n81_s2_gm                                n=   243  res=     0.000  ortU=     5.500  ortV=     5.500    drift=0.00e+00  t_eval=2.15e-02  t_dbdsqr=1.68e-03
  ev6_ec1_n84_s3                                   n=    84  res=     0.100  ortU=     5.500  ortV=     5.500    drift=0.00e+00  t_eval=7.71e-04  t_dbdsqr=2.06e-04
  ev6_ec1_n100_s2_gs                               n=   200  res=     0.000  ortU=     5.500  ortV=     5.500    drift=0.00e+00  t_eval=2.36e-02  t_dbdsqr=7.65e-04
  ev7_ec1_n16_s2_gm                                n=    48  res=     0.200  ortU=     5.500  ortV=     5.500    drift=0.00e+00  t_eval=8.86e-04  t_dbdsqr=6.56e-06
  ev7_ec1_n92_s0_gm                                n=   276  res=     0.000  ortU=     5.500  ortV=     5.500    drift=0.00e+00  t_eval=3.54e-02  t_dbdsqr=3.92e-04
  ev7_ec1_n92_s1_gm                                n=   276  res=     0.000  ortU=     5.500  ortV=     5.400    drift=0.00e+00  t_eval=3.56e-02  t_dbdsqr=4.75e-04
  ev9_ec1_n8_s0_gs                                 n=    16  res=     0.800  ortU=     5.500  ortV=     5.300    drift=0.00e+00  t_eval=7.38e-05  t_dbdsqr=1.17e-05
  ev9_ec1_n28_s0_gs                                n=    56  res=     0.600  ortU=     5.500  ortV=     5.500    drift=0.00e+00  t_eval=1.17e-03  t_dbdsqr=1.14e-04
  ev9_ec1_n59_s0_gm                                n=   177  res=     0.200  ortU=     5.500  ortV=     5.500    drift=0.00e+00  t_eval=1.29e-02  t_dbdsqr=3.99e-04
  ev9_ec1_n80_s3_gm                                n=   240  res=     0.100  ortU=     5.500  ortV=     5.500    drift=0.00e+00  t_eval=2.30e-02  t_dbdsqr=6.47e-04
  tri2_n22                                         n=    22  res=     0.400  ortU=     5.500  ortV=     5.300    drift=0.00e+00  t_eval=4.33e-05  t_dbdsqr=1.71e-05
  tri5_n78                                         n=    78  res=     0.100  ortU=     5.500  ortV=     5.500    drift=0.00e+00  t_eval=4.25e-04  t_dbdsqr=1.29e-04
  tri5_n82_gs                                      n=   164  res=     0.000  ortU=     5.500  ortV=     5.500    drift=0.00e+00  t_eval=8.56e-03  t_dbdsqr=2.87e-04
  tri6_n95_gm                                      n=   285  res=     0.000  ortU=     5.500  ortV=     5.500    drift=0.00e+00  t_eval=2.46e-02  t_dbdsqr=2.14e-03
  tri7_n47_gm                                      n=   141  res=     0.000  ortU=     5.500  ortV=     5.500    drift=0.00e+00  t_eval=5.75e-03  t_dbdsqr=5.44e-04
  tri7_n56_gm                                      n=   168  res=     0.000  ortU=     5.500  ortV=     5.500    drift=0.00e+00  t_eval=8.73e-03  t_dbdsqr=7.58e-04
  ev1_ec1_n46_s3_gs                                n=    92  res=     0.000  ortU=     5.400  ortV=     5.400    drift=3.35e-16  t_eval=1.30e-04  t_dbdsqr=1.08e-05
  ev2_ec1_n46_s3_gm                                n=   138  res=     0.000  ortU=     5.400  ortV=     5.400    drift=1.88e-16  t_eval=5.44e-04  t_dbdsqr=1.42e-05
  ev2_ec1_n85_s0                                   n=    85  res=     0.100  ortU=     5.400  ortV=     5.400    drift=0.00e+00  t_eval=8.50e-04  t_dbdsqr=8.24e-06
  ev2_ec1_n99_s0_gs                                n=   198  res=     0.200  ortU=     5.400  ortV=     5.400    drift=1.78e-16  t_eval=1.12e-03  t_dbdsqr=1.55e-05
  ev3_ec1_n8_s3_gm                                 n=    24  res=     0.100  ortU=     5.400  ortV=     5.400    drift=0.00e+00  t_eval=2.03e-04  t_dbdsqr=1.88e-05
  ev3_ec1_n10_s3                                   n=    10  res=     0.200  ortU=     5.400  ortV=     5.200    drift=0.00e+00  t_eval=2.10e-05  t_dbdsqr=5.69e-06
  ev3_ec1_n42_s1                                   n=    42  res=     0.200  ortU=     5.300  ortV=     5.400    drift=0.00e+00  t_eval=1.75e-04  t_dbdsqr=3.41e-05
  ev3_ec1_n44_s1                                   n=    44  res=     0.100  ortU=     5.400  ortV=     5.400    drift=0.00e+00  t_eval=1.92e-04  t_dbdsqr=4.01e-05
  ev3_ec1_n46_s2                                   n=    46  res=     0.100  ortU=     5.400  ortV=     5.400    drift=0.00e+00  t_eval=2.03e-04  t_dbdsqr=4.16e-05
  ev3_ec1_n49_s0                                   n=    49  res=     0.100  ortU=     5.400  ortV=     5.400    drift=0.00e+00  t_eval=2.76e-04  t_dbdsqr=8.68e-05
  ev3_ec1_n64_s1                                   n=    64  res=     0.100  ortU=     5.400  ortV=     5.400    drift=0.00e+00  t_eval=3.89e-04  t_dbdsqr=7.68e-05
  ev3_ec4_n20_s0                                   n=    20  res=     0.200  ortU=     5.300  ortV=     5.400    drift=0.00e+00  t_eval=6.22e-05  t_dbdsqr=9.30e-06
  ev3_ec4_n44_s0_gm                                n=   132  res=     0.000  ortU=     5.400  ortV=     5.400    drift=0.00e+00  t_eval=8.19e-03  t_dbdsqr=1.35e-04
  ev3_ec4_n55_s2_gm                                n=   165  res=     0.000  ortU=     5.400  ortV=     5.300    drift=0.00e+00  t_eval=1.32e-02  t_dbdsqr=2.62e-04
  ev3_ec4_n70_s0                                   n=    70  res=     0.200  ortU=     5.400  ortV=     5.400    drift=0.00e+00  t_eval=6.13e-04  t_dbdsqr=5.66e-05
  ev3_ec4_n83_s3_gm                                n=   249  res=     0.000  ortU=     5.400  ortV=     5.400    drift=0.00e+00  t_eval=2.96e-02  t_dbdsqr=3.47e-04
  ev3_ec4_n84_s1                                   n=    84  res=     0.100  ortU=     5.400  ortV=     5.400    drift=0.00e+00  t_eval=8.69e-04  t_dbdsqr=8.18e-05
  ev3_ec4_n94_s0_gs                                n=   188  res=     0.000  ortU=     5.400  ortV=     5.400    drift=0.00e+00  t_eval=2.47e-03  t_dbdsqr=2.59e-04
  ev4_ec1_n24_s2_gs                                n=    48  res=     0.100  ortU=     5.400  ortV=     5.400    drift=0.00e+00  t_eval=9.70e-04  t_dbdsqr=4.33e-05
  ev4_ec1_n39_s3_gm                                n=   117  res=     0.100  ortU=     5.400  ortV=     5.400    drift=0.00e+00  t_eval=3.55e-03  t_dbdsqr=4.45e-04
  ev4_ec1_n45_s0                                   n=    45  res=     0.200  ortU=     5.300  ortV=     5.400    drift=0.00e+00  t_eval=1.73e-04  t_dbdsqr=7.18e-05
  ev4_ec1_n61_s2_gm                                n=   183  res=     0.000  ortU=     5.400  ortV=     5.400    drift=0.00e+00  t_eval=9.90e-03  t_dbdsqr=9.78e-04
  ev4_ec1_n82_s0                                   n=    82  res=     0.200  ortU=     5.400  ortV=     5.400    drift=0.00e+00  t_eval=4.90e-04  t_dbdsqr=1.96e-04
  ev4_ec1_n94_s3                                   n=    94  res=     0.200  ortU=     5.400  ortV=     5.300    drift=0.00e+00  t_eval=6.42e-04  t_dbdsqr=2.52e-04
  ev4_ec1_n98_s1_gm                                n=   294  res=     0.000  ortU=     5.400  ortV=     5.400    drift=0.00e+00  t_eval=3.10e-02  t_dbdsqr=2.37e-03
  ev4_ec4_n9_s1_gs                                 n=    18  res=     0.100  ortU=     5.400  ortV=     5.300    drift=0.00e+00  t_eval=1.18e-04  t_dbdsqr=1.11e-05
  ev4_ec4_n52_s3_gm                                n=   156  res=     0.100  ortU=     5.400  ortV=     5.400    drift=0.00e+00  t_eval=6.78e-03  t_dbdsqr=7.48e-04
  ev4_ec4_n56_s2_gm                                n=   168  res=     0.000  ortU=     5.400  ortV=     5.400    drift=0.00e+00  t_eval=8.20e-03  t_dbdsqr=8.48e-04
  ev4_ec4_n71_s1                                   n=    71  res=     0.200  ortU=     5.400  ortV=     5.300    drift=0.00e+00  t_eval=4.07e-04  t_dbdsqr=1.77e-04
  ev4_ec4_n83_s2_gm                                n=   249  res=     0.000  ortU=     5.400  ortV=     5.400    drift=0.00e+00  t_eval=2.02e-02  t_dbdsqr=1.74e-03
  ev4_ec4_n94_s3_gm                                n=   282  res=     0.000  ortU=     5.400  ortV=     5.400    drift=0.00e+00  t_eval=2.78e-02  t_dbdsqr=2.15e-03
  ev5_ec1_n6_s1_gs                                 n=    12  res=     0.300  ortU=     5.400  ortV=     5.400    drift=0.00e+00  t_eval=8.08e-05  t_dbdsqr=6.13e-06
  ev5_ec1_n34_s2                                   n=    34  res=     0.200  ortU=     5.400  ortV=     5.400    drift=0.00e+00  t_eval=1.26e-04  t_dbdsqr=2.39e-05
  ev5_ec1_n42_s2                                   n=    42  res=     0.100  ortU=     5.400  ortV=     5.400    drift=0.00e+00  t_eval=1.82e-04  t_dbdsqr=3.32e-05
  ev5_ec1_n44_s2                                   n=    44  res=     0.100  ortU=     5.300  ortV=     5.400    drift=0.00e+00  t_eval=1.96e-04  t_dbdsqr=3.97e-05
  ev5_ec1_n97_s3                                   n=    97  res=     0.100  ortU=     5.400  ortV=     5.400    drift=0.00e+00  t_eval=1.15e-03  t_dbdsqr=2.12e-04
  ev5_ec4_n15_s0_gm                                n=    45  res=     0.100  ortU=     5.400  ortV=     5.400    drift=0.00e+00  t_eval=9.88e-04  t_dbdsqr=7.00e-05
  ev5_ec4_n22_s3_gm                                n=    66  res=     0.100  ortU=     5.400  ortV=     5.300    drift=0.00e+00  t_eval=2.08e-03  t_dbdsqr=5.73e-05
  ev5_ec4_n37_s3                                   n=    37  res=     0.200  ortU=     5.400  ortV=     5.400    drift=0.00e+00  t_eval=1.82e-04  t_dbdsqr=1.98e-05
  ev5_ec4_n38_s0_gs                                n=    76  res=     0.100  ortU=     5.400  ortV=     5.400    drift=0.00e+00  t_eval=2.58e-03  t_dbdsqr=4.52e-05
  ev5_ec4_n42_s2_gs                                n=    84  res=     0.200  ortU=     5.400  ortV=     5.400    drift=1.38e-16  t_eval=4.78e-04  t_dbdsqr=4.47e-05
  ev5_ec4_n48_s3                                   n=    48  res=     0.100  ortU=     5.400  ortV=     5.400    drift=0.00e+00  t_eval=3.31e-04  t_dbdsqr=7.05e-05
  ev5_ec4_n56_s2_gs                                n=   112  res=     0.100  ortU=     5.400  ortV=     5.300    drift=0.00e+00  t_eval=5.75e-03  t_dbdsqr=8.17e-05
  ev5_ec4_n63_s2                                   n=    63  res=     0.100  ortU=     5.400  ortV=     5.400    drift=0.00e+00  t_eval=4.84e-04  t_dbdsqr=4.06e-05
  ev5_ec4_n73_s0                                   n=    73  res=     0.100  ortU=     5.300  ortV=     5.400    drift=0.00e+00  t_eval=7.42e-04  t_dbdsqr=4.75e-05
  ev5_ec4_n78_s2                                   n=    78  res=     0.100  ortU=     5.400  ortV=     5.400    drift=0.00e+00  t_eval=7.66e-04  t_dbdsqr=5.61e-05
  ev6_ec1_n16_s0                                   n=    16  res=     0.200  ortU=     5.400  ortV=     5.300    drift=0.00e+00  t_eval=2.61e-05  t_dbdsqr=1.19e-05
  ev6_ec1_n45_s2_gm                                n=   135  res=     0.000  ortU=     5.400  ortV=     5.400    drift=0.00e+00  t_eval=6.68e-03  t_dbdsqr=5.59e-04
  ev6_ec1_n49_s2_gs                                n=    98  res=     0.100  ortU=     5.400  ortV=     5.400    drift=0.00e+00  t_eval=5.68e-03  t_dbdsqr=1.68e-04
  ev6_ec1_n96_s3                                   n=    96  res=     0.100  ortU=     5.400  ortV=     5.300    drift=0.00e+00  t_eval=9.70e-04  t_dbdsqr=2.52e-04
  ev7_ec1_n60_s0_gm                                n=   180  res=     0.100  ortU=     5.400  ortV=     5.400    drift=0.00e+00  t_eval=1.43e-02  t_dbdsqr=3.39e-05
  ev7_ec1_n77_s3_gs                                n=   154  res=     0.000  ortU=     5.400  ortV=     5.400    drift=0.00e+00  t_eval=7.26e-03  t_dbdsqr=4.17e-04
  ev9_ec1_n63_s0_gm                                n=   189  res=     0.000  ortU=     5.400  ortV=     5.400    drift=0.00e+00  t_eval=1.47e-02  t_dbdsqr=1.40e-03
  ev9_ec1_n67_s1_gm                                n=   201  res=     0.100  ortU=     5.400  ortV=     5.400    drift=0.00e+00  t_eval=1.74e-02  t_dbdsqr=1.51e-03
  tri4_n10_gs                                      n=    20  res=     0.200  ortU=     5.300  ortV=     5.400    drift=0.00e+00  t_eval=1.34e-04  t_dbdsqr=1.19e-05
  tri4_n48                                         n=    48  res=     0.300  ortU=     5.400  ortV=     5.300    drift=0.00e+00  t_eval=1.63e-04  t_dbdsqr=6.07e-05
  tri5_n49_gs                                      n=    98  res=     0.000  ortU=     5.400  ortV=     5.400    drift=0.00e+00  t_eval=3.05e-03  t_dbdsqr=1.13e-04
  tri5_n51                                         n=    51  res=     0.300  ortU=     5.400  ortV=     5.400    drift=0.00e+00  t_eval=1.83e-04  t_dbdsqr=6.12e-05
  tri5_n69                                         n=    69  res=     0.200  ortU=     5.400  ortV=     5.400    drift=0.00e+00  t_eval=3.43e-04  t_dbdsqr=1.08e-04
  tri6_n78_gs                                      n=   156  res=     0.000  ortU=     5.400  ortV=     5.400    drift=0.00e+00  t_eval=1.38e-02  t_dbdsqr=5.62e-04
  tri6_n95_gs                                      n=   190  res=     0.000  ortU=     5.400  ortV=     5.400    drift=0.00e+00  t_eval=2.11e-02  t_dbdsqr=8.38e-04
  ev1_ec1_n2_s2_gs                                 n=     4  res=     0.800  ortU=     4.300  ortV=     5.300    drift=0.00e+00  t_eval=1.32e-05  t_dbdsqr=2.69e-06
  ev1_ec1_n45_s3_gs                                n=    90  res=     0.000  ortU=     5.300  ortV=     5.300    drift=8.41e-16  t_eval=1.26e-04  t_dbdsqr=9.88e-06
  ev1_ec1_n47_s0_gs                                n=    94  res=     0.000  ortU=     5.300  ortV=     5.200    drift=4.31e-16  t_eval=1.44e-04  t_dbdsqr=1.01e-05
  ev1_ec4_n26_s0_gs                                n=    52  res=     0.000  ortU=     5.300  ortV=     5.300    drift=0.00e+00  t_eval=6.81e-05  t_dbdsqr=6.65e-06
  ev1_ec4_n54_s0_gs                                n=   108  res=     0.000  ortU=     5.300  ortV=     5.300    drift=9.34e-16  t_eval=1.57e-04  t_dbdsqr=1.23e-05
  ev3_ec1_n18_s3                                   n=    18  res=     0.100  ortU=     5.200  ortV=     5.300    drift=0.00e+00  t_eval=4.30e-05  t_dbdsqr=1.09e-05
  ev3_ec1_n23_s2                                   n=    23  res=     0.100  ortU=     5.200  ortV=     5.300    drift=0.00e+00  t_eval=6.21e-05  t_dbdsqr=1.71e-05
  ev3_ec1_n26_s1                                   n=    26  res=     0.200  ortU=     5.200  ortV=     5.300    drift=0.00e+00  t_eval=7.91e-05  t_dbdsqr=1.75e-05
  ev3_ec1_n39_s3                                   n=    39  res=     0.100  ortU=     5.300  ortV=     5.300    drift=0.00e+00  t_eval=1.52e-04  t_dbdsqr=3.26e-05
  ev3_ec1_n66_s2                                   n=    66  res=     0.100  ortU=     5.300  ortV=     5.300    drift=0.00e+00  t_eval=4.76e-04  t_dbdsqr=1.33e-04
  ev3_ec1_n71_s0                                   n=    71  res=     0.100  ortU=     5.300  ortV=     5.300    drift=0.00e+00  t_eval=5.35e-04  t_dbdsqr=1.44e-04
  ev3_ec1_n95_s2                                   n=    95  res=     0.100  ortU=     5.300  ortV=     5.200    drift=0.00e+00  t_eval=9.32e-04  t_dbdsqr=2.52e-04
  ev3_ec4_n27_s1                                   n=    27  res=     0.100  ortU=     5.300  ortV=     5.200    drift=0.00e+00  t_eval=9.72e-05  t_dbdsqr=1.45e-05
  ev3_ec4_n32_s2                                   n=    32  res=     0.100  ortU=     5.200  ortV=     5.300    drift=0.00e+00  t_eval=1.32e-04  t_dbdsqr=1.83e-05
  ev3_ec4_n34_s2                                   n=    34  res=     0.100  ortU=     5.300  ortV=     5.300    drift=0.00e+00  t_eval=1.52e-04  t_dbdsqr=1.84e-05
  ev3_ec4_n59_s0                                   n=    59  res=     0.000  ortU=     5.300  ortV=     5.300    drift=0.00e+00  t_eval=4.19e-04  t_dbdsqr=4.18e-05
  ev3_ec4_n62_s1                                   n=    62  res=     0.200  ortU=     5.300  ortV=     5.300    drift=0.00e+00  t_eval=4.65e-04  t_dbdsqr=4.71e-05
  ev4_ec1_n9_s2_gs                                 n=    18  res=     0.200  ortU=     5.300  ortV=     5.300    drift=0.00e+00  t_eval=1.16e-04  t_dbdsqr=1.48e-05
  ev4_ec1_n13_s3                                   n=    13  res=     0.700  ortU=     5.300  ortV=     5.300    drift=0.00e+00  t_eval=2.35e-05  t_dbdsqr=1.05e-05
  ev4_ec1_n65_s0                                   n=    65  res=     0.200  ortU=     5.300  ortV=     5.300    drift=0.00e+00  t_eval=3.42e-04  t_dbdsqr=1.44e-04
  ev4_ec1_n76_s3_gm                                n=   228  res=     0.000  ortU=     5.300  ortV=     5.300    drift=0.00e+00  t_eval=1.66e-02  t_dbdsqr=1.48e-03
  ev4_ec4_n60_s2                                   n=    60  res=     0.200  ortU=     5.300  ortV=     5.300    drift=0.00e+00  t_eval=2.97e-04  t_dbdsqr=1.28e-04
  ev4_ec4_n65_s2                                   n=    65  res=     0.200  ortU=     5.200  ortV=     5.300    drift=0.00e+00  t_eval=3.42e-04  t_dbdsqr=1.42e-04
  ev4_ec4_n75_s1_gs                                n=   150  res=     0.000  ortU=     5.300  ortV=     5.300    drift=0.00e+00  t_eval=1.17e-02  t_dbdsqr=3.69e-04
  ev4_ec4_n86_s2_gs                                n=   172  res=     0.000  ortU=     5.200  ortV=     5.300    drift=0.00e+00  t_eval=1.57e-02  t_dbdsqr=4.19e-04
  ev4_ec4_n98_s1                                   n=    98  res=     0.200  ortU=     5.300  ortV=     5.300    drift=0.00e+00  t_eval=7.42e-04  t_dbdsqr=3.06e-04
  ev5_ec1_n18_s1_gm                                n=    54  res=     0.100  ortU=     5.300  ortV=     5.300    drift=0.00e+00  t_eval=1.19e-03  t_dbdsqr=1.19e-04
  ev5_ec1_n27_s1                                   n=    27  res=     0.100  ortU=     5.300  ortV=     5.300    drift=0.00e+00  t_eval=9.77e-05  t_dbdsqr=2.00e-05
  ev5_ec1_n42_s3                                   n=    42  res=     0.100  ortU=     5.300  ortV=     5.300    drift=0.00e+00  t_eval=2.50e-04  t_dbdsqr=6.90e-05
  ev5_ec1_n71_s0                                   n=    71  res=     0.000  ortU=     5.300  ortV=     5.300    drift=0.00e+00  t_eval=5.28e-04  t_dbdsqr=8.35e-05
  ev5_ec1_n93_s3                                   n=    93  res=     0.100  ortU=     5.300  ortV=     5.300    drift=0.00e+00  t_eval=1.02e-03  t_dbdsqr=1.45e-04
  ev5_ec1_n99_s1                                   n=    99  res=     0.100  ortU=     5.300  ortV=     5.300    drift=0.00e+00  t_eval=1.02e-03  t_dbdsqr=1.44e-04
  ev5_ec4_n5_s0_gs                                 n=    10  res=     0.500  ortU=     5.300  ortV=     5.300    drift=0.00e+00  t_eval=5.13e-05  t_dbdsqr=4.89e-06
  ev5_ec4_n51_s3                                   n=    51  res=     0.100  ortU=     5.300  ortV=     5.200    drift=0.00e+00  t_eval=3.04e-04  t_dbdsqr=2.84e-05
  ev5_ec4_n53_s2_gm                                n=   159  res=     0.100  ortU=     5.300  ortV=     5.300    drift=2.63e-16  t_eval=1.43e-03  t_dbdsqr=1.67e-04
  ev5_ec4_n61_s2                                   n=    61  res=     0.100  ortU=     5.200  ortV=     5.300    drift=0.00e+00  t_eval=5.20e-04  t_dbdsqr=3.68e-05
  ev5_ec4_n71_s3_gm                                n=   213  res=     0.000  ortU=     5.300  ortV=     5.300    drift=0.00e+00  t_eval=2.15e-02  t_dbdsqr=2.55e-04
  ev5_ec4_n78_s0_gm                                n=   234  res=     0.000  ortU=     5.300  ortV=     5.300    drift=0.00e+00  t_eval=2.59e-02  t_dbdsqr=2.94e-04
  ev5_ec4_n80_s0                                   n=    80  res=     0.100  ortU=     5.300  ortV=     5.300    drift=0.00e+00  t_eval=8.35e-04  t_dbdsqr=5.82e-05
  ev5_ec4_n90_s2                                   n=    90  res=     0.100  ortU=     5.300  ortV=     5.300    drift=1.15e-15  t_eval=1.19e-03  t_dbdsqr=1.64e-04
  ev6_ec1_n19_s1                                   n=    19  res=     0.200  ortU=     5.300  ortV=     5.300    drift=0.00e+00  t_eval=3.95e-05  t_dbdsqr=1.90e-05
  ev6_ec1_n21_s0_gs                                n=    42  res=     0.100  ortU=     5.300  ortV=     5.300    drift=0.00e+00  t_eval=6.45e-04  t_dbdsqr=3.79e-05
  ev6_ec1_n48_s2_gm                                n=   144  res=     0.000  ortU=     5.300  ortV=     5.300    drift=0.00e+00  t_eval=7.84e-03  t_dbdsqr=6.29e-04
  ev6_ec1_n49_s1_gm                                n=   147  res=     0.000  ortU=     5.300  ortV=     5.200    drift=0.00e+00  t_eval=6.89e-03  t_dbdsqr=6.70e-04
  ev6_ec1_n93_s0_gm                                n=   279  res=     0.000  ortU=     5.300  ortV=     5.300    drift=0.00e+00  t_eval=2.74e-02  t_dbdsqr=2.15e-03
  ev6_ec1_n100_s1_gs                               n=   200  res=     0.000  ortU=     5.300  ortV=     5.300    drift=0.00e+00  t_eval=2.43e-02  t_dbdsqr=5.93e-04
  ev7_ec1_n22_s1_gs                                n=    44  res=     0.100  ortU=     5.300  ortV=     5.300    drift=0.00e+00  t_eval=5.68e-04  t_dbdsqr=2.60e-05
  ev7_ec1_n58_s3_gm                                n=   174  res=     0.000  ortU=     5.300  ortV=     5.300    drift=0.00e+00  t_eval=1.40e-02  t_dbdsqr=3.39e-04
  ev7_ec1_n90_s2_gs                                n=   180  res=     0.000  ortU=     5.300  ortV=     5.300    drift=0.00e+00  t_eval=1.01e-02  t_dbdsqr=5.38e-04
  ev8_ec1_n35_s2_gm                                n=   105  res=     0.100  ortU=     5.200  ortV=     5.300    drift=0.00e+00  t_eval=3.52e-03  t_dbdsqr=4.22e-04
  ev8_ec1_n69_s3_gm                                n=   207  res=     0.000  ortU=     5.300  ortV=     5.300    drift=0.00e+00  t_eval=1.50e-02  t_dbdsqr=1.58e-03
  ev9_ec1_n25_s2_gs                                n=    50  res=     0.600  ortU=     5.300  ortV=     5.300    drift=0.00e+00  t_eval=9.64e-04  t_dbdsqr=9.37e-05
  ev9_ec1_n55_s3_gm                                n=   165  res=     0.100  ortU=     5.200  ortV=     5.300    drift=0.00e+00  t_eval=1.10e-02  t_dbdsqr=1.06e-03
  ev9_ec1_n68_s1_gm                                n=   204  res=     0.100  ortU=     5.300  ortV=     5.300    drift=0.00e+00  t_eval=1.74e-02  t_dbdsqr=1.61e-03
  ev9_ec1_n95_s3_gm                                n=   285  res=     0.100  ortU=     5.300  ortV=     5.300    drift=0.00e+00  t_eval=3.63e-02  t_dbdsqr=2.88e-03
  tri2_n78_gs                                      n=   156  res=     0.200  ortU=     5.300  ortV=     5.300    drift=0.00e+00  t_eval=8.03e-03  t_dbdsqr=5.62e-04
  tri3_n35                                         n=    35  res=     0.100  ortU=     5.300  ortV=     5.300    drift=0.00e+00  t_eval=3.32e-04  t_dbdsqr=5.02e-05
  tri4_n44_gm                                      n=   132  res=     0.000  ortU=     5.300  ortV=     5.300    drift=0.00e+00  t_eval=4.38e-03  t_dbdsqr=4.91e-04
  tri4_n96                                         n=    96  res=     0.100  ortU=     5.300  ortV=     5.300    drift=0.00e+00  t_eval=5.81e-04  t_dbdsqr=1.96e-04
  tri5_n66_gs                                      n=   132  res=     0.000  ortU=     5.300  ortV=     5.300    drift=0.00e+00  t_eval=5.46e-03  t_dbdsqr=1.94e-04
  tri7_n43_gm                                      n=   129  res=     0.100  ortU=     5.300  ortV=     5.300    drift=0.00e+00  t_eval=4.60e-03  t_dbdsqr=4.71e-04
  bid2_n125_s0                                     n=   125  res=     0.100  ortU=     5.300  ortV=     5.300    drift=0.00e+00  t_eval=9.87e-04  t_dbdsqr=3.65e-04
  ev2_ec1_n84_s2                                   n=    84  res=     0.100  ortU=     5.200  ortV=     5.200    drift=2.18e-16  t_eval=5.02e-04  t_dbdsqr=8.21e-06
  ev2_ec1_n90_s0_gs                                n=   180  res=     0.200  ortU=     5.100  ortV=     5.200    drift=3.32e-16  t_eval=8.79e-04  t_dbdsqr=1.27e-05
  ev3_ec1_n5_s3_gm                                 n=    15  res=     0.300  ortU=     5.200  ortV=     5.200    drift=0.00e+00  t_eval=6.69e-05  t_dbdsqr=1.05e-05
  ev3_ec1_n33_s2                                   n=    33  res=     0.100  ortU=     5.200  ortV=     5.200    drift=0.00e+00  t_eval=1.15e-04  t_dbdsqr=2.61e-05
  ev3_ec1_n50_s3                                   n=    50  res=     0.100  ortU=     5.200  ortV=     5.200    drift=0.00e+00  t_eval=2.46e-04  t_dbdsqr=4.86e-05
  ev3_ec1_n55_s2                                   n=    55  res=     0.100  ortU=     5.200  ortV=     5.200    drift=0.00e+00  t_eval=3.30e-04  t_dbdsqr=9.52e-05
  ev3_ec1_n77_s1                                   n=    77  res=     0.100  ortU=     5.200  ortV=     5.200    drift=0.00e+00  t_eval=6.09e-04  t_dbdsqr=1.64e-04
  ev3_ec1_n85_s1                                   n=    85  res=     0.100  ortU=     5.200  ortV=     5.200    drift=0.00e+00  t_eval=7.49e-04  t_dbdsqr=2.01e-04
  ev3_ec4_n7_s2_gs                                 n=    14  res=     0.300  ortU=     5.200  ortV=     4.900    drift=0.00e+00  t_eval=9.62e-05  t_dbdsqr=5.44e-06
  ev3_ec4_n11_s0_gs                                n=    22  res=     0.200  ortU=     5.200  ortV=     4.900    drift=0.00e+00  t_eval=2.33e-04  t_dbdsqr=7.89e-06
  ev3_ec4_n17_s2_gm                                n=    51  res=     0.100  ortU=     5.200  ortV=     5.200    drift=0.00e+00  t_eval=1.23e-03  t_dbdsqr=4.37e-05
  ev4_ec1_n2_s0_gs                                 n=     4  res=     0.800  ortU=     5.200  ortV=     4.200    drift=0.00e+00  t_eval=1.41e-05  t_dbdsqr=2.28e-06
  ev4_ec1_n44_s0                                   n=    44  res=     0.300  ortU=     5.200  ortV=     5.200    drift=0.00e+00  t_eval=1.62e-04  t_dbdsqr=6.98e-05
  ev4_ec1_n82_s0_gm                                n=   246  res=     0.000  ortU=     5.200  ortV=     5.200    drift=0.00e+00  t_eval=1.99e-02  t_dbdsqr=1.69e-03
  ev4_ec1_n86_s0                                   n=    86  res=     0.200  ortU=     5.200  ortV=     5.200    drift=0.00e+00  t_eval=5.63e-04  t_dbdsqr=2.46e-04
  ev4_ec1_n95_s0_gm                                n=   285  res=     0.000  ortU=     5.200  ortV=     5.200    drift=0.00e+00  t_eval=2.83e-02  t_dbdsqr=2.21e-03
  ev4_ec4_n44_s1                                   n=    44  res=     0.200  ortU=     5.200  ortV=     5.100    drift=0.00e+00  t_eval=1.59e-04  t_dbdsqr=6.64e-05
  ev4_ec4_n53_s0_gs                                n=   106  res=     0.000  ortU=     5.200  ortV=     5.200    drift=0.00e+00  t_eval=5.37e-03  t_dbdsqr=1.79e-04
  ev4_ec4_n65_s0_gm                                n=   195  res=     0.000  ortU=     5.200  ortV=     5.200    drift=0.00e+00  t_eval=1.18e-02  t_dbdsqr=1.10e-03
  ev4_ec4_n70_s0                                   n=    70  res=     0.100  ortU=     5.200  ortV=     5.200    drift=0.00e+00  t_eval=3.74e-04  t_dbdsqr=1.52e-04
  ev4_ec4_n88_s0                                   n=    88  res=     0.100  ortU=     5.200  ortV=     5.100    drift=0.00e+00  t_eval=5.69e-04  t_dbdsqr=2.28e-04
  ev5_ec1_n12_s1_gs                                n=    24  res=     0.200  ortU=     5.100  ortV=     5.200    drift=0.00e+00  t_eval=2.77e-04  t_dbdsqr=1.53e-05
  ev5_ec1_n15_s0_gm                                n=    45  res=     0.200  ortU=     5.200  ortV=     5.200    drift=0.00e+00  t_eval=8.63e-04  t_dbdsqr=5.08e-05
  ev5_ec1_n22_s2_gm                                n=    66  res=     0.100  ortU=     5.200  ortV=     5.100    drift=0.00e+00  t_eval=1.80e-03  t_dbdsqr=1.09e-04
  ev5_ec1_n24_s0                                   n=    24  res=     0.100  ortU=     5.100  ortV=     5.200    drift=0.00e+00  t_eval=6.75e-05  t_dbdsqr=1.82e-05
  ev5_ec1_n38_s3                                   n=    38  res=     0.000  ortU=     5.200  ortV=     5.100    drift=0.00e+00  t_eval=2.12e-04  t_dbdsqr=5.61e-05
  ev5_ec1_n55_s2_gs                                n=   110  res=     0.000  ortU=     5.200  ortV=     5.200    drift=0.00e+00  t_eval=6.24e-03  t_dbdsqr=2.44e-04
  ev5_ec1_n66_s3                                   n=    66  res=     0.000  ortU=     5.200  ortV=     5.200    drift=0.00e+00  t_eval=5.50e-04  t_dbdsqr=1.17e-04
  ev5_ec1_n82_s3_gm                                n=   246  res=     0.000  ortU=     5.200  ortV=     5.200    drift=0.00e+00  t_eval=2.85e-02  t_dbdsqr=8.63e-04
  ev5_ec1_n91_s3                                   n=    91  res=     0.000  ortU=     5.200  ortV=     5.200    drift=0.00e+00  t_eval=1.04e-03  t_dbdsqr=2.05e-04
  ev5_ec1_n94_s0                                   n=    94  res=     0.100  ortU=     5.200  ortV=     5.200    drift=0.00e+00  t_eval=9.86e-04  t_dbdsqr=2.06e-04
  ev5_ec4_n18_s3_gm                                n=    54  res=     0.100  ortU=     5.200  ortV=     5.200    drift=0.00e+00  t_eval=1.44e-03  t_dbdsqr=6.12e-05
  ev5_ec4_n51_s2_gs                                n=   102  res=     0.100  ortU=     5.200  ortV=     5.200    drift=0.00e+00  t_eval=4.78e-03  t_dbdsqr=5.77e-05
  ev5_ec4_n79_s0                                   n=    79  res=     0.000  ortU=     5.200  ortV=     5.200    drift=0.00e+00  t_eval=8.27e-04  t_dbdsqr=5.72e-05
  ev5_ec4_n87_s3                                   n=    87  res=     0.100  ortU=     5.200  ortV=     5.200    drift=0.00e+00  t_eval=8.77e-04  t_dbdsqr=7.11e-05
  ev5_ec4_n92_s3_gm                                n=   276  res=     0.000  ortU=     5.100  ortV=     5.200    drift=0.00e+00  t_eval=3.59e-02  t_dbdsqr=3.43e-04
  ev6_ec1_n9_s1                                    n=     9  res=     0.300  ortU=     5.100  ortV=     5.200    drift=0.00e+00  t_eval=1.58e-05  t_dbdsqr=8.00e-06
  ev6_ec1_n45_s2_gs                                n=    90  res=     0.000  ortU=     5.200  ortV=     5.200    drift=0.00e+00  t_eval=4.84e-03  t_dbdsqr=1.94e-04
  ev6_ec1_n48_s3_gm                                n=   144  res=     0.000  ortU=     5.200  ortV=     5.200    drift=0.00e+00  t_eval=7.81e-03  t_dbdsqr=6.21e-04
  ev6_ec1_n85_s1_gm                                n=   255  res=     0.100  ortU=     5.200  ortV=     5.200    drift=0.00e+00  t_eval=2.67e-02  t_dbdsqr=1.86e-03
  ev6_ec1_n87_s0_gs                                n=   174  res=     0.000  ortU=     5.200  ortV=     5.200    drift=0.00e+00  t_eval=1.73e-02  t_dbdsqr=5.68e-04
  ev7_ec1_n25_s2_gm                                n=    75  res=     0.200  ortU=     5.200  ortV=     5.100    drift=0.00e+00  t_eval=2.44e-03  t_dbdsqr=8.92e-06
  ev7_ec1_n39_s3_gm                                n=   117  res=     0.100  ortU=     5.200  ortV=     5.100    drift=0.00e+00  t_eval=5.53e-03  t_dbdsqr=2.02e-04
  ev7_ec1_n47_s1_gm                                n=   141  res=     0.100  ortU=     5.200  ortV=     5.200    drift=0.00e+00  t_eval=8.72e-03  t_dbdsqr=2.15e-05
  ev7_ec1_n48_s3_gm                                n=   144  res=     0.200  ortU=     5.200  ortV=     5.200    drift=0.00e+00  t_eval=9.24e-03  t_dbdsqr=1.56e-05
  ev7_ec1_n52_s0                                   n=    52  res=     0.000  ortU=     5.200  ortV=     5.200    drift=0.00e+00  t_eval=6.32e-04  t_dbdsqr=9.27e-05
  ev7_ec1_n95_s0_gs                                n=   190  res=     0.000  ortU=     5.200  ortV=     5.200    drift=0.00e+00  t_eval=1.19e-02  t_dbdsqr=5.98e-04
  ev9_ec1_n65_s3_gm                                n=   195  res=     0.000  ortU=     5.200  ortV=     5.200    drift=0.00e+00  t_eval=1.58e-02  t_dbdsqr=1.45e-03
  ev9_ec1_n86_s1_gm                                n=   258  res=     0.000  ortU=     5.200  ortV=     5.200    drift=0.00e+00  t_eval=2.79e-02  t_dbdsqr=7.38e-04
  tri3_n36                                         n=    36  res=     0.100  ortU=     5.100  ortV=     5.200    drift=0.00e+00  t_eval=3.28e-04  t_dbdsqr=4.99e-05
  tri4_n56_gm                                      n=   168  res=     0.000  ortU=     5.200  ortV=     5.200    drift=0.00e+00  t_eval=7.83e-03  t_dbdsqr=7.83e-04
  tri5_n56                                         n=    56  res=     0.200  ortU=     5.200  ortV=     5.200    drift=0.00e+00  t_eval=2.34e-04  t_dbdsqr=7.08e-05
  tri5_n64_gs                                      n=   128  res=     0.000  ortU=     5.200  ortV=     5.200    drift=0.00e+00  t_eval=5.30e-03  t_dbdsqr=1.73e-04
  tri6_n70_gs                                      n=   140  res=     0.000  ortU=     5.200  ortV=     5.200    drift=0.00e+00  t_eval=1.11e-02  t_dbdsqr=4.63e-04
  ev3_ec1_n6_s3                                    n=     6  res=     0.200  ortU=     5.100  ortV=     5.000    drift=0.00e+00  t_eval=1.21e-05  t_dbdsqr=5.73e-06
  ev3_ec1_n34_s2_gm                                n=   102  res=     0.100  ortU=     5.100  ortV=     5.100    drift=0.00e+00  t_eval=4.39e-03  t_dbdsqr=2.65e-04
  ev3_ec1_n35_s0_gm                                n=   105  res=     0.100  ortU=     5.100  ortV=     5.100    drift=0.00e+00  t_eval=4.57e-03  t_dbdsqr=2.65e-04
  ev3_ec1_n54_s2                                   n=    54  res=     0.100  ortU=     5.100  ortV=     5.100    drift=0.00e+00  t_eval=2.83e-04  t_dbdsqr=5.56e-05
  ev3_ec1_n99_s3                                   n=    99  res=     0.100  ortU=     5.100  ortV=     5.100    drift=0.00e+00  t_eval=9.98e-04  t_dbdsqr=2.38e-04
  ev3_ec4_n8_s1_gs                                 n=    16  res=     0.400  ortU=     5.000  ortV=     5.100    drift=0.00e+00  t_eval=1.45e-04  t_dbdsqr=2.31e-05
  ev3_ec4_n17_s2_gs                                n=    34  res=     0.100  ortU=     5.100  ortV=     5.100    drift=0.00e+00  t_eval=5.38e-04  t_dbdsqr=1.46e-05
  ev3_ec4_n24_s0_gm                                n=    72  res=     0.100  ortU=     5.100  ortV=     5.100    drift=0.00e+00  t_eval=2.45e-03  t_dbdsqr=6.66e-05
  ev3_ec4_n24_s2_gm                                n=    72  res=     0.100  ortU=     5.100  ortV=     5.100    drift=0.00e+00  t_eval=2.40e-03  t_dbdsqr=6.95e-05
  ev3_ec4_n30_s3_gm                                n=    90  res=     0.000  ortU=     5.100  ortV=     5.000    drift=0.00e+00  t_eval=3.88e-03  t_dbdsqr=8.52e-05
  ev3_ec4_n46_s0                                   n=    46  res=     0.100  ortU=     5.100  ortV=     5.100    drift=0.00e+00  t_eval=2.68e-04  t_dbdsqr=2.82e-05
  ev3_ec4_n66_s3_gm                                n=   198  res=     0.000  ortU=     5.100  ortV=     5.100    drift=0.00e+00  t_eval=1.86e-02  t_dbdsqr=4.19e-04
  ev3_ec4_n67_s2_gm                                n=   201  res=     0.000  ortU=     5.100  ortV=     5.100    drift=0.00e+00  t_eval=1.90e-02  t_dbdsqr=2.53e-04
  ev3_ec4_n69_s0                                   n=    69  res=     0.100  ortU=     5.100  ortV=     5.100    drift=0.00e+00  t_eval=5.90e-04  t_dbdsqr=5.97e-05
  ev3_ec4_n79_s3                                   n=    79  res=     0.100  ortU=     5.100  ortV=     5.100    drift=0.00e+00  t_eval=7.71e-04  t_dbdsqr=7.08e-05
  ev3_ec4_n95_s0                                   n=    95  res=     0.100  ortU=     5.100  ortV=     5.000    drift=0.00e+00  t_eval=1.25e-03  t_dbdsqr=2.20e-04
  ev3_ec4_n99_s3                                   n=    99  res=     0.100  ortU=     5.100  ortV=     5.100    drift=0.00e+00  t_eval=1.35e-03  t_dbdsqr=2.27e-04
  ev4_ec1_n2_s2_gs                                 n=     4  res=     0.900  ortU=     5.100  ortV=     3.600    drift=0.00e+00  t_eval=1.40e-05  t_dbdsqr=2.20e-06
  ev4_ec1_n33_s2                                   n=    33  res=     0.300  ortU=     5.100  ortV=     5.000    drift=0.00e+00  t_eval=1.00e-04  t_dbdsqr=4.48e-05
  ev4_ec1_n44_s3                                   n=    44  res=     0.200  ortU=     5.000  ortV=     5.100    drift=0.00e+00  t_eval=1.62e-04  t_dbdsqr=6.65e-05
  ev4_ec1_n83_s2                                   n=    83  res=     0.100  ortU=     5.100  ortV=     5.000    drift=0.00e+00  t_eval=5.14e-04  t_dbdsqr=2.02e-04
  ev4_ec4_n45_s3_gm                                n=   135  res=     0.100  ortU=     5.100  ortV=     5.100    drift=0.00e+00  t_eval=5.06e-03  t_dbdsqr=5.65e-04
  ev4_ec4_n50_s0                                   n=    50  res=     0.200  ortU=     5.100  ortV=     5.100    drift=0.00e+00  t_eval=2.04e-04  t_dbdsqr=8.74e-05
  ev4_ec4_n57_s3                                   n=    57  res=     0.200  ortU=     5.100  ortV=     5.100    drift=0.00e+00  t_eval=2.74e-04  t_dbdsqr=1.18e-04
  ev4_ec4_n58_s2                                   n=    58  res=     0.200  ortU=     5.100  ortV=     5.100    drift=0.00e+00  t_eval=2.79e-04  t_dbdsqr=1.16e-04
  ev4_ec4_n60_s0_gm                                n=   180  res=     0.000  ortU=     5.100  ortV=     5.100    drift=0.00e+00  t_eval=9.44e-03  t_dbdsqr=9.55e-04
  ev4_ec4_n73_s2                                   n=    73  res=     0.200  ortU=     5.000  ortV=     5.100    drift=0.00e+00  t_eval=4.16e-04  t_dbdsqr=1.81e-04
  ev4_ec4_n73_s3                                   n=    73  res=     0.200  ortU=     5.100  ortV=     5.100    drift=0.00e+00  t_eval=4.15e-04  t_dbdsqr=1.75e-04
  ev5_ec1_n22_s2                                   n=    22  res=     0.200  ortU=     5.100  ortV=     5.100    drift=0.00e+00  t_eval=8.08e-05  t_dbdsqr=2.71e-05
  ev5_ec1_n39_s0                                   n=    39  res=     0.100  ortU=     5.100  ortV=     5.100    drift=0.00e+00  t_eval=1.68e-04  t_dbdsqr=2.95e-05
  ev5_ec1_n65_s3                                   n=    65  res=     0.000  ortU=     5.100  ortV=     5.100    drift=0.00e+00  t_eval=5.47e-04  t_dbdsqr=1.18e-04
  ev5_ec1_n93_s3_gs                                n=   186  res=     0.000  ortU=     5.100  ortV=     5.100    drift=0.00e+00  t_eval=1.65e-02  t_dbdsqr=5.51e-04
  ev5_ec1_n99_s2                                   n=    99  res=     0.100  ortU=     5.100  ortV=     5.100    drift=0.00e+00  t_eval=1.10e-03  t_dbdsqr=2.12e-04
  ev5_ec4_n32_s1_gs                                n=    64  res=     0.100  ortU=     5.100  ortV=     5.100    drift=0.00e+00  t_eval=1.98e-03  t_dbdsqr=8.36e-05
  ev5_ec4_n68_s1_gm                                n=   204  res=     0.000  ortU=     5.100  ortV=     5.100    drift=0.00e+00  t_eval=1.96e-02  t_dbdsqr=2.06e-04
  ev5_ec4_n79_s2                                   n=    79  res=     0.100  ortU=     5.100  ortV=     5.100    drift=0.00e+00  t_eval=8.02e-04  t_dbdsqr=5.63e-05
  ev5_ec4_n83_s1_gm                                n=   249  res=     0.000  ortU=     5.100  ortV=     5.100    drift=0.00e+00  t_eval=2.90e-02  t_dbdsqr=3.54e-04
  ev6_ec1_n21_s1                                   n=    21  res=     0.200  ortU=     5.000  ortV=     5.100    drift=0.00e+00  t_eval=4.49e-05  t_dbdsqr=2.19e-05
  ev6_ec1_n34_s0_gm                                n=   102  res=     0.000  ortU=     5.100  ortV=     5.100    drift=0.00e+00  t_eval=2.63e-03  t_dbdsqr=3.37e-04
  ev6_ec1_n47_s3_gm                                n=   141  res=     0.000  ortU=     5.100  ortV=     5.100    drift=0.00e+00  t_eval=7.07e-03  t_dbdsqr=5.99e-04
  ev6_ec1_n50_s2_gs                                n=   100  res=     0.100  ortU=     5.100  ortV=     5.100    drift=0.00e+00  t_eval=5.88e-03  t_dbdsqr=1.70e-04
  ev6_ec1_n74_s2                                   n=    74  res=     0.100  ortU=     5.100  ortV=     5.000    drift=0.00e+00  t_eval=6.39e-04  t_dbdsqr=1.63e-04
  ev6_ec1_n89_s2                                   n=    89  res=     0.100  ortU=     5.100  ortV=     5.100    drift=0.00e+00  t_eval=9.47e-04  t_dbdsqr=2.26e-04
  ev6_ec1_n99_s3_gm                                n=   297  res=     0.000  ortU=     5.100  ortV=     5.100    drift=0.00e+00  t_eval=3.72e-02  t_dbdsqr=2.60e-03
  ev7_ec1_n26_s2_gm                                n=    78  res=     0.200  ortU=     5.100  ortV=     5.000    drift=0.00e+00  t_eval=2.55e-03  t_dbdsqr=7.59e-06
  ev7_ec1_n42_s0_gs                                n=    84  res=     0.100  ortU=     5.100  ortV=     5.100    drift=0.00e+00  t_eval=2.17e-03  t_dbdsqr=8.66e-05
  ev7_ec1_n49_s2_gs                                n=    98  res=     0.200  ortU=     5.100  ortV=     5.100    drift=0.00e+00  t_eval=2.71e-03  t_dbdsqr=9.32e-06
  ev7_ec1_n58_s2_gm                                n=   174  res=     0.100  ortU=     5.100  ortV=     5.100    drift=0.00e+00  t_eval=1.33e-02  t_dbdsqr=1.24e-04
  ev7_ec1_n66_s3                                   n=    66  res=     0.000  ortU=     5.100  ortV=     5.100    drift=0.00e+00  t_eval=1.09e-03  t_dbdsqr=1.57e-04
  ev7_ec1_n81_s0_gs                                n=   162  res=     0.000  ortU=     5.100  ortV=     5.000    drift=0.00e+00  t_eval=8.19e-03  t_dbdsqr=4.42e-04
  ev9_ec1_n24_s2_gs                                n=    48  res=     0.400  ortU=     5.100  ortV=     5.100    drift=0.00e+00  t_eval=8.75e-04  t_dbdsqr=8.35e-05
  ev9_ec1_n47_s0_gm                                n=   141  res=     0.000  ortU=     5.100  ortV=     5.100    drift=0.00e+00  t_eval=7.97e-03  t_dbdsqr=2.61e-04
  ev9_ec1_n77_s1_gm                                n=   231  res=     0.000  ortU=     5.100  ortV=     5.000    drift=0.00e+00  t_eval=2.21e-02  t_dbdsqr=1.91e-03
  ev9_ec1_n96_s2                                   n=    96  res=     0.100  ortU=     5.100  ortV=     5.100    drift=0.00e+00  t_eval=1.38e-03  t_dbdsqr=2.75e-04
  tri2_n68                                         n=    68  res=     0.200  ortU=     5.100  ortV=     5.100    drift=0.00e+00  t_eval=3.15e-04  t_dbdsqr=9.64e-05
  tri4_n73                                         n=    73  res=     0.100  ortU=     5.100  ortV=     5.100    drift=0.00e+00  t_eval=3.60e-04  t_dbdsqr=1.29e-04
  tri5_n73                                         n=    73  res=     0.100  ortU=     5.100  ortV=     5.100    drift=0.00e+00  t_eval=3.81e-04  t_dbdsqr=1.15e-04
  tri5_n98                                         n=    98  res=     0.100  ortU=     5.100  ortV=     5.100    drift=0.00e+00  t_eval=6.48e-04  t_dbdsqr=1.95e-04
  tri7_n82_gm                                      n=   246  res=     0.000  ortU=     5.100  ortV=     5.100    drift=0.00e+00  t_eval=1.97e-02  t_dbdsqr=1.47e-03
  tri7_n89_gm                                      n=   267  res=     0.000  ortU=     5.100  ortV=     5.100    drift=0.00e+00  t_eval=2.42e-02  t_dbdsqr=1.76e-03

