name,n,res,ortU,ortV,sv_drift,t_eval,t_dbdsqr,ratio,reps_eval,reps_ref,status,note
ev1_ec1_n10_s1,10,0.2,0.4,0.3,1.22e-16,1.312e-05,2.842e-06,4.616467276565799,30,30,PASS,
ev1_ec1_n18_s2_gs,36,0.0,0.1,0.1,2.14e-16,2.837e-05,7.003e-06,4.051120948165073,30,30,PASS,
ev1_ec1_n26_s3_gm,78,0.0,0.4,0.4,4.73e-16,8.799e-05,8.239e-06,10.679694137638062,30,30,PASS,
ev1_ec1_n35_s1,35,0.1,0.4,0.2,4.3e-16,3.034e-05,6.114e-06,4.962381419692509,30,30,PASS,
ev1_ec1_n43_s2_gs,86,0.0,0.5,0.5,4.83e-16,9.802e-05,1.212e-05,8.087458745874589,30,30,PASS,
ev1_ec1_n51_s3_gm,153,0.0,0.9,0.9,1.89e-16,0.0004196,1.652e-05,25.39951573849879,30,30,PASS,
ev1_ec1_n60_s1,60,0.0,0.1,0.1,5.04e-16,5.099e-05,8.387e-06,6.0796470728508405,30,30,PASS,
ev1_ec1_n68_s2_gs,136,0.0,1.5,1.4,1.4e-16,0.0002273,1.472e-05,15.441576086956522,30,30,PASS,
ev1_ec1_n76_s3_gm,228,0.0,0.8,0.8,4.15e-16,0.0007036,2.135e-05,32.95550351288056,30,30,PASS,
ev1_ec1_n85_s1,85,0.0,0.2,0.1,5.22e-16,8.482e-05,7.647e-06,11.091931476395974,30,30,PASS,
ev1_ec1_n93_s2_gs,186,0.0,1.7,1.8,5.89e-16,0.0005828,1.63e-05,35.75460122699386,30,30,PASS,
ev1_ec4_n2_s3_gm,6,0.1,0.4,0.4,0.0,2.069e-05,6.804e-06,3.0408583186360962,30,30,PASS,
ev1_ec4_n11_s1,11,0.1,0.2,0.2,1.23e-16,7.161e-06,4.163e-06,1.7201537352870526,30,30,PASS,
ev1_ec4_n19_s2_gs,38,0.1,0.3,0.4,8.32e-16,2.95e-05,8.944e-06,3.2983005366726297,30,30,PASS,
ev1_ec4_n27_s3_gm,81,0.0,0.1,0.1,1.62e-16,8.489e-05,1.07e-05,7.933644859813084,30,30,PASS,
ev1_ec4_n36_s1,36,0.0,0.1,0.2,1.4e-16,2.434e-05,3.883e-06,6.268349214524852,30,30,PASS,
ev1_ec4_n44_s2_gs,88,0.0,0.4,0.4,0.0,9.344e-05,9.34e-06,10.004282655246252,30,30,PASS,
ev1_ec4_n52_s3_gm,156,0.0,0.4,0.4,1.98e-16,0.0002666,1.362e-05,19.574155653450806,30,30,PASS,
ev1_ec4_n61_s1,61,0.0,0.1,0.1,0.0,4.566e-05,5.716e-06,7.988103568929321,30,30,PASS,
ev1_ec4_n69_s2_gs,138,0.0,0.1,0.1,3.08e-16,0.0002408,1.151e-05,20.920938314509122,30,30,PASS,
ev1_ec4_n77_s3_gm,231,0.0,1.3,1.3,4.33e-16,0.000474,1.705e-05,27.800586510263926,30,30,PASS,
ev1_ec4_n86_s1,86,0.0,0.7,0.7,0.0,7.336e-05,7.015e-06,10.457590876692802,30,30,PASS,
ev1_ec4_n94_s2_gs,188,0.0,2.8,2.8,8.31e-16,0.0004072,1.508e-05,27.0026525198939,30,30,PASS,
ev2_ec1_n3_s3_gm,9,0.4,0.9,1.1,0.0,4.074e-05,3.55e-06,11.476056338028169,30,30,PASS,
ev2_ec1_n12_s1,12,0.3,1.0,1.0,0.0,1.497e-05,2.845e-06,5.261862917398946,30,30,PASS,
ev2_ec1_n20_s2_gs,40,0.2,0.4,0.4,0.0,0.0001182,3.97e-06,29.77329974811083,30,30,PASS,
ev2_ec1_n28_s3_gm,84,0.1,1.1,1.1,2.74e-16,0.0002351,7.475e-06,31.451505016722408,30,30,PASS,
ev2_ec1_n37_s1,37,0.1,2.6,2.6,0.0,9.183e-05,5.025e-06,18.27462686567164,30,30,PASS,
ev2_ec1_n45_s2_gs,90,0.2,0.9,0.9,0.0,0.0004421,7.265e-06,60.85340674466621,30,30,PASS,
ev2_ec1_n53_s3_gm,159,0.0,2.7,2.7,2.17e-16,0.0009364,1.412e-05,66.3172804532578,30,30,PASS,
ev2_ec1_n62_s1,62,0.1,1.5,1.5,1.57e-16,0.000232,6.035e-06,38.44241922120961,30,30,PASS,
ev2_ec1_n70_s2_gs,140,0.2,1.1,1.1,2.11e-16,0.0007084,9.734e-06,72.77583727141976,30,30,PASS,
ev2_ec1_n78_s3_gm,234,0.0,0.6,0.6,1.67e-16,0.001079,1.794e-05,60.14492753623188,30,30,PASS,
ev2_ec1_n87_s1,87,0.1,0.3,0.3,2.17e-16,0.0004429,8.219e-06,53.88733422557488,30,30,PASS,
ev2_ec1_n95_s2_gs,190,0.2,1.5,1.5,2.19e-16,0.003285,1.447e-05,227.0214236351071,30,30,PASS,
ev2_ec4_n4_s3_gm,12,0.3,0.4,0.3,0.0,1.601e-05,3.539e-06,4.523876801356316,30,30,PASS,
ev2_ec4_n13_s1,13,0.3,1.1,1.0,3.63e-16,1.77e-05,2.623e-06,6.747998475028593,30,30,PASS,
ev2_ec4_n21_s2_gs,42,0.2,0.5,0.5,2.1e-16,0.0001229,4.045e-06,30.3831891223733,30,30,PASS,
ev2_ec4_n29_s3_gm,87,0.1,0.6,0.6,2.03e-16,0.0001659,7.944e-06,20.883685800604226,30,30,PASS,
ev2_ec4_n38_s1,38,0.1,3.7,3.7,2.14e-16,0.0001597,5.362e-06,29.783662812383444,30,30,PASS,
ev2_ec4_n46_s2_gs,92,0.2,0.4,0.4,2.13e-16,0.0003901,7.415e-06,52.60957518543493,30,30,PASS,
ev2_ec4_n54_s3_gm,162,0.0,3.3,3.3,2.3e-16,0.00119,1.366e-05,87.11566617862373,30,30,PASS,
ev2_ec4_n63_s1,63,0.1,1.0,1.0,2.16e-16,0.000159,6.571e-06,24.19723025414701,30,30,PASS,
ev2_ec4_n71_s2_gs,142,0.2,0.9,0.9,0.0,0.0008514,1.164e-05,73.14432989690721,30,30,PASS,
ev2_ec4_n79_s3_gm,237,0.0,0.7,0.7,2.2e-16,0.00194,1.745e-05,111.17478510028654,30,30,PASS,
ev2_ec4_n88_s1,88,0.1,1.4,1.4,2.16e-16,0.0005936,8.133e-06,72.98659781138572,30,30,PASS,
ev2_ec4_n96_s2_gs,192,0.2,1.0,1.0,2.17e-16,0.001021,1.483e-05,68.84693189480782,30,30,PASS,
ev3_ec1_n5_s3_gm,15,0.3,5.2,5.2,0.0,6.692e-05,1.048e-05,6.385496183206107,30,30,FAIL,
ev3_ec1_n14_s1,14,0.2,2.9,2.9,0.0,3.209e-05,7.84e-06,4.093112244897959,30,30,PASS,
ev3_ec1_n22_s2_gs,44,0.1,0.8,0.7,0.0,0.001053,5.145e-05,20.466472303206995,30,30,PASS,
ev3_ec1_n30_s3_gm,90,0.0,4.6,4.6,0.0,0.003332,0.0002123,15.694771549693828,30,30,PASS,
ev3_ec1_n39_s1,39,0.1,10.5,10.6,0.0,0.0001555,3.223e-05,4.824697486813528,30,30,FAIL,
ev3_ec1_n47_s2_gs,94,0.1,1.2,1.2,0.0,0.004751,0.0002498,19.01921537229784,30,30,PASS,
ev3_ec1_n55_s3_gm,165,0.0,0.6,0.6,0.0,0.01203,0.0005841,20.59578839239856,17,30,PASS,
ev3_ec1_n64_s1,64,0.1,5.4,5.4,0.0,0.0003895,7.677e-05,5.073596456949329,30,30,FAIL,
ev3_ec1_n72_s2_gs,144,0.0,0.9,0.9,0.0,0.01087,0.0004261,25.51044355785027,19,30,PASS,
ev3_ec1_n80_s3_gm,240,0.0,0.3,0.3,0.0,0.0258,0.001117,23.097582811101166,8,30,PASS,
ev3_ec1_n89_s1,89,0.1,3.8,3.8,0.0,0.0007297,0.0001341,5.441461595824012,30,30,PASS,
ev3_ec1_n97_s2_gs,194,0.0,0.6,0.6,0.0,0.01953,0.0006848,28.51927570093458,11,30,PASS,
ev3_ec4_n6_s3_gm,18,0.3,6.4,6.3,0.0,0.0001503,2.225e-05,6.755056179775281,30,30,FAIL,
ev3_ec4_n15_s1,15,0.4,6.7,6.7,0.0,4.2e-05,6.441e-06,6.520726595249185,30,30,FAIL,
ev3_ec4_n23_s2_gs,46,0.1,2.1,2.1,0.0,0.001019,3.253e-05,31.324930833077154,30,30,PASS,
ev3_ec4_n31_s3_gm,93,0.1,3.5,3.4,0.0,0.004054,9.319e-05,43.50252172979934,30,30,PASS,
ev3_ec4_n40_s1,40,0.1,1.3,1.3,0.0,0.0002047,2.334e-05,8.770351328191945,30,30,PASS,
ev3_ec4_n48_s2_gs,96,0.1,1.1,1.1,0.0,0.00431,8.756e-05,49.22338967565098,30,30,PASS,
ev3_ec4_n56_s3_gm,168,0.0,2.1,2.2,0.0,0.01327,0.0001819,72.95217152281474,15,30,PASS,
ev3_ec4_n65_s1,65,0.1,3.0,3.0,0.0,0.0005134,5.279e-05,9.725326766433037,30,30,PASS,
ev3_ec4_n73_s2_gs,146,0.0,0.7,0.7,0.0,0.009986,0.0002537,39.36145053212456,20,30,PASS,
ev3_ec4_n81_s3_gm,243,0.0,9.7,9.7,0.0,0.0284,0.000345,82.31884057971016,8,30,FAIL,
ev3_ec4_n90_s1,90,0.1,4.7,4.7,0.0,0.001075,0.0001868,5.754817987152035,30,30,PASS,
ev3_ec4_n98_s2_gs,196,0.0,1.0,1.0,0.0,0.01786,0.0004033,44.284651624101166,12,30,PASS,
ev4_ec1_n7_s3_gm,21,0.1,0.2,0.2,0.0,0.0001158,2.101e-05,5.511661113755355,30,30,PASS,
ev4_ec1_n16_s1,16,0.2,2.3,2.3,0.0,2.992e-05,1.344e-05,2.2261904761904763,30,30,PASS,
ev4_ec1_n24_s2_gs,48,0.1,5.4,5.4,0.0,0.0009698,4.334e-05,22.376557452699586,30,30,FAIL,
ev4_ec1_n32_s3_gm,96,0.0,2.4,2.4,0.0,0.002306,0.0003015,7.648424543946931,30,30,PASS,
ev4_ec1_n41_s1,41,0.2,2.9,2.9,0.0,0.0001372,5.351e-05,2.564006727714446,30,30,PASS,
ev4_ec1_n49_s2_gs,98,0.0,11.2,11.2,0.0,0.004713,0.0001512,31.170634920634924,30,30,FAIL,
ev4_ec1_n57_s3_gm,171,0.0,5.0,5.0,0.0,0.00848,0.0008942,9.483337061060165,24,30,PASS,
ev4_ec1_n66_s1,66,0.1,4.4,4.5,0.0,0.0003321,0.0001336,2.4857784431137726,30,30,PASS,
ev4_ec1_n74_s2_gs,148,0.0,26.1,26.1,0.0,0.01123,0.0003262,34.42673206621704,18,30,FAIL,
ev4_ec1_n82_s3_gm,246,0.0,6.0,6.0,0.0,0.02103,0.001729,12.1631000578369,10,30,FAIL,
ev4_ec1_n91_s1,91,0.1,3.5,3.5,0.0,0.0005966,0.0002322,2.569336778639104,30,30,PASS,
ev4_ec1_n99_s2_gs,198,0.0,26.1,26.2,0.0,0.0223,0.001122,19.875222816399287,9,30,FAIL,
ev4_ec4_n8_s3_gm,24,0.1,0.3,0.3,0.0,0.0001412,2.536e-05,5.56782334384858,30,30,PASS,
ev4_ec4_n17_s1,17,0.2,1.7,1.7,0.0,3.001e-05,1.383e-05,2.169920462762111,30,30,PASS,
ev4_ec4_n25_s2_gs,50,0.1,31.0,31.0,0.0,0.0009686,4.706e-05,20.5822354441139,30,30,FAIL,
ev4_ec4_n33_s3_gm,99,0.0,0.7,0.7,0.0,0.002479,0.0003258,7.608962553713934,30,30,PASS,
ev4_ec4_n42_s1,42,0.1,1.8,1.8,0.0,0.0001383,5.415e-05,2.554016620498615,30,30,PASS,
ev4_ec4_n50_s2_gs,100,0.0,23.3,23.3,0.0,0.004745,0.0001507,31.48639681486397,30,30,FAIL,
ev4_ec4_n58_s3_gm,174,0.0,2.5,2.5,0.0,0.009185,0.0009172,10.014173571740079,22,30,PASS,
ev4_ec4_n67_s1,67,0.2,4.5,4.5,0.0,0.0003589,0.0001545,2.3229773462783174,30,30,PASS,
ev4_ec4_n75_s2_gs,150,0.0,39.2,39.2,0.0,0.01202,0.0003314,36.27036813518407,17,30,FAIL,
ev4_ec4_n83_s3_gm,249,0.1,12.4,12.4,0.0,0.02063,0.001725,11.959420289855071,10,30,FAIL,
ev4_ec4_n92_s1,92,0.1,2.3,2.3,0.0,0.0006206,0.0002405,2.5804573804573807,30,30,PASS,
ev4_ec4_n100_s2_gs,200,0.1,43.2,43.2,0.0,0.02306,0.001201,19.20066611157369,9,30,FAIL,
ev5_ec1_n9_s3_gm,27,0.1,2.8,2.8,0.0,0.0002199,2.574e-05,8.543123543123542,30,30,PASS,
ev5_ec1_n18_s1,18,0.1,0.4,0.3,0.0,4.87e-05,1.156e-05,4.21280276816609,30,30,PASS,
ev5_ec1_n26_s2_gs,52,0.1,2.4,2.4,0.0,0.001535,5.577e-05,27.523758292989058,30,30,PASS,
ev5_ec1_n34_s3_gm,102,0.1,1.9,1.9,0.0,0.004483,0.0002827,15.857799787760879,30,30,PASS,
ev5_ec1_n43_s1,43,0.1,4.0,4.0,0.0,0.0002351,6.396e-05,3.6757348342714193,30,30,PASS,
ev5_ec1_n51_s2_gs,102,0.1,0.7,0.7,0.0,0.005381,0.0001665,32.31831831831832,30,30,PASS,
ev5_ec1_n59_s3_gm,177,0.1,1.2,1.2,0.0,0.01347,0.0006367,21.15596042092037,15,30,PASS,
ev5_ec1_n68_s1,68,0.1,9.4,9.4,0.0,0.0004628,7.248e-05,6.385209713024283,30,30,FAIL,
ev5_ec1_n76_s2_gs,152,0.0,0.9,0.9,0.0,0.01219,0.0004318,28.23066234367763,17,30,PASS,
ev5_ec1_n84_s3_gm,252,0.0,243.3,243.3,0.0,0.02947,0.001061,27.77568331762488,7,30,FAIL,
ev5_ec1_n93_s1,93,0.1,4.2,4.2,0.0,0.0009403,0.0001957,4.804803270311702,30,30,PASS,
ev5_ec4_n2_s2_gs,4,0.4,0.7,0.6,0.0,4.315e-06,1.78e-06,2.424157303370787,30,30,PASS,
ev5_ec4_n10_s3_gm,30,0.1,6.9,7.0,0.0,0.0004469,2.564e-05,17.429797191887676,30,30,FAIL,
ev5_ec4_n19_s1,19,0.1,0.3,0.3,0.0,5.202e-05,1.057e-05,4.921475875118259,30,30,PASS,
ev5_ec4_n27_s2_gs,54,0.1,0.4,0.4,0.0,0.00139,2.62e-05,53.05343511450381,30,30,PASS,
ev5_ec4_n35_s3_gm,105,0.1,2.4,2.4,0.0,0.0006278,9.594e-05,6.543673129038982,30,30,PASS,
ev5_ec4_n44_s1,44,0.1,0.7,0.7,0.0,0.0002663,7.543e-05,3.5304255601219676,30,30,PASS,
ev5_ec4_n52_s2_gs,104,0.0,3.6,3.6,1.08e-15,0.0006772,5.677e-05,11.928835652633433,30,30,PASS,
ev5_ec4_n60_s3_gm,180,0.0,3.0,3.0,0.0,0.001797,0.0001965,9.145038167938932,30,30,PASS,
ev5_ec4_n69_s1,69,0.1,5.7,5.7,0.0,0.0005288,4.994e-05,10.588706447737284,30,30,FAIL,
ev5_ec4_n77_s2_gs,154,0.1,0.6,0.6,0.0,0.01101,0.00024,45.875,19,30,PASS,
ev5_ec4_n85_s3_gm,255,0.0,2.1,2.1,5.99e-16,0.003669,0.0003381,10.851818988464952,30,30,PASS,
ev5_ec4_n94_s1,94,0.1,2.8,2.8,0.0,0.0009704,9.345e-05,10.384162653825575,30,30,PASS,
ev6_ec1_n3_s2_gs,6,0.6,2.2,2.0,0.0,1.934e-05,3.652e-06,5.295728368017525,30,30,PASS,
ev6_ec1_n11_s3_gm,33,0.0,0.6,0.6,0.0,0.0002619,4.182e-05,6.2625538020086085,30,30,PASS,
ev6_ec1_n20_s1,20,0.2,2.7,2.6,0.0,4.2e-05,2.205e-05,1.9047619047619047,30,30,PASS,
ev6_ec1_n28_s2_gs,56,0.1,14.6,14.6,0.0,0.001802,5.447e-05,33.08243069579585,30,30,FAIL,
ev6_ec1_n36_s3_gm,108,0.0,28.9,28.9,0.0,0.003898,0.0003779,10.314898121196084,30,30,FAIL,
ev6_ec1_n45_s1,45,0.3,8.8,8.8,0.0,0.0002228,9.073e-05,2.4556376060839855,30,30,FAIL,
ev6_ec1_n53_s2_gs,106,0.1,32.9,32.9,0.0,0.006422,0.0001787,35.93732512590934,30,30,FAIL,
ev6_ec1_n61_s3_gm,183,0.1,13.6,13.6,0.0,0.01397,0.0009835,14.2043721403152,15,30,FAIL,
ev6_ec1_n70_s1,70,0.2,14.6,14.6,0.0,0.0005554,0.0002242,2.477252453166815,30,30,FAIL,
ev6_ec1_n78_s2_gs,156,0.0,3.3,3.3,0.0,0.01455,0.0003482,41.78632969557726,14,30,PASS,
ev6_ec1_n86_s3_gm,258,0.0,9.3,9.3,0.0,0.02832,0.001906,14.85834207764953,8,30,FAIL,
ev6_ec1_n95_s1,95,0.2,11.0,11.0,0.0,0.001133,0.0003311,3.421926910299003,30,30,FAIL,
ev7_ec1_n4_s2_gs,8,0.5,0.5,0.5,0.0,1.576e-05,1.881e-06,8.37852206273259,30,30,PASS,
ev7_ec1_n12_s3_gm,36,0.1,104.2,104.1,0.0,0.0005315,5.965e-06,89.10310142497904,30,30,FAIL,
ev7_ec1_n21_s1,21,0.5,0.7,0.6,0.0,0.0001211,3.088e-06,39.21632124352332,30,30,PASS,
ev7_ec1_n29_s2_gs,58,0.2,2.2,2.3,0.0,0.0009539,8.368e-06,113.99378585086042,30,30,PASS,
ev7_ec1_n37_s3_gm,111,0.2,8.6,8.6,0.0,0.005213,1.006e-05,518.1908548707753,30,30,FAIL,
ev7_ec1_n46_s1,46,0.5,1.0,1.0,0.0,0.0005263,4.815e-06,109.30425752855662,30,30,PASS,
ev7_ec1_n54_s2_gs,108,0.1,2.9,2.9,0.0,0.003523,9.918e-05,35.521274450494055,30,30,PASS,
ev7_ec1_n62_s3_gm,186,0.0,26.9,26.9,0.0,0.01578,0.0001962,80.42813455657492,13,30,FAIL,
ev7_ec1_n71_s1,71,0.0,1.6,1.6,0.0,0.001251,0.000172,7.2732558139534875,30,30,PASS,
ev7_ec1_n79_s2_gs,158,0.1,1.2,1.2,0.0,0.007733,0.0001504,51.41622340425532,26,30,PASS,
ev7_ec1_n87_s3_gm,261,0.0,4.1,4.1,0.0,0.03168,0.0007064,44.84711211778029,7,30,PASS,
ev7_ec1_n96_s1,96,0.1,3.1,3.1,0.0,0.002426,0.0002182,11.118240146654447,30,30,PASS,
ev8_ec1_n5_s2_gs,10,0.3,1.1,1.1,0.0,5.778e-05,5.033e-06,11.480230478839658,30,30,PASS,
ev8_ec1_n13_s3_gm,39,0.1,7.6,7.5,0.0,0.0004208,6.454e-05,6.519987604586302,30,30,FAIL,
ev8_ec1_n22_s1,22,0.1,6.7,6.7,0.0,8.348e-05,2.115e-05,3.947044917257683,30,30,FAIL,
ev8_ec1_n30_s2_gs,60,0.1,0.5,0.5,0.0,0.001783,6.443e-05,27.673444047803816,30,30,PASS,
ev8_ec1_n38_s3_gm,114,0.0,29.2,29.2,0.0,0.004058,0.000519,7.81888246628131,30,30,FAIL,
ev8_ec1_n47_s1,47,0.1,0.5,0.5,0.0,0.0003037,7.395e-05,4.106828938471941,30,30,PASS,
ev8_ec1_n55_s2_gs,110,0.0,6.6,6.6,0.0,0.005807,0.0001879,30.904736562001066,30,30,FAIL,
ev8_ec1_n63_s3_gm,189,0.0,3.8,3.8,0.0,0.01261,0.001314,9.596651445966513,16,30,PASS,
ev8_ec1_n72_s1,72,0.0,0.4,0.4,0.0,0.0007002,0.0001635,4.28256880733945,30,30,PASS,
ev8_ec1_n80_s2_gs,160,0.0,0.6,0.6,0.0,0.01207,0.0003724,32.41138560687433,17,30,PASS,
ev8_ec1_n88_s3_gm,264,0.1,14.4,14.4,0.0,0.02523,0.002449,10.302164148632095,8,30,FAIL,
ev8_ec1_n97_s1,97,0.0,0.5,0.5,0.0,0.001203,0.0002635,4.565464895635674,30,30,PASS,
ev9_ec1_n6_s2_gs,12,0.3,16.8,16.8,0.0,4.918e-05,8.775e-06,5.6045584045584045,30,30,FAIL,
ev9_ec1_n14_s3_gm,42,0.1,2.1,2.0,0.0,0.0005245,8.92e-05,5.880044843049327,30,30,PASS,
ev9_ec1_n23_s1,23,0.1,0.4,0.4,0.0,9.186e-05,2.047e-05,4.487542745481193,30,30,PASS,
ev9_ec1_n31_s2_gs,62,0.3,0.4,0.4,0.0,0.001624,0.0001445,11.238754325259517,30,30,PASS,
ev9_ec1_n39_s3_gm,117,0.1,15.3,15.3,0.0,0.005336,0.0002026,26.337611056268507,30,30,FAIL,
ev9_ec1_n48_s1,48,0.2,0.9,0.9,0.0,0.0003568,7.54e-05,4.73209549071618,30,30,PASS,
ev9_ec1_n56_s2_gs,112,0.2,0.4,0.4,0.0,0.005112,0.0004095,12.483516483516485,30,30,PASS,
ev9_ec1_n64_s3_gm,192,0.0,7.2,7.2,0.0,0.01492,0.001387,10.757029560201874,14,30,FAIL,
ev9_ec1_n73_s1,73,0.2,0.4,0.4,0.0,0.0008383,0.0001733,4.837276399307559,30,30,PASS,
ev9_ec1_n81_s2_gs,162,0.2,0.4,0.4,0.0,0.0107,0.0008108,13.196842624568328,19,30,PASS,
ev9_ec1_n89_s3_gm,267,0.0,295.2,295.2,0.0,0.03114,0.002528,12.318037974683545,7,30,FAIL,
ev9_ec1_n98_s1,98,0.0,2.3,2.3,0.0,0.001453,0.0002946,4.932111337406654,30,30,PASS,
tri2_n24_gs,48,0.2,2.9,3.0,0.0,0.000732,3.723e-05,19.661563255439162,30,30,PASS,
tri2_n57_gm,171,189301.9,1178197.1,1178197.1,0.0,0.007345,0.0008188,8.970444553004397,27,30,FAIL,
tri2_n91,91,0.2,9.4,9.4,0.0,0.0005443,0.0001594,3.4146800501882053,30,30,FAIL,
tri3_n25_gs,50,0.2,16.4,16.4,0.0,0.001215,5.214e-05,23.302646720368237,30,30,FAIL,
tri3_n58_gm,174,0.0,1.4,1.4,8.39e-16,0.002981,0.0003555,8.385372714486639,30,30,PASS,
tri3_n92,92,0.1,0.7,0.8,0.0,0.002423,0.0002445,9.91002044989775,30,30,PASS,
tri4_n26_gs,52,0.1,8.9,8.9,0.0,0.00106,4.497e-05,23.571269735379143,30,30,FAIL,
tri4_n59_gm,177,16843.3,167712.5,167712.5,0.0,0.009395,0.0008716,10.779027076640661,22,30,FAIL,
tri4_n93,93,0.1,3.4,3.4,0.0,0.0005665,0.0001942,2.9170957775489184,30,30,PASS,
tri5_n27_gs,54,0.1,3.8,3.8,0.0,0.0009329,4.684e-05,19.91673783091375,30,30,PASS,
tri5_n60_gm,180,0.0,0.2,0.2,0.0,0.007459,0.0008855,8.423489553924338,27,30,PASS,
tri5_n94,94,0.2,3.7,3.7,0.0,0.0006053,0.0001802,3.3590455049944508,30,30,PASS,
tri6_n28_gs,56,0.1,4.9,4.9,0.0,0.001556,8.43e-05,18.457888493475682,30,30,PASS,
tri6_n61_gm,183,0.1,0.3,0.3,0.0,0.009752,0.0009237,10.557540326945979,21,30,PASS,
tri6_n95,95,0.2,4.0,3.9,0.0,0.0005316,0.0001719,3.092495636998255,30,30,PASS,
tri7_n29_gs,58,0.0,7.2,7.1,0.0,0.00143,5.233e-05,27.32658131091152,30,30,FAIL,
tri7_n62_gm,186,0.0,1.0,1.0,0.0,0.01035,0.0008697,11.900655398413244,20,30,PASS,
tri7_n96,96,0.1,3.5,3.5,0.0,0.0005385,0.0001755,3.068376068376068,30,30,PASS,
ev2_ec1_n35_s0_gm,105,0.048,42891425022576.16,42891425022576.16,2.73e-16,0.000242,1.05e-05,23.047619047619047,-1,-1,FAIL,
ev5_ec4_n64_s2_gm,192,0.06,23456248059221.332,23456248059221.332,4.79e-16,0.00215,0.000216,9.953703703703704,-1,-1,FAIL,
ev2_ec1_n75_s2_gm,225,0.027,20015998343868.87,20015998343868.87,2.14e-16,0.000948,1.72e-05,55.11627906976744,-1,-1,FAIL,
ev2_ec4_n87_s1_gm,261,0.022,17255170986093.854,17255170986093.854,2.11e-16,0.00159,1.82e-05,87.36263736263737,-1,-1,FAIL,
ev5_ec4_n88_s3_gm,264,0.033,17059089497615.516,17059089497615.516,7.15e-16,0.00369,0.000282,13.085106382978722,-1,-1,FAIL,
ev2_ec4_n92_s3_gm,276,0.024,16317389954240.928,16317389954240.928,2.06e-16,0.00223,1.9e-05,117.36842105263159,-1,-1,FAIL,
ev5_ec4_n95_s2_gm,285,0.037,15802103955685.951,15802103955685.951,4.78e-16,0.00516,0.000585,8.82051282051282,-1,-1,FAIL,
tri2_n65_gm,195,1227521.5,10250275.0,10250275.0,0.0,0.00957,0.00102,9.382352941176471,-1,-1,FAIL,
tri2_n23_gm,69,1152187.8,8881489.0,8881489.0,0.0,0.0012,0.000154,7.792207792207791,-1,-1,FAIL,
tri2_n37_gm,111,582800.4,4501593.4,4501593.4,0.0,0.00309,0.000368,8.396739130434781,-1,-1,FAIL,
tri4_n3_gm,9,2181912.8,4302882.5,4302882.5,0.0,2.47e-05,6.4e-06,3.8593750000000004,-1,-1,FAIL,
tri3_n11_gm,33,51049.2,2662081.6,2662081.6,0.0,0.000265,3.83e-05,6.91906005221932,-1,-1,FAIL,
tri2_n27_gm,81,148209.1,2389896.6,2389896.6,0.0,0.00165,0.000207,7.971014492753624,-1,-1,FAIL,
tri2_n13_gm,39,426900.8,2103201.2,2103201.2,0.0,0.000383,5.01e-05,7.644710578842315,-1,-1,FAIL,
tri4_n9_gm,27,535957.5,2097090.2,2097090.1,0.0,0.000186,2.76e-05,6.739130434782608,-1,-1,FAIL,
tri2_n17_gm,51,204396.1,1976991.6,1976991.7,0.0,0.000671,8.69e-05,7.7215189873417724,-1,-1,FAIL,
tri2_n73_gm,219,283486.9,1953888.7,1953888.7,0.0,0.0121,0.00129,9.37984496124031,-1,-1,FAIL,
tri2_n9_gm,27,530018.5,1914613.5,1914613.6,0.0,0.000194,2.79e-05,6.953405017921146,-1,-1,FAIL,
tri2_n25_gm,75,506370.7,1913008.9,1913008.9,0.0,0.00143,0.000179,7.988826815642459,-1,-1,FAIL,
tri2_n55_gm,165,250892.9,1854959.9,1854959.9,0.0,0.00691,0.000753,9.176626826029217,-1,-1,FAIL,
tri3_n7_gm,21,265052.0,1810128.4,1810128.4,0.0,0.000115,2e-05,5.75,-1,-1,FAIL,
tri2_n35_gm,105,360997.1,1749321.4,1749321.4,0.0,0.00279,0.000332,8.403614457831326,-1,-1,FAIL,
tri4_n55_gm,165,115138.6,1394510.5,1394510.5,0.0,0.00789,0.000722,10.92797783933518,-1,-1,FAIL,
tri4_n19_gm,57,179897.7,1389433.9,1389433.9,0.0,0.000832,0.00011,7.563636363636363,-1,-1,FAIL,
tri4_n57_gm,171,16060.2,1353507.0,1353507.0,0.0,0.00856,0.000806,10.620347394540943,-1,-1,FAIL,
tri2_n3_gm,9,704023.8,1303023.6,1303023.5,0.0,2.61e-05,6.72e-06,3.8839285714285716,-1,-1,FAIL,
tri2_n93_gm,279,164068.6,1283675.0,1283675.0,0.0,0.0198,0.00201,9.850746268656717,-1,-1,FAIL,
tri4_n43_gm,129,101395.8,1254089.7,1254089.6,0.0,0.00446,0.00047,9.489361702127662,-1,-1,FAIL,
tri2_n33_gm,99,248618.6,1205946.8,1205946.8,0.0,0.00247,0.000301,8.205980066445182,-1,-1,FAIL,
tri3_n9_gm,27,15455.3,1185122.0,1185122.0,0.0,0.000189,2.74e-05,6.897810218978103,-1,-1,FAIL,
tri2_n29_gm,87,290569.7,1143023.7,1143023.7,0.0,0.00191,0.000234,8.162393162393162,-1,-1,FAIL,
tri2_n7_gm,21,396563.9,1131407.5,1131407.5,0.0,0.000116,1.96e-05,5.918367346938776,-1,-1,FAIL,
tri2_n61_gm,183,51586.0,1036943.9,1036943.9,0.0,0.00851,0.000906,9.392935982339957,-1,-1,FAIL,
tri4_n35_gm,105,139676.9,1031690.2,1031690.2,0.0,0.00291,0.000335,8.686567164179104,-1,-1,FAIL,
tri4_n41_gm,123,123907.5,1013186.4,1013186.4,0.0,0.00404,0.000425,9.505882352941178,-1,-1,FAIL,
tri4_n21_gm,63,61482.0,967603.2,967603.2,0.0,0.00102,0.000132,7.7272727272727275,-1,-1,FAIL,
tri2_n21_gm,63,199625.1,948161.0,948161.1,0.0,0.000981,0.000122,8.040983606557377,-1,-1,FAIL,
tri3_n5_gm,15,179325.7,946835.7,946835.7,0.0,6.13e-05,1.26e-05,4.865079365079366,-1,-1,FAIL,
tri2_n95_gm,285,112684.4,902044.4,902044.4,0.0,0.0206,0.00209,9.856459330143542,-1,-1,FAIL,
tri2_n53_gm,159,154218.9,873614.0,873614.0,0.0,0.0064,0.000716,8.93854748603352,-1,-1,FAIL,
tri2_n45_gm,135,160046.6,844889.4,844889.4,0.0,0.00458,0.000532,8.609022556390977,-1,-1,FAIL,
tri2_n31_gm,93,197314.4,833954.1,833954.1,0.0,0.00216,0.000265,8.150943396226415,-1,-1,FAIL,
tri2_n19_gm,57,162942.7,811948.7,811948.8,0.0,0.00083,0.00011,7.545454545454545,-1,-1,FAIL,
tri2_n47_gm,141,108100.4,775860.2,775860.2,0.0,0.00511,0.000564,9.060283687943262,-1,-1,FAIL,
tri2_n51_gm,153,67681.7,752789.8,752789.7,0.0,0.00589,0.000652,9.033742331288344,-1,-1,FAIL,
tri2_n77_gm,231,107711.1,744989.3,744989.3,0.0,0.0136,0.00142,9.577464788732394,-1,-1,FAIL,
tri4_n31_gm,93,82237.6,741669.3,741669.3,0.0,0.00226,0.000262,8.62595419847328,-1,-1,FAIL,
tri2_n67_gm,201,112468.5,732959.0,732959.0,0.0,0.0101,0.00109,9.266055045871559,-1,-1,FAIL,
tri2_n69_gm,207,109497.5,711620.4,711620.4,0.0,0.011,0.00116,9.482758620689655,-1,-1,FAIL,
tri2_n89_gm,267,92174.1,694563.6,694563.6,0.0,0.0179,0.00186,9.623655913978494,-1,-1,FAIL,
tri2_n5_gm,15,337143.8,651724.8,651724.8,0.0,6.21e-05,1.2e-05,5.175000000000001,-1,-1,FAIL,
tri4_n95_gm,285,51132.0,643607.9,643607.9,0.0,0.0283,0.00202,14.009900990099009,-1,-1,FAIL,
tri4_n33_gm,99,90355.4,626418.7,626418.7,0.0,0.00255,0.000302,8.443708609271523,-1,-1,FAIL,
tri2_n41_gm,123,61132.7,579453.3,579453.3,0.0,0.0038,0.000451,8.425720620842572,-1,-1,FAIL,
tri4_n85_gm,255,47690.2,578162.1,578162.1,0.0,0.0218,0.0016,13.625,-1,-1,FAIL,
tri3_n13_gm,39,12381.1,577884.9,577884.9,0.0,0.000379,5.4e-05,7.018518518518519,-1,-1,FAIL,
tri2_n75_gm,225,55305.6,562537.7,562537.7,0.0,0.013,0.00135,9.629629629629628,-1,-1,FAIL,
tri4_n99_gm,297,13506.5,557750.4,557750.4,0.0,0.031,0.00215,14.418604651162791,-1,-1,FAIL,
tri4_n15_gm,45,26911.3,551537.1,551537.1,0.0,0.000508,6.83e-05,7.437774524158125,-1,-1,FAIL,
tri2_n15_gm,45,154530.1,543543.7,543543.7,0.0,0.000511,6.45e-05,7.922480620155039,-1,-1,FAIL,
tri4_n83_gm,249,48091.6,540687.4,540687.5,0.0,0.0208,0.00156,13.333333333333332,-1,-1,FAIL,
tri2_n85_gm,255,37873.0,536796.7,536796.7,0.0,0.0165,0.00171,9.649122807017545,-1,-1,FAIL,
tri2_n79_gm,237,45565.9,532934.1,532934.2,0.0,0.0143,0.00148,9.662162162162163,-1,-1,FAIL,
tri2_n43_gm,129,98426.1,530489.2,530489.2,0.0,0.00418,0.000487,8.583162217659137,-1,-1,FAIL,
tri4_n47_gm,141,45444.6,502030.6,502030.6,0.0,0.00549,0.000556,9.874100719424462,-1,-1,FAIL,
tri4_n29_gm,87,47122.0,481981.4,481981.4,0.0,0.00195,0.000236,8.26271186440678,-1,-1,FAIL,
tri2_n97_gm,291,53796.0,480432.3,480432.3,0.0,0.0217,0.00217,10.0,-1,-1,FAIL,
tri2_n91_gm,273,40741.1,474474.8,474474.7,0.0,0.0188,0.00195,9.641025641025642,-1,-1,FAIL,
tri2_n11_gm,33,110050.6,463975.1,463975.1,0.0,0.000276,3.69e-05,7.479674796747966,-1,-1,FAIL,
tri4_n69_gm,207,36908.8,458305.7,458305.7,0.0,0.0134,0.00111,12.072072072072071,-1,-1,FAIL,
tri4_n73_gm,219,42302.2,447296.7,447296.7,0.0,0.0153,0.00124,12.338709677419354,-1,-1,FAIL,
tri4_n75_gm,225,41001.0,444311.0,444311.0,0.0,0.0165,0.00134,12.313432835820896,-1,-1,FAIL,
tri3_n15_gm,45,225.1,442619.9,442619.9,0.0,0.000513,6.77e-05,7.577548005908419,-1,-1,FAIL,
tri2_n99_gm,297,53333.1,440065.4,440065.4,0.0,0.0225,0.00222,10.135135135135133,-1,-1,FAIL,
tri2_n87_gm,261,52631.2,422558.3,422558.3,0.0,0.0173,0.00175,9.885714285714284,-1,-1,FAIL,
tri4_n27_gm,81,59782.2,415619.6,415619.6,0.0,0.00171,0.000208,8.221153846153847,-1,-1,FAIL,
tri4_n23_gm,69,42401.3,409232.8,409232.8,0.0,0.00122,0.000156,7.82051282051282,-1,-1,FAIL,
tri4_n37_gm,111,55049.9,407528.7,407528.7,0.0,0.00323,0.000365,8.849315068493151,-1,-1,FAIL,
tri2_n59_gm,177,43994.4,384899.3,384899.3,0.0,0.00798,0.00087,9.172413793103447,-1,-1,FAIL,
tri2_n39_gm,117,36848.0,376921.6,376921.6,0.0,0.00344,0.000411,8.369829683698295,-1,-1,FAIL,
tri4_n77_gm,231,34556.2,369298.8,369298.8,0.0,0.0174,0.00137,12.700729927007298,-1,-1,FAIL,
tri2_n81_gm,243,43446.7,365345.9,365345.9,0.0,0.015,0.00152,9.868421052631579,-1,-1,FAIL,
tri4_n45_gm,135,20312.3,344045.2,344045.2,0.0,0.00498,0.00051,9.76470588235294,-1,-1,FAIL,
tri2_n63_gm,189,51725.2,338577.8,338577.8,0.0,0.00912,0.000964,9.46058091286307,-1,-1,FAIL,
tri4_n93_gm,279,22628.3,308785.3,308785.3,0.0,0.0267,0.00193,13.83419689119171,-1,-1,FAIL,
tri2_n49_gm,147,51911.7,307438.2,307438.2,0.0,0.0055,0.00062,8.870967741935484,-1,-1,FAIL,
tri4_n5_gm,15,82273.4,305131.8,305131.7,0.0,6.21e-05,1.22e-05,5.09016393442623,-1,-1,FAIL,
tri4_n13_gm,39,25018.3,303785.2,303785.2,0.0,0.000392,5.15e-05,7.611650485436893,-1,-1,FAIL,
tri2_n83_gm,249,33846.9,301340.5,301340.5,0.0,0.0157,0.00163,9.631901840490798,-1,-1,FAIL,
tri4_n65_gm,195,9055.0,291189.0,291189.0,0.0,0.0118,0.000993,11.88318227593152,-1,-1,FAIL,
tri2_n71_gm,213,41371.2,276926.0,276926.0,0.0,0.0115,0.00123,9.34959349593496,-1,-1,FAIL,
tri4_n39_gm,117,20859.6,255783.6,255783.6,0.0,0.00361,0.000391,9.232736572890024,-1,-1,FAIL,
tri4_n17_gm,51,45261.0,228669.4,228669.4,0.0,0.000638,8.48e-05,7.523584905660377,-1,-1,FAIL,
tri4_n63_gm,189,17043.3,225976.7,225976.7,0.0,0.0109,0.000964,11.307053941908714,-1,-1,FAIL,
tri4_n97_gm,291,12286.2,225435.0,225435.0,0.0,0.03,0.00205,14.634146341463413,-1,-1,FAIL,
tri4_n91_gm,273,17160.1,218238.4,218238.4,0.0,0.0259,0.00183,14.153005464480874,-1,-1,FAIL,
tri4_n25_gm,75,24583.6,217786.6,217786.6,0.0,0.00148,0.000187,7.914438502673797,-1,-1,FAIL,
tri4_n81_gm,243,19652.7,213094.4,213094.4,0.0,0.0196,0.00153,12.81045751633987,-1,-1,FAIL,
tri3_n3_gm,9,10618.3,198409.3,198409.3,0.0,2.59e-05,5.98e-06,4.331103678929765,-1,-1,FAIL,
tri4_n11_gm,33,51394.4,193106.8,193106.8,0.0,0.000274,3.88e-05,7.061855670103093,-1,-1,FAIL,
tri4_n67_gm,201,17700.1,180129.5,180129.5,0.0,0.0125,0.00104,12.019230769230772,-1,-1,FAIL,
tri4_n7_gm,21,78239.5,176034.9,176034.9,0.0,0.000119,2.06e-05,5.776699029126214,-1,-1,FAIL,
tri4_n89_gm,267,9521.6,175601.9,175601.9,0.0,0.0243,0.00176,13.80681818181818,-1,-1,FAIL,
tri4_n87_gm,261,12400.1,159433.4,159433.3,0.0,0.0232,0.00169,13.727810650887573,-1,-1,FAIL,
tri4_n79_gm,237,9095.0,132600.1,132600.1,0.0,0.0186,0.00142,13.098591549295774,-1,-1,FAIL,
tri4_n51_gm,153,4103.5,131312.3,131312.3,0.0,0.00671,0.000653,10.275650842266462,-1,-1,FAIL,
tri4_n61_gm,183,11156.4,110556.0,110556.0,0.0,0.0102,0.000884,11.538461538461538,-1,-1,FAIL,
tri4_n53_gm,159,9191.3,83748.1,83748.1,0.0,0.00728,0.000687,10.596797671033478,-1,-1,FAIL,
tri4_n49_gm,147,5929.6,83185.7,83185.7,0.0,0.00606,0.000607,9.9835255354201,-1,-1,FAIL,
tri4_n71_gm,213,2899.7,48405.2,48405.2,0.0,0.0143,0.0012,11.916666666666668,-1,-1,FAIL,
tri3_n17_gm,51,81.8,39049.5,39049.5,0.0,0.000698,9.02e-05,7.738359201773837,-1,-1,FAIL,
ev3_ec1_n14_s2_gm,42,0.1,23100.3,23100.4,0.0,0.000676,4.32e-05,15.648148148148147,-1,-1,FAIL,
ev3_ec1_n14_s1_gm,42,0.1,22134.5,22134.5,0.0,0.00068,6.28e-05,10.828025477707008,-1,-1,FAIL,
ev3_ec1_n11_s2_gm,33,0.1,19399.7,19399.7,0.0,0.000422,3.33e-05,12.672672672672672,-1,-1,FAIL,
ev5_ec1_n94_s3_gm,282,0.0,12285.7,12285.7,0.0,0.038,0.00114,33.333333333333336,-1,-1,FAIL,
ev8_ec1_n95_s1_gm,285,0.1,10133.2,10133.2,0.0,0.0323,0.00299,10.802675585284282,-1,-1,FAIL,
ev5_ec1_n24_s1_gm,72,0.1,7976.0,7976.0,0.0,0.00216,0.000189,11.428571428571427,-1,-1,FAIL,
ev8_ec1_n59_s2_gm,177,0.0,7015.6,7015.5,0.0,0.0114,0.00117,9.743589743589745,-1,-1,FAIL,
ev9_ec1_n42_s2_gm,126,0.0,6904.9,6904.9,0.0,0.00611,0.000669,9.133034379671152,-1,-1,FAIL,
ev5_ec1_n58_s2_gm,174,0.0,6672.2,6672.2,0.0,0.0136,0.000464,29.310344827586206,-1,-1,FAIL,
ev5_ec1_n27_s3_gm,81,0.0,5981.1,5981.1,0.0,0.00278,0.000144,19.305555555555554,-1,-1,FAIL,
ev3_ec1_n91_s2_gm,273,0.0,5971.3,5971.3,0.0,0.0343,0.00137,25.036496350364963,-1,-1,FAIL,
ev3_ec1_n12_s2_gm,36,0.2,5861.0,5861.2,0.0,0.000509,5.27e-05,9.658444022770398,-1,-1,FAIL,
ev3_ec1_n16_s0_gm,48,0.1,5853.3,5853.3,0.0,0.000935,8.05e-05,11.614906832298136,-1,-1,FAIL,
ev3_ec1_n9_s3_gm,27,0.2,4747.5,4747.5,0.0,0.000263,1.86e-05,14.139784946236558,-1,-1,FAIL,
ev3_ec1_n94_s0_gm,282,0.0,4656.0,4656.0,0.0,0.0364,0.00145,25.10344827586207,-1,-1,FAIL,
ev8_ec1_n80_s2_gm,240,0.0,4466.8,4466.8,0.0,0.0217,0.00216,10.046296296296296,-1,-1,FAIL,
ev8_ec1_n78_s2_gm,234,0.0,4200.5,4200.5,0.0,0.0195,0.00198,9.848484848484848,-1,-1,FAIL,
ev5_ec1_n52_s2_gm,156,0.0,4022.6,4022.6,0.0,0.0105,0.000325,32.307692307692314,-1,-1,FAIL,
ev3_ec1_n89_s2_gm,267,0.0,3554.6,3554.6,0.0,0.0332,0.00134,24.776119402985074,-1,-1,FAIL,
ev3_ec1_n17_s3_gm,51,0.1,3528.5,3528.5,0.0,0.00107,8.79e-05,12.17292377701934,-1,-1,FAIL,
ev5_ec1_n22_s1_gm,66,0.1,3305.3,3305.3,0.0,0.00173,0.000173,10.0,-1,-1,FAIL,
ev3_ec1_n15_s1_gm,45,0.1,3273.0,3272.9,0.0,0.000782,7.57e-05,10.330250990752972,-1,-1,FAIL,
ev9_ec1_n26_s0_gm,78,0.1,2837.8,2837.8,0.0,0.00244,0.000273,8.937728937728936,-1,-1,FAIL,
ev3_ec1_n11_s0_gm,33,0.1,2747.6,2747.7,0.0,0.000402,3.09e-05,13.009708737864079,-1,-1,FAIL,
ev8_ec1_n80_s1_gm,240,0.0,2611.9,2611.9,0.0,0.0213,0.00209,10.191387559808613,-1,-1,FAIL,
ev3_ec1_n17_s0_gm,51,0.1,2468.4,2468.4,0.0,0.00102,8.37e-05,12.186379928315413,-1,-1,FAIL,
ev3_ec1_n10_s0_gm,30,0.1,2257.9,2258.0,0.0,0.000318,2.36e-05,13.47457627118644,-1,-1,FAIL,
tri3_n19_gm,57,10.9,2173.7,2173.7,0.0,0.000926,0.000114,8.12280701754386,-1,-1,FAIL,
ev8_ec1_n76_s0_gm,228,0.0,2116.6,2116.7,0.0,0.0182,0.00185,9.837837837837839,-1,-1,FAIL,
ev8_ec1_n47_s3_gm,141,0.0,1855.4,1855.4,0.0,0.00656,0.000729,8.998628257887516,-1,-1,FAIL,
ev8_ec1_n100_s3_gm,300,0.0,1698.0,1698.0,0.0,0.0338,0.00308,10.974025974025974,-1,-1,FAIL,
ev5_ec1_n100_s0_gs,200,0.0,1664.8,1664.8,0.0,0.0195,0.000568,34.33098591549295,-1,-1,FAIL,
ev8_ec1_n46_s0_gm,138,0.0,1652.5,1652.4,0.0,0.00651,0.000728,8.942307692307692,-1,-1,FAIL,
ev8_ec1_n64_s3_gm,192,0.1,1607.4,1607.4,0.0,0.0129,0.00132,9.772727272727273,-1,-1,FAIL,
ev3_ec1_n22_s1_gm,66,0.1,1591.9,1592.0,0.0,0.0018,0.00012,15.0,-1,-1,FAIL,
ev5_ec1_n15_s2_gm,45,0.1,1591.9,1592.0,0.0,0.000845,5.39e-05,15.677179962894249,-1,-1,FAIL,
ev3_ec1_n31_s2_gm,93,0.0,1537.1,1537.1,0.0,0.00355,0.000214,16.588785046728972,-1,-1,FAIL,
ev3_ec1_n33_s2_gm,99,0.0,1484.8,1484.8,0.0,0.00408,0.000243,16.790123456790123,-1,-1,FAIL,
ev9_ec1_n38_s2_gm,114,0.0,1440.0,1440.0,0.0,0.00522,0.000189,27.619047619047617,-1,-1,FAIL,
ev5_ec1_n35_s1_gm,105,0.0,1439.8,1439.8,0.0,0.00433,0.000301,14.385382059800664,-1,-1,FAIL,
ev5_ec1_n98_s3_gm,294,0.0,1363.7,1363.7,0.0,0.0397,0.0013,30.53846153846154,-1,-1,FAIL,
ev8_ec1_n93_s1_gm,279,0.0,1353.3,1353.3,0.0,0.0297,0.00267,11.123595505617978,-1,-1,FAIL,
ev9_ec1_n34_s0_gm,102,0.1,1338.7,1338.8,0.0,0.00425,0.00016,26.5625,-1,-1,FAIL,
ev5_ec1_n18_s3_gm,54,0.1,1338.0,1338.0,0.0,0.00107,8.4e-05,12.738095238095239,-1,-1,FAIL,
ev8_ec1_n98_s0_gm,294,0.0,1291.6,1291.6,0.0,0.0329,0.00308,10.681818181818182,-1,-1,FAIL,
ev3_ec4_n52_s2_gm,156,0.0,1266.0,1266.0,0.0,0.0115,0.00018,63.888888888888886,-1,-1,FAIL,
ev9_ec1_n86_s2_gm,258,0.1,1263.2,1263.2,0.0,0.0283,0.00237,11.940928270042193,-1,-1,FAIL,
ev8_ec1_n92_s3_gm,276,0.0,1233.7,1233.7,0.0,0.0278,0.00264,10.53030303030303,-1,-1,FAIL,
ev3_ec1_n10_s3_gm,30,0.1,1196.3,1196.3,0.0,0.000372,3.11e-05,11.961414790996786,-1,-1,FAIL,
ev5_ec1_n71_s2_gm,213,0.0,1195.0,1195.0,0.0,0.0205,0.000581,35.28399311531842,-1,-1,FAIL,
ev5_ec1_n11_s2_gm,33,0.1,1183.5,1183.5,0.0,0.000439,2.75e-05,15.963636363636363,-1,-1,FAIL,
ev5_ec4_n97_s2_gm,291,0.0,1132.7,1132.7,0.0,0.0411,0.000407,100.98280098280097,-1,-1,FAIL,
ev8_ec1_n41_s3_gm,123,0.1,1129.9,1129.9,0.0,0.00488,0.00054,9.037037037037036,-1,-1,FAIL,
ev5_ec1_n100_s3_gm,300,0.0,1100.9,1100.9,0.0,0.0414,0.00133,31.12781954887218,-1,-1,FAIL,
ev8_ec1_n51_s3_gm,153,0.0,1076.6,1076.6,0.0,0.0074,0.000845,8.757396449704142,-1,-1,FAIL,
ev5_ec4_n41_s0_gm,123,0.0,1038.5,1038.5,0.0,0.00668,0.000179,37.31843575418995,-1,-1,FAIL,
ev3_ec1_n10_s1_gm,30,0.2,1035.0,1035.0,0.0,0.000327,2.67e-05,12.247191011235955,-1,-1,FAIL,
ev3_ec4_n27_s1_gm,81,0.0,1033.1,1033.1,0.0,0.00316,7.68e-05,41.145833333333336,-1,-1,FAIL,
ev3_ec1_n93_s2_gm,279,0.0,995.9,995.9,0.0,0.0364,0.00145,25.10344827586207,-1,-1,FAIL,
ev9_ec1_n30_s2_gm,90,0.5,967.9,967.9,0.0,0.00369,0.000261,14.13793103448276,-1,-1,FAIL,
tri3_n21_gm,63,0.9,967.0,967.0,0.0,0.00123,0.000128,9.609375,-1,-1,FAIL,
ev5_ec1_n28_s1_gm,84,0.0,914.2,914.2,0.0,0.00267,0.000205,13.02439024390244,-1,-1,FAIL,
ev5_ec1_n15_s1_gm,45,0.1,883.3,883.3,0.0,0.000653,5.85e-05,11.162393162393164,-1,-1,FAIL,
ev5_ec1_n12_s0_gm,36,0.2,866.5,866.5,0.0,0.000517,2.92e-05,17.705479452054792,-1,-1,FAIL,
ev5_ec1_n14_s2_gm,42,0.2,862.3,862.4,0.0,0.000723,4.34e-05,16.65898617511521,-1,-1,FAIL,
ev8_ec1_n63_s1_gm,189,0.1,857.0,857.0,0.0,0.0124,0.0013,9.538461538461538,-1,-1,FAIL,
ev8_ec1_n92_s2_gm,276,0.0,814.7,814.7,0.0,0.0289,0.0027,10.703703703703702,-1,-1,FAIL,
ev5_ec1_n25_s3_gm,75,0.1,790.6,790.6,0.0,0.00232,0.000127,18.26771653543307,-1,-1,FAIL,
ev5_ec1_n16_s0_gm,48,0.1,723.7,723.7,0.0,0.000917,4.34e-05,21.129032258064516,-1,-1,FAIL,
ev3_ec1_n21_s3_gm,63,0.1,701.0,701.0,0.0,0.00164,0.000119,13.781512605042016,-1,-1,FAIL,
ev8_ec1_n65_s1_gm,195,0.0,669.1,669.1,0.0,0.0129,0.00137,9.416058394160585,-1,-1,FAIL,
ev5_ec1_n97_s1_gm,291,0.1,651.2,651.2,0.0,0.0394,0.00132,29.848484848484848,-1,-1,FAIL,
ev3_ec1_n12_s1_gm,36,0.1,639.7,639.6,0.0,0.00048,3.19e-05,15.047021943573666,-1,-1,FAIL,
ev8_ec1_n80_s3_gm,240,0.1,637.2,637.2,0.0,0.0205,0.00208,9.855769230769232,-1,-1,FAIL,
ev3_ec1_n24_s0_gm,72,0.1,631.5,631.5,0.0,0.00212,0.00015,14.133333333333335,-1,-1,FAIL,
ev3_ec1_n29_s0_gm,87,0.0,597.8,597.8,0.0,0.00314,0.000208,15.096153846153847,-1,-1,FAIL,
ev9_ec1_n28_s2_gm,84,0.1,588.6,588.6,0.0,0.00249,0.000316,7.879746835443038,-1,-1,FAIL,
ev8_ec1_n87_s0_gm,261,0.1,540.9,540.9,0.0,0.0244,0.00237,10.29535864978903,-1,-1,FAIL,
ev3_ec1_n14_s0_gm,42,0.1,534.3,534.3,0.0,0.000696,3.72e-05,18.709677419354836,-1,-1,FAIL,
ev5_ec1_n24_s2_gm,72,0.1,525.0,525.0,0.0,0.00228,0.000126,18.095238095238095,-1,-1,FAIL,
ev5_ec1_n26_s3_gm,78,0.1,513.2,513.2,0.0,0.00249,0.000155,16.06451612903226,-1,-1,FAIL,
ev9_ec1_n22_s2_gm,66,0.1,501.4,501.5,0.0,0.00144,0.000196,7.346938775510205,-1,-1,FAIL,
ev8_ec1_n74_s0_gm,222,0.1,501.0,501.0,0.0,0.0174,0.00176,9.886363636363635,-1,-1,FAIL,
ev8_ec1_n68_s2_gm,204,0.1,499.6,499.6,0.0,0.0157,0.0016,9.812499999999998,-1,-1,FAIL,
ev5_ec1_n13_s0_gm,39,0.1,494.7,494.7,0.0,0.000619,3.02e-05,20.496688741721854,-1,-1,FAIL,
ev8_ec1_n41_s2_gm,123,0.1,435.2,435.2,0.0,0.00472,0.000602,7.840531561461795,-1,-1,FAIL,
ev8_ec1_n35_s1_gm,105,0.1,430.9,430.9,0.0,0.00339,0.000435,7.793103448275861,-1,-1,FAIL,
ev3_ec1_n30_s2_gm,90,0.1,422.5,422.5,0.0,0.00346,0.000218,15.871559633027521,-1,-1,FAIL,
ev5_ec4_n5_s1_gm,15,0.2,414.9,414.9,0.0,8.19e-05,1.9e-05,4.310526315789473,-1,-1,FAIL,
ev5_ec1_n69_s1_gm,207,0.1,413.5,413.5,0.0,0.0197,0.000662,29.758308157099695,-1,-1,FAIL,
ev7_ec1_n74_s2_gm,222,0.0,413.4,413.4,0.0,0.0225,0.000559,40.25044722719141,-1,-1,FAIL,
ev8_ec1_n49_s2_gm,147,0.0,409.0,409.0,0.0,0.00719,0.000783,9.18263090676884,-1,-1,FAIL,
ev3_ec1_n7_s2_gm,21,0.2,405.1,405.0,0.0,0.000156,1.66e-05,9.397590361445783,-1,-1,FAIL,
ev8_ec1_n87_s3_gm,261,0.0,404.5,404.4,0.0,0.0258,0.00255,10.117647058823529,-1,-1,FAIL,
ev8_ec1_n49_s1_gm,147,0.0,399.6,399.6,0.0,0.00726,0.000808,8.985148514851485,-1,-1,FAIL,
ev5_ec1_n62_s2_gm,186,0.0,390.3,390.3,0.0,0.0157,0.000544,28.860294117647058,-1,-1,FAIL,
ev5_ec1_n51_s1_gm,153,0.0,385.2,385.3,0.0,0.0105,0.00049,21.42857142857143,-1,-1,FAIL,
ev3_ec1_n63_s3_gm,189,0.0,376.7,376.6,0.0,0.0156,0.000707,22.065063649222065,-1,-1,FAIL,
ev8_ec1_n17_s2_gm,51,0.2,373.4,373.4,0.0,0.000738,0.000101,7.306930693069307,-1,-1,FAIL,
ev5_ec1_n95_s2_gm,285,0.0,356.8,356.8,0.0,0.0369,0.00103,35.8252427184466,-1,-1,FAIL,
ev3_ec1_n95_s3_gm,285,0.0,356.4,356.4,0.0,0.0363,0.00149,24.36241610738255,-1,-1,FAIL,
ev3_ec1_n13_s1_gm,39,0.1,345.8,345.8,0.0,0.000589,5.65e-05,10.424778761061948,-1,-1,FAIL,
ev8_ec1_n94_s1_gm,282,0.1,344.7,344.7,0.0,0.0292,0.00277,10.541516245487365,-1,-1,FAIL,
ev8_ec1_n94_s0_gm,282,0.0,341.8,341.8,0.0,0.0298,0.00278,10.719424460431656,-1,-1,FAIL,
ev3_ec1_n18_s2_gm,54,0.1,338.8,338.8,0.0,0.00117,9.39e-05,12.460063897763577,-1,-1,FAIL,
ev5_ec1_n26_s1_gm,78,0.1,338.1,338.1,0.0,0.00235,0.000144,16.319444444444446,-1,-1,FAIL,
ev3_ec4_n48_s1_gm,144,0.1,335.7,335.8,0.0,0.00962,0.000154,62.467532467532465,-1,-1,FAIL,
ev7_ec1_n42_s3_gm,126,0.0,332.3,332.3,0.0,0.00663,0.000299,22.173913043478258,-1,-1,FAIL,
ev3_ec1_n7_s2_gs,14,0.2,323.9,323.5,0.0,0.000117,6.17e-06,18.962722852512155,-1,-1,FAIL,
ev8_ec1_n93_s3_gm,279,0.0,323.0,323.0,0.0,0.0279,0.00269,10.371747211895912,-1,-1,FAIL,
ev3_ec1_n11_s1_gm,33,0.1,317.6,317.6,0.0,0.000383,2.98e-05,12.85234899328859,-1,-1,FAIL,
ev7_ec1_n74_s1_gm,222,0.0,314.5,314.6,0.0,0.0222,0.000512,43.35937500000001,-1,-1,FAIL,
ev8_ec1_n93_s0_gm,279,0.0,312.0,312.0,0.0,0.0278,0.00278,10.0,-1,-1,FAIL,
ev8_ec1_n70_s3_gm,210,0.1,307.9,307.9,0.0,0.0155,0.00159,9.748427672955975,-1,-1,FAIL,
ev8_ec1_n71_s3_gm,213,0.0,306.9,306.9,0.0,0.0151,0.00159,9.49685534591195,-1,-1,FAIL,
ev3_ec4_n82_s3_gm,246,0.0,305.9,305.9,0.0,0.029,0.000345,84.05797101449276,-1,-1,FAIL,
ev8_ec1_n96_s3_gm,288,0.0,291.6,291.7,0.0,0.0306,0.00298,10.268456375838925,-1,-1,FAIL,
ev8_ec1_n88_s1_gm,264,0.0,286.5,286.5,0.0,0.0255,0.00257,9.922178988326849,-1,-1,FAIL,
ev3_ec4_n36_s3_gm,108,0.1,270.8,270.8,0.0,0.00566,0.000113,50.088495575221245,-1,-1,FAIL,
ev3_ec1_n16_s1_gm,48,0.1,265.0,265.0,0.0,0.000929,7.87e-05,11.804320203303686,-1,-1,FAIL,
ev3_ec4_n12_s1_gs,24,0.2,264.9,264.9,0.0,0.000273,8.46e-06,32.269503546099294,-1,-1,FAIL,
ev8_ec1_n91_s1_gm,273,0.0,258.9,258.9,0.0,0.0273,0.00268,10.186567164179104,-1,-1,FAIL,
ev8_ec1_n83_s2_gm,249,0.0,258.2,258.2,0.0,0.0226,0.00229,9.868995633187772,-1,-1,FAIL,
ev8_ec1_n87_s2_gm,261,0.0,258.1,258.1,0.0,0.0257,0.00246,10.447154471544716,-1,-1,FAIL,
ev3_ec1_n16_s2_gm,48,0.1,256.8,256.8,0.0,0.000889,7.96e-05,11.168341708542714,-1,-1,FAIL,
ev8_ec1_n56_s0_gm,168,0.0,252.4,252.5,0.0,0.00982,0.00102,9.627450980392156,-1,-1,FAIL,
ev8_ec1_n84_s1_gm,252,0.1,251.8,251.8,0.0,0.0239,0.00234,10.213675213675215,-1,-1,FAIL,
ev5_ec1_n10_s2_gm,30,0.1,250.6,250.6,0.0,0.000353,2.38e-05,14.831932773109244,-1,-1,FAIL,
ev8_ec1_n46_s1_gm,138,0.0,250.3,250.2,0.0,0.00643,0.000746,8.619302949061662,-1,-1,FAIL,
ev9_ec1_n3_s2_gm,9,0.6,245.2,245.3,0.0,3.72e-05,6.66e-06,5.585585585585586,-1,-1,FAIL,
tri6_n91_gm,273,0.0,244.5,244.5,0.0,0.022,0.00197,11.167512690355329,-1,-1,FAIL,
ev8_ec1_n38_s0_gm,114,0.0,242.6,242.6,0.0,0.0043,0.00052,8.26923076923077,-1,-1,FAIL,
ev3_ec1_n26_s2_gm,78,0.1,238.5,238.5,0.0,0.0025,0.000172,14.534883720930232,-1,-1,FAIL,
ev8_ec1_n96_s0_gm,288,0.0,237.1,237.1,0.0,0.0306,0.00293,10.443686006825939,-1,-1,FAIL,
ev3_ec1_n86_s2_gm,258,0.0,233.1,233.1,0.0,0.0305,0.00127,24.01574803149606,-1,-1,FAIL,
ev5_ec1_n99_s2_gm,297,0.0,233.0,233.0,0.0,0.0403,0.00103,39.12621359223301,-1,-1,FAIL,
ev5_ec4_n33_s0_gm,99,0.1,227.8,227.8,0.0,0.00435,9.63e-05,45.17133956386293,-1,-1,FAIL,
tri6_n72_gm,216,0.0,227.4,227.4,0.0,0.0133,0.00125,10.639999999999999,-1,-1,FAIL,
ev8_ec1_n96_s1_gm,288,0.1,224.5,224.5,0.0,0.0318,0.00307,10.358306188925082,-1,-1,FAIL,
ev7_ec1_n36_s0_gm,108,0.1,223.1,223.0,0.0,0.00492,0.000185,26.594594594594593,-1,-1,FAIL,
ev5_ec1_n60_s0_gm,180,0.0,219.3,219.2,0.0,0.014,0.000607,23.064250411861615,-1,-1,FAIL,
tri3_n23_gm,69,0.2,217.2,217.2,0.0,0.00166,0.000157,10.573248407643312,-1,-1,FAIL,
ev8_ec1_n100_s0_gm,300,0.0,217.0,217.0,0.0,0.0327,0.00316,10.348101265822784,-1,-1,FAIL,
ev3_ec1_n20_s1_gm,60,0.1,214.6,214.6,0.0,0.00143,0.000116,12.327586206896552,-1,-1,FAIL,
ev3_ec4_n13_s0_gm,39,0.1,207.4,207.4,0.0,0.000771,5.26e-05,14.657794676806084,-1,-1,FAIL,
ev8_ec1_n97_s1_gm,291,0.0,203.8,203.8,0.0,0.0314,0.00301,10.43189368770764,-1,-1,FAIL,
ev6_ec1_n12_s0_gs,24,0.1,197.8,197.8,0.0,0.000236,1.53e-05,15.42483660130719,-1,-1,FAIL,
ev7_ec1_n70_s0_gm,210,0.0,191.3,191.3,0.0,0.0196,0.000358,54.74860335195531,-1,-1,FAIL,
ev9_ec1_n44_s3_gm,132,0.0,191.2,191.1,0.0,0.0068,0.000695,9.784172661870503,-1,-1,FAIL,
ev8_ec1_n46_s3_gm,138,0.2,188.3,188.3,0.0,0.0061,0.00067,9.104477611940299,-1,-1,FAIL,
ev8_ec1_n83_s0_gm,249,0.0,186.6,186.6,0.0,0.0211,0.00213,9.906103286384978,-1,-1,FAIL,
ev5_ec1_n16_s1_gm,48,0.1,186.3,186.3,0.0,0.000806,7.41e-05,10.87719298245614,-1,-1,FAIL,
ev8_ec1_n54_s2_gm,162,0.0,184.1,184.1,0.0,0.00912,0.000987,9.240121580547111,-1,-1,FAIL,
ev4_ec1_n17_s3_gs,34,0.1,183.5,183.5,0.0,0.000424,2.73e-05,15.531135531135531,-1,-1,FAIL,
ev5_ec4_n53_s3_gm,159,0.0,183.0,183.0,0.0,0.012,0.000173,69.36416184971098,-1,-1,FAIL,
ev4_ec4_n13_s2_gs,26,0.1,180.6,180.6,0.0,0.000276,2.11e-05,13.080568720379146,-1,-1,FAIL,
ev8_ec1_n23_s3_gm,69,0.5,180.1,180.1,0.0,0.00158,0.000199,7.939698492462311,-1,-1,FAIL,
ev5_ec1_n20_s3_gm,60,0.1,179.6,179.5,0.0,0.00136,0.0001,13.6,-1,-1,FAIL,
ev3_ec1_n7_s2,7,0.3,178.9,178.8,0.0,1.45e-05,4.42e-06,3.2805429864253393,-1,-1,FAIL,
ev7_ec1_n74_s3_gm,222,0.0,178.6,178.6,0.0,0.0228,0.000561,40.64171122994653,-1,-1,FAIL,
ev8_ec1_n59_s1_gm,177,0.0,178.6,178.6,0.0,0.0108,0.00116,9.310344827586208,-1,-1,FAIL,
ev5_ec4_n54_s0_gm,162,0.0,176.9,176.9,0.0,0.0118,0.000342,34.50292397660819,-1,-1,FAIL,
ev8_ec1_n31_s3_gm,93,0.1,176.0,176.1,0.0,0.00288,0.000348,8.275862068965518,-1,-1,FAIL,
ev2_ec1_n4_s1_gm,12,0.4,172.9,172.8,0.0,6.8e-05,4.11e-06,16.545012165450125,-1,-1,FAIL,
ev7_ec1_n67_s1_gm,201,0.1,171.5,171.5,0.0,0.0177,0.000157,112.73885350318471,-1,-1,FAIL,
ev3_ec4_n22_s3_gm,66,0.1,171.0,171.0,0.0,0.00212,6.08e-05,34.868421052631575,-1,-1,FAIL,
ev8_ec1_n44_s3_gm,132,0.2,171.0,171.0,0.0,0.00549,0.000666,8.243243243243242,-1,-1,FAIL,
ev8_ec1_n98_s3_gm,294,0.0,170.3,170.3,0.0,0.0315,0.00299,10.535117056856187,-1,-1,FAIL,
ev8_ec1_n58_s2_gm,174,0.1,168.9,169.0,0.0,0.0106,0.00114,9.298245614035087,-1,-1,FAIL,
ev9_ec1_n33_s3_gm,99,0.1,168.7,168.7,0.0,0.00347,0.000163,21.288343558282207,-1,-1,FAIL,
ev8_ec1_n54_s1_gm,162,0.2,168.6,168.6,0.0,0.00896,0.000977,9.170931422722619,-1,-1,FAIL,
ev5_ec1_n66_s0_gm,198,0.0,167.7,167.7,0.0,0.0175,0.000682,25.659824046920825,-1,-1,FAIL,
ev3_ec4_n47_s1_gm,141,0.0,165.9,165.9,0.0,0.00941,0.000154,61.103896103896105,-1,-1,FAIL,
ev5_ec4_n76_s1_gm,228,0.0,162.1,162.1,0.0,0.024,0.000318,75.47169811320755,-1,-1,FAIL,
ev8_ec1_n95_s2_gm,285,0.0,162.1,162.1,0.0,0.03,0.00291,10.309278350515465,-1,-1,FAIL,
ev8_ec1_n75_s0_gm,225,0.0,161.2,161.2,0.0,0.0179,0.00184,9.728260869565217,-1,-1,FAIL,
ev7_ec1_n50_s2_gm,150,0.2,159.0,158.9,0.0,0.0103,1.84e-05,559.7826086956521,-1,-1,FAIL,
ev6_ec1_n65_s1_gm,195,0.0,158.9,158.9,0.0,0.0144,0.00111,12.972972972972972,-1,-1,FAIL,
ev8_ec1_n60_s3_gm,180,0.0,157.9,157.9,0.0,0.0113,0.00118,9.576271186440676,-1,-1,FAIL,
ev3_ec4_n88_s0_gm,264,0.0,157.7,157.7,0.0,0.0331,0.000398,83.16582914572864,-1,-1,FAIL,
ev5_ec1_n21_s1_gm,63,0.1,155.7,155.6,0.0,0.00161,0.000131,12.290076335877862,-1,-1,FAIL,
ev3_ec1_n17_s1_gm,51,0.1,154.9,154.9,0.0,0.00101,5.18e-05,19.498069498069498,-1,-1,FAIL,
ev5_ec4_n53_s0_gm,159,0.0,152.8,152.8,0.0,0.0114,0.000179,63.68715083798883,-1,-1,FAIL,
ev5_ec4_n31_s1_gm,93,0.1,151.2,151.2,0.0,0.00403,0.000224,17.991071428571427,-1,-1,FAIL,
ev8_ec1_n56_s1_gm,168,0.0,151.1,151.1,0.0,0.00978,0.00105,9.314285714285715,-1,-1,FAIL,
ev3_ec4_n4_s3_gs,8,0.5,149.2,148.3,0.0,3.54e-05,4.59e-06,7.712418300653595,-1,-1,FAIL,
ev8_ec1_n65_s0_gm,195,0.0,148.6,148.6,0.0,0.0129,0.00137,9.416058394160585,-1,-1,FAIL,
ev6_ec1_n18_s3_gs,36,0.1,147.0,147.0,0.0,0.000505,3.12e-05,16.185897435897438,-1,-1,FAIL,
ev5_ec1_n17_s2_gm,51,0.1,145.4,145.4,0.0,0.00108,8.32e-05,12.98076923076923,-1,-1,FAIL,
ev8_ec1_n59_s0_gm,177,0.0,144.9,144.9,0.0,0.0108,0.00119,9.07563025210084,-1,-1,FAIL,
ev3_ec1_n87_s1_gm,261,0.0,144.1,144.1,0.0,0.0312,0.00132,23.636363636363637,-1,-1,FAIL,
ev5_ec1_n12_s2_gm,36,0.3,139.2,139.2,0.0,0.000528,3.62e-05,14.585635359116024,-1,-1,FAIL,
ev4_ec4_n15_s2_gs,30,0.1,138.9,138.8,0.0,0.0003,2.19e-05,13.6986301369863,-1,-1,FAIL,
ev8_ec1_n68_s1_gm,204,0.1,138.1,138.1,0.0,0.0146,0.00158,9.240506329113924,-1,-1,FAIL,
tri7_n40_gs,80,0.0,137.6,137.6,0.0,0.00299,8.6e-05,34.76744186046511,-1,-1,FAIL,
ev8_ec1_n12_s2_gs,24,0.2,137.0,137.0,0.0,0.00029,1.65e-05,17.575757575757574,-1,-1,FAIL,
ev8_ec1_n40_s0_gm,120,0.0,135.8,135.8,0.0,0.00463,0.000549,8.43351548269581,-1,-1,FAIL,
ev5_ec1_n3_s3_gs,6,0.4,135.1,134.8,0.0,2.05e-05,2.9e-06,7.068965517241379,-1,-1,FAIL,
ev8_ec1_n97_s2_gm,291,0.0,133.1,133.1,0.0,0.0321,0.00296,10.844594594594593,-1,-1,FAIL,
ev3_ec1_n18_s0_gm,54,0.1,133.0,132.9,0.0,0.00117,9.47e-05,12.35480464625132,-1,-1,FAIL,
ev8_ec1_n51_s1_gm,153,0.0,133.0,133.0,0.0,0.00766,0.000885,8.655367231638417,-1,-1,FAIL,
ev8_ec1_n76_s3_gm,228,0.0,132.7,132.7,0.0,0.0187,0.0018,10.38888888888889,-1,-1,FAIL,
ev3_ec4_n72_s0_gm,216,0.0,132.6,132.6,0.0,0.0223,0.000441,50.56689342403628,-1,-1,FAIL,
ev8_ec1_n77_s1_gm,231,0.0,130.8,130.8,0.0,0.0187,0.00193,9.689119170984457,-1,-1,FAIL,
ev4_ec4_n20_s2_gs,40,0.1,130.0,130.1,0.0,0.000611,3.33e-05,18.348348348348345,-1,-1,FAIL,
ev3_ec1_n19_s3_gm,57,0.1,129.2,129.2,0.0,0.00131,0.000102,12.843137254901961,-1,-1,FAIL,
tri3_n63_gm,189,0.1,129.1,129.0,0.0,0.0195,0.000972,20.061728395061728,-1,-1,FAIL,
ev5_ec1_n76_s0_gm,228,0.0,128.6,128.6,0.0,0.024,0.000797,30.1129234629862,-1,-1,FAIL,
ev9_ec1_n25_s3_gm,75,0.1,128.1,128.2,0.0,0.00217,9.99e-05,21.72172172172172,-1,-1,FAIL,
ev3_ec1_n26_s0_gm,78,0.1,127.7,127.6,0.0,0.00246,0.000178,13.820224719101125,-1,-1,FAIL,
ev5_ec1_n5_s1_gs,10,0.2,126.9,126.9,0.0,5.37e-05,6.81e-06,7.885462555066079,-1,-1,FAIL,
ev8_ec1_n73_s0_gm,219,0.1,126.3,126.3,0.0,0.0168,0.00175,9.6,-1,-1,FAIL,
ev9_ec1_n50_s2_gm,150,0.0,125.3,125.3,0.0,0.00886,0.000925,9.578378378378378,-1,-1,FAIL,
ev3_ec1_n4_s3_gm,12,0.2,125.2,125.2,0.0,4.04e-05,7.19e-06,5.618915159944367,-1,-1,FAIL,
ev8_ec1_n45_s0_gm,135,0.1,124.5,124.5,0.0,0.0061,0.0007,8.714285714285715,-1,-1,FAIL,
ev8_ec1_n73_s1_gm,219,0.0,124.1,124.1,0.0,0.0163,0.00175,9.314285714285713,-1,-1,FAIL,
ev7_ec1_n6_s0_gm,18,0.2,123.9,124.0,0.0,0.000136,4.42e-06,30.76923076923077,-1,-1,FAIL,
ev8_ec1_n77_s0_gm,231,0.0,123.5,123.5,0.0,0.0194,0.00191,10.157068062827225,-1,-1,FAIL,
ev3_ec4_n35_s1_gm,105,0.0,122.9,123.0,0.0,0.0052,0.00012,43.33333333333333,-1,-1,FAIL,
ev3_ec4_n37_s2_gm,111,0.0,122.0,122.0,0.0,0.00583,0.000111,52.52252252252252,-1,-1,FAIL,
ev7_ec1_n18_s0_gm,54,0.2,121.9,121.9,0.0,0.00118,6.57e-06,179.60426179604264,-1,-1,FAIL,
tri3_n9_gs,18,0.2,121.7,121.5,0.0,0.000121,1.19e-05,10.168067226890757,-1,-1,FAIL,
ev3_ec1_n18_s3_gm,54,0.1,121.1,121.1,0.0,0.00115,6.65e-05,17.293233082706767,-1,-1,FAIL,
ev6_ec1_n7_s3_gs,14,0.3,120.7,120.4,0.0,7.52e-05,9.34e-06,8.051391862955033,-1,-1,FAIL,
tri3_n59_gs,118,0.2,120.0,120.0,0.0,0.00794,0.00025,31.759999999999994,-1,-1,FAIL,
ev8_ec1_n40_s3_gm,120,0.0,119.3,119.3,0.0,0.00474,0.000523,9.063097514340344,-1,-1,FAIL,
ev8_ec1_n14_s1_gm,42,0.1,118.9,118.9,0.0,0.000537,8.18e-05,6.564792176039121,-1,-1,FAIL,
ev3_ec1_n3_s3,3,0.3,118.6,117.7,0.0,7.46e-06,2.1e-06,3.5523809523809526,-1,-1,FAIL,
ev9_ec1_n30_s3_gm,90,0.1,118.1,118.1,0.0,0.00274,0.000152,18.02631578947368,-1,-1,FAIL,
ev9_ec1_n57_s2_gm,171,0.1,118.0,118.0,0.0,0.0117,0.00115,10.173913043478262,-1,-1,FAIL,
ev3_ec1_n21_s2_gm,63,0.1,116.8,116.8,0.0,0.00156,0.000108,14.444444444444445,-1,-1,FAIL,
tri6_n60_gs,120,0.0,116.7,116.8,0.0,0.00787,0.000355,22.169014084507044,-1,-1,FAIL,
ev4_ec4_n60_s3_gs,120,0.0,115.6,115.6,0.0,0.00751,0.000217,34.60829493087558,-1,-1,FAIL,
ev8_ec1_n63_s0_gm,189,0.1,114.7,114.7,0.0,0.0123,0.00135,9.11111111111111,-1,-1,FAIL,
ev8_ec1_n59_s3_gm,177,0.0,113.7,113.7,0.0,0.011,0.00116,9.482758620689655,-1,-1,FAIL,
ev7_ec1_n73_s0_gm,219,0.1,113.6,113.6,0.0,0.0216,0.000231,93.50649350649351,-1,-1,FAIL,
ev3_ec4_n49_s1_gm,147,0.0,113.1,113.1,0.0,0.0102,0.00017,60.0,-1,-1,FAIL,
tri6_n63_gs,126,0.0,113.1,113.1,0.0,0.00871,0.000381,22.860892388451447,-1,-1,FAIL,
ev3_ec4_n96_s1_gm,288,0.0,112.8,112.8,0.0,0.0411,0.000457,89.93435448577681,-1,-1,FAIL,
ev8_ec1_n79_s0_gm,237,0.0,111.9,112.0,0.0,0.0204,0.00201,10.149253731343284,-1,-1,FAIL,
ev8_ec1_n58_s3_gm,174,0.0,111.7,111.7,0.0,0.0103,0.00109,9.44954128440367,-1,-1,FAIL,
ev3_ec1_n26_s1_gm,78,0.1,111.2,111.2,0.0,0.00251,0.000139,18.057553956834536,-1,-1,FAIL,
ev8_ec1_n35_s0_gm,105,0.1,110.4,110.4,0.0,0.00376,0.000508,7.4015748031496065,-1,-1,FAIL,
ev8_ec1_n94_s2_gm,282,0.0,109.1,109.1,0.0,0.0285,0.00284,10.035211267605634,-1,-1,FAIL,
ev8_ec1_n73_s3_gm,219,0.1,109.0,109.0,0.0,0.0167,0.00175,9.542857142857143,-1,-1,FAIL,
tri7_n86_gs,172,0.0,108.1,108.1,0.0,0.015,0.000288,52.08333333333333,-1,-1,FAIL,
ev8_ec1_n44_s2_gm,132,0.0,107.8,107.8,0.0,0.00556,0.000675,8.237037037037036,-1,-1,FAIL,
ev9_ec1_n95_s2_gm,285,0.0,107.5,107.5,0.0,0.0346,0.000888,38.96396396396396,-1,-1,FAIL,
ev5_ec4_n55_s0_gm,165,0.0,107.3,107.3,0.0,0.0125,0.000322,38.81987577639752,-1,-1,FAIL,
ev9_ec1_n94_s1_gm,282,0.1,107.2,107.2,0.0,0.0327,0.00278,11.762589928057555,-1,-1,FAIL,
ev8_ec1_n53_s1_gm,159,0.1,105.6,105.6,0.0,0.00897,0.000965,9.295336787564768,-1,-1,FAIL,
ev4_ec4_n92_s3_gm,276,0.0,105.4,105.4,0.0,0.0269,0.00208,12.932692307692308,-1,-1,FAIL,
ev6_ec1_n22_s0_gs,44,0.1,104.8,104.8,0.0,0.00069,4.23e-05,16.31205673758865,-1,-1,FAIL,
ev8_ec1_n70_s2_gm,210,0.1,104.8,104.8,0.0,0.0164,0.00165,9.93939393939394,-1,-1,FAIL,
tri3_n47_gs,94,0.2,103.8,103.8,0.0,0.00502,0.000163,30.79754601226994,-1,-1,FAIL,
ev5_ec4_n73_s1_gm,219,0.0,103.7,103.7,0.0,0.0223,0.000445,50.1123595505618,-1,-1,FAIL,
ev8_ec1_n25_s0_gm,75,0.1,103.7,103.7,0.0,0.00183,0.000254,7.204724409448819,-1,-1,FAIL,
tri4_n34_gs,68,0.0,103.3,103.2,0.0,0.00186,6.84e-05,27.192982456140353,-1,-1,FAIL,
ev9_ec1_n23_s1_gs,46,0.3,102.8,102.8,0.0,0.000796,7.38e-05,10.785907859078591,-1,-1,FAIL,
ev4_ec4_n23_s2_gs,46,0.1,102.0,102.0,0.0,0.000837,4.18e-05,20.023923444976077,-1,-1,FAIL,
ev3_ec4_n89_s0_gm,267,0.0,101.5,101.5,0.0,0.0342,0.000387,88.37209302325583,-1,-1,FAIL,
ev4_ec4_n38_s0_gs,76,0.0,101.1,101.1,0.0,0.00268,9.21e-05,29.098805646036915,-1,-1,FAIL,
ev5_ec4_n79_s0_gm,237,0.0,101.1,101.1,0.0,0.0266,0.000313,84.98402555910542,-1,-1,FAIL,
ev9_ec1_n84_s1_gm,252,0.0,101.0,101.0,0.0,0.0267,0.000717,37.23849372384937,-1,-1,FAIL,
ev6_ec1_n47_s1_gs,94,0.0,100.6,100.5,0.0,0.0047,0.00014,33.57142857142858,-1,-1,FAIL,
tri6_n69_gm,207,0.0,100.0,100.0,0.0,0.0125,0.00117,10.683760683760685,-1,-1,FAIL,
ev4_ec1_n73_s1_gs,146,0.0,99.9,99.9,0.0,0.011,0.000365,30.136986301369863,-1,-1,FAIL,
ev9_ec1_n53_s3_gm,159,0.1,99.3,99.3,0.0,0.0101,0.000989,10.212335692618806,-1,-1,FAIL,
ev7_ec1_n75_s0_gm,225,0.0,98.8,98.8,0.0,0.0227,0.000534,42.509363295880156,-1,-1,FAIL,
ev8_ec1_n95_s3_gm,285,0.1,98.4,98.4,0.0,0.0304,0.00288,10.555555555555555,-1,-1,FAIL,
ev4_ec1_n32_s2_gs,64,0.0,98.0,98.0,0.0,0.00177,6.77e-05,26.144756277695716,-1,-1,FAIL,
ev4_ec4_n12_s3_gs,24,0.1,97.5,97.4,0.0,0.000199,1.58e-05,12.594936708860759,-1,-1,FAIL,
ev9_ec1_n79_s0_gm,237,0.0,97.0,97.0,0.0,0.0241,0.00212,11.367924528301888,-1,-1,FAIL,
ev4_ec1_n66_s2_gm,198,0.1,96.9,96.9,0.0,0.0119,0.00116,10.258620689655173,-1,-1,FAIL,
ev8_ec1_n61_s2_gm,183,0.1,96.7,96.7,0.0,0.0118,0.00121,9.75206611570248,-1,-1,FAIL,
ev6_ec1_n10_s0_gs,20,0.2,96.3,96.4,0.0,0.000156,1.17e-05,13.333333333333334,-1,-1,FAIL,
ev4_ec4_n15_s3_gs,30,0.1,96.2,96.2,0.0,0.000362,2.29e-05,15.807860262008735,-1,-1,FAIL,
ev4_ec1_n19_s1_gs,38,0.1,95.9,95.8,0.0,0.000575,3.36e-05,17.11309523809524,-1,-1,FAIL,
ev8_ec1_n66_s3_gm,198,0.1,95.6,95.6,0.0,0.0148,0.00145,10.206896551724139,-1,-1,FAIL,
ev4_ec1_n21_s1_gs,42,0.1,95.5,95.5,0.0,0.000688,3.75e-05,18.346666666666668,-1,-1,FAIL,
ev7_ec1_n83_s3_gm,249,0.0,95.4,95.4,0.0,0.0279,0.000716,38.96648044692738,-1,-1,FAIL,
ev4_ec4_n20_s1_gs,40,0.1,95.3,95.3,0.0,0.000594,3.32e-05,17.89156626506024,-1,-1,FAIL,
ev8_ec1_n15_s1_gs,30,0.1,95.2,95.3,0.0,0.000445,2.43e-05,18.31275720164609,-1,-1,FAIL,
ev8_ec1_n39_s2_gm,117,0.1,95.0,94.9,0.0,0.0045,0.000531,8.47457627118644,-1,-1,FAIL,
ev7_ec1_n52_s3_gm,156,0.0,94.9,94.9,0.0,0.0106,0.000322,32.91925465838509,-1,-1,FAIL,
ev5_ec4_n90_s2_gm,270,0.0,94.3,94.3,8.95e-16,0.00476,0.0005,9.520000000000001,-1,-1,FAIL,
ev4_ec4_n16_s1_gs,32,0.1,94.2,94.2,0.0,0.000413,2.49e-05,16.586345381526105,-1,-1,FAIL,
ev8_ec1_n98_s1_gm,294,0.0,93.7,93.7,0.0,0.0335,0.00318,10.534591194968554,-1,-1,FAIL,
ev4_ec4_n9_s3_gs,18,0.2,93.3,93.4,0.0,0.00013,1.22e-05,10.655737704918032,-1,-1,FAIL,
ev5_ec1_n36_s3_gm,108,0.1,93.3,93.2,0.0,0.00499,0.000314,15.891719745222929,-1,-1,FAIL,
ev8_ec1_n91_s0_gm,273,0.0,92.9,92.9,0.0,0.0277,0.00261,10.613026819923371,-1,-1,FAIL,
ev8_ec1_n89_s0_gm,267,0.0,92.6,92.6,0.0,0.0259,0.00251,10.318725099601593,-1,-1,FAIL,
ev9_ec1_n60_s0_gm,180,0.0,91.7,91.7,0.0,0.0132,0.00129,10.232558139534884,-1,-1,FAIL,
ev8_ec1_n97_s0_gm,291,0.0,91.6,91.6,0.0,0.029,0.00298,9.731543624161075,-1,-1,FAIL,
ev6_ec1_n52_s1_gs,104,0.0,90.9,90.9,0.0,0.00578,0.000169,34.201183431952664,-1,-1,FAIL,
ev9_ec1_n92_s1_gm,276,0.0,90.9,90.9,0.0,0.0337,0.0027,12.481481481481481,-1,-1,FAIL,
ev4_ec4_n11_s0_gs,22,0.1,90.8,90.8,0.0,0.000187,1.58e-05,11.835443037974683,-1,-1,FAIL,
ev8_ec1_n62_s2_gm,186,0.0,90.7,90.7,0.0,0.0127,0.00132,9.621212121212121,-1,-1,FAIL,
ev4_ec1_n19_s3_gs,38,0.1,89.4,89.4,0.0,0.000576,3.4e-05,16.941176470588236,-1,-1,FAIL,
tri7_n22_gs,44,0.1,89.4,89.4,0.0,0.00075,3.38e-05,22.189349112426036,-1,-1,FAIL,
ev8_ec1_n6_s3_gm,18,0.2,89.1,89.1,0.0,0.00011,1.63e-05,6.748466257668712,-1,-1,FAIL,
ev5_ec1_n56_s0_gm,168,0.0,88.6,88.5,0.0,0.0123,0.000532,23.120300751879697,-1,-1,FAIL,
tri4_n44_gs,88,0.0,87.8,87.8,0.0,0.00341,0.000101,33.76237623762376,-1,-1,FAIL,
tri4_n78_gm,234,0.1,86.6,86.6,0.0,0.0173,0.0014,12.357142857142858,-1,-1,FAIL,
ev4_ec4_n81_s1_gs,162,0.0,86.1,86.1,0.0,0.0136,0.000376,36.170212765957444,-1,-1,FAIL,
ev8_ec1_n47_s2_gm,141,0.0,85.8,85.9,0.0,0.0067,0.000747,8.96921017402945,-1,-1,FAIL,
ev5_ec1_n78_s2_gs,156,0.1,85.4,85.4,0.0,0.0128,0.00043,29.76744186046512,-1,-1,FAIL,
tri7_n87_gm,261,0.0,85.4,85.4,0.0,0.0226,0.00163,13.865030674846626,-1,-1,FAIL,
ev8_ec1_n95_s0_gm,285,0.0,84.9,84.9,0.0,0.0308,0.0029,10.620689655172415,-1,-1,FAIL,
ev9_ec1_n38_s1_gm,114,0.0,84.7,84.7,0.0,0.00485,0.000543,8.931860036832413,-1,-1,FAIL,
ev6_ec1_n43_s0_gs,86,0.1,84.4,84.4,0.0,0.0035,0.000146,23.972602739726028,-1,-1,FAIL,
ev9_ec1_n28_s0_gm,84,0.1,84.3,84.4,0.0,0.00246,0.000142,17.32394366197183,-1,-1,FAIL,
ev4_ec4_n16_s3_gs,32,0.1,84.1,84.3,0.0,0.00035,2.41e-05,14.522821576763485,-1,-1,FAIL,
tri4_n32_gs,64,0.0,84.2,84.3,0.0,0.00167,6.12e-05,27.287581699346408,-1,-1,FAIL,
ev4_ec4_n29_s2_gs,58,0.0,83.8,83.8,0.0,0.00152,5.8e-05,26.20689655172414,-1,-1,FAIL,
ev8_ec1_n64_s0_gm,192,0.0,83.0,83.0,0.0,0.0128,0.00137,9.343065693430658,-1,-1,FAIL,
ev5_ec1_n4_s1,4,0.2,82.5,82.9,0.0,1.35e-05,4.45e-06,3.033707865168539,-1,-1,FAIL,
ev9_ec1_n10_s3_gs,20,0.2,82.8,82.8,0.0,0.000118,1.66e-05,7.108433734939759,-1,-1,FAIL,
ev8_ec1_n89_s1_gm,267,0.0,82.6,82.6,0.0,0.026,0.00261,9.96168582375479,-1,-1,FAIL,
ev8_ec1_n60_s2_gm,180,0.0,82.5,82.5,0.0,0.0114,0.0012,9.500000000000002,-1,-1,FAIL,
tri6_n10_gs,20,0.1,82.2,82.3,0.0,0.000152,1.17e-05,12.991452991452993,-1,-1,FAIL,
ev4_ec1_n23_s2_gs,46,0.1,82.0,82.0,0.0,0.00083,4.4e-05,18.863636363636363,-1,-1,FAIL,
ev5_ec1_n38_s1_gm,114,0.0,82.0,82.0,0.0,0.00508,0.000308,16.493506493506494,-1,-1,FAIL,
ev8_ec1_n77_s2_gm,231,0.1,81.8,81.8,0.0,0.0196,0.00191,10.261780104712042,-1,-1,FAIL,
tri7_n95_gm,285,0.0,81.7,81.7,0.0,0.028,0.002,14.0,-1,-1,FAIL,
ev8_ec1_n21_s0_gm,63,0.1,81.5,81.5,0.0,0.00116,0.000164,7.073170731707317,-1,-1,FAIL,
ev5_ec1_n5_s3_gs,10,0.3,81.1,80.7,0.0,4.85e-05,7.49e-06,6.475300400534045,-1,-1,FAIL,
ev4_ec1_n17_s1_gs,34,0.1,81.0,80.9,0.0,0.000406,2.77e-05,14.657039711191336,-1,-1,FAIL,
ev8_ec1_n50_s0_gm,150,0.0,80.8,80.8,0.0,0.00751,0.000842,8.919239904988125,-1,-1,FAIL,
tri6_n25_gs,50,0.1,80.8,80.8,0.0,0.00118,6.63e-05,17.79788838612368,-1,-1,FAIL,
ev5_ec4_n47_s1_gm,141,0.0,80.6,80.6,0.0,0.00899,0.000167,53.83233532934132,-1,-1,FAIL,
ev8_ec1_n52_s0_gm,156,0.0,80.3,80.3,0.0,0.00934,0.000984,9.491869918699186,-1,-1,FAIL,
ev5_ec1_n8_s0_gm,24,0.1,79.8,79.7,0.0,0.00017,2.49e-05,6.827309236947792,-1,-1,FAIL,
ev6_ec1_n40_s1_gs,80,0.0,79.6,79.6,0.0,0.00354,0.000131,27.022900763358777,-1,-1,FAIL,
ev4_ec1_n19_s2_gs,38,0.1,79.3,79.4,0.0,0.000525,3.25e-05,16.153846153846153,-1,-1,FAIL,
ev4_ec1_n44_s1_gs,88,0.0,79.3,79.2,0.0,0.00336,0.000121,27.768595041322314,-1,-1,FAIL,
ev4_ec1_n61_s0_gs,122,0.0,79.0,79.0,0.0,0.00732,0.000242,30.24793388429752,-1,-1,FAIL,
ev4_ec4_n93_s2_gs,186,0.0,78.9,78.9,0.0,0.0192,0.000495,38.78787878787878,-1,-1,FAIL,
ev6_ec1_n20_s2_gm,60,0.1,78.6,78.5,0.0,0.000992,0.000131,7.572519083969465,-1,-1,FAIL,
ev5_ec4_n94_s2_gm,282,0.0,78.3,78.4,0.0,0.0382,0.000578,66.08996539792388,-1,-1,FAIL,
ev5_ec1_n14_s0_gm,42,0.1,78.0,77.9,0.0,0.00073,4.32e-05,16.89814814814815,-1,-1,FAIL,
ev5_ec1_n78_s2,78,0.1,77.9,77.9,0.0,0.000702,0.000145,4.841379310344828,-1,-1,FAIL,
ev4_ec1_n19_s0_gs,38,0.1,77.6,77.6,0.0,0.00062,3.63e-05,17.079889807162534,-1,-1,FAIL,
ev8_ec1_n55_s2_gm,165,0.0,77.6,77.6,0.0,0.00955,0.00104,9.182692307692308,-1,-1,FAIL,
ev8_ec1_n68_s3_gm,204,0.0,77.5,77.5,0.0,0.014,0.00151,9.271523178807946,-1,-1,FAIL,
ev9_ec1_n8_s1_gs,16,0.2,77.4,77.4,0.0,7.5e-05,1.49e-05,5.033557046979865,-1,-1,FAIL,
ev3_ec4_n51_s2_gm,153,0.0,77.1,77.1,0.0,0.0112,0.00017,65.88235294117646,-1,-1,FAIL,
tri4_n59_gs,118,0.1,76.8,76.8,0.0,0.00654,0.00017,38.470588235294116,-1,-1,FAIL,
ev4_ec1_n89_s2_gs,178,0.1,76.5,76.5,0.0,0.0174,0.000925,18.810810810810807,-1,-1,FAIL,
ev5_ec1_n19_s2_gm,57,0.1,76.4,76.5,0.0,0.00131,7.63e-05,17.169069462647446,-1,-1,FAIL,
ev8_ec1_n55_s0_gm,165,0.0,76.4,76.4,0.0,0.00956,0.00102,9.372549019607844,-1,-1,FAIL,
tri4_n78_gs,156,0.0,76.4,76.4,0.0,0.0121,0.000272,44.48529411764706,-1,-1,FAIL,
ev6_ec1_n14_s2_gs,28,0.1,76.3,76.3,0.0,0.000307,2.09e-05,14.688995215311005,-1,-1,FAIL,
ev6_ec1_n59_s0_gs,118,0.0,76.2,76.2,0.0,0.00636,0.000284,22.394366197183096,-1,-1,FAIL,
ev7_ec1_n57_s3_gm,171,0.0,75.9,75.9,0.0,0.0131,0.000355,36.901408450704224,-1,-1,FAIL,
ev9_ec1_n11_s2_gs,22,0.3,75.6,75.6,0.0,0.000134,1.94e-05,6.907216494845361,-1,-1,FAIL,
tri4_n81_gs,162,0.0,75.4,75.3,0.0,0.0135,0.000291,46.391752577319586,-1,-1,FAIL,
ev6_ec1_n86_s1_gm,258,0.0,75.2,75.2,0.0,0.0282,0.00191,14.764397905759163,-1,-1,FAIL,
ev8_ec1_n65_s2_gm,195,0.2,75.0,75.0,0.0,0.0134,0.0014,9.571428571428571,-1,-1,FAIL,
ev8_ec1_n83_s1_gm,249,0.0,75.0,75.0,0.0,0.0232,0.00231,10.043290043290042,-1,-1,FAIL,
ev8_ec1_n53_s3_gm,159,0.1,74.7,74.7,0.0,0.00838,0.000917,9.138495092693567,-1,-1,FAIL,
ev4_ec1_n35_s2_gs,70,0.0,74.5,74.5,0.0,0.00218,7.36e-05,29.619565217391305,-1,-1,FAIL,
tri4_n86_gs,172,0.0,74.4,74.4,0.0,0.0151,0.000331,45.61933534743202,-1,-1,FAIL,
ev6_ec1_n16_s1_gs,32,0.1,74.2,74.2,0.0,0.000391,2.68e-05,14.58955223880597,-1,-1,FAIL,
tri4_n23_gs,46,0.1,74.1,74.2,0.0,0.00077,3.91e-05,19.693094629156008,-1,-1,FAIL,
ev8_ec1_n28_s1_gm,84,0.1,74.1,74.1,0.0,0.00239,0.000313,7.635782747603834,-1,-1,FAIL,
ev6_ec1_n68_s2_gm,204,0.1,73.9,73.9,0.0,0.0167,0.0012,13.916666666666668,-1,-1,FAIL,
ev4_ec4_n97_s3_gm,291,0.0,73.7,73.7,0.0,0.0294,0.0023,12.782608695652174,-1,-1,FAIL,
ev7_ec1_n93_s0_gs,186,0.0,73.5,73.5,0.0,0.0117,0.000361,32.40997229916898,-1,-1,FAIL,
ev5_ec4_n32_s3_gm,96,0.0,73.4,73.3,0.0,0.00444,8.73e-05,50.859106529209626,-1,-1,FAIL,
tri6_n13_gs,26,0.1,73.0,73.1,0.0,0.000273,1.43e-05,19.090909090909093,-1,-1,FAIL,
ev4_ec1_n30_s1_gs,60,0.0,72.9,73.0,0.0,0.0015,6.04e-05,24.834437086092716,-1,-1,FAIL,
ev4_ec4_n36_s2_gs,72,0.0,72.9,72.9,0.0,0.00226,8.05e-05,28.07453416149068,-1,-1,FAIL,
ev4_ec1_n81_s1_gs,162,0.0,72.8,72.8,0.0,0.0154,0.000387,39.793281653746774,-1,-1,FAIL,
tri4_n31_gs,62,0.1,72.6,72.6,0.0,0.00153,5.77e-05,26.51646447140381,-1,-1,FAIL,
ev8_ec1_n98_s2_gm,294,0.1,72.5,72.5,0.0,0.0321,0.00299,10.735785953177256,-1,-1,FAIL,
ev4_ec1_n16_s3_gs,32,0.1,72.1,72.1,0.0,0.000422,2.56e-05,16.484375,-1,-1,FAIL,
tri7_n24_gs,48,0.1,71.7,71.7,0.0,0.000874,4.07e-05,21.474201474201475,-1,-1,FAIL,
ev4_ec1_n37_s1_gs,74,0.0,71.5,71.5,0.0,0.00246,9.11e-05,27.0032930845225,-1,-1,FAIL,
ev6_ec1_n13_s0_gs,26,0.1,71.4,71.3,0.0,0.000247,1.91e-05,12.931937172774868,-1,-1,FAIL,
tri4_n84_gs,168,0.0,71.4,71.4,0.0,0.0144,0.000327,44.03669724770642,-1,-1,FAIL,
tri6_n98_gs,196,0.0,70.4,70.4,0.0,0.0222,0.000863,25.724217844727693,-1,-1,FAIL,
ev3_ec1_n69_s2_gm,207,0.0,70.3,70.3,0.0,0.0195,0.000855,22.80701754385965,-1,-1,FAIL,
tri6_n12_gs,24,0.1,70.2,70.3,0.0,0.000229,1.38e-05,16.594202898550726,-1,-1,FAIL,
ev4_ec1_n37_s2_gs,74,0.0,69.9,69.9,0.0,0.00242,9.03e-05,26.79955703211517,-1,-1,FAIL,
ev8_ec1_n62_s0_gm,186,0.1,69.9,69.9,0.0,0.0121,0.00124,9.758064516129032,-1,-1,FAIL,
tri7_n88_gs,176,0.0,69.9,69.9,0.0,0.016,0.0003,53.333333333333336,-1,-1,FAIL,
ev4_ec1_n22_s1_gs,44,0.1,69.8,69.7,0.0,0.000751,3.93e-05,19.109414758269722,-1,-1,FAIL,
ev5_ec1_n29_s1_gm,87,0.1,69.6,69.6,0.0,0.00294,0.000225,13.066666666666666,-1,-1,FAIL,
ev4_ec1_n28_s1_gs,56,0.1,69.3,69.3,0.0,0.00132,5.64e-05,23.404255319148934,-1,-1,FAIL,
ev4_ec1_n47_s3_gs,94,0.0,69.2,69.2,0.0,0.00409,0.000137,29.854014598540147,-1,-1,FAIL,
ev6_ec1_n38_s0_gs,76,0.0,69.1,69.1,0.0,0.00246,0.000111,22.16216216216216,-1,-1,FAIL,
ev4_ec4_n96_s1_gs,192,0.0,68.8,68.8,0.0,0.0203,0.000538,37.732342007434944,-1,-1,FAIL,
ev4_ec4_n45_s0_gs,90,0.1,68.7,68.7,0.0,0.00387,0.000129,30.000000000000004,-1,-1,FAIL,
ev6_ec1_n20_s2_gs,40,0.1,68.7,68.6,0.0,0.000822,3.34e-05,24.610778443113773,-1,-1,FAIL,
ev8_ec1_n90_s1_gm,270,0.0,68.4,68.4,0.0,0.0275,0.00267,10.299625468164793,-1,-1,FAIL,
ev4_ec4_n19_s0_gs,38,0.1,68.0,68.0,0.0,0.000508,3.28e-05,15.487804878048781,-1,-1,FAIL,
ev6_ec1_n8_s1_gs,16,0.2,67.8,67.9,0.0,9.68e-05,1.08e-05,8.962962962962962,-1,-1,FAIL,
tri4_n13_gs,26,0.2,67.9,67.9,0.0,0.000228,1.65e-05,13.818181818181818,-1,-1,FAIL,
ev9_ec1_n7_s3_gs,14,0.1,67.8,67.8,0.0,5.09e-05,1.01e-05,5.03960396039604,-1,-1,FAIL,
ev6_ec1_n31_s2_gs,62,0.1,67.4,67.4,0.0,0.00215,0.000104,20.673076923076923,-1,-1,FAIL,
ev4_ec4_n44_s1_gs,88,0.0,67.2,67.3,0.0,0.00361,0.000133,27.142857142857142,-1,-1,FAIL,
ev9_ec1_n11_s1_gs,22,1.0,67.3,67.3,0.0,0.000163,2.15e-05,7.5813953488372094,-1,-1,FAIL,
ev9_ec1_n8_s2_gs,16,0.2,67.1,67.0,0.0,7e-05,1.24e-05,5.64516129032258,-1,-1,FAIL,
tri6_n35_gs,70,0.1,67.1,67.1,0.0,0.00243,0.000132,18.409090909090907,-1,-1,FAIL,
tri4_n21_gs,42,0.1,67.0,67.0,0.0,0.000647,3.14e-05,20.605095541401276,-1,-1,FAIL,
ev4_ec1_n33_s2_gs,66,0.0,66.9,66.9,0.0,0.00212,7.99e-05,26.53316645807259,-1,-1,FAIL,
ev4_ec1_n86_s3_gs,172,0.0,66.9,66.9,0.0,0.0161,0.000427,37.704918032786885,-1,-1,FAIL,
tri4_n30_gs,60,0.0,66.8,66.8,0.0,0.00139,5.56e-05,24.999999999999996,-1,-1,FAIL,
ev5_ec1_n33_s0_gm,99,0.1,66.7,66.7,0.0,0.00441,0.000238,18.52941176470588,-1,-1,FAIL,
ev3_ec4_n12_s0,12,0.1,66.0,66.1,0.0,3.74e-05,5.23e-06,7.151051625239006,-1,-1,FAIL,
tri6_n75_gs,150,0.0,65.7,65.7,0.0,0.0127,0.00053,23.962264150943398,-1,-1,FAIL,
tri7_n93_gs,186,0.0,65.5,65.5,0.0,0.0177,0.00033,53.63636363636364,-1,-1,FAIL,
ev3_ec1_n4_s0_gm,12,0.2,65.3,65.4,0.0,4.26e-05,8.81e-06,4.835414301929625,-1,-1,FAIL,
ev4_ec4_n69_s2_gs,138,0.0,65.4,65.4,0.0,0.0104,0.000286,36.36363636363636,-1,-1,FAIL,
ev2_ec1_n4_s2_gm,12,0.4,65.2,65.2,0.0,7.01e-05,4.28e-06,16.378504672897197,-1,-1,FAIL,
ev5_ec4_n100_s3_gm,300,0.0,65.2,65.2,0.0,0.043,0.000399,107.76942355889723,-1,-1,FAIL,
tri6_n83_gm,249,0.0,65.2,65.2,0.0,0.0183,0.00165,11.090909090909092,-1,-1,FAIL,
ev4_ec4_n10_s0_gs,20,0.1,64.9,65.0,0.0,0.000149,1.5e-05,9.933333333333332,-1,-1,FAIL,
ev5_ec1_n86_s0_gm,258,0.0,65.0,65.0,0.0,0.0308,0.00103,29.90291262135922,-1,-1,FAIL,
tri4_n50_gs,100,0.0,65.0,65.0,0.0,0.00457,0.000127,35.98425196850394,-1,-1,FAIL,
ev3_ec4_n91_s0_gm,273,0.0,64.9,64.9,0.0,0.0357,0.000417,85.61151079136691,-1,-1,FAIL,
ev4_ec1_n20_s0_gs,40,0.1,64.8,64.9,0.0,0.000602,3.45e-05,17.44927536231884,-1,-1,FAIL,
ev5_ec1_n14_s1_gm,42,0.1,64.7,64.8,0.0,0.00056,5.26e-05,10.646387832699618,-1,-1,FAIL,
ev6_ec1_n30_s3_gs,60,0.1,64.8,64.8,0.0,0.00189,6.34e-05,29.810725552050474,-1,-1,FAIL,
ev8_ec1_n99_s1_gm,297,0.0,64.8,64.8,0.0,0.0326,0.00314,10.38216560509554,-1,-1,FAIL,
ev6_ec1_n32_s3_gm,96,0.0,64.7,64.7,0.0,0.00277,0.000318,8.71069182389937,-1,-1,FAIL,
ev5_ec1_n13_s2_gm,39,0.1,64.4,64.4,0.0,0.000646,4.51e-05,14.323725055432373,-1,-1,FAIL,
ev8_ec1_n86_s1_gm,258,0.1,64.3,64.3,0.0,0.0242,0.00249,9.718875502008032,-1,-1,FAIL,
ev3_ec4_n35_s3_gm,105,0.0,64.1,64.0,0.0,0.00518,0.000106,48.867924528301884,-1,-1,FAIL,
ev8_ec1_n87_s1_gm,261,0.0,63.9,63.9,0.0,0.0256,0.0025,10.24,-1,-1,FAIL,
ev8_ec1_n89_s2_gm,267,0.0,63.9,63.9,0.0,0.0273,0.00265,10.30188679245283,-1,-1,FAIL,
ev4_ec1_n97_s2_gs,194,0.0,63.8,63.8,0.0,0.0214,0.00108,19.814814814814813,-1,-1,FAIL,
ev5_ec1_n7_s1_gm,21,0.2,63.8,63.7,0.0,0.000132,1.73e-05,7.630057803468208,-1,-1,FAIL,
ev4_ec4_n15_s0_gs,30,0.1,63.7,63.6,0.0,0.000342,2.18e-05,15.688073394495413,-1,-1,FAIL,
ev5_ec4_n6_s0_gm,18,0.2,63.7,63.6,0.0,0.00016,2.19e-05,7.305936073059361,-1,-1,FAIL,
ev5_ec4_n81_s1_gm,243,0.0,63.7,63.7,0.0,0.0271,0.000343,79.00874635568513,-1,-1,FAIL,
ev6_ec1_n73_s0_gm,219,0.0,63.6,63.6,0.0,0.014,0.00137,10.218978102189782,-1,-1,FAIL,
ev3_ec4_n92_s0_gm,276,0.0,62.5,62.5,0.0,0.0362,0.000338,107.10059171597635,-1,-1,FAIL,
ev7_ec1_n64_s0_gm,192,0.0,62.3,62.2,0.0,0.0163,0.000369,44.17344173441734,-1,-1,FAIL,
ev5_ec4_n7_s1_gm,21,0.3,62.1,62.1,0.0,0.000162,2.39e-05,6.7782426778242675,-1,-1,FAIL,
ev3_ec4_n6_s3_gs,12,0.3,61.9,62.0,0.0,7.5e-05,5.63e-06,13.321492007104794,-1,-1,FAIL,
ev4_ec1_n24_s3_gs,48,0.1,62.0,62.0,0.0,0.000881,4.5e-05,19.577777777777776,-1,-1,FAIL,
ev6_ec1_n37_s1_gm,111,0.1,61.9,61.9,0.0,0.00357,0.000406,8.793103448275861,-1,-1,FAIL,
ev8_ec1_n81_s2_gm,243,0.0,61.9,61.9,0.0,0.0214,0.00212,10.09433962264151,-1,-1,FAIL,
ev6_ec1_n51_s2_gs,102,0.1,61.8,61.8,0.0,0.00619,0.000226,27.389380530973455,-1,-1,FAIL,
tri6_n96_gs,192,0.0,61.8,61.8,0.0,0.0215,0.000874,24.599542334096107,-1,-1,FAIL,
ev5_ec1_n23_s2_gm,69,0.1,61.6,61.7,0.0,0.00206,0.00012,17.166666666666668,-1,-1,FAIL,
tri4_n90_gs,180,0.0,61.7,61.7,0.0,0.0166,0.000355,46.76056338028169,-1,-1,FAIL,
ev6_ec1_n51_s0_gs,102,0.0,61.6,61.6,0.0,0.00568,0.000166,34.21686746987952,-1,-1,FAIL,
tri6_n79_gs,158,0.0,61.1,61.1,0.0,0.0143,0.000589,24.27843803056027,-1,-1,FAIL,
ev4_ec4_n98_s3_gs,196,0.0,61.0,61.0,0.0,0.0219,0.00111,19.729729729729726,-1,-1,FAIL,
ev8_ec1_n92_s0_gm,276,0.0,60.9,60.9,0.0,0.0282,0.0027,10.444444444444443,-1,-1,FAIL,
ev4_ec1_n52_s2_gs,104,0.0,60.0,60.0,0.0,0.00502,0.00017,29.52941176470588,-1,-1,FAIL,
ev6_ec1_n58_s2_gs,116,0.0,59.8,59.9,0.0,0.00783,0.000299,26.187290969899667,-1,-1,FAIL,
ev7_ec1_n100_s1_gm,300,0.0,59.9,59.8,0.0,0.0405,0.000991,40.867810292633706,-1,-1,FAIL,
ev8_ec1_n50_s3_gm,150,0.0,59.9,59.9,0.0,0.00766,0.000864,8.86574074074074,-1,-1,FAIL,
ev9_ec1_n4_s1_gs,8,0.1,59.8,59.9,0.0,2.25e-05,5.59e-06,4.025044722719142,-1,-1,FAIL,
ev5_ec4_n7_s0_gm,21,0.3,59.7,59.5,0.0,0.000209,2.8e-05,7.464285714285714,-1,-1,FAIL,
ev8_ec1_n79_s2_gm,237,0.1,59.7,59.7,0.0,0.0197,0.00204,9.656862745098039,-1,-1,FAIL,
ev5_ec1_n56_s2_gm,168,0.0,59.6,59.6,0.0,0.0127,0.000374,33.9572192513369,-1,-1,FAIL,
ev3_ec4_n4_s0_gs,8,0.4,59.4,58.4,0.0,3.94e-05,4.36e-06,9.036697247706423,-1,-1,FAIL,
ev4_ec1_n42_s1_gs,84,0.0,59.4,59.4,0.0,0.00309,0.000105,29.428571428571427,-1,-1,FAIL,
ev5_ec1_n6_s3_gs,12,0.2,59.3,59.3,0.0,6.3e-05,9.41e-06,6.695005313496281,-1,-1,FAIL,
ev8_ec1_n76_s2_gm,228,0.0,59.1,59.2,0.0,0.0186,0.00189,9.84126984126984,-1,-1,FAIL,
ev9_ec1_n3_s2_gs,6,3.1,59.2,58.5,0.0,1.94e-05,3.75e-06,5.173333333333334,-1,-1,FAIL,
ev9_ec1_n13_s1_gm,39,0.1,59.1,59.0,0.0,0.000522,6.4e-05,8.15625,-1,-1,FAIL,
ev4_ec4_n37_s1_gs,74,0.0,59.0,59.0,0.0,0.00245,9.12e-05,26.864035087719298,-1,-1,FAIL,
ev8_ec1_n100_s2_gm,300,0.0,59.0,59.0,0.0,0.0349,0.00319,10.940438871473354,-1,-1,FAIL,
ev4_ec1_n12_s1_gs,24,0.1,58.9,58.9,0.0,0.000195,1.71e-05,11.403508771929825,-1,-1,FAIL,
ev8_ec1_n85_s1_gm,255,0.0,58.9,58.9,0.0,0.0244,0.00254,9.606299212598426,-1,-1,FAIL,
tri6_n44_gs,88,0.1,58.9,58.9,0.0,0.00405,0.000192,21.09375,-1,-1,FAIL,
ev3_ec4_n45_s3_gm,135,0.0,58.8,58.8,0.0,0.00847,0.000141,60.0709219858156,-1,-1,FAIL,
ev6_ec1_n12_s2_gs,24,0.2,58.8,58.7,0.0,0.000248,1.67e-05,14.850299401197606,-1,-1,FAIL,
ev6_ec1_n23_s0_gs,46,0.1,58.3,58.3,0.0,0.000843,4.74e-05,17.78481012658228,-1,-1,FAIL,
tri7_n44_gs,88,0.0,58.3,58.2,0.0,0.00358,9.8e-05,36.53061224489796,-1,-1,FAIL,
ev5_ec1_n56_s1_gm,168,0.1,58.2,58.2,0.0,0.0123,0.000451,27.272727272727273,-1,-1,FAIL,
ev8_ec1_n65_s3_gm,195,0.1,58.0,58.0,0.0,0.0128,0.00141,9.078014184397164,-1,-1,FAIL,
tri3_n61_gm,183,0.0,58.0,58.0,0.0,0.018,0.00086,20.930232558139533,-1,-1,FAIL,
tri4_n51_gs,102,0.0,58.0,58.0,0.0,0.00468,0.00013,36.00000000000001,-1,-1,FAIL,
tri7_n92_gs,184,0.0,57.9,57.9,0.0,0.0174,0.000326,53.37423312883435,-1,-1,FAIL,
tri7_n71_gs,142,0.0,57.8,57.8,0.0,0.00979,0.000207,47.29468599033817,-1,-1,FAIL,
tri6_n42_gs,84,0.1,57.7,57.7,0.0,0.00368,0.000176,20.90909090909091,-1,-1,FAIL,
ev4_ec1_n91_s3_gm,273,0.0,57.5,57.5,0.0,0.0257,0.00208,12.355769230769232,-1,-1,FAIL,
ev4_ec4_n63_s3_gs,126,0.0,57.3,57.3,0.0,0.00815,0.000262,31.106870229007626,-1,-1,FAIL,
ev6_ec1_n10_s3_gs,20,0.1,57.3,57.2,0.0,0.000145,1.47e-05,9.863945578231293,-1,-1,FAIL,
ev9_ec1_n19_s1_gm,57,0.1,57.3,57.2,0.0,0.00122,7.58e-05,16.094986807387862,-1,-1,FAIL,
tri4_n46_gs,92,0.0,56.9,57.0,0.0,0.00367,0.000113,32.47787610619469,-1,-1,FAIL,
ev4_ec1_n14_s3_gs,28,0.1,56.8,56.9,0.0,0.000281,2.26e-05,12.43362831858407,-1,-1,FAIL,
ev7_ec1_n65_s2_gm,195,0.2,56.8,56.8,0.0,0.0171,1.8e-05,950.0,-1,-1,FAIL,
tri4_n47_gs,94,0.1,56.8,56.7,0.0,0.00394,0.000114,34.561403508771924,-1,-1,FAIL,
ev4_ec1_n56_s1_gs,112,0.0,56.7,56.6,0.0,0.00649,0.000195,33.282051282051285,-1,-1,FAIL,
ev1_ec1_n78_s3_gs,156,0.0,56.6,56.5,0.0,0.000643,1.41e-05,45.60283687943262,-1,-1,FAIL,
ev3_ec1_n15_s3_gm,45,0.1,56.6,56.5,0.0,0.000764,3.97e-05,19.24433249370277,-1,-1,FAIL,
ev4_ec4_n70_s0_gs,140,0.0,56.5,56.5,0.0,0.0101,0.000297,34.00673400673401,-1,-1,FAIL,
ev4_ec1_n11_s1_gs,22,0.1,56.3,56.4,0.0,0.000172,1.6e-05,10.750000000000002,-1,-1,FAIL,
ev4_ec4_n41_s2_gs,82,0.0,56.3,56.3,0.0,0.0033,0.000101,32.67326732673267,-1,-1,FAIL,
ev5_ec4_n8_s2_gm,24,0.1,56.2,56.2,0.0,0.000174,1.97e-05,8.83248730964467,-1,-1,FAIL,
ev8_ec1_n51_s2_gm,153,0.1,56.2,56.1,0.0,0.00834,0.000968,8.615702479338843,-1,-1,FAIL,
ev6_ec1_n44_s0_gs,88,0.0,56.1,56.1,0.0,0.00382,0.000119,32.10084033613445,-1,-1,FAIL,
ev7_ec1_n62_s1_gm,186,0.1,56.1,56.1,0.0,0.0155,7.05e-05,219.85815602836877,-1,-1,FAIL,
ev9_ec1_n5_s0_gs,10,0.3,56.1,55.6,0.0,3.06e-05,7.48e-06,4.090909090909091,-1,-1,FAIL,
tri4_n68_gs,136,0.0,56.1,56.1,0.0,0.00902,0.000225,40.08888888888889,-1,-1,FAIL,
ev3_ec1_n84_s2_gm,252,0.0,56.0,56.0,0.0,0.0282,0.00118,23.89830508474576,-1,-1,FAIL,
ev8_ec1_n53_s2_gm,159,0.0,56.0,56.0,0.0,0.00866,0.000936,9.252136752136751,-1,-1,FAIL,
ev4_ec4_n30_s0_gs,60,0.1,55.8,55.8,0.0,0.00146,5.87e-05,24.87223168654174,-1,-1,FAIL,
ev8_ec1_n84_s0_gm,252,0.0,55.7,55.7,0.0,0.0234,0.00243,9.62962962962963,-1,-1,FAIL,
tri6_n40_gs,80,0.1,55.7,55.7,0.0,0.00336,0.00016,21.0,-1,-1,FAIL,
ev3_ec1_n8_s0,8,0.1,55.3,55.5,0.0,1.79e-05,4.63e-06,3.866090712742981,-1,-1,FAIL,
ev9_ec1_n55_s2_gm,165,0.0,55.4,55.4,0.0,0.0131,0.00105,12.476190476190478,-1,-1,FAIL,
ev4_ec1_n13_s2_gs,26,0.1,55.1,55.2,0.0,0.000244,1.93e-05,12.642487046632123,-1,-1,FAIL,
ev3_ec4_n34_s0_gm,102,0.1,55.1,55.1,0.0,0.00496,9.93e-05,49.9496475327291,-1,-1,FAIL,
ev5_ec1_n7_s2_gm,21,0.2,55.0,55.1,0.0,0.000145,1.82e-05,7.967032967032968,-1,-1,FAIL,
ev3_ec4_n61_s2_gm,183,0.0,55.0,55.0,7.23e-16,0.00188,0.000225,8.355555555555556,-1,-1,FAIL,
ev4_ec1_n46_s3_gm,138,0.0,55.0,55.0,0.0,0.00538,0.000593,9.072512647554806,-1,-1,FAIL,
ev8_ec1_n66_s2_gm,198,0.0,54.9,54.9,0.0,0.0143,0.00148,9.662162162162163,-1,-1,FAIL,
ev4_ec1_n36_s0_gm,108,0.0,54.8,54.8,0.0,0.00306,0.000375,8.16,-1,-1,FAIL,
ev4_ec4_n17_s0_gs,34,0.1,54.8,54.8,0.0,0.000416,2.63e-05,15.817490494296578,-1,-1,FAIL,
ev4_ec4_n64_s3_gs,128,0.0,54.8,54.8,0.0,0.00842,0.000256,32.890625,-1,-1,FAIL,
ev6_ec1_n17_s2_gs,34,0.1,54.8,54.8,0.0,0.000582,3.12e-05,18.653846153846157,-1,-1,FAIL,
ev5_ec4_n40_s0_gm,120,0.0,54.7,54.7,0.0,0.00672,0.000129,52.09302325581396,-1,-1,FAIL,
ev7_ec1_n33_s2_gm,99,0.2,54.6,54.6,0.0,0.00403,9.57e-06,421.10762800417973,-1,-1,FAIL,
ev8_ec1_n61_s1_gm,183,0.0,54.6,54.6,0.0,0.0117,0.00124,9.435483870967742,-1,-1,FAIL,
ev5_ec4_n5_s2_gs,10,0.3,54.1,54.4,0.0,4.61e-05,5.59e-06,8.246869409660109,-1,-1,FAIL,
ev8_ec1_n66_s1_gm,198,0.0,54.4,54.4,0.0,0.0133,0.00139,9.568345323741006,-1,-1,FAIL,
ev4_ec1_n71_s3_gs,142,0.0,54.1,54.1,0.0,0.0108,0.000308,35.064935064935064,-1,-1,FAIL,
tri4_n100_gs,200,0.0,54.1,54.1,0.0,0.0209,0.000431,48.49187935034802,-1,-1,FAIL,
ev4_ec4_n80_s0_gs,160,0.0,53.9,53.9,0.0,0.0135,0.000383,35.24804177545692,-1,-1,FAIL,
ev8_ec1_n32_s3_gm,96,0.1,53.7,53.7,0.0,0.00287,0.00035,8.200000000000001,-1,-1,FAIL,
ev5_ec1_n49_s0_gm,147,0.1,53.6,53.6,0.0,0.0096,0.000453,21.19205298013245,-1,-1,FAIL,
ev4_ec1_n51_s3_gs,102,0.0,53.4,53.5,0.0,0.00508,0.000185,27.459459459459463,-1,-1,FAIL,
ev4_ec4_n34_s3_gs,68,0.0,53.5,53.5,0.0,0.00198,7.93e-05,24.968474148802017,-1,-1,FAIL,
ev8_ec1_n36_s3_gm,108,0.0,53.4,53.4,0.0,0.00361,0.000433,8.337182448036952,-1,-1,FAIL,
tri2_n65_gs,130,0.1,53.4,53.4,0.0,0.0056,0.000407,13.759213759213758,-1,-1,FAIL,
tri4_n85_gs,170,0.1,53.3,53.3,0.0,0.015,0.000317,47.3186119873817,-1,-1,FAIL,
ev3_ec1_n67_s2_gm,201,0.1,53.2,53.1,0.0,0.0179,0.000799,22.403003754693366,-1,-1,FAIL,
ev5_ec1_n84_s1_gm,252,0.0,53.1,53.1,0.0,0.0288,0.000959,30.03128258602711,-1,-1,FAIL,
ev4_ec4_n38_s3_gs,76,0.0,52.9,52.9,0.0,0.00252,9.64e-05,26.141078838174277,-1,-1,FAIL,
tri7_n75_gm,225,0.0,52.9,52.9,0.0,0.0164,0.00125,13.120000000000001,-1,-1,FAIL,
ev8_ec1_n88_s0_gm,264,0.0,52.6,52.6,0.0,0.0258,0.00254,10.15748031496063,-1,-1,FAIL,
ev4_ec4_n84_s3_gs,168,0.0,52.5,52.5,0.0,0.015,0.000458,32.751091703056765,-1,-1,FAIL,
ev6_ec1_n32_s1_gs,64,0.0,52.5,52.5,0.0,0.00213,6.92e-05,30.780346820809246,-1,-1,FAIL,
ev7_ec1_n15_s3_gm,45,0.2,52.5,52.5,0.0,0.000856,7.63e-06,112.18872870249017,-1,-1,FAIL,
ev4_ec1_n78_s1_gm,234,0.0,52.2,52.2,0.0,0.0185,0.00156,11.85897435897436,-1,-1,FAIL,
ev9_ec1_n12_s3_gs,24,0.4,52.2,52.1,0.0,0.000201,2.31e-05,8.701298701298702,-1,-1,FAIL,
ev4_ec1_n46_s1_gs,92,0.0,52.0,52.0,0.0,0.00391,0.000135,28.962962962962965,-1,-1,FAIL,
ev8_ec1_n21_s3_gm,63,0.1,51.9,52.0,0.0,0.00116,0.000178,6.5168539325842705,-1,-1,FAIL,
tri3_n25_gm,75,0.0,52.0,52.0,0.0,0.00211,0.00018,11.722222222222221,-1,-1,FAIL,
ev8_ec1_n63_s2_gm,189,0.0,51.8,51.8,0.0,0.0126,0.00142,8.873239436619718,-1,-1,FAIL,
ev3_ec1_n38_s2_gm,114,0.0,51.6,51.6,0.0,0.00569,0.000311,18.295819935691316,-1,-1,FAIL,
ev9_ec1_n9_s1_gm,27,0.2,51.6,51.5,0.0,0.000229,3.45e-05,6.63768115942029,-1,-1,FAIL,
tri4_n35_gs,70,0.1,51.6,51.6,0.0,0.00196,7.14e-05,27.45098039215686,-1,-1,FAIL,
ev4_ec1_n16_s1_gs,32,0.1,51.5,51.4,0.0,0.000363,2.76e-05,13.152173913043478,-1,-1,FAIL,
ev8_ec1_n52_s2_gm,156,0.0,51.5,51.5,0.0,0.00855,0.00091,9.395604395604396,-1,-1,FAIL,
ev4_ec4_n18_s2_gs,36,0.1,51.4,51.4,0.0,0.000454,2.67e-05,17.00374531835206,-1,-1,FAIL,
tri7_n53_gs,106,0.0,51.4,51.4,0.0,0.00548,0.000135,40.59259259259259,-1,-1,FAIL,
ev4_ec4_n27_s0_gs,54,0.0,51.3,51.3,0.0,0.00125,5.4e-05,23.14814814814815,-1,-1,FAIL,
tri4_n80_gs,160,0.0,51.2,51.2,0.0,0.0127,0.000283,44.87632508833922,-1,-1,FAIL,
tri6_n47_gs,94,0.1,51.2,51.2,0.0,0.00464,0.00022,21.09090909090909,-1,-1,FAIL,
tri7_n15_gs,30,0.1,51.1,51.0,0.0,0.000329,2.14e-05,15.373831775700934,-1,-1,FAIL,
ev4_ec4_n24_s0_gs,48,0.1,50.8,50.8,0.0,0.000941,4.32e-05,21.78240740740741,-1,-1,FAIL,
ev9_ec1_n74_s3_gm,222,0.2,50.8,50.8,0.0,0.0207,0.00183,11.311475409836065,-1,-1,FAIL,
ev6_ec1_n23_s1_gs,46,0.1,50.7,50.7,0.0,0.00103,4.69e-05,21.961620469083158,-1,-1,FAIL,
ev4_ec1_n52_s1_gs,104,0.0,50.6,50.5,0.0,0.00501,0.000168,29.821428571428573,-1,-1,FAIL,
ev6_ec1_n62_s0_gs,124,0.0,50.6,50.6,0.0,0.0074,0.000243,30.452674897119344,-1,-1,FAIL,
ev8_ec1_n71_s0_gm,213,0.0,50.6,50.6,0.0,0.0164,0.00173,9.479768786127169,-1,-1,FAIL,
ev8_ec1_n90_s0_gm,270,0.0,50.6,50.6,0.0,0.0268,0.00256,10.46875,-1,-1,FAIL,
ev4_ec1_n95_s3_gs,190,0.0,50.5,50.5,0.0,0.02,0.00104,19.230769230769234,-1,-1,FAIL,
ev8_ec1_n44_s0_gm,132,0.1,50.4,50.4,0.0,0.006,0.00067,8.955223880597014,-1,-1,FAIL,
ev6_ec1_n34_s1_gs,68,0.1,50.0,50.1,0.0,0.00243,9.86e-05,24.645030425963487,-1,-1,FAIL,
ev8_ec1_n60_s0_gm,180,0.0,50.1,50.1,0.0,0.0114,0.00118,9.661016949152541,-1,-1,FAIL,
ev4_ec1_n59_s0_gm,177,0.0,49.7,49.7,0.0,0.00924,0.000926,9.97840172786177,-1,-1,FAIL,
ev8_ec1_n73_s2_gm,219,0.0,49.7,49.7,0.0,0.017,0.00187,9.090909090909092,-1,-1,FAIL,
tri7_n65_gs,130,0.0,49.7,49.7,0.0,0.00806,0.00018,44.77777777777777,-1,-1,FAIL,
ev3_ec4_n7_s0,7,0.1,49.5,49.6,0.0,1.8e-05,3.6e-06,5.0,-1,-1,FAIL,
ev8_ec1_n14_s3_gs,28,0.1,49.6,49.6,0.0,0.000381,2.16e-05,17.63888888888889,-1,-1,FAIL,
ev1_ec1_n72_s0_gs,144,0.0,49.5,49.5,3.21e-16,0.000354,1.44e-05,24.583333333333332,-1,-1,FAIL,
tri7_n21_gs,42,0.1,49.4,49.5,0.0,0.000672,3.14e-05,21.401273885350317,-1,-1,FAIL,
ev3_ec4_n92_s3_gm,276,0.1,49.4,49.4,0.0,0.0369,0.000407,90.66339066339066,-1,-1,FAIL,
ev4_ec4_n49_s2_gs,98,0.0,49.4,49.4,0.0,0.0049,0.00017,28.823529411764703,-1,-1,FAIL,
ev6_ec1_n19_s1_gs,38,0.1,49.4,49.4,0.0,0.000626,3.68e-05,17.01086956521739,-1,-1,FAIL,
ev6_ec1_n45_s0_gs,90,0.0,49.4,49.4,0.0,0.00416,0.000124,33.54838709677419,-1,-1,FAIL,
ev6_ec1_n46_s0_gs,92,0.1,49.4,49.4,0.0,0.00423,0.000173,24.45086705202312,-1,-1,FAIL,
ev4_ec1_n77_s2_gs,154,0.0,49.3,49.3,0.0,0.0132,0.000346,38.15028901734104,-1,-1,FAIL,
ev4_ec4_n42_s2_gs,84,0.0,49.2,49.2,0.0,0.00321,0.000105,30.571428571428573,-1,-1,FAIL,
ev6_ec1_n63_s2_gs,126,0.1,49.2,49.2,0.0,0.00931,0.000274,33.978102189781026,-1,-1,FAIL,
tri4_n99_gs,198,0.1,49.2,49.2,0.0,0.0206,0.000414,49.7584541062802,-1,-1,FAIL,
ev6_ec1_n26_s0_gs,52,0.1,49.0,49.1,0.0,0.00107,5.45e-05,19.633027522935777,-1,-1,FAIL,
ev6_ec1_n4_s0_gs,8,0.4,49.0,48.8,0.0,2.85e-05,3.49e-06,8.166189111747851,-1,-1,FAIL,
ev8_ec1_n38_s2_gm,114,0.1,49.0,49.0,0.0,0.00445,0.000551,8.076225045372052,-1,-1,FAIL,
ev4_ec1_n83_s2_gs,166,0.0,48.9,48.9,0.0,0.0155,0.000398,38.94472361809045,-1,-1,FAIL,
tri4_n97_gs,194,0.0,48.9,48.9,0.0,0.0199,0.000403,49.379652605459064,-1,-1,FAIL,
ev4_ec1_n40_s3_gs,80,0.0,48.8,48.8,0.0,0.00286,0.000109,26.238532110091743,-1,-1,FAIL,
ev5_ec1_n85_s2_gm,255,0.0,48.8,48.8,0.0,0.0303,0.000936,32.371794871794876,-1,-1,FAIL,
ev6_ec1_n42_s0_gs,84,0.0,48.7,48.7,0.0,0.00351,0.000141,24.893617021276594,-1,-1,FAIL,
ev8_ec1_n74_s3_gm,222,0.0,48.7,48.7,0.0,0.017,0.00174,9.770114942528735,-1,-1,FAIL,
tri4_n98_gs,196,0.0,48.6,48.6,0.0,0.0201,0.000405,49.62962962962963,-1,-1,FAIL,
ev4_ec4_n33_s3_gs,66,0.0,48.5,48.5,0.0,0.00188,7.22e-05,26.0387811634349,-1,-1,FAIL,
ev4_ec4_n55_s0_gm,165,0.0,48.5,48.5,0.0,0.00792,0.000811,9.765721331689273,-1,-1,FAIL,
ev4_ec1_n11_s2_gs,22,0.1,48.2,48.0,0.0,0.000184,1.93e-05,9.533678756476684,-1,-1,FAIL,
ev4_ec1_n28_s0_gs,56,0.0,48.2,48.2,0.0,0.00125,5.51e-05,22.68602540834846,-1,-1,FAIL,
ev4_ec4_n76_s0_gs,152,0.0,48.2,48.2,0.0,0.0117,0.000349,33.5243553008596,-1,-1,FAIL,
ev6_ec1_n43_s3_gs,86,0.0,48.2,48.2,0.0,0.00428,0.000111,38.55855855855856,-1,-1,FAIL,
ev8_ec1_n57_s0_gm,171,0.1,48.2,48.2,0.0,0.0102,0.00112,9.10714285714286,-1,-1,FAIL,
ev4_ec1_n26_s3_gs,52,0.1,48.1,48.1,0.0,0.00108,5.32e-05,20.30075187969925,-1,-1,FAIL,
ev7_ec1_n14_s2_gm,42,0.1,48.1,48.1,0.0,0.000732,6.43e-06,113.84136858475894,-1,-1,FAIL,
tri6_n84_gm,252,0.0,48.1,48.1,0.0,0.0196,0.00169,11.597633136094673,-1,-1,FAIL,
tri7_n68_gs,136,0.0,48.1,48.0,0.0,0.00894,0.000194,46.08247422680412,-1,-1,FAIL,
ev6_ec1_n76_s0_gs,152,0.1,47.9,47.9,0.0,0.0104,0.000349,29.79942693409742,-1,-1,FAIL,
ev4_ec1_n59_s2_gs,118,0.0,47.8,47.8,0.0,0.00741,0.000214,34.626168224299064,-1,-1,FAIL,
ev6_ec1_n83_s0_gm,249,0.2,47.8,47.8,0.0,0.0212,0.00178,11.910112359550563,-1,-1,FAIL,
ev8_ec1_n67_s3_gm,201,0.1,47.8,47.8,0.0,0.0129,0.0014,9.214285714285714,-1,-1,FAIL,
ev9_ec1_n28_s1_gm,84,0.1,47.8,47.8,0.0,0.00238,0.000114,20.87719298245614,-1,-1,FAIL,
ev6_ec1_n21_s3_gs,42,0.1,47.6,47.6,0.0,0.000796,3.99e-05,19.949874686716793,-1,-1,FAIL,
ev4_ec4_n51_s1_gm,153,0.0,47.5,47.5,0.0,0.00666,0.000723,9.21161825726141,-1,-1,FAIL,
ev4_ec1_n68_s2_gs,136,0.0,47.4,47.4,0.0,0.0095,0.000308,30.844155844155843,-1,-1,FAIL,
tri7_n34_gs,68,0.0,47.3,47.3,0.0,0.00204,6.59e-05,30.95599393019727,-1,-1,FAIL,
ev4_ec1_n42_s2_gs,84,0.0,47.2,47.1,0.0,0.00323,0.00011,29.36363636363636,-1,-1,FAIL,
tri7_n67_gs,134,0.0,47.2,47.2,0.0,0.00867,0.000189,45.87301587301587,-1,-1,FAIL,
ev4_ec4_n18_s0_gs,36,0.1,47.1,47.1,0.0,0.000523,2.76e-05,18.94927536231884,-1,-1,FAIL,
ev8_ec1_n27_s2_gm,81,0.1,47.1,47.1,0.0,0.00214,0.000286,7.4825174825174825,-1,-1,FAIL,
ev6_ec1_n41_s1_gs,82,0.0,47.0,47.0,0.0,0.00356,0.000146,24.383561643835616,-1,-1,FAIL,
ev8_ec1_n25_s2_gm,75,0.1,47.0,47.0,0.0,0.00156,0.000223,6.995515695067264,-1,-1,FAIL,
ev4_ec1_n47_s1_gs,94,0.0,46.9,46.9,0.0,0.00431,0.000158,27.278481012658226,-1,-1,FAIL,
tri7_n56_gs,112,0.0,46.9,46.9,0.0,0.00619,0.000145,42.689655172413794,-1,-1,FAIL,
ev6_ec1_n10_s1_gs,20,0.2,46.7,46.8,0.0,0.00016,1.66e-05,9.63855421686747,-1,-1,FAIL,
ev4_ec1_n57_s1_gs,114,0.0,46.6,46.7,0.0,0.00628,0.000199,31.557788944723615,-1,-1,FAIL,
ev7_ec1_n58_s1_gm,174,0.0,46.7,46.7,0.0,0.0135,0.000378,35.71428571428571,-1,-1,FAIL,
ev4_ec1_n38_s3_gm,114,0.1,46.6,46.5,0.0,0.00332,0.000432,7.685185185185185,-1,-1,FAIL,
tri4_n60_gs,120,0.0,46.6,46.6,0.0,0.00675,0.000181,37.292817679558006,-1,-1,FAIL,
tri6_n62_gs,124,0.0,46.4,46.4,0.0,0.00845,0.000373,22.65415549597855,-1,-1,FAIL,
ev3_ec4_n98_s3_gm,294,0.0,46.3,46.3,0.0,0.0412,0.000458,89.95633187772926,-1,-1,FAIL,
ev9_ec1_n41_s1_gm,123,0.1,46.3,46.3,0.0,0.00657,0.000224,29.330357142857146,-1,-1,FAIL,
ev4_ec4_n93_s3_gs,186,0.0,46.2,46.2,0.0,0.0183,0.000549,33.333333333333336,-1,-1,FAIL,
ev5_ec1_n7_s0_gm,21,0.2,46.0,46.1,0.0,0.000125,2.03e-05,6.157635467980296,-1,-1,FAIL,
ev8_ec1_n34_s0_gm,102,0.1,46.1,46.1,0.0,0.0036,0.000437,8.237986270022883,-1,-1,FAIL,
ev7_ec1_n49_s1_gm,147,0.0,46.0,45.9,0.0,0.00941,0.000172,54.70930232558139,-1,-1,FAIL,
ev6_ec1_n35_s1_gs,70,0.0,45.9,45.8,0.0,0.00254,0.000113,22.477876106194692,-1,-1,FAIL,
ev9_ec1_n100_s0_gm,300,0.1,45.9,45.9,0.0,0.0397,0.00319,12.44514106583072,-1,-1,FAIL,
ev6_ec1_n95_s2_gs,190,0.0,45.8,45.8,0.0,0.02,0.000514,38.91050583657587,-1,-1,FAIL,
ev5_ec1_n7_s1,7,0.2,45.7,45.7,0.0,1.75e-05,7.89e-06,2.217997465145754,-1,-1,FAIL,
ev3_ec1_n10_s2_gm,30,0.1,45.6,45.5,0.0,0.000321,2.24e-05,14.330357142857144,-1,-1,FAIL,
ev4_ec4_n13_s1_gs,26,0.1,45.5,45.6,0.0,0.000236,1.71e-05,13.801169590643275,-1,-1,FAIL,
ev4_ec4_n27_s2_gs,54,0.0,45.6,45.6,0.0,0.00122,5.32e-05,22.93233082706767,-1,-1,FAIL,
ev9_ec1_n44_s2_gm,132,0.0,45.6,45.6,0.0,0.00689,0.00025,27.560000000000002,-1,-1,FAIL,
ev6_ec1_n73_s0_gs,146,0.1,45.5,45.5,0.0,0.00991,0.000337,29.40652818991098,-1,-1,FAIL,
ev4_ec4_n27_s3_gs,54,0.1,45.4,45.4,0.0,0.00117,5.08e-05,23.031496062992126,-1,-1,FAIL,
ev5_ec1_n11_s2,11,0.1,45.4,45.4,0.0,2.47e-05,8.5e-06,2.9058823529411764,-1,-1,FAIL,
ev9_ec1_n14_s0_gm,42,0.1,45.4,45.3,0.0,0.000557,8.75e-05,6.365714285714286,-1,-1,FAIL,
ev4_ec4_n16_s0_gs,32,0.1,45.3,45.3,0.0,0.000349,2.32e-05,15.043103448275863,-1,-1,FAIL,
ev9_ec1_n26_s3_gs,52,0.2,45.2,45.2,0.0,0.000935,9.02e-05,10.365853658536585,-1,-1,FAIL,
ev6_ec1_n84_s3_gm,252,0.0,45.1,45.1,0.0,0.0273,0.00183,14.918032786885247,-1,-1,FAIL,
tri4_n11_gs,22,0.2,45.1,45.0,0.0,0.00016,1.26e-05,12.6984126984127,-1,-1,FAIL,
tri4_n43_gs,86,0.0,45.1,45.1,0.0,0.00318,9.83e-05,32.3499491353001,-1,-1,FAIL,
ev3_ec4_n67_s1_gm,201,0.0,45.0,45.0,0.0,0.0191,0.000205,93.17073170731707,-1,-1,FAIL,
ev4_ec1_n72_s0_gs,144,0.0,44.9,44.9,0.0,0.0107,0.000295,36.271186440677965,-1,-1,FAIL,
ev4_ec4_n59_s1_gs,118,0.0,44.9,44.9,0.0,0.00684,0.000233,29.356223175965663,-1,-1,FAIL,
ev3_ec4_n95_s1_gm,285,0.0,44.8,44.8,0.0,0.0389,0.000461,84.3817787418655,-1,-1,FAIL,
ev4_ec4_n19_s2_gs,38,0.1,44.7,44.8,0.0,0.000565,3.13e-05,18.05111821086262,-1,-1,FAIL,
ev3_ec4_n90_s0_gm,270,0.0,44.7,44.7,0.0,0.0348,0.000402,86.56716417910447,-1,-1,FAIL,
ev4_ec4_n77_s1_gs,154,0.0,44.6,44.6,0.0,0.0122,0.000354,34.463276836158194,-1,-1,FAIL,
ev4_ec4_n89_s3_gm,267,0.0,44.6,44.6,0.0,0.0243,0.00198,12.272727272727272,-1,-1,FAIL,
ev8_ec1_n13_s1_gs,26,0.2,44.5,44.6,0.0,0.000353,2.62e-05,13.473282442748092,-1,-1,FAIL,
ev4_ec1_n88_s1_gs,176,0.0,44.5,44.5,0.0,0.0183,0.000441,41.49659863945578,-1,-1,FAIL,
ev6_ec1_n25_s3_gs,50,0.1,44.5,44.4,0.0,0.00115,4.77e-05,24.10901467505241,-1,-1,FAIL,
ev8_ec1_n72_s3_gm,216,0.0,44.4,44.4,0.0,0.0161,0.00165,9.757575757575758,-1,-1,FAIL,
ev9_ec1_n39_s2_gm,117,0.1,44.4,44.4,0.0,0.00534,0.000205,26.04878048780488,-1,-1,FAIL,
tri7_n77_gs,154,0.0,44.4,44.4,0.0,0.0118,0.000239,49.37238493723849,-1,-1,FAIL,
tri7_n99_gm,297,0.0,44.4,44.4,0.0,0.0304,0.00211,14.407582938388627,-1,-1,FAIL,
ev4_ec4_n45_s3_gs,90,0.0,44.3,44.3,0.0,0.0039,0.000134,29.104477611940297,-1,-1,FAIL,
ev4_ec1_n70_s2_gm,210,0.1,44.2,44.2,0.0,0.0136,0.00127,10.708661417322833,-1,-1,FAIL,
ev4_ec4_n48_s1_gs,96,0.0,44.2,44.2,0.0,0.0044,0.000158,27.848101265822788,-1,-1,FAIL,
ev4_ec4_n73_s0_gs,146,0.0,44.2,44.2,0.0,0.0109,0.000321,33.95638629283489,-1,-1,FAIL,
ev4_ec1_n25_s1_gs,50,0.0,44.1,44.1,0.0,0.000958,4.74e-05,20.21097046413502,-1,-1,FAIL,
ev4_ec4_n43_s2_gs,86,0.0,44.1,44.1,0.0,0.00404,0.000113,35.75221238938053,-1,-1,FAIL,
ev6_ec1_n41_s0_gm,123,0.0,43.9,43.9,0.0,0.00403,0.00047,8.574468085106382,-1,-1,FAIL,
ev9_ec1_n61_s2_gm,183,0.1,43.8,43.8,0.0,0.0138,0.00134,10.298507462686567,-1,-1,FAIL,
ev4_ec1_n80_s1_gs,160,0.0,43.7,43.7,0.0,0.0134,0.000372,36.02150537634409,-1,-1,FAIL,
ev9_ec1_n8_s3_gs,16,0.7,43.7,43.7,0.0,8.06e-05,1.29e-05,6.2480620155038755,-1,-1,FAIL,
tri7_n98_gm,294,0.0,43.7,43.7,0.0,0.0298,0.00209,14.258373205741627,-1,-1,FAIL,
ev4_ec1_n25_s2_gs,50,0.1,43.6,43.6,0.0,0.000965,4.37e-05,22.08237986270023,-1,-1,FAIL,
ev4_ec4_n40_s1_gs,80,0.0,43.6,43.5,0.0,0.00283,0.000107,26.448598130841123,-1,-1,FAIL,
ev5_ec1_n10_s1,10,0.1,43.6,43.4,0.0,2.61e-05,5.82e-06,4.484536082474227,-1,-1,FAIL,
ev3_ec4_n33_s1_gm,99,0.1,43.3,43.5,0.0,0.00465,9.83e-05,47.30417090539165,-1,-1,FAIL,
ev9_ec1_n61_s1_gm,183,0.0,43.2,43.3,0.0,0.0136,0.00124,10.96774193548387,-1,-1,FAIL,
tri7_n23_gs,46,0.1,43.3,43.3,0.0,0.000843,3.59e-05,23.48189415041783,-1,-1,FAIL,
ev3_ec4_n91_s1_gm,273,0.0,43.1,43.2,0.0,0.036,0.000647,55.641421947449764,-1,-1,FAIL,
ev4_ec4_n42_s1_gs,84,0.0,43.2,43.2,0.0,0.00324,0.000106,30.566037735849054,-1,-1,FAIL,
ev3_ec4_n52_s1_gm,156,0.1,43.0,43.1,0.0,0.0114,0.000183,62.295081967213115,-1,-1,FAIL,
ev8_ec1_n74_s2_gm,222,0.0,43.0,43.1,0.0,0.0179,0.00179,10.0,-1,-1,FAIL,
ev4_ec1_n50_s3_gs,100,0.0,43.0,42.9,0.0,0.00485,0.000174,27.873563218390807,-1,-1,FAIL,
ev8_ec1_n85_s2_gm,255,0.1,43.0,43.0,0.0,0.0227,0.00225,10.08888888888889,-1,-1,FAIL,
ev9_ec1_n96_s2_gm,288,0.0,43.0,43.0,0.0,0.0367,0.000878,41.7995444191344,-1,-1,FAIL,
ev4_ec1_n72_s3_gs,144,0.0,42.9,42.9,0.0,0.0103,0.000315,32.698412698412696,-1,-1,FAIL,
tri4_n58_gs,116,0.0,42.8,42.9,0.0,0.00633,0.000163,38.83435582822086,-1,-1,FAIL,
ev4_ec4_n68_s1_gs,136,0.0,42.8,42.8,0.0,0.00923,0.00028,32.964285714285715,-1,-1,FAIL,
tri4_n91_gs,182,0.0,42.8,42.8,0.0,0.0171,0.000357,47.89915966386555,-1,-1,FAIL,
tri6_n27_gs,54,0.1,42.7,42.7,0.0,0.00142,8.03e-05,17.68368617683686,-1,-1,FAIL,
ev4_ec1_n43_s3_gs,86,0.0,42.6,42.6,0.0,0.00363,0.000124,29.274193548387096,-1,-1,FAIL,
ev4_ec4_n26_s1_gs,52,0.1,42.6,42.6,0.0,0.0012,5.27e-05,22.770398481973434,-1,-1,FAIL,
ev8_ec1_n91_s2_gm,273,0.0,42.6,42.6,0.0,0.0286,0.0027,10.592592592592592,-1,-1,FAIL,
ev6_ec1_n78_s1_gs,156,0.0,42.4,42.4,0.0,0.0149,0.000476,31.30252100840336,-1,-1,FAIL,
ev4_ec4_n67_s3_gs,134,0.0,42.3,42.3,0.0,0.00916,0.000272,33.67647058823529,-1,-1,FAIL,
ev5_ec4_n9_s2,9,0.2,42.3,42.3,0.0,2.13e-05,5.97e-06,3.5678391959798996,-1,-1,FAIL,
tri7_n31_gs,62,0.0,42.3,42.3,0.0,0.00166,5.66e-05,29.328621908127207,-1,-1,FAIL,
ev3_ec1_n15_s2_gm,45,0.1,42.2,42.2,0.0,0.000813,7.15e-05,11.37062937062937,-1,-1,FAIL,
ev5_ec1_n33_s3_gm,99,0.1,42.2,42.2,0.0,0.00431,0.000272,15.845588235294116,-1,-1,FAIL,
ev8_ec1_n84_s2_gm,252,0.1,42.2,42.2,0.0,0.0239,0.00234,10.213675213675215,-1,-1,FAIL,
ev3_ec1_n91_s0_gm,273,0.0,42.1,42.1,0.0,0.0336,0.00138,24.34782608695652,-1,-1,FAIL,
ev4_ec4_n100_s1_gs,200,0.0,42.0,42.0,0.0,0.0226,0.000557,40.57450628366247,-1,-1,FAIL,
ev8_ec1_n99_s0_gm,297,0.0,42.0,42.0,0.0,0.0325,0.00314,10.35031847133758,-1,-1,FAIL,
tri7_n89_gs,178,0.0,41.9,41.9,0.0,0.0161,0.000306,52.61437908496732,-1,-1,FAIL,
tri7_n94_gm,282,0.0,41.9,41.9,0.0,0.0272,0.00196,13.877551020408163,-1,-1,FAIL,
ev4_ec1_n63_s0_gs,126,0.0,41.8,41.8,0.0,0.00804,0.000273,29.45054945054945,-1,-1,FAIL,
ev6_ec1_n73_s1_gm,219,0.1,41.8,41.8,0.0,0.0192,0.00141,13.617021276595743,-1,-1,FAIL,
ev4_ec4_n21_s3_gs,42,0.1,41.6,41.7,0.0,0.000712,3.59e-05,19.832869080779943,-1,-1,FAIL,
ev4_ec4_n90_s0_gs,180,0.0,41.7,41.7,0.0,0.0171,0.000472,36.228813559322035,-1,-1,FAIL,
ev9_ec1_n3_s3_gs,6,0.2,41.7,41.4,0.0,1.54e-05,5.78e-06,2.664359861591696,-1,-1,FAIL,
ev3_ec1_n68_s2_gm,204,0.0,41.6,41.6,0.0,0.0186,0.00083,22.409638554216865,-1,-1,FAIL,
ev3_ec1_n99_s3_gm,297,0.0,41.6,41.6,0.0,0.0405,0.00157,25.796178343949045,-1,-1,FAIL,
ev6_ec1_n14_s1_gs,28,0.1,41.5,41.6,0.0,0.000286,1.92e-05,14.895833333333334,-1,-1,FAIL,
ev8_ec1_n16_s0_gs,32,0.2,41.6,41.6,0.0,0.000519,2.57e-05,20.19455252918288,-1,-1,FAIL,
ev9_ec1_n5_s3_gs,10,0.1,41.6,41.5,0.0,3.06e-05,7.2e-06,4.25,-1,-1,FAIL,
ev9_ec1_n51_s3_gm,153,0.0,41.6,41.6,0.0,0.00945,0.000305,30.98360655737705,-1,-1,FAIL,
tri4_n62_gs,124,0.0,41.6,41.6,0.0,0.00742,0.00019,39.05263157894737,-1,-1,FAIL,
ev4_ec1_n20_s3_gs,40,0.1,41.4,41.4,0.0,0.000581,3.7e-05,15.702702702702704,-1,-1,FAIL,
ev8_ec1_n82_s1_gm,246,0.1,41.3,41.3,0.0,0.0221,0.00219,10.091324200913242,-1,-1,FAIL,
ev8_ec1_n36_s1_gm,108,0.1,41.2,41.2,0.0,0.00396,0.000479,8.267223382045929,-1,-1,FAIL,
ev4_ec4_n47_s0_gs,94,0.0,41.1,41.1,0.0,0.00409,0.000152,26.907894736842103,-1,-1,FAIL,
tri4_n25_gs,50,0.1,41.1,41.1,0.0,0.000949,4.13e-05,22.97820823244552,-1,-1,FAIL,
tri4_n37_gs,74,0.2,41.1,41.1,0.0,0.00224,7.7e-05,29.090909090909086,-1,-1,FAIL,
tri4_n65_gs,130,0.0,41.1,41.1,0.0,0.00819,0.000206,39.75728155339806,-1,-1,FAIL,
ev4_ec1_n63_s3_gs,126,0.0,41.0,41.0,0.0,0.00825,0.000286,28.846153846153847,-1,-1,FAIL,
ev8_ec1_n80_s0_gm,240,0.0,41.0,41.0,0.0,0.0195,0.00203,9.60591133004926,-1,-1,FAIL,
ev9_ec1_n11_s0_gs,22,0.2,41.0,41.0,0.0,0.000152,2.12e-05,7.169811320754717,-1,-1,FAIL,
ev4_ec1_n37_s3_gs,74,0.0,40.9,40.9,0.0,0.00233,8.74e-05,26.659038901601832,-1,-1,FAIL,
ev4_ec4_n33_s1_gs,66,0.0,40.9,40.9,0.0,0.00198,7.31e-05,27.086183310533514,-1,-1,FAIL,
ev6_ec1_n33_s0_gm,99,0.0,40.9,40.9,0.0,0.00245,0.000331,7.401812688821751,-1,-1,FAIL,
ev3_ec4_n12_s1_gm,36,0.1,40.8,40.6,0.0,0.00062,2.97e-05,20.875420875420875,-1,-1,FAIL,
ev4_ec1_n33_s0_gs,66,0.0,40.8,40.8,0.0,0.00191,6.91e-05,27.6410998552822,-1,-1,FAIL,
ev4_ec1_n36_s0_gs,72,0.0,40.7,40.8,0.0,0.00241,8.35e-05,28.862275449101794,-1,-1,FAIL,
ev4_ec1_n48_s1_gs,96,0.0,40.8,40.8,0.0,0.00471,0.000142,33.16901408450704,-1,-1,FAIL,
ev5_ec1_n23_s1_gm,69,0.1,40.8,40.8,0.0,0.00191,0.000179,10.670391061452515,-1,-1,FAIL,
ev6_ec1_n41_s2_gs,82,0.0,40.8,40.8,0.0,0.00413,0.000169,24.437869822485208,-1,-1,FAIL,
ev9_ec1_n6_s3_gs,12,0.3,40.8,40.7,0.0,4.91e-05,9.2e-06,5.336956521739131,-1,-1,FAIL,
tri7_n73_gs,146,0.0,40.7,40.8,0.0,0.0104,0.000217,47.92626728110599,-1,-1,FAIL,
ev3_ec1_n56_s3_gm,168,0.0,40.7,40.7,0.0,0.0128,0.000508,25.19685039370079,-1,-1,FAIL,
ev3_ec4_n8_s0_gm,24,0.1,40.7,40.7,0.0,0.000282,2.62e-05,10.763358778625955,-1,-1,FAIL,
ev4_ec4_n60_s3_gm,180,0.0,40.7,40.7,0.0,0.00994,0.000975,10.194871794871794,-1,-1,FAIL,
ev4_ec4_n93_s0_gs,186,0.0,40.6,40.6,0.0,0.0185,0.0005,37.0,-1,-1,FAIL,
ev6_ec1_n98_s0,98,0.2,40.5,40.6,0.0,0.00109,0.000355,3.0704225352112675,-1,-1,FAIL,
tri4_n74_gs,148,0.0,40.6,40.6,0.0,0.0108,0.000254,42.51968503937008,-1,-1,FAIL,
tri7_n35_gs,70,0.0,40.6,40.6,0.0,0.00218,6.75e-05,32.2962962962963,-1,-1,FAIL,
ev5_ec4_n28_s2_gm,84,0.0,40.5,40.4,0.0,0.00325,7.73e-05,42.04398447606727,-1,-1,FAIL,
ev4_ec1_n73_s0_gs,146,0.0,40.4,40.4,0.0,0.0113,0.000367,30.79019073569482,-1,-1,FAIL,
ev4_ec4_n84_s0_gs,168,0.0,40.4,40.4,0.0,0.0148,0.000398,37.185929648241206,-1,-1,FAIL,
ev8_ec1_n23_s1_gm,69,0.1,40.4,40.4,0.0,0.00165,0.000214,7.710280373831775,-1,-1,FAIL,
ev8_ec1_n86_s2_gm,258,0.0,40.4,40.4,0.0,0.0252,0.00249,10.120481927710843,-1,-1,FAIL,
ev8_ec1_n26_s0_gm,78,0.1,40.3,40.3,0.0,0.00198,0.000258,7.674418604651163,-1,-1,FAIL,
ev3_ec1_n11_s3_gm,33,0.1,40.2,40.2,0.0,0.000385,3.49e-05,11.031518624641834,-1,-1,FAIL,
ev4_ec1_n41_s1_gs,82,0.0,40.2,40.2,0.0,0.00304,9.87e-05,30.800405268490376,-1,-1,FAIL,
ev5_ec1_n11_s1_gm,33,0.1,40.0,40.2,0.0,0.000343,3.24e-05,10.58641975308642,-1,-1,FAIL,
ev6_ec1_n76_s1_gm,228,0.1,40.1,40.1,0.0,0.0212,0.00148,14.324324324324325,-1,-1,FAIL,
ev7_ec1_n77_s0_gm,231,0.0,40.1,40.1,0.0,0.0238,0.000294,80.95238095238096,-1,-1,FAIL,
tri7_n38_gs,76,0.0,40.1,40.1,0.0,0.00263,7.96e-05,33.040201005025125,-1,-1,FAIL,
ev4_ec4_n50_s1_gs,100,0.0,40.0,40.0,0.0,0.005,0.000173,28.90173410404624,-1,-1,FAIL,
ev5_ec1_n55_s0_gm,165,0.0,40.0,40.0,0.0,0.0118,0.000513,23.00194931773879,-1,-1,FAIL,
ev4_ec1_n58_s2_gs,116,0.0,39.9,39.8,0.0,0.00692,0.00021,32.95238095238095,-1,-1,FAIL,
ev9_ec1_n29_s1_gs,58,0.5,39.9,39.9,0.0,0.00122,0.000112,10.892857142857142,-1,-1,FAIL,
ev3_ec1_n8_s0_gm,24,0.1,39.8,39.8,0.0,0.000194,1.6e-05,12.125,-1,-1,FAIL,
ev8_ec1_n54_s3_gm,162,0.0,39.7,39.7,0.0,0.00884,0.000907,9.746416758544653,-1,-1,FAIL,
ev9_ec1_n38_s0_gm,114,0.0,39.6,39.7,0.0,0.00489,0.000195,25.07692307692308,-1,-1,FAIL,
ev4_ec1_n31_s0_gs,62,0.0,39.6,39.6,0.0,0.00156,6.9e-05,22.608695652173914,-1,-1,FAIL,
tri7_n66_gs,132,0.0,39.6,39.6,0.0,0.0084,0.000184,45.65217391304348,-1,-1,FAIL,
tri6_n23_gs,46,0.1,39.5,39.5,0.0,0.000999,5.65e-05,17.681415929203542,-1,-1,FAIL,
ev4_ec1_n80_s3_gs,160,0.0,39.4,39.4,0.0,0.0132,0.000366,36.0655737704918,-1,-1,FAIL,
ev4_ec1_n90_s0_gs,180,0.0,39.3,39.4,0.0,0.0185,0.00046,40.21739130434782,-1,-1,FAIL,
ev8_ec1_n43_s1_gm,129,0.0,39.3,39.3,0.0,0.00542,0.00064,8.46875,-1,-1,FAIL,
tri6_n51_gm,153,0.0,39.3,39.3,0.0,0.00673,0.000669,10.059790732436472,-1,-1,FAIL,
tri7_n25_gs,50,0.1,39.3,39.3,0.0,0.000992,4.31e-05,23.016241299303946,-1,-1,FAIL,
ev6_ec1_n45_s1_gs,90,0.0,39.2,39.1,0.0,0.00434,0.000176,24.65909090909091,-1,-1,FAIL,
ev4_ec4_n48_s3_gm,144,0.0,39.1,39.0,0.0,0.0057,0.000648,8.796296296296296,-1,-1,FAIL,
ev4_ec4_n52_s2_gs,104,0.0,39.1,39.1,0.0,0.00511,0.000203,25.17241379310345,-1,-1,FAIL,
ev8_ec1_n82_s2_gm,246,0.0,39.1,39.1,0.0,0.0226,0.00226,10.0,-1,-1,FAIL,
ev9_ec1_n40_s1_gm,120,0.1,39.1,39.1,0.0,0.00555,0.000568,9.77112676056338,-1,-1,FAIL,
ev4_ec4_n94_s0_gs,188,0.0,39.0,39.0,0.0,0.0191,0.000503,37.97216699801193,-1,-1,FAIL,
ev6_ec1_n28_s0_gs,56,0.1,39.0,39.0,0.0,0.00123,6.28e-05,19.5859872611465,-1,-1,FAIL,
ev9_ec1_n2_s2_gs,4,0.3,38.9,38.6,0.0,1.08e-05,3.41e-06,3.167155425219941,-1,-1,FAIL,
ev4_ec1_n84_s0_gs,168,0.0,38.8,38.8,0.0,0.0149,0.000474,31.434599156118146,-1,-1,FAIL,
ev6_ec1_n41_s0_gs,82,0.0,38.8,38.7,0.0,0.00332,0.000107,31.02803738317757,-1,-1,FAIL,
ev8_ec1_n10_s3_gm,30,0.1,38.7,38.8,0.0,0.000263,3.96e-05,6.641414141414141,-1,-1,FAIL,
ev8_ec1_n20_s2_gm,60,0.1,38.8,38.8,0.0,0.000992,0.000149,6.65771812080537,-1,-1,FAIL,
ev8_ec1_n99_s3_gm,297,0.0,38.8,38.8,0.0,0.0309,0.00296,10.43918918918919,-1,-1,FAIL,
ev9_ec1_n91_s2_gm,273,0.1,38.8,38.8,0.0,0.0332,0.000802,41.396508728179555,-1,-1,FAIL,
ev4_ec1_n57_s0_gs,114,0.0,38.7,38.7,0.0,0.00638,0.000202,31.584158415841586,-1,-1,FAIL,
tri4_n89_gs,178,0.1,38.6,38.6,0.0,0.0165,0.00034,48.529411764705884,-1,-1,FAIL,
tri7_n55_gm,165,0.1,38.6,38.6,0.0,0.00832,0.000737,11.28900949796472,-1,-1,FAIL,
ev4_ec4_n56_s1_gs,112,0.0,38.5,38.5,0.0,0.00605,0.000197,30.710659898477157,-1,-1,FAIL,
ev4_ec1_n53_s1_gs,106,0.0,38.4,38.4,0.0,0.00527,0.000187,28.181818181818183,-1,-1,FAIL,
ev4_ec4_n80_s1_gs,160,0.0,38.4,38.4,0.0,0.0133,0.000412,32.28155339805825,-1,-1,FAIL,
ev6_ec1_n28_s1_gs,56,0.1,38.4,38.4,0.0,0.00159,6.97e-05,22.812051649928264,-1,-1,FAIL,
ev7_ec1_n21_s2_gm,63,0.2,38.3,38.3,0.0,0.00163,9.19e-06,177.36670293797604,-1,-1,FAIL,
ev3_ec1_n5_s3,5,0.2,38.2,38.1,0.0,1.38e-05,3.85e-06,3.584415584415584,-1,-1,FAIL,
ev4_ec4_n67_s1_gs,134,0.0,38.2,38.2,0.0,0.00897,0.000305,29.409836065573774,-1,-1,FAIL,
ev4_ec1_n54_s1_gs,108,0.0,38.1,38.1,0.0,0.00592,0.000209,28.32535885167464,-1,-1,FAIL,
ev4_ec1_n82_s1_gs,164,0.0,38.0,38.0,0.0,0.0142,0.000402,35.32338308457712,-1,-1,FAIL,
ev4_ec1_n86_s0_gs,172,0.0,37.9,38.0,0.0,0.0165,0.000489,33.742331288343564,-1,-1,FAIL,
ev6_ec1_n85_s3_gm,255,0.1,37.9,37.9,0.0,0.0281,0.00195,14.41025641025641,-1,-1,FAIL,
ev4_ec1_n33_s3_gm,99,0.0,37.8,37.7,0.0,0.00299,0.000327,9.143730886850154,-1,-1,FAIL,
ev4_ec4_n31_s1_gs,62,0.1,37.8,37.8,0.0,0.00155,6.5e-05,23.846153846153847,-1,-1,FAIL,
ev4_ec4_n35_s3_gs,70,0.0,37.8,37.8,0.0,0.00236,8.84e-05,26.696832579185525,-1,-1,FAIL,
ev8_ec1_n72_s0_gm,216,0.0,37.8,37.8,0.0,0.0161,0.00171,9.415204678362572,-1,-1,FAIL,
tri7_n80_gm,240,0.0,37.8,37.8,0.0,0.0191,0.0014,13.642857142857142,-1,-1,FAIL,
ev4_ec1_n21_s0_gs,42,0.1,37.7,37.7,0.0,0.000654,3.62e-05,18.066298342541437,-1,-1,FAIL,
ev4_ec4_n53_s3_gs,106,0.0,37.7,37.7,0.0,0.00577,0.000194,29.742268041237114,-1,-1,FAIL,
ev6_ec1_n39_s0_gs,78,0.0,37.5,37.5,0.0,0.00255,0.000114,22.36842105263158,-1,-1,FAIL,
ev4_ec1_n31_s1_gs,62,0.0,37.4,37.4,0.0,0.00167,6.54e-05,25.535168195718654,-1,-1,FAIL,
ev4_ec1_n61_s1_gs,122,0.0,37.4,37.4,0.0,0.00796,0.000225,35.37777777777778,-1,-1,FAIL,
ev5_ec1_n88_s2_gm,264,0.0,37.4,37.4,0.0,0.0314,0.000964,32.572614107883815,-1,-1,FAIL,
ev7_ec1_n11_s2_gs,22,0.3,37.4,37.2,0.0,0.000153,4.11e-06,37.22627737226278,-1,-1,FAIL,
tri3_n61_gs,122,0.1,37.4,37.4,0.0,0.00859,0.000259,33.166023166023166,-1,-1,FAIL,
ev3_ec4_n47_s2_gm,141,0.0,37.2,37.2,0.0,0.00936,0.000155,60.38709677419355,-1,-1,FAIL,
ev6_ec1_n15_s2_gs,30,0.1,37.1,37.2,0.0,0.000444,2.21e-05,20.090497737556564,-1,-1,FAIL,
ev4_ec1_n89_s0_gm,267,0.1,37.1,37.1,0.0,0.0245,0.00196,12.5,-1,-1,FAIL,
ev4_ec4_n65_s3_gs,130,0.0,37.1,37.1,0.0,0.00876,0.000262,33.43511450381679,-1,-1,FAIL,
ev4_ec4_n84_s1_gs,168,0.0,37.1,37.1,0.0,0.0148,0.000405,36.543209876543216,-1,-1,FAIL,
tri7_n47_gs,94,0.0,37.1,37.1,0.0,0.00429,0.00011,39.0,-1,-1,FAIL,
ev4_ec1_n77_s1_gs,154,0.0,37.0,37.0,0.0,0.0128,0.000347,36.88760806916427,-1,-1,FAIL,
ev6_ec1_n50_s3,50,0.1,37.0,37.0,0.0,0.000251,8.23e-05,3.0498177399756985,-1,-1,FAIL,
ev6_ec1_n93_s1_gs,186,0.0,37.0,37.0,0.0,0.0213,0.000656,32.46951219512195,-1,-1,FAIL,
tri6_n94_gs,188,0.0,37.0,37.0,0.0,0.0206,0.00085,24.23529411764706,-1,-1,FAIL,
ev6_ec1_n14_s3_gs,28,0.1,36.8,36.9,0.0,0.000316,2.09e-05,15.119617224880383,-1,-1,FAIL,
ev6_ec1_n38_s1_gs,76,0.0,36.9,36.9,0.0,0.00298,9.69e-05,30.753353973168217,-1,-1,FAIL,
ev7_ec1_n60_s3_gm,180,0.0,36.9,36.9,0.0,0.0144,0.000396,36.36363636363637,-1,-1,FAIL,
ev9_ec1_n51_s2_gm,153,0.0,36.8,36.9,0.0,0.00916,0.000311,29.453376205787777,-1,-1,FAIL,
ev9_ec1_n80_s2_gm,240,0.0,36.9,36.9,0.0,0.0239,0.00212,11.273584905660378,-1,-1,FAIL,
tri2_n85_gs,170,0.1,36.9,36.9,0.0,0.00965,0.000682,14.149560117302054,-1,-1,FAIL,
ev4_ec4_n39_s2_gs,78,0.0,36.8,36.8,0.0,0.00284,0.000103,27.572815533980584,-1,-1,FAIL,
ev4_ec1_n54_s3_gm,162,0.0,36.7,36.6,0.0,0.00754,0.00079,9.544303797468354,-1,-1,FAIL,
ev4_ec4_n88_s1_gs,176,0.0,36.7,36.7,0.0,0.0162,0.000447,36.24161073825503,-1,-1,FAIL,
ev2_ec1_n45_s3_gm,135,0.0,36.6,36.6,1.53e-16,0.000746,1.33e-05,56.090225563909776,-1,-1,FAIL,
ev4_ec1_n69_s3_gs,138,0.0,36.6,36.6,0.0,0.00973,0.000288,33.78472222222222,-1,-1,FAIL,
ev7_ec1_n82_s3_gm,246,0.0,36.6,36.6,0.0,0.0281,0.000584,48.11643835616439,-1,-1,FAIL,
ev7_ec1_n99_s1_gm,297,0.0,36.6,36.6,0.0,0.0412,0.000731,56.36114911080711,-1,-1,FAIL,
ev4_ec4_n37_s2_gs,74,0.0,36.5,36.5,0.0,0.00245,9.57e-05,25.600835945663533,-1,-1,FAIL,
tri6_n52_gs,104,0.1,36.5,36.5,0.0,0.00583,0.000262,22.251908396946565,-1,-1,FAIL,
tri7_n69_gm,207,0.0,36.5,36.5,0.0,0.0133,0.00106,12.547169811320755,-1,-1,FAIL,
ev6_ec1_n93_s2_gs,186,0.1,36.4,36.4,0.0,0.0189,0.000528,35.79545454545454,-1,-1,FAIL,
ev4_ec1_n15_s2_gs,30,0.1,36.3,36.3,0.0,0.000317,2.37e-05,13.375527426160337,-1,-1,FAIL,
ev4_ec1_n51_s0_gm,153,0.1,36.3,36.3,0.0,0.00651,0.000723,9.004149377593361,-1,-1,FAIL,
ev4_ec1_n54_s1_gm,162,0.0,36.2,36.3,0.0,0.00783,0.000784,9.987244897959185,-1,-1,FAIL,
ev4_ec1_n62_s3_gs,124,0.0,36.3,36.3,0.0,0.0076,0.000236,32.20338983050848,-1,-1,FAIL,
ev9_ec1_n19_s2_gs,38,0.2,36.2,36.3,0.0,0.000448,4.74e-05,9.451476793248945,-1,-1,FAIL,
ev3_ec4_n36_s2_gm,108,0.0,36.2,36.2,0.0,0.00548,0.00011,49.81818181818181,-1,-1,FAIL,
ev4_ec4_n41_s0_gm,123,0.0,36.2,36.2,0.0,0.00394,0.000473,8.329809725158562,-1,-1,FAIL,
ev4_ec4_n69_s1_gs,138,0.0,36.2,36.2,0.0,0.0093,0.000282,32.97872340425531,-1,-1,FAIL,
ev3_ec4_n77_s2_gm,231,0.0,36.1,36.1,0.0,0.0252,0.000314,80.2547770700637,-1,-1,FAIL,
ev4_ec1_n50_s1_gs,100,0.0,36.1,36.1,0.0,0.00498,0.000156,31.923076923076923,-1,-1,FAIL,
ev4_ec4_n75_s0_gs,150,0.0,36.0,36.1,0.0,0.0121,0.000327,37.00305810397553,-1,-1,FAIL,
ev5_ec1_n20_s1_gm,60,0.1,36.1,36.1,0.0,0.00145,0.000114,12.719298245614034,-1,-1,FAIL,
ev6_ec1_n18_s0,18,0.1,36.1,36.0,0.0,3.22e-05,1.56e-05,2.064102564102564,-1,-1,FAIL,
ev6_ec1_n48_s0_gs,96,0.0,36.1,36.1,0.0,0.00495,0.000174,28.448275862068968,-1,-1,FAIL,
ev6_ec1_n65_s3_gm,195,0.1,36.1,36.1,0.0,0.0155,0.00118,13.135593220338983,-1,-1,FAIL,
tri2_n59_gs,118,0.3,36.1,36.1,0.0,0.0046,0.000343,13.411078717201166,-1,-1,FAIL,
ev3_ec1_n35_s2,35,0.1,36.0,36.0,0.0,0.000127,2.57e-05,4.9416342412451355,-1,-1,FAIL,
ev3_ec4_n26_s3_gm,78,0.1,36.0,36.0,0.0,0.00294,6.86e-05,42.857142857142854,-1,-1,FAIL,
ev6_ec1_n78_s1,78,0.3,35.9,36.0,0.0,0.000637,0.000237,2.687763713080169,-1,-1,FAIL,
tri7_n85_gs,170,0.0,35.9,35.9,0.0,0.0146,0.000283,51.59010600706714,-1,-1,FAIL,
ev4_ec1_n22_s3_gs,44,0.1,35.8,35.8,0.0,0.00074,3.76e-05,19.680851063829788,-1,-1,FAIL,
ev4_ec1_n27_s2_gs,54,0.1,35.8,35.8,0.0,0.00122,5.31e-05,22.975517890772124,-1,-1,FAIL,
ev4_ec4_n45_s2_gs,90,0.0,35.8,35.8,0.0,0.00388,0.00014,27.71428571428572,-1,-1,FAIL,
tri6_n88_gs,176,0.0,35.8,35.8,0.0,0.0179,0.000733,24.420190995907227,-1,-1,FAIL,
ev6_ec1_n9_s3,9,0.4,35.6,35.7,0.0,1.59e-05,6.3e-06,2.5238095238095237,-1,-1,FAIL,
ev6_ec1_n25_s2_gm,75,0.0,35.6,35.7,0.0,0.00174,0.000191,9.109947643979057,-1,-1,FAIL,
ev5_ec4_n65_s2_gm,195,0.0,35.6,35.6,0.0,0.0179,0.000228,78.50877192982455,-1,-1,FAIL,
ev6_ec1_n28_s0,28,0.2,35.6,35.6,0.0,7.08e-05,3.12e-05,2.269230769230769,-1,-1,FAIL,
ev6_ec1_n80_s1_gs,160,0.0,35.6,35.6,0.0,0.016,0.000377,42.44031830238727,-1,-1,FAIL,
ev4_ec4_n50_s0_gs,100,0.0,35.5,35.5,0.0,0.00502,0.000167,30.05988023952096,-1,-1,FAIL,
ev5_ec1_n15_s3_gm,45,0.1,35.5,35.5,0.0,0.000691,4.9e-05,14.10204081632653,-1,-1,FAIL,
ev8_ec1_n17_s0_gs,34,0.1,35.5,35.5,0.0,0.000551,2.87e-05,19.198606271777003,-1,-1,FAIL,
ev5_ec1_n9_s0_gs,18,0.3,35.1,35.3,0.0,0.000183,9.61e-06,19.042663891779398,-1,-1,FAIL,
ev6_ec1_n15_s3_gs,30,0.1,35.3,35.3,0.0,0.00037,2.15e-05,17.209302325581394,-1,-1,FAIL,
ev6_ec1_n63_s3_gs,126,0.0,35.3,35.3,0.0,0.00984,0.000248,39.677419354838705,-1,-1,FAIL,
ev6_ec1_n78_s0_gs,156,0.0,35.3,35.2,0.0,0.0117,0.000469,24.946695095948826,-1,-1,FAIL,
tri7_n96_gm,288,0.0,35.3,35.3,0.0,0.0285,0.00203,14.039408866995073,-1,-1,FAIL,
ev4_ec4_n18_s3_gs,36,0.1,35.1,35.2,0.0,0.000489,2.86e-05,17.097902097902097,-1,-1,FAIL,
ev6_ec1_n18_s2_gs,36,0.1,35.1,35.1,0.0,0.000659,3.28e-05,20.09146341463415,-1,-1,FAIL,
ev9_ec1_n95_s0_gm,285,0.0,35.1,35.1,0.0,0.0322,0.00094,34.255319148936174,-1,-1,FAIL,
tri6_n18_gs,36,0.1,35.1,35.1,0.0,0.000579,3.85e-05,15.038961038961038,-1,-1,FAIL,
ev3_ec4_n8_s3_gs,16,0.3,35.0,34.9,0.0,0.000154,2.02e-05,7.623762376237624,-1,-1,FAIL,
ev4_ec1_n28_s3_gs,56,0.0,35.0,35.0,0.0,0.00128,5.27e-05,24.28842504743833,-1,-1,FAIL,
ev4_ec4_n53_s2_gs,106,0.0,35.0,35.0,0.0,0.00552,0.000173,31.90751445086705,-1,-1,FAIL,
ev4_ec4_n88_s3_gs,176,0.0,35.0,35.0,0.0,0.0163,0.000441,36.96145124716553,-1,-1,FAIL,
ev4_ec4_n93_s1_gs,186,0.0,35.0,35.0,0.0,0.0186,0.00056,33.214285714285715,-1,-1,FAIL,
tri6_n20_gs,40,0.1,35.0,35.0,0.0,0.000707,4.44e-05,15.923423423423422,-1,-1,FAIL,
ev6_ec1_n26_s1_gs,52,0.1,34.9,34.9,0.0,0.00135,6.27e-05,21.531100478468897,-1,-1,FAIL,
ev5_ec1_n15_s0,15,0.1,34.8,34.8,0.0,3.44e-05,8.76e-06,3.9269406392694064,-1,-1,FAIL,
ev6_ec1_n36_s0_gs,72,0.0,34.8,34.8,0.0,0.00265,8.42e-05,31.47268408551069,-1,-1,FAIL,
ev6_ec1_n87_s2_gs,174,0.0,34.7,34.7,0.0,0.0173,0.000577,29.982668977469668,-1,-1,FAIL,
ev8_ec1_n45_s2_gm,135,0.1,34.7,34.7,0.0,0.00636,0.000719,8.845618915159944,-1,-1,FAIL,
ev4_ec1_n27_s0_gs,54,0.0,34.6,34.6,0.0,0.00117,5.26e-05,22.243346007604565,-1,-1,FAIL,
ev4_ec1_n38_s1_gs,76,0.0,34.6,34.6,0.0,0.00252,9.28e-05,27.155172413793103,-1,-1,FAIL,
ev4_ec4_n90_s1_gs,180,0.0,34.6,34.6,0.0,0.0184,0.000953,19.307450157397692,-1,-1,FAIL,
ev4_ec4_n90_s3_gm,270,0.0,34.6,34.6,0.0,0.0248,0.00204,12.156862745098039,-1,-1,FAIL,
ev4_ec4_n22_s0_gs,44,0.1,34.5,34.5,0.0,0.000719,3.95e-05,18.20253164556962,-1,-1,FAIL,
ev4_ec4_n61_s0_gs,122,0.0,34.5,34.5,0.0,0.00739,0.000227,32.55506607929515,-1,-1,FAIL,
ev6_ec1_n74_s2_gs,148,0.1,34.5,34.5,0.0,0.0132,0.000324,40.74074074074074,-1,-1,FAIL,
ev7_ec1_n40_s3_gm,120,0.2,34.5,34.5,0.0,0.00582,1.19e-05,489.07563025210084,-1,-1,FAIL,
ev8_ec1_n15_s3_gm,45,0.2,34.5,34.5,0.0,0.00062,8.58e-05,7.226107226107226,-1,-1,FAIL,
tri7_n43_gs,86,0.0,34.5,34.5,0.0,0.00342,9.73e-05,35.14902363823227,-1,-1,FAIL,
ev4_ec1_n49_s1_gs,98,0.0,34.4,34.4,0.0,0.00459,0.000176,26.079545454545457,-1,-1,FAIL,
ev4_ec1_n85_s0_gs,170,0.0,34.4,34.4,0.0,0.015,0.000409,36.67481662591687,-1,-1,FAIL,
ev4_ec4_n38_s2_gs,76,0.0,34.4,34.4,0.0,0.00251,9e-05,27.88888888888889,-1,-1,FAIL,
ev4_ec4_n43_s3_gs,86,0.0,34.4,34.4,0.0,0.00328,0.000114,28.7719298245614,-1,-1,FAIL,
ev6_ec1_n65_s3_gs,130,0.0,34.4,34.4,0.0,0.0104,0.000263,39.543726235741445,-1,-1,FAIL,
ev4_ec1_n60_s2_gm,180,0.0,34.3,34.3,0.0,0.00956,0.000992,9.637096774193548,-1,-1,FAIL,
ev4_ec4_n54_s1_gs,108,0.0,34.3,34.3,0.0,0.00588,0.000178,33.03370786516854,-1,-1,FAIL,
ev8_ec1_n46_s2_gm,138,0.0,34.3,34.3,0.0,0.00679,0.000749,9.065420560747663,-1,-1,FAIL,
tri7_n48_gs,96,0.0,34.3,34.3,0.0,0.00442,0.000115,38.434782608695656,-1,-1,FAIL,
ev4_ec1_n69_s0_gs,138,0.0,34.2,34.2,0.0,0.00962,0.000324,29.691358024691358,-1,-1,FAIL,
ev4_ec4_n49_s1_gs,98,0.0,34.2,34.2,0.0,0.00456,0.000161,28.322981366459626,-1,-1,FAIL,
ev4_ec4_n100_s3_gs,200,0.0,34.2,34.2,0.0,0.0217,0.000552,39.311594202898554,-1,-1,FAIL,
ev5_ec4_n56_s0_gm,168,0.0,34.1,34.1,0.0,0.0132,0.000344,38.372093023255815,-1,-1,FAIL,
ev8_ec1_n13_s1_gm,39,0.1,34.1,34.0,0.0,0.000494,6.9e-05,7.159420289855072,-1,-1,FAIL,
ev8_ec1_n94_s3_gm,282,0.1,34.1,34.1,0.0,0.0298,0.00283,10.530035335689046,-1,-1,FAIL,
tri7_n33_gs,66,0.0,34.1,34.1,0.0,0.00188,6.41e-05,29.329173166926676,-1,-1,FAIL,
tri7_n100_gs,200,0.0,34.1,34.1,0.0,0.021,0.000376,55.85106382978724,-1,-1,FAIL,
ev6_ec1_n60_s0_gs,120,0.1,33.9,34.0,0.0,0.00694,0.000309,22.459546925566343,-1,-1,FAIL,
ev8_ec1_n50_s1_gm,150,0.0,34.0,34.0,0.0,0.00744,0.000861,8.641114982578397,-1,-1,FAIL,
ev8_ec1_n58_s1_gm,174,0.0,34.0,34.0,0.0,0.0106,0.00115,9.217391304347826,-1,-1,FAIL,
ev9_ec1_n38_s1_gs,76,0.3,34.0,34.0,0.0,0.00218,0.00018,12.11111111111111,-1,-1,FAIL,
ev9_ec1_n79_s3_gm,237,0.0,34.0,34.0,0.0,0.025,0.00204,12.254901960784313,-1,-1,FAIL,
ev4_ec1_n83_s0_gs,166,0.0,33.9,33.9,0.0,0.0141,0.000397,35.51637279596977,-1,-1,FAIL,
ev6_ec1_n66_s2_gs,132,0.0,33.9,33.9,0.0,0.0101,0.000256,39.453125,-1,-1,FAIL,
ev9_ec1_n22_s2_gs,44,0.1,33.9,33.8,0.0,0.000653,6.58e-05,9.924012158054712,-1,-1,FAIL,
ev4_ec1_n41_s2_gs,82,0.0,33.8,33.8,0.0,0.00324,0.00012,26.999999999999996,-1,-1,FAIL,
ev4_ec1_n44_s3_gs,88,0.0,33.8,33.8,0.0,0.00345,0.000128,26.953125,-1,-1,FAIL,
ev4_ec4_n41_s0_gs,82,0.0,33.8,33.8,0.0,0.00295,0.000103,28.640776699029125,-1,-1,FAIL,
ev6_ec1_n77_s0_gs,154,0.0,33.8,33.8,0.0,0.011,0.000372,29.56989247311828,-1,-1,FAIL,
ev8_ec1_n69_s0_gm,207,0.0,33.8,33.8,0.0,0.0149,0.00153,9.738562091503269,-1,-1,FAIL,
ev4_ec1_n96_s3_gs,192,0.0,33.7,33.7,0.0,0.0197,0.000513,38.40155945419103,-1,-1,FAIL,
ev6_ec1_n62_s0,62,0.1,33.6,33.7,0.0,0.000441,0.000124,3.5564516129032255,-1,-1,FAIL,
ev8_ec1_n92_s1_gm,276,0.0,33.7,33.7,0.0,0.0281,0.00272,10.330882352941176,-1,-1,FAIL,
ev4_ec4_n14_s0_gs,28,0.1,33.6,33.5,0.0,0.000285,1.99e-05,14.321608040201005,-1,-1,FAIL,
ev4_ec4_n62_s3_gs,124,0.0,33.6,33.6,0.0,0.00836,0.000232,36.03448275862068,-1,-1,FAIL,
ev4_ec4_n99_s2_gs,198,0.1,33.6,33.6,0.0,0.0227,0.00114,19.912280701754387,-1,-1,FAIL,
ev6_ec1_n66_s0_gs,132,0.0,33.6,33.6,0.0,0.0076,0.000345,22.02898550724638,-1,-1,FAIL,
tri6_n61_gs,122,0.0,33.6,33.6,0.0,0.00806,0.000364,22.142857142857142,-1,-1,FAIL,
tri4_n22_gs,44,0.1,33.5,33.5,0.0,0.000701,3.39e-05,20.678466076696168,-1,-1,FAIL,
ev3_ec4_n19_s1_gm,57,0.1,33.4,33.3,0.0,0.00156,4.92e-05,31.707317073170728,-1,-1,FAIL,
ev4_ec1_n34_s1_gs,68,0.0,33.4,33.4,0.0,0.00199,7.87e-05,25.2858958068615,-1,-1,FAIL,
ev5_ec1_n14_s1,14,0.1,33.2,33.4,0.0,3.54e-05,1.16e-05,3.0517241379310343,-1,-1,FAIL,
ev4_ec1_n39_s2_gs,78,0.0,33.3,33.3,0.0,0.00291,0.000107,27.19626168224299,-1,-1,FAIL,
ev4_ec4_n85_s0_gs,170,0.0,33.3,33.3,0.0,0.0148,0.000413,35.83535108958838,-1,-1,FAIL,
ev6_ec1_n19_s0_gs,38,0.1,33.3,33.3,0.0,0.000497,3.09e-05,16.08414239482201,-1,-1,FAIL,
ev6_ec1_n89_s2_gs,178,0.0,33.2,33.3,0.0,0.0174,0.00046,37.826086956521735,-1,-1,FAIL,
ev9_ec1_n9_s1_gs,18,0.2,33.3,33.2,0.0,9.13e-05,1.59e-05,5.742138364779874,-1,-1,FAIL,
tri7_n18_gs,36,0.1,33.3,33.2,0.0,0.000484,2.62e-05,18.473282442748094,-1,-1,FAIL,
ev3_ec1_n75_s1_gm,225,0.0,33.2,33.2,0.0,0.0229,0.000989,23.154701718907987,-1,-1,FAIL,
ev4_ec1_n27_s1_gs,54,0.0,33.2,33.1,0.0,0.00114,4.91e-05,23.217922606924642,-1,-1,FAIL,
ev5_ec4_n84_s1_gm,252,0.0,33.2,33.2,0.0,0.0291,0.000539,53.988868274582565,-1,-1,FAIL,
ev7_ec1_n90_s2_gm,270,0.0,33.2,33.2,0.0,0.0347,0.000814,42.62899262899263,-1,-1,FAIL,
ev4_ec1_n36_s1_gs,72,0.0,33.1,33.0,0.0,0.00219,8.22e-05,26.642335766423358,-1,-1,FAIL,
ev4_ec4_n24_s1_gs,48,0.1,33.1,33.1,0.0,0.000877,4.2e-05,20.88095238095238,-1,-1,FAIL,
ev5_ec1_n19_s3_gm,57,0.1,33.1,33.1,0.0,0.00122,8.85e-05,13.785310734463277,-1,-1,FAIL,
ev5_ec4_n55_s2_gm,165,0.1,33.1,33.1,0.0,0.0128,0.000171,74.85380116959064,-1,-1,FAIL,
ev4_ec1_n60_s0_gs,120,0.0,32.9,33.0,0.0,0.00711,0.000229,31.048034934497814,-1,-1,FAIL,
ev4_ec4_n31_s2_gs,62,0.0,33.0,33.0,0.0,0.00156,6.79e-05,22.97496318114875,-1,-1,FAIL,
ev4_ec4_n33_s0_gs,66,0.0,33.0,32.9,0.0,0.00183,6.85e-05,26.715328467153284,-1,-1,FAIL,
ev4_ec4_n35_s3_gm,105,0.0,33.0,33.0,0.0,0.00289,0.000355,8.140845070422536,-1,-1,FAIL,
ev6_ec1_n71_s0_gs,142,0.0,33.0,33.0,0.0,0.00928,0.000299,31.036789297658864,-1,-1,FAIL,
tri7_n98_gs,196,0.0,33.0,33.0,0.0,0.0195,0.000364,53.57142857142857,-1,-1,FAIL,
ev4_ec4_n33_s2_gs,66,0.0,32.9,32.9,0.0,0.00189,7.32e-05,25.819672131147538,-1,-1,FAIL,
ev6_ec1_n39_s3,39,0.1,32.9,32.9,0.0,0.000158,5.47e-05,2.888482632541133,-1,-1,FAIL,
ev6_ec1_n100_s2_gm,300,0.0,32.9,32.9,0.0,0.0351,0.00248,14.153225806451612,-1,-1,FAIL,
ev4_ec4_n39_s3_gm,117,0.1,32.8,32.8,0.0,0.00351,0.000442,7.9411764705882355,-1,-1,FAIL,
ev4_ec4_n97_s0_gs,194,0.0,32.8,32.8,0.0,0.0202,0.000531,38.04143126177024,-1,-1,FAIL,
ev5_ec1_n92_s1,92,0.1,32.8,32.8,0.0,0.000859,0.000132,6.507575757575757,-1,-1,FAIL,
ev6_ec1_n29_s0_gs,58,0.1,32.8,32.8,0.0,0.00152,6.62e-05,22.960725075528703,-1,-1,FAIL,
ev9_ec1_n12_s2_gs,24,0.2,32.8,32.7,0.0,0.000204,2.28e-05,8.947368421052632,-1,-1,FAIL,
tri4_n67_gs,134,0.0,32.8,32.8,0.0,0.00876,0.000216,40.55555555555556,-1,-1,FAIL,
ev4_ec1_n44_s2_gs,88,0.0,32.6,32.6,0.0,0.00358,0.000133,26.917293233082702,-1,-1,FAIL,
ev4_ec4_n16_s2_gs,32,0.1,32.6,32.5,0.0,0.000382,2.52e-05,15.15873015873016,-1,-1,FAIL,
ev4_ec4_n96_s0_gs,192,0.0,32.6,32.6,0.0,0.0195,0.000523,37.284894837476095,-1,-1,FAIL,
ev5_ec1_n78_s2_gm,234,0.0,32.6,32.6,0.0,0.0247,0.000796,31.030150753768844,-1,-1,FAIL,
ev4_ec1_n39_s1_gs,78,0.0,32.5,32.5,0.0,0.0027,9.22e-05,29.284164859002168,-1,-1,FAIL,
ev4_ec4_n19_s1_gs,38,0.1,32.5,32.5,0.0,0.000526,2.99e-05,17.59197324414716,-1,-1,FAIL,
ev5_ec1_n78_s3_gm,234,0.0,32.5,32.5,0.0,0.0258,0.000843,30.604982206405694,-1,-1,FAIL,
ev6_ec1_n20_s0_gs,40,0.1,32.5,32.5,0.0,0.000565,3.54e-05,15.96045197740113,-1,-1,FAIL,
ev6_ec1_n53_s3_gm,159,0.0,32.5,32.5,0.0,0.00899,0.00078,11.525641025641026,-1,-1,FAIL,
tri4_n88_gs,176,0.0,32.5,32.5,0.0,0.016,0.000347,46.10951008645534,-1,-1,FAIL,
ev5_ec1_n85_s1,85,0.1,32.4,32.3,0.0,0.000806,0.000167,4.826347305389222,-1,-1,FAIL,
ev6_ec1_n27_s0_gs,54,0.0,32.4,32.3,0.0,0.00123,5.85e-05,21.025641025641026,-1,-1,FAIL,
ev6_ec1_n36_s1_gs,72,0.0,32.4,32.4,0.0,0.00264,8.38e-05,31.5035799522673,-1,-1,FAIL,
ev6_ec1_n64_s0_gs,128,0.1,32.4,32.4,0.0,0.00765,0.000332,23.042168674698793,-1,-1,FAIL,
tri4_n36_gs,72,0.0,32.4,32.4,0.0,0.00216,7.69e-05,28.08842652795839,-1,-1,FAIL,
tri6_n37_gs,74,0.0,32.4,32.4,0.0,0.00273,0.000138,19.782608695652172,-1,-1,FAIL,
tri7_n26_gs,52,0.0,32.4,32.3,0.0,0.00107,4.35e-05,24.597701149425287,-1,-1,FAIL,
ev5_ec1_n22_s3,22,0.1,32.3,32.2,0.0,6.24e-05,1.62e-05,3.8518518518518516,-1,-1,FAIL,
ev4_ec1_n78_s1_gs,156,0.1,32.2,32.2,0.0,0.0138,0.000724,19.06077348066298,-1,-1,FAIL,
ev4_ec1_n95_s1_gs,190,0.0,32.2,32.2,0.0,0.0205,0.000583,35.162950257289886,-1,-1,FAIL,
ev4_ec4_n45_s2_gm,135,0.0,32.2,32.2,0.0,0.00489,0.000569,8.594024604569421,-1,-1,FAIL,
ev4_ec4_n58_s2_gm,174,0.0,32.2,32.2,0.0,0.00889,0.000883,10.067950169875425,-1,-1,FAIL,
ev4_ec4_n74_s2_gs,148,0.0,32.2,32.2,0.0,0.0115,0.000327,35.16819571865444,-1,-1,FAIL,
ev6_ec1_n84_s0_gs,168,0.1,32.1,32.1,0.0,0.0162,0.000532,30.45112781954887,-1,-1,FAIL,
ev9_ec1_n28_s2_gs,56,0.2,32.1,32.1,0.0,0.00114,0.00011,10.363636363636363,-1,-1,FAIL,
tri4_n49_gs,98,0.0,32.1,32.0,0.0,0.00426,0.000121,35.20661157024793,-1,-1,FAIL,
ev4_ec1_n66_s1_gs,132,0.0,32.0,32.0,0.0,0.0093,0.000262,35.49618320610686,-1,-1,FAIL,
ev6_ec1_n22_s3_gs,44,0.1,32.0,32.0,0.0,0.000943,3.9e-05,24.179487179487182,-1,-1,FAIL,
ev6_ec1_n55_s3_gs,110,0.0,32.0,32.0,0.0,0.00729,0.000194,37.577319587628864,-1,-1,FAIL,
ev9_ec1_n16_s1_gs,32,0.4,32.0,31.9,0.0,0.000391,3.73e-05,10.482573726541556,-1,-1,FAIL,
ev4_ec4_n29_s3_gs,58,0.1,31.9,31.9,0.0,0.0014,5.88e-05,23.80952380952381,-1,-1,FAIL,
ev9_ec1_n30_s3_gs,60,0.1,31.9,31.9,0.0,0.00133,0.000124,10.725806451612902,-1,-1,FAIL,
ev6_ec1_n58_s1_gm,174,0.1,31.8,31.8,0.0,0.0113,0.000897,12.597547380156074,-1,-1,FAIL,
ev4_ec1_n90_s1_gs,180,0.0,31.7,31.7,0.0,0.018,0.000933,19.292604501607716,-1,-1,FAIL,
ev4_ec4_n13_s0_gs,26,0.1,31.6,31.7,0.0,0.000239,1.79e-05,13.35195530726257,-1,-1,FAIL,
ev6_ec1_n40_s2_gm,120,0.0,31.7,31.7,0.0,0.00553,0.000445,12.426966292134832,-1,-1,FAIL,
ev4_ec4_n20_s3_gs,40,0.1,31.5,31.6,0.0,0.000586,3.31e-05,17.703927492447132,-1,-1,FAIL,
ev4_ec4_n31_s0_gs,62,0.0,31.6,31.6,0.0,0.00155,6.04e-05,25.662251655629138,-1,-1,FAIL,
ev6_ec1_n12_s3,12,0.4,31.6,31.5,0.0,2.05e-05,1.01e-05,2.0297029702970297,-1,-1,FAIL,
ev6_ec1_n66_s0,66,0.2,31.6,31.5,0.0,0.000514,0.000176,2.920454545454546,-1,-1,FAIL,
ev3_ec1_n12_s3_gs,24,0.2,31.5,31.3,0.0,0.000333,1.12e-05,29.73214285714286,-1,-1,FAIL,
ev3_ec4_n12_s0_gs,24,0.1,31.5,31.3,0.0,0.000286,8.79e-06,32.53697383390216,-1,-1,FAIL,
ev4_ec1_n25_s3_gs,50,0.1,31.4,31.4,0.0,0.00103,5.18e-05,19.884169884169886,-1,-1,FAIL,
ev4_ec4_n79_s1_gs,158,0.0,31.4,31.4,0.0,0.0131,0.000359,36.49025069637883,-1,-1,FAIL,
ev4_ec4_n87_s1_gs,174,0.0,31.4,31.4,0.0,0.0167,0.000487,34.29158110882957,-1,-1,FAIL,
ev6_ec1_n67_s0_gs,134,0.0,31.3,31.4,0.0,0.008,0.00037,21.62162162162162,-1,-1,FAIL,
ev8_ec1_n97_s3_gm,291,0.0,31.4,31.4,0.0,0.0312,0.00297,10.505050505050505,-1,-1,FAIL,
ev4_ec4_n81_s0_gm,243,0.0,31.3,31.3,0.0,0.0201,0.00161,12.48447204968944,-1,-1,FAIL,
ev5_ec1_n89_s3_gm,267,0.0,31.3,31.3,0.0,0.0336,0.00118,28.474576271186436,-1,-1,FAIL,
ev6_ec1_n34_s3_gm,102,0.0,31.3,31.3,0.0,0.00363,0.000344,10.552325581395348,-1,-1,FAIL,
ev6_ec1_n91_s3_gs,182,0.0,31.3,31.3,0.0,0.021,0.00048,43.75,-1,-1,FAIL,
tri4_n16_gs,32,0.1,31.2,31.3,0.0,0.000339,2.19e-05,15.479452054794521,-1,-1,FAIL,
ev2_ec1_n74_s0,74,0.1,31.2,31.2,0.0,0.000484,7.79e-06,62.130937098844676,-1,-1,FAIL,
ev6_ec1_n60_s2_gs,120,0.0,31.2,31.2,0.0,0.00824,0.00024,34.333333333333336,-1,-1,FAIL,
ev3_ec4_n15_s3,15,0.1,31.0,31.1,0.0,3.8e-05,6.46e-06,5.882352941176471,-1,-1,FAIL,
ev3_ec4_n28_s3_gm,84,0.1,31.1,31.0,0.0,0.00335,8.58e-05,39.044289044289044,-1,-1,FAIL,
ev4_ec4_n86_s3_gs,172,0.0,31.1,31.1,0.0,0.0155,0.000428,36.21495327102804,-1,-1,FAIL,
ev5_ec1_n75_s0_gm,225,0.0,31.1,31.1,0.0,0.023,0.000773,29.754204398447605,-1,-1,FAIL,
ev9_ec1_n20_s2_gs,40,0.1,31.1,31.1,0.0,0.000519,5.4e-05,9.611111111111112,-1,-1,FAIL,
ev9_ec1_n75_s2_gm,225,0.0,31.1,31.1,0.0,0.0206,0.000908,22.687224669603527,-1,-1,FAIL,
tri4_n92_gs,184,0.0,31.1,31.1,0.0,0.0175,0.000379,46.17414248021109,-1,-1,FAIL,
tri5_n90_gs,180,0.0,31.1,31.1,0.0,0.0105,0.00034,30.88235294117647,-1,-1,FAIL,
tri6_n7_gs,14,0.1,31.1,31.1,0.0,7.08e-05,6.53e-06,10.842266462480858,-1,-1,FAIL,
tri7_n42_gs,84,0.0,31.0,31.1,0.0,0.00332,9.12e-05,36.40350877192983,-1,-1,FAIL,
ev4_ec1_n60_s2_gs,120,0.0,30.9,31.0,0.0,0.00699,0.000228,30.657894736842103,-1,-1,FAIL,
ev4_ec4_n70_s3_gs,140,0.0,31.0,31.0,0.0,0.0101,0.000286,35.31468531468531,-1,-1,FAIL,
ev3_ec4_n15_s1_gs,30,0.2,30.7,30.9,0.0,0.000437,1.28e-05,34.140625,-1,-1,FAIL,
ev6_ec1_n44_s1_gs,88,0.0,30.9,30.9,0.0,0.00416,0.000125,33.279999999999994,-1,-1,FAIL,
ev6_ec1_n55_s2_gs,110,0.0,30.9,30.8,0.0,0.00678,0.000199,34.07035175879397,-1,-1,FAIL,
ev6_ec1_n68_s1_gm,204,0.0,30.9,30.9,0.0,0.0171,0.00122,14.016393442622952,-1,-1,FAIL,
ev9_ec1_n15_s1_gs,30,0.4,30.8,30.9,0.0,0.000289,3.3e-05,8.757575757575756,-1,-1,FAIL,
ev4_ec1_n41_s0_gs,82,0.0,30.8,30.8,0.0,0.00301,0.000112,26.875,-1,-1,FAIL,
ev4_ec1_n48_s3_gs,96,0.0,30.8,30.8,0.0,0.00424,0.000146,29.041095890410958,-1,-1,FAIL,
ev4_ec1_n51_s2_gm,153,0.0,30.7,30.8,0.0,0.0066,0.000705,9.361702127659575,-1,-1,FAIL,
ev4_ec1_n95_s0_gs,190,0.0,30.8,30.7,0.0,0.0197,0.000517,38.10444874274661,-1,-1,FAIL,
ev5_ec4_n50_s0_gm,150,0.0,30.8,30.8,0.0,0.0104,0.00017,61.17647058823529,-1,-1,FAIL,
ev9_ec1_n30_s0_gs,60,0.2,30.7,30.8,0.0,0.00129,0.000119,10.84033613445378,-1,-1,FAIL,
ev9_ec1_n50_s3_gm,150,0.0,30.8,30.8,0.0,0.00878,0.000881,9.96594778660613,-1,-1,FAIL,
ev4_ec4_n48_s0_gs,96,0.0,30.7,30.7,0.0,0.00419,0.000158,26.518987341772153,-1,-1,FAIL,
ev6_ec1_n28_s3,28,0.2,30.7,30.7,0.0,6.84e-05,3.1e-05,2.2064516129032254,-1,-1,FAIL,
ev6_ec1_n97_s1_gs,194,0.1,30.7,30.7,0.0,0.0235,0.000662,35.49848942598187,-1,-1,FAIL,
ev8_ec1_n12_s3_gm,36,0.1,30.7,30.6,0.0,0.000363,5.42e-05,6.697416974169741,-1,-1,FAIL,
ev9_ec1_n79_s1_gm,237,0.0,30.7,30.7,0.0,0.0228,0.000707,32.24893917963225,-1,-1,FAIL,
tri4_n94_gs,188,0.0,30.7,30.7,0.0,0.0185,0.000392,47.19387755102041,-1,-1,FAIL,
ev3_ec4_n49_s3_gm,147,0.0,30.6,30.6,0.0,0.0103,0.000163,63.190184049079754,-1,-1,FAIL,
ev4_ec4_n50_s3_gs,100,0.0,30.6,30.6,0.0,0.00483,0.000147,32.85714285714286,-1,-1,FAIL,
ev4_ec4_n99_s1_gs,198,0.0,30.6,30.6,0.0,0.022,0.000552,39.85507246376812,-1,-1,FAIL,
ev5_ec4_n15_s1_gm,45,0.1,30.4,30.6,0.0,0.000968,8.33e-05,11.62064825930372,-1,-1,FAIL,
ev3_ec1_n15_s3,15,0.1,30.4,30.5,0.0,3.99e-05,9.95e-06,4.010050251256281,-1,-1,FAIL,
ev3_ec4_n46_s2_gm,138,0.0,30.5,30.5,0.0,0.00895,0.000122,73.36065573770492,-1,-1,FAIL,
ev6_ec1_n24_s1_gs,48,0.1,30.4,30.5,0.0,0.000992,4.77e-05,20.79664570230608,-1,-1,FAIL,
ev6_ec1_n76_s2,76,0.2,30.5,30.5,0.0,0.000729,0.000233,3.1287553648068673,-1,-1,FAIL,
ev6_ec1_n82_s3_gs,164,0.0,30.5,30.5,0.0,0.0167,0.000389,42.930591259640096,-1,-1,FAIL,
tri7_n54_gs,108,0.0,30.5,30.5,0.0,0.00566,0.00014,40.42857142857143,-1,-1,FAIL,
ev6_ec1_n36_s2_gs,72,0.1,30.4,30.4,0.0,0.00315,8.68e-05,36.29032258064516,-1,-1,FAIL,
tri4_n48_gm,144,0.0,30.4,30.4,0.0,0.00542,0.000592,9.155405405405407,-1,-1,FAIL,
tri7_n71_gm,213,0.0,30.4,30.4,0.0,0.0143,0.00113,12.65486725663717,-1,-1,FAIL,
ev4_ec1_n39_s2_gm,117,0.0,30.3,30.3,0.0,0.00369,0.00043,8.58139534883721,-1,-1,FAIL,
ev4_ec1_n55_s1_gs,110,0.0,30.3,30.3,0.0,0.00585,0.000188,31.117021276595747,-1,-1,FAIL,
ev4_ec4_n99_s3_gs,198,0.0,30.3,30.3,0.0,0.0226,0.00111,20.360360360360357,-1,-1,FAIL,
ev6_ec1_n22_s1_gs,44,0.1,30.3,30.2,0.0,0.000921,3.8e-05,24.236842105263158,-1,-1,FAIL,
ev7_ec1_n53_s0_gm,159,0.0,30.3,30.3,0.0,0.0114,0.000382,29.842931937172775,-1,-1,FAIL,
tri4_n55_gs,110,0.0,30.3,30.3,0.0,0.00558,0.00015,37.2,-1,-1,FAIL,
ev6_ec1_n47_s2,47,0.2,30.1,30.2,0.0,0.000323,0.000106,3.0471698113207544,-1,-1,FAIL,
ev9_ec1_n11_s3_gs,22,0.5,30.2,30.1,0.0,0.000143,2.15e-05,6.651162790697675,-1,-1,FAIL,
ev3_ec4_n10_s1,10,0.1,30.1,30.1,0.0,2.28e-05,4.81e-06,4.74012474012474,-1,-1,FAIL,
ev4_ec4_n39_s2_gm,117,0.1,30.1,30.1,0.0,0.00356,0.000437,8.14645308924485,-1,-1,FAIL,
ev4_ec4_n41_s3_gm,123,0.1,30.1,30.1,0.0,0.00388,0.000488,7.950819672131148,-1,-1,FAIL,
ev6_ec1_n53_s1_gs,106,0.0,30.1,30.1,0.0,0.00668,0.000181,36.9060773480663,-1,-1,FAIL,
ev6_ec1_n68_s0_gs,136,0.1,30.1,30.1,0.0,0.00921,0.000296,31.114864864864863,-1,-1,FAIL,
ev6_ec1_n98_s2_gs,196,0.1,30.1,30.1,0.0,0.0216,0.000579,37.30569948186529,-1,-1,FAIL,
ev4_ec1_n45_s1_gs,90,0.0,30.0,30.0,0.0,0.00371,0.000126,29.444444444444446,-1,-1,FAIL,
ev4_ec4_n29_s0_gs,58,0.0,29.9,30.0,0.0,0.00145,5.63e-05,25.75488454706927,-1,-1,FAIL,
ev6_ec1_n77_s2_gs,154,0.0,30.0,30.0,0.0,0.0141,0.000346,40.7514450867052,-1,-1,FAIL,
tri6_n64_gs,128,0.1,30.0,30.0,0.0,0.00905,0.000402,22.512437810945276,-1,-1,FAIL,
ev3_ec4_n100_s1_gm,300,0.0,29.9,29.9,0.0,0.0427,0.000488,87.5,-1,-1,FAIL,
ev4_ec1_n37_s0_gm,111,0.0,29.9,29.9,0.0,0.00313,0.000392,7.98469387755102,-1,-1,FAIL,
ev4_ec1_n57_s0_gm,171,0.0,29.9,29.9,0.0,0.00858,0.000862,9.953596287703016,-1,-1,FAIL,
ev4_ec1_n62_s1_gs,124,0.0,29.9,29.9,0.0,0.00783,0.000238,32.89915966386555,-1,-1,FAIL,
ev4_ec4_n47_s2_gs,94,0.2,29.9,29.9,0.0,0.00421,0.000153,27.516339869281047,-1,-1,FAIL,
ev4_ec4_n83_s1_gs,166,0.0,29.9,29.9,0.0,0.0149,0.000451,33.03769401330377,-1,-1,FAIL,
ev4_ec4_n91_s1_gs,182,0.0,29.9,29.9,0.0,0.0177,0.00046,38.47826086956522,-1,-1,FAIL,
ev5_ec1_n9_s0_gm,27,0.1,29.9,29.7,0.0,0.000226,2.81e-05,8.042704626334519,-1,-1,FAIL,
tri4_n42_gs,84,0.0,29.9,29.9,0.0,0.00307,9.69e-05,31.682146542827656,-1,-1,FAIL,
ev4_ec1_n64_s1_gs,128,0.0,29.8,29.8,0.0,0.00819,0.000245,33.42857142857143,-1,-1,FAIL,
ev4_ec1_n87_s0_gs,174,0.0,29.8,29.8,0.0,0.0169,0.00043,39.302325581395344,-1,-1,FAIL,
ev4_ec4_n63_s0_gm,189,0.0,29.8,29.8,0.0,0.0109,0.00104,10.480769230769232,-1,-1,FAIL,
ev6_ec1_n99_s0_gs,198,0.1,29.8,29.8,0.0,0.0226,0.0012,18.833333333333332,-1,-1,FAIL,
tri2_n47,47,0.4,29.8,29.8,0.0,0.000154,5.35e-05,2.878504672897196,-1,-1,FAIL,
tri2_n87_gs,174,0.1,29.8,29.8,0.0,0.0101,0.000671,15.052160953800296,-1,-1,FAIL,
tri7_n83_gs,166,0.0,29.8,29.8,0.0,0.014,0.000272,51.470588235294116,-1,-1,FAIL,
tri7_n70_gm,210,0.0,29.7,29.7,0.0,0.0138,0.0011,12.545454545454545,-1,-1,FAIL,
ev4_ec1_n33_s2_gm,99,0.0,29.6,29.5,0.0,0.00258,0.000331,7.794561933534742,-1,-1,FAIL,
ev4_ec1_n66_s0_gs,132,0.0,29.6,29.6,0.0,0.00876,0.000272,32.20588235294118,-1,-1,FAIL,
ev4_ec1_n96_s0_gs,192,0.0,29.6,29.6,0.0,0.0197,0.000521,37.81190019193858,-1,-1,FAIL,
ev4_ec4_n18_s1_gs,36,0.1,29.6,29.6,0.0,0.000468,2.91e-05,16.082474226804123,-1,-1,FAIL,
ev4_ec4_n76_s1_gs,152,0.0,29.6,29.6,0.0,0.0118,0.000341,34.604105571847505,-1,-1,FAIL,
ev5_ec1_n70_s2_gs,140,0.1,29.6,29.6,0.0,0.0102,0.000301,33.887043189368775,-1,-1,FAIL,
ev5_ec4_n8_s2,8,0.2,29.6,29.4,0.0,1.47e-05,4.28e-06,3.4345794392523366,-1,-1,FAIL,
ev7_ec1_n99_s3_gm,297,0.0,29.6,29.6,0.0,0.0421,0.00093,45.26881720430107,-1,-1,FAIL,
tri7_n52_gs,104,0.0,29.6,29.6,0.0,0.00525,0.000133,39.473684210526315,-1,-1,FAIL,
ev4_ec1_n30_s0_gs,60,0.0,29.5,29.5,0.0,0.00152,6.78e-05,22.4188790560472,-1,-1,FAIL,
ev4_ec1_n79_s2_gs,158,0.0,29.5,29.5,0.0,0.0132,0.000361,36.56509695290859,-1,-1,FAIL,
ev6_ec1_n57_s1_gm,171,0.0,29.5,29.5,0.0,0.0108,0.000848,12.735849056603774,-1,-1,FAIL,
ev8_ec1_n81_s1_gm,243,0.0,29.5,29.5,0.0,0.021,0.00213,9.859154929577466,-1,-1,FAIL,
ev4_ec4_n19_s3_gs,38,0.1,29.4,29.4,0.0,0.000549,3.12e-05,17.596153846153847,-1,-1,FAIL,
ev6_ec1_n64_s0_gm,192,0.0,29.4,29.4,0.0,0.0101,0.00109,9.266055045871559,-1,-1,FAIL,
ev8_ec1_n16_s1_gs,32,0.2,29.3,29.4,0.0,0.000503,2.66e-05,18.909774436090224,-1,-1,FAIL,
ev8_ec1_n21_s2_gm,63,0.1,29.4,29.3,0.0,0.00106,0.000159,6.666666666666667,-1,-1,FAIL,
ev8_ec1_n71_s2_gm,213,0.1,29.3,29.4,0.0,0.0167,0.00164,10.182926829268293,-1,-1,FAIL,
ev4_ec4_n58_s1_gs,116,0.0,29.3,29.3,0.0,0.00652,0.000225,28.977777777777778,-1,-1,FAIL,
ev4_ec4_n89_s1_gm,267,0.0,29.3,29.3,0.0,0.0242,0.00198,12.222222222222221,-1,-1,FAIL,
ev6_ec1_n50_s0,50,0.3,29.3,29.2,0.0,0.000264,0.000108,2.4444444444444446,-1,-1,FAIL,
ev6_ec1_n72_s0_gs,144,0.0,29.3,29.3,0.0,0.00983,0.000329,29.87841945288754,-1,-1,FAIL,
ev6_ec1_n74_s0_gs,148,0.4,29.3,29.3,0.0,0.0104,0.000335,31.044776119402982,-1,-1,FAIL,
ev3_ec1_n23_s3,23,0.1,29.2,29.2,0.0,7.91e-05,3.1e-05,2.551612903225806,-1,-1,FAIL,
ev4_ec4_n61_s1_gs,122,0.0,29.2,29.2,0.0,0.0076,0.000226,33.6283185840708,-1,-1,FAIL,
tri6_n74_gs,148,0.0,29.2,29.2,0.0,0.0123,0.000531,23.163841807909606,-1,-1,FAIL,
tri7_n69_gs,138,0.0,29.2,29.2,0.0,0.00933,0.000197,47.36040609137056,-1,-1,FAIL,
ev4_ec1_n29_s1_gs,58,0.0,29.1,29.1,0.0,0.00137,5.95e-05,23.02521008403361,-1,-1,FAIL,
ev4_ec4_n44_s3_gs,88,0.0,29.1,29.1,0.0,0.00351,0.000122,28.77049180327869,-1,-1,FAIL,
ev4_ec1_n91_s1_gs,182,0.0,29.0,28.9,0.0,0.0189,0.000462,40.90909090909091,-1,-1,FAIL,
ev4_ec4_n25_s0_gs,50,0.1,29.0,29.0,0.0,0.00095,4.55e-05,20.87912087912088,-1,-1,FAIL,
ev6_ec1_n22_s2,22,0.2,28.9,29.0,0.0,6.23e-05,2.55e-05,2.4431372549019605,-1,-1,FAIL,
ev6_ec1_n54_s1,54,0.1,29.0,29.0,0.0,0.000294,9.27e-05,3.171521035598705,-1,-1,FAIL,
tri6_n81_gm,243,0.0,29.0,29.0,0.0,0.0175,0.00158,11.075949367088608,-1,-1,FAIL,
ev4_ec1_n80_s0_gs,160,0.0,28.9,28.9,0.0,0.0135,0.000372,36.29032258064516,-1,-1,FAIL,
ev5_ec1_n16_s2_gm,48,0.1,28.8,28.9,0.0,0.000993,8.11e-05,12.24414303329223,-1,-1,FAIL,
ev6_ec1_n76_s2_gs,152,0.0,28.8,28.7,0.0,0.0138,0.000464,29.741379310344826,-1,-1,FAIL,
ev8_ec1_n81_s0_gm,243,0.1,28.8,28.7,0.0,0.0229,0.00218,10.504587155963302,-1,-1,FAIL,
ev8_ec1_n8_s0_gm,24,0.2,28.7,28.7,0.0,0.00017,2.66e-05,6.390977443609023,-1,-1,FAIL,
ev4_ec4_n15_s1_gs,30,0.1,28.6,28.6,0.0,0.000301,2.11e-05,14.265402843601894,-1,-1,FAIL,
ev6_ec1_n52_s3_gm,156,0.1,28.6,28.6,0.0,0.00861,0.000748,11.510695187165775,-1,-1,FAIL,
ev4_ec1_n69_s1_gs,138,0.0,28.4,28.5,0.0,0.0101,0.000278,36.330935251798564,-1,-1,FAIL,
ev5_ec4_n26_s3_gm,78,0.1,28.5,28.4,0.0,0.0029,6.35e-05,45.669291338582674,-1,-1,FAIL,
ev6_ec1_n23_s2_gs,46,0.1,28.5,28.5,0.0,0.00112,5.38e-05,20.817843866171003,-1,-1,FAIL,
tri7_n50_gs,100,0.0,28.5,28.5,0.0,0.00482,0.000123,39.18699186991869,-1,-1,FAIL,
ev3_ec1_n17_s2,17,0.2,28.4,28.4,0.0,3.93e-05,1.04e-05,3.7788461538461537,-1,-1,FAIL,
ev3_ec4_n7_s3_gs,14,0.3,28.1,28.4,0.0,0.00011,1.92e-05,5.729166666666667,-1,-1,FAIL,
ev4_ec4_n49_s0_gm,147,0.0,28.4,28.4,0.0,0.00599,0.000662,9.04833836858006,-1,-1,FAIL,
ev4_ec4_n64_s2_gs,128,0.0,28.4,28.4,0.0,0.0103,0.000301,34.21926910299003,-1,-1,FAIL,
ev4_ec4_n74_s3_gs,148,0.0,28.4,28.4,0.0,0.0124,0.000314,39.49044585987261,-1,-1,FAIL,
ev5_ec1_n77_s0_gm,231,0.0,28.4,28.4,0.0,0.0244,0.00089,27.415730337078656,-1,-1,FAIL,
tri6_n41_gs,82,0.1,28.4,28.4,0.0,0.00349,0.000173,20.173410404624278,-1,-1,FAIL,
ev4_ec4_n66_s0_gs,132,0.0,28.3,28.3,0.0,0.00886,0.000271,32.693726937269375,-1,-1,FAIL,
ev4_ec4_n71_s0_gm,213,0.0,28.2,28.3,0.0,0.0145,0.00129,11.240310077519382,-1,-1,FAIL,
ev6_ec1_n79_s0_gs,158,0.0,28.3,28.3,0.0,0.0127,0.000384,33.072916666666664,-1,-1,FAIL,
ev8_ec1_n48_s0_gm,144,0.0,28.3,28.3,0.0,0.00684,0.000774,8.837209302325581,-1,-1,FAIL,
tri6_n66_gs,132,0.0,28.3,28.3,0.0,0.00968,0.000421,22.992874109263656,-1,-1,FAIL,
tri6_n81_gs,162,0.0,28.3,28.3,0.0,0.015,0.000604,24.834437086092713,-1,-1,FAIL,
ev6_ec1_n31_s1_gs,62,0.0,28.2,28.1,0.0,0.00193,6.17e-05,31.28038897893031,-1,-1,FAIL,
ev8_ec1_n14_s1_gs,28,0.1,28.2,28.2,0.0,0.000386,2.32e-05,16.637931034482758,-1,-1,FAIL,
ev4_ec4_n62_s1_gs,124,0.0,28.1,28.1,0.0,0.00744,0.000235,31.659574468085108,-1,-1,FAIL,
ev4_ec1_n45_s2_gs,90,0.0,28.0,28.0,0.0,0.00379,0.000128,29.609375,-1,-1,FAIL,
ev4_ec1_n98_s1_gs,196,0.1,28.0,28.0,0.0,0.0217,0.00111,19.54954954954955,-1,-1,FAIL,
ev4_ec4_n95_s2_gs,190,0.0,27.9,27.9,0.0,0.0199,0.00106,18.77358490566038,-1,-1,FAIL,
ev4_ec1_n81_s2_gs,162,0.0,27.8,27.8,0.0,0.0139,0.000384,36.197916666666664,-1,-1,FAIL,
ev8_ec1_n75_s2_gm,225,0.0,27.8,27.7,0.0,0.0186,0.00183,10.163934426229508,-1,-1,FAIL,
ev9_ec1_n2_s0_gs,4,0.2,27.8,27.8,0.0,1.34e-05,3.26e-06,4.110429447852761,-1,-1,FAIL,
ev4_ec1_n70_s3_gs,140,0.0,27.7,27.6,0.0,0.00987,0.000299,33.01003344481605,-1,-1,FAIL,
ev4_ec4_n71_s1_gm,213,0.0,27.7,27.7,0.0,0.0147,0.00131,11.221374045801527,-1,-1,FAIL,
ev6_ec1_n47_s3,47,0.2,27.7,27.6,0.0,0.000223,7.14e-05,3.123249299719888,-1,-1,FAIL,
ev6_ec1_n69_s2_gs,138,0.0,27.7,27.7,0.0,0.0113,0.000329,34.346504559270514,-1,-1,FAIL,
ev6_ec1_n71_s0_gm,213,0.0,27.6,27.7,0.0,0.013,0.00135,9.629629629629628,-1,-1,FAIL,
ev9_ec1_n62_s0_gm,186,0.1,27.6,27.7,0.0,0.0142,0.00134,10.597014925373134,-1,-1,FAIL,
ev9_ec1_n78_s1_gm,234,0.2,27.7,27.6,0.0,0.0249,0.00202,12.326732673267326,-1,-1,FAIL,
ev3_ec1_n8_s3_gs,16,0.2,27.6,27.6,0.0,0.000158,1.38e-05,11.44927536231884,-1,-1,FAIL,
ev5_ec1_n66_s1_gm,198,0.0,27.6,27.6,0.0,0.0179,0.000718,24.930362116991642,-1,-1,FAIL,
ev5_ec4_n44_s3_gm,132,0.0,27.6,27.6,0.0,0.00808,0.000131,61.679389312977094,-1,-1,FAIL,
ev6_ec1_n84_s1_gs,168,0.1,27.6,27.6,0.0,0.0177,0.000427,41.4519906323185,-1,-1,FAIL,
ev6_ec1_n84_s2_gs,168,0.0,27.6,27.6,0.0,0.0163,0.000547,29.79890310786106,-1,-1,FAIL,
ev7_ec1_n60_s2_gm,180,0.0,27.6,27.6,0.0,0.0139,0.000263,52.851711026615966,-1,-1,FAIL,
tri2_n53,53,0.4,27.6,27.6,0.0,0.000195,6.41e-05,3.0421216848673946,-1,-1,FAIL,
ev4_ec4_n35_s1_gs,70,0.0,27.5,27.5,0.0,0.00224,8.18e-05,27.383863080684595,-1,-1,FAIL,
ev5_ec1_n67_s1_gm,201,0.0,27.5,27.5,0.0,0.018,0.000594,30.3030303030303,-1,-1,FAIL,
ev6_ec1_n97_s0,97,0.1,27.5,27.5,0.0,0.00101,0.000281,3.5943060498220643,-1,-1,FAIL,
ev9_ec1_n9_s0_gs,18,0.2,27.5,27.4,0.0,9.02e-05,1.49e-05,6.053691275167785,-1,-1,FAIL,
ev3_ec1_n12_s2,12,0.2,27.4,27.4,0.0,2.3e-05,7.2e-06,3.1944444444444446,-1,-1,FAIL,
ev4_ec4_n2_s0_gs,4,0.7,26.0,27.4,0.0,1.38e-05,1.7e-06,8.117647058823529,-1,-1,FAIL,
ev4_ec4_n62_s2_gm,186,0.1,27.4,27.4,0.0,0.0104,0.001,10.399999999999999,-1,-1,FAIL,
ev4_ec1_n29_s0_gs,58,0.0,27.2,27.3,0.0,0.00139,6.1e-05,22.78688524590164,-1,-1,FAIL,
ev4_ec1_n67_s1_gs,134,0.0,27.3,27.3,0.0,0.00955,0.000272,35.11029411764706,-1,-1,FAIL,
ev4_ec4_n58_s0_gs,116,0.0,27.3,27.3,0.0,0.00668,0.000212,31.50943396226415,-1,-1,FAIL,
tri6_n98_gm,294,0.0,27.3,27.3,0.0,0.0257,0.00224,11.473214285714286,-1,-1,FAIL,
ev4_ec1_n99_s3_gs,198,0.2,27.2,27.2,0.0,0.0222,0.00111,20.0,-1,-1,FAIL,
ev4_ec4_n62_s1_gm,186,0.1,27.2,27.2,0.0,0.0103,0.001,10.3,-1,-1,FAIL,
ev6_ec1_n61_s1_gm,183,0.0,27.2,27.2,0.0,0.0127,0.000986,12.880324543610548,-1,-1,FAIL,
ev7_ec1_n23_s3_gm,69,0.1,27.2,27.2,0.0,0.00193,8.27e-06,233.37363966142684,-1,-1,FAIL,
ev8_ec1_n11_s3_gm,33,0.1,27.2,27.2,0.0,0.000281,4.85e-05,5.793814432989691,-1,-1,FAIL,
tri7_n91_gm,273,0.0,27.2,27.2,0.0,0.0252,0.00179,14.078212290502794,-1,-1,FAIL,
ev4_ec4_n68_s3_gs,136,0.0,27.1,27.1,0.0,0.0104,0.000272,38.23529411764706,-1,-1,FAIL,
ev6_ec1_n34_s2_gs,68,0.1,27.1,27.1,0.0,0.00269,8.08e-05,33.29207920792079,-1,-1,FAIL,
ev6_ec1_n60_s2_gm,180,0.0,27.1,27.1,0.0,0.0118,0.000949,12.43414120126449,-1,-1,FAIL,
ev4_ec4_n32_s2_gs,64,0.1,27.0,27.0,0.0,0.00169,6.88e-05,24.563953488372093,-1,-1,FAIL,
ev6_ec1_n6_s3_gs,12,0.3,27.0,26.9,0.0,5.59e-05,7.5e-06,7.453333333333333,-1,-1,FAIL,
ev6_ec1_n36_s3_gs,72,0.1,27.0,27.0,0.0,0.00299,8.25e-05,36.24242424242424,-1,-1,FAIL,
tri6_n82_gs,164,0.0,27.0,27.0,0.0,0.0154,0.000661,23.29803328290469,-1,-1,FAIL,
ev6_ec1_n33_s0,33,0.3,26.8,26.9,0.0,9.9e-05,4.59e-05,2.156862745098039,-1,-1,FAIL,
ev6_ec1_n84_s0,84,0.3,26.9,26.9,0.0,0.000769,0.000269,2.858736059479554,-1,-1,FAIL,
ev8_ec1_n10_s2_gm,30,0.2,26.9,26.8,0.0,0.000239,3.32e-05,7.198795180722891,-1,-1,FAIL,
tri6_n100_gs,200,0.0,26.9,26.9,0.0,0.0234,0.000898,26.057906458797326,-1,-1,FAIL,
tri7_n32_gs,64,0.0,26.9,26.9,0.0,0.00178,5.92e-05,30.067567567567565,-1,-1,FAIL,
ev6_ec1_n55_s0_gs,110,0.0,26.8,26.8,0.0,0.00674,0.000198,34.04040404040404,-1,-1,FAIL,
ev6_ec1_n98_s0_gm,294,0.0,26.8,26.8,0.0,0.0309,0.00242,12.768595041322316,-1,-1,FAIL,
ev8_ec1_n15_s1_gm,45,0.1,26.8,26.8,0.0,0.000616,9.34e-05,6.595289079229123,-1,-1,FAIL,
tri7_n58_gs,116,0.0,26.8,26.8,0.0,0.00674,0.000154,43.76623376623377,-1,-1,FAIL,
ev3_ec4_n19_s0_gm,57,0.1,26.7,26.7,0.0,0.00156,5.22e-05,29.885057471264368,-1,-1,FAIL,
ev4_ec1_n15_s0_gs,30,0.1,26.7,26.6,0.0,0.000311,2.3e-05,13.521739130434783,-1,-1,FAIL,
ev4_ec4_n89_s0_gm,267,0.0,26.7,26.7,0.0,0.0243,0.00196,12.39795918367347,-1,-1,FAIL,
ev5_ec1_n24_s3_gm,72,0.1,26.7,26.7,0.0,0.00213,0.000156,13.653846153846153,-1,-1,FAIL,
tri4_n73_gs,146,0.0,26.7,26.7,0.0,0.0107,0.000256,41.796875,-1,-1,FAIL,
ev3_ec4_n23_s2_gm,69,0.1,26.6,26.6,0.0,0.00229,5.99e-05,38.230383973288816,-1,-1,FAIL,
ev8_ec1_n17_s3_gm,51,0.1,26.6,26.6,0.0,0.000715,0.000108,6.620370370370371,-1,-1,FAIL,
tri6_n36_gs,72,0.1,26.6,26.6,0.0,0.00257,0.000133,19.32330827067669,-1,-1,FAIL,
ev4_ec1_n60_s1_gs,120,0.0,26.4,26.5,0.0,0.00733,0.000221,33.167420814479634,-1,-1,FAIL,
ev4_ec1_n85_s3_gm,255,0.0,26.5,26.5,0.0,0.0218,0.00182,11.978021978021978,-1,-1,FAIL,
ev4_ec4_n82_s2_gs,164,0.0,26.5,26.5,0.0,0.0146,0.000445,32.80898876404495,-1,-1,FAIL,
ev6_ec1_n80_s1_gm,240,0.0,26.5,26.5,0.0,0.0244,0.00164,14.878048780487806,-1,-1,FAIL,
ev6_ec1_n91_s0_gs,182,0.0,26.5,26.5,0.0,0.0188,0.000493,38.13387423935092,-1,-1,FAIL,
tri4_n72_gs,144,0.0,26.5,26.5,0.0,0.0104,0.000236,44.06779661016949,-1,-1,FAIL,
ev3_ec1_n3_s2,3,0.3,26.1,26.4,0.0,7.29e-06,2.01e-06,3.626865671641791,-1,-1,FAIL,
ev3_ec4_n6_s1,6,0.2,26.3,26.4,0.0,1.46e-05,3.84e-06,3.802083333333334,-1,-1,FAIL,
ev4_ec1_n93_s1_gs,186,0.1,26.4,26.4,0.0,0.0191,0.00101,18.910891089108908,-1,-1,FAIL,
ev6_ec1_n32_s0,32,0.2,26.4,26.3,0.0,9.1e-05,3.79e-05,2.401055408970976,-1,-1,FAIL,
ev6_ec1_n56_s3_gs,112,0.0,26.4,26.4,0.0,0.00771,0.000203,37.98029556650246,-1,-1,FAIL,
tri4_n82_gs,164,0.0,26.4,26.4,0.0,0.0135,0.000306,44.11764705882353,-1,-1,FAIL,
ev7_ec1_n47_s3_gm,141,0.2,26.3,26.3,0.0,0.00891,1.31e-05,680.1526717557251,-1,-1,FAIL,
tri5_n68_gs,136,0.0,26.3,26.3,0.0,0.00583,0.000207,28.16425120772947,-1,-1,FAIL,
ev1_ec1_n92_s2_gs,184,0.0,26.2,26.2,2.93e-16,0.000498,1.73e-05,28.786127167630056,-1,-1,FAIL,
ev4_ec4_n79_s3_gs,158,0.0,26.2,26.2,0.0,0.0143,0.000362,39.50276243093923,-1,-1,FAIL,
ev5_ec1_n11_s1,11,0.2,26.2,26.1,0.0,2.68e-05,7.87e-06,3.405336721728082,-1,-1,FAIL,
ev5_ec4_n15_s3_gm,45,0.1,26.2,26.2,0.0,0.000994,4.81e-05,20.66528066528067,-1,-1,FAIL,
ev8_ec1_n42_s2_gm,126,0.1,26.2,26.2,0.0,0.00554,0.000614,9.022801302931596,-1,-1,FAIL,
tri3_n55_gm,165,0.1,26.2,26.2,0.0,0.015,0.000662,22.65861027190332,-1,-1,FAIL,
ev4_ec1_n9_s3_gs,18,0.1,26.1,26.1,0.0,0.000121,1.35e-05,8.962962962962964,-1,-1,FAIL,
ev6_ec1_n16_s2_gs,32,0.1,26.1,26.0,0.0,0.000507,2.45e-05,20.693877551020407,-1,-1,FAIL,
ev6_ec1_n32_s2,32,0.5,26.1,26.1,0.0,0.00016,5.38e-05,2.9739776951672865,-1,-1,FAIL,
ev9_ec1_n9_s2_gs,18,1.2,25.9,26.1,0.0,0.000109,1.51e-05,7.218543046357617,-1,-1,FAIL,
tri7_n99_gs,198,0.0,26.1,26.1,0.0,0.0205,0.00037,55.40540540540541,-1,-1,FAIL,
ev4_ec4_n54_s0_gs,108,0.0,26.0,26.0,0.0,0.00602,0.000188,32.02127659574468,-1,-1,FAIL,
ev4_ec4_n77_s3_gs,154,0.0,26.0,26.0,0.0,0.0125,0.000351,35.61253561253561,-1,-1,FAIL,
ev5_ec1_n9_s0,9,0.1,25.9,26.0,0.0,2.38e-05,6.75e-06,3.525925925925926,-1,-1,FAIL,
ev5_ec1_n89_s1,89,0.1,26.0,25.9,0.0,0.00081,0.000126,6.428571428571428,-1,-1,FAIL,
ev6_ec1_n41_s2_gm,123,0.0,25.9,26.0,0.0,0.00567,0.000449,12.628062360801781,-1,-1,FAIL,
ev6_ec1_n53_s0_gs,106,0.0,26.0,26.0,0.0,0.00611,0.000177,34.51977401129944,-1,-1,FAIL,
ev9_ec1_n75_s0_gm,225,0.0,26.0,26.0,0.0,0.0211,0.000572,36.88811188811189,-1,-1,FAIL,
tri3_n75_gm,225,0.0,25.9,26.0,0.0,0.0274,0.00134,20.44776119402985,-1,-1,FAIL,
tri4_n41_gs,82,0.0,26.0,26.0,0.0,0.0029,9.26e-05,31.317494600431964,-1,-1,FAIL,
ev4_ec1_n49_s0_gs,98,0.0,25.8,25.9,0.0,0.00457,0.000148,30.878378378378383,-1,-1,FAIL,
ev4_ec4_n52_s1_gs,104,0.0,25.9,25.9,0.0,0.00507,0.000171,29.64912280701754,-1,-1,FAIL,
ev4_ec1_n57_s2_gs,114,0.0,25.8,25.8,0.0,0.00621,0.000218,28.48623853211009,-1,-1,FAIL,
ev4_ec1_n65_s2_gs,130,0.0,25.8,25.8,0.0,0.00834,0.000255,32.705882352941174,-1,-1,FAIL,
ev4_ec4_n36_s0_gs,72,0.0,25.8,25.8,0.0,0.00217,8.01e-05,27.091136079900128,-1,-1,FAIL,
ev4_ec4_n89_s1_gs,178,0.0,25.8,25.8,0.0,0.0168,0.00045,37.33333333333333,-1,-1,FAIL,
ev6_ec1_n15_s0_gs,30,0.1,25.8,25.7,0.0,0.000317,2.52e-05,12.57936507936508,-1,-1,FAIL,
ev6_ec1_n58_s0_gs,116,0.0,25.8,25.8,0.0,0.00637,0.000222,28.693693693693692,-1,-1,FAIL,
ev8_ec1_n49_s3_gm,147,0.2,25.8,25.8,0.0,0.00655,0.000781,8.386683738796416,-1,-1,FAIL,
ev9_ec1_n53_s2_gm,159,0.3,25.7,25.8,0.0,0.00976,0.000505,19.326732673267326,-1,-1,FAIL,
ev4_ec4_n75_s3_gs,150,0.0,25.7,25.7,0.0,0.0122,0.000371,32.88409703504043,-1,-1,FAIL,
ev5_ec1_n80_s2_gm,240,0.0,25.7,25.7,0.0,0.0266,0.000821,32.39951278928136,-1,-1,FAIL,
ev6_ec1_n40_s3_gm,120,0.1,25.7,25.7,0.0,0.00494,0.000473,10.443974630021142,-1,-1,FAIL,
ev6_ec1_n100_s0_gs,200,0.1,25.7,25.7,0.0,0.0229,0.00127,18.031496062992126,-1,-1,FAIL,
ev3_ec4_n61_s0_gm,183,0.0,25.6,25.6,0.0,0.0161,0.000312,51.6025641025641,-1,-1,FAIL,
ev4_ec1_n70_s1_gs,140,0.0,25.6,25.6,0.0,0.00988,0.000303,32.60726072607261,-1,-1,FAIL,
ev4_ec1_n97_s3_gs,194,0.0,25.6,25.6,0.0,0.0202,0.000544,37.13235294117647,-1,-1,FAIL,
ev4_ec4_n21_s2_gs,42,0.1,25.6,25.6,0.0,0.000632,3.32e-05,19.03614457831325,-1,-1,FAIL,
ev4_ec4_n46_s0_gm,138,0.0,25.6,25.6,0.0,0.00512,0.000557,9.192100538599641,-1,-1,FAIL,
ev5_ec1_n52_s1_gm,156,0.0,25.6,25.6,0.0,0.0109,0.000484,22.520661157024794,-1,-1,FAIL,
ev8_ec1_n9_s1_gm,27,0.1,25.6,25.6,0.0,0.000201,3.12e-05,6.4423076923076925,-1,-1,FAIL,
ev4_ec1_n9_s0_gs,18,0.2,25.5,25.4,0.0,0.00013,1.26e-05,10.317460317460316,-1,-1,FAIL,
ev6_ec1_n11_s3_gs,22,0.1,25.5,25.4,0.0,0.000177,1.61e-05,10.993788819875776,-1,-1,FAIL,
ev9_ec1_n89_s0_gm,267,0.1,25.5,25.5,0.0,0.0283,0.000866,32.67898383371824,-1,-1,FAIL,
ev4_ec4_n95_s1_gm,285,0.1,25.4,25.4,0.0,0.0289,0.00222,13.018018018018017,-1,-1,FAIL,
tri4_n66_gs,132,0.0,25.4,25.4,0.0,0.00846,0.000212,39.905660377358494,-1,-1,FAIL,
ev4_ec1_n96_s2_gs,192,0.0,25.2,25.3,0.0,0.0196,0.000511,38.35616438356165,-1,-1,FAIL,
ev6_ec1_n69_s1_gs,138,0.0,25.3,25.3,0.0,0.012,0.000288,41.666666666666664,-1,-1,FAIL,
ev7_ec1_n29_s2_gm,87,0.1,25.3,25.3,0.0,0.00314,9.57e-06,328.10867293625915,-1,-1,FAIL,
ev9_ec1_n35_s2,35,0.0,25.2,25.3,0.0,0.000242,3.9e-05,6.205128205128205,-1,-1,FAIL,
ev3_ec4_n55_s1_gm,165,0.0,25.2,25.2,0.0,0.0131,0.000196,66.83673469387756,-1,-1,FAIL,
ev6_ec1_n16_s3_gs,32,0.1,25.1,25.2,0.0,0.000408,2.36e-05,17.28813559322034,-1,-1,FAIL,
ev6_ec1_n27_s1_gm,81,0.2,25.2,25.2,0.0,0.00175,0.000215,8.13953488372093,-1,-1,FAIL,
ev6_ec1_n69_s0_gs,138,0.1,25.2,25.1,0.0,0.00823,0.000311,26.46302250803858,-1,-1,FAIL,
ev4_ec1_n38_s0_gs,76,0.0,25.1,25.0,0.0,0.00264,8.6e-05,30.69767441860465,-1,-1,FAIL,
ev4_ec1_n58_s0_gs,116,0.0,25.1,25.1,0.0,0.00666,0.00021,31.714285714285715,-1,-1,FAIL,
ev4_ec1_n84_s2_gm,252,0.0,25.1,25.1,0.0,0.0219,0.0018,12.166666666666666,-1,-1,FAIL,
ev4_ec4_n26_s3_gs,52,0.0,25.0,25.1,0.0,0.00105,4.79e-05,21.920668058455114,-1,-1,FAIL,
ev4_ec4_n58_s2_gs,116,0.0,25.1,25.1,0.0,0.00657,0.000226,29.070796460176993,-1,-1,FAIL,
tri6_n49_gs,98,0.0,25.0,25.1,0.0,0.00506,0.000234,21.623931623931625,-1,-1,FAIL,
tri7_n95_gs,190,0.0,25.1,25.1,0.0,0.0187,0.000343,54.51895043731779,-1,-1,FAIL,
ev4_ec1_n72_s2_gm,216,0.0,25.0,25.0,0.0,0.0156,0.00136,11.470588235294116,-1,-1,FAIL,
ev4_ec1_n91_s3_gs,182,0.0,25.0,25.0,0.0,0.0174,0.000464,37.5,-1,-1,FAIL,
ev4_ec4_n58_s3_gs,116,0.0,25.0,25.0,0.0,0.00697,0.000209,33.34928229665071,-1,-1,FAIL,
ev6_ec1_n66_s1_gm,198,0.0,25.0,25.0,0.0,0.0164,0.00115,14.260869565217392,-1,-1,FAIL,
ev6_ec1_n81_s1_gs,162,0.0,25.0,25.0,0.0,0.016,0.000524,30.534351145038165,-1,-1,FAIL,
ev8_ec1_n2_s2_gs,4,0.7,23.8,25.0,0.0,1.44e-05,1.56e-06,9.23076923076923,-1,-1,FAIL,
ev3_ec4_n38_s2_gm,114,0.0,24.9,24.9,0.0,0.00624,0.000162,38.51851851851852,-1,-1,FAIL,
ev4_ec1_n25_s0_gs,50,0.1,24.9,24.9,0.0,0.000979,5.1e-05,19.196078431372552,-1,-1,FAIL,
ev4_ec4_n52_s2_gm,156,0.0,24.9,24.9,0.0,0.00684,0.000755,9.059602649006623,-1,-1,FAIL,
ev4_ec4_n89_s2_gs,178,0.0,24.9,24.9,0.0,0.0175,0.000451,38.80266075388027,-1,-1,FAIL,
ev6_ec1_n67_s1_gs,134,0.0,24.9,24.9,0.0,0.0115,0.000392,29.336734693877553,-1,-1,FAIL,
ev6_ec1_n75_s3_gs,150,0.0,24.9,24.9,0.0,0.014,0.000349,40.114613180515754,-1,-1,FAIL,
ev8_ec1_n83_s3_gm,249,0.0,24.9,24.9,0.0,0.0226,0.00215,10.511627906976743,-1,-1,FAIL,
tri4_n69_gs,138,0.0,24.9,24.9,0.0,0.00944,0.000224,42.142857142857146,-1,-1,FAIL,
tri5_n70_gs,140,0.0,24.9,24.9,0.0,0.00635,0.000214,29.67289719626168,-1,-1,FAIL,
tri6_n71_gs,142,0.0,24.9,24.9,0.0,0.0112,0.000483,23.18840579710145,-1,-1,FAIL,
tri7_n37_gs,74,0.0,24.9,24.9,0.0,0.00246,7.73e-05,31.82406209573092,-1,-1,FAIL,
ev4_ec1_n33_s1_gs,66,0.1,24.8,24.8,0.0,0.00191,7.65e-05,24.96732026143791,-1,-1,FAIL,
ev4_ec1_n38_s0_gm,114,0.0,24.8,24.7,0.0,0.00341,0.000422,8.080568720379146,-1,-1,FAIL,
ev4_ec4_n50_s1_gm,150,0.0,24.8,24.8,0.0,0.00629,0.000682,9.222873900293255,-1,-1,FAIL,
ev5_ec1_n28_s3_gm,84,0.1,24.8,24.8,0.0,0.00289,0.000175,16.514285714285716,-1,-1,FAIL,
ev6_ec1_n29_s2,29,0.2,24.8,24.7,0.0,0.000118,3.03e-05,3.894389438943894,-1,-1,FAIL,
ev9_ec1_n17_s0_gs,34,0.3,24.8,24.7,0.0,0.000377,3.99e-05,9.448621553884712,-1,-1,FAIL,
tri4_n77_gs,154,0.0,24.8,24.8,0.0,0.012,0.000268,44.776119402985074,-1,-1,FAIL,
tri7_n30_gs,60,0.0,24.8,24.8,0.0,0.00153,5.33e-05,28.70544090056285,-1,-1,FAIL,
ev4_ec1_n34_s3_gs,68,0.1,24.7,24.7,0.0,0.00204,7.75e-05,26.322580645161292,-1,-1,FAIL,
ev4_ec1_n52_s2_gm,156,0.0,24.7,24.7,0.0,0.00669,0.000718,9.317548746518106,-1,-1,FAIL,
ev4_ec1_n70_s0_gm,210,0.0,24.7,24.7,0.0,0.014,0.00128,10.9375,-1,-1,FAIL,
ev4_ec4_n7_s2_gs,14,0.2,24.5,24.7,0.0,7.2e-05,8.46e-06,8.51063829787234,-1,-1,FAIL,
ev4_ec4_n57_s2_gs,114,0.0,24.6,24.7,0.0,0.00629,0.000197,31.928934010152282,-1,-1,FAIL,
ev7_ec1_n33_s3_gm,99,0.1,24.7,24.7,0.0,0.00398,0.000162,24.567901234567902,-1,-1,FAIL,
ev9_ec1_n4_s0_gs,8,0.2,24.7,24.7,0.0,2.01e-05,6.14e-06,3.273615635179153,-1,-1,FAIL,
ev3_ec1_n75_s2_gm,225,0.0,24.6,24.6,0.0,0.0231,0.000999,23.12312312312312,-1,-1,FAIL,
ev3_ec4_n11_s0,11,0.1,24.5,24.6,0.0,2.55e-05,5.51e-06,4.627949183303086,-1,-1,FAIL,
ev4_ec1_n47_s1_gm,141,0.0,24.6,24.6,0.0,0.00555,0.000617,8.995137763371151,-1,-1,FAIL,
ev4_ec4_n46_s2_gs,92,0.1,24.6,24.6,0.0,0.00394,0.000137,28.759124087591243,-1,-1,FAIL,
ev5_ec1_n5_s1,5,0.1,24.3,24.6,0.0,1.41e-05,3.98e-06,3.542713567839196,-1,-1,FAIL,
ev5_ec1_n25_s3,25,0.1,24.6,24.5,0.0,7.97e-05,1.98e-05,4.025252525252525,-1,-1,FAIL,
ev6_ec1_n17_s3_gs,34,0.1,24.6,24.6,0.0,0.000468,2.62e-05,17.862595419847327,-1,-1,FAIL,
ev6_ec1_n46_s3,46,0.1,24.6,24.6,0.0,0.000236,7.4e-05,3.189189189189189,-1,-1,FAIL,
ev6_ec1_n87_s3_gs,174,0.0,24.6,24.6,0.0,0.019,0.000424,44.81132075471698,-1,-1,FAIL,
ev7_ec1_n90_s3_gm,270,0.0,24.6,24.6,0.0,0.0328,0.000876,37.44292237442922,-1,-1,FAIL,
ev9_ec1_n5_s2_gs,10,0.3,24.5,24.6,0.0,3.51e-05,7.19e-06,4.881780250347705,-1,-1,FAIL,
ev9_ec1_n12_s1_gs,24,0.2,24.6,24.5,0.0,0.000164,2.26e-05,7.256637168141593,-1,-1,FAIL,
tri4_n54_gs,108,0.0,24.6,24.6,0.0,0.00536,0.000148,36.21621621621622,-1,-1,FAIL,
ev4_ec4_n36_s1_gs,72,0.1,24.5,24.5,0.0,0.00226,8.1e-05,27.90123456790123,-1,-1,FAIL,
ev6_ec1_n30_s2_gs,60,0.1,24.5,24.5,0.0,0.00199,6.83e-05,29.13616398243045,-1,-1,FAIL,
ev6_ec1_n34_s2,34,0.2,24.5,24.5,0.0,0.000155,4.22e-05,3.672985781990521,-1,-1,FAIL,
ev9_ec1_n7_s1_gs,14,0.2,24.5,24.5,0.0,5.39e-05,1.21e-05,4.454545454545455,-1,-1,FAIL,
tri7_n64_gs,128,0.0,24.5,24.5,0.0,0.00782,0.000175,44.68571428571429,-1,-1,FAIL,
ev3_ec4_n8_s0,8,0.1,24.4,24.4,0.0,2.08e-05,4.33e-06,4.803695150115473,-1,-1,FAIL,
ev3_ec4_n82_s2_gm,246,0.0,24.4,24.4,0.0,0.0286,0.000531,53.86064030131827,-1,-1,FAIL,
ev4_ec4_n40_s2_gs,80,0.0,24.4,24.4,0.0,0.00286,0.000105,27.238095238095237,-1,-1,FAIL,
ev6_ec1_n33_s3_gm,99,0.0,24.4,24.4,0.0,0.00342,0.000338,10.118343195266272,-1,-1,FAIL,
ev7_ec1_n68_s0_gm,204,0.0,24.4,24.4,0.0,0.0194,0.000332,58.43373493975904,-1,-1,FAIL,
ev4_ec1_n52_s1_gm,156,0.1,24.3,24.3,0.0,0.00689,0.000751,9.174434087882823,-1,-1,FAIL,
ev4_ec1_n66_s3_gs,132,0.0,24.3,24.3,0.0,0.00872,0.000269,32.41635687732342,-1,-1,FAIL,
ev4_ec4_n31_s3_gs,62,0.0,24.3,24.3,0.0,0.00159,6.38e-05,24.921630094043884,-1,-1,FAIL,
ev8_ec1_n79_s3_gm,237,0.1,24.3,24.3,0.0,0.0201,0.00201,10.0,-1,-1,FAIL,
ev9_ec1_n100_s1_gm,300,0.0,24.3,24.3,0.0,0.0391,0.00315,12.412698412698413,-1,-1,FAIL,
tri7_n53_gm,159,0.0,24.3,24.3,0.0,0.00759,0.000702,10.811965811965813,-1,-1,FAIL,
ev4_ec4_n37_s0_gs,74,0.0,24.2,24.2,0.0,0.00238,8.51e-05,27.967097532314927,-1,-1,FAIL,
ev5_ec1_n9_s1,9,0.1,24.2,24.1,0.0,2.29e-05,6.63e-06,3.4539969834087483,-1,-1,FAIL,
ev6_ec1_n77_s1_gm,231,0.1,24.2,24.2,0.0,0.021,0.00154,13.636363636363638,-1,-1,FAIL,
ev6_ec1_n100_s3_gs,200,0.0,24.2,24.2,0.0,0.0254,0.00129,19.689922480620154,-1,-1,FAIL,
ev7_ec1_n68_s3_gm,204,0.0,24.2,24.1,0.0,0.019,0.000398,47.73869346733668,-1,-1,FAIL,
ev7_ec1_n83_s0_gm,249,0.0,24.2,24.2,0.0,0.0288,0.000596,48.322147651006716,-1,-1,FAIL,
ev9_ec1_n36_s0_gs,72,0.1,24.2,24.2,0.0,0.00196,0.000174,11.264367816091953,-1,-1,FAIL,
tri2_n56_gs,112,0.0,24.2,24.2,0.0,0.00406,0.000297,13.67003367003367,-1,-1,FAIL,
ev3_ec1_n12_s1,12,0.1,24.1,24.1,0.0,2.45e-05,7.53e-06,3.2536520584329347,-1,-1,FAIL,
ev4_ec1_n73_s1_gm,219,0.0,24.1,24.1,0.0,0.0151,0.00136,11.102941176470587,-1,-1,FAIL,
ev4_ec1_n95_s2_gs,190,0.0,24.1,24.1,0.0,0.0194,0.000515,37.66990291262135,-1,-1,FAIL,
ev4_ec4_n56_s1_gm,168,0.0,24.1,24.1,0.0,0.00826,0.000847,9.75206611570248,-1,-1,FAIL,
ev5_ec4_n42_s1_gm,126,0.1,24.1,24.0,0.0,0.00739,0.000286,25.839160839160837,-1,-1,FAIL,
ev6_ec1_n56_s1_gm,168,0.1,24.1,24.1,0.0,0.00992,0.000835,11.880239520958083,-1,-1,FAIL,
ev6_ec1_n83_s0_gs,166,0.1,24.1,24.1,0.0,0.0154,0.000404,38.11881188118812,-1,-1,FAIL,
ev9_ec1_n49_s1_gm,147,0.0,24.1,24.1,0.0,0.00816,0.000864,9.444444444444445,-1,-1,FAIL,
ev4_ec1_n55_s2_gm,165,0.0,24.0,24.0,0.0,0.00773,0.000817,9.461444308445532,-1,-1,FAIL,
ev4_ec4_n50_s2_gm,150,0.0,24.0,24.0,0.0,0.00622,0.000674,9.228486646884273,-1,-1,FAIL,
ev6_ec1_n52_s3,52,0.1,24.0,24.0,0.0,0.000285,8.4e-05,3.392857142857143,-1,-1,FAIL,
tri7_n27_gs,54,0.1,24.0,24.0,0.0,0.00119,4.57e-05,26.039387308533918,-1,-1,FAIL,
tri7_n61_gs,122,0.1,24.0,24.0,0.0,0.00753,0.000168,44.82142857142858,-1,-1,FAIL,
ev4_ec1_n64_s2_gs,128,0.0,23.8,23.9,0.0,0.00816,0.000252,32.38095238095239,-1,-1,FAIL,
ev4_ec1_n73_s2_gs,146,0.0,23.9,23.9,0.0,0.0108,0.000307,35.17915309446254,-1,-1,FAIL,
tri6_n15_gs,30,0.2,23.9,23.8,0.0,0.000373,2.93e-05,12.73037542662116,-1,-1,FAIL,
tri7_n17_gs,34,0.1,23.8,23.9,0.0,0.000422,2.38e-05,17.73109243697479,-1,-1,FAIL,
ev4_ec4_n43_s0_gm,129,0.0,23.8,23.8,0.0,0.00433,0.000522,8.295019157088122,-1,-1,FAIL,
ev4_ec4_n63_s1_gm,189,0.0,23.8,23.8,0.0,0.011,0.00105,10.476190476190476,-1,-1,FAIL,
ev8_ec1_n12_s2_gm,36,0.2,23.8,23.7,0.0,0.000371,4.94e-05,7.510121457489879,-1,-1,FAIL,
ev9_ec1_n41_s0_gm,123,0.1,23.8,23.8,0.0,0.00619,0.000635,9.748031496062993,-1,-1,FAIL,
tri4_n83_gs,166,0.1,23.8,23.8,0.0,0.0142,0.000314,45.22292993630574,-1,-1,FAIL,
ev3_ec1_n8_s1_gs,16,0.2,23.7,23.6,0.0,0.000144,8.46e-06,17.02127659574468,-1,-1,FAIL,
ev3_ec1_n9_s2,9,0.1,23.7,23.6,0.0,2.08e-05,4.59e-06,4.531590413943356,-1,-1,FAIL,
ev4_ec1_n55_s0_gs,110,0.1,23.7,23.7,0.0,0.00603,0.000205,29.414634146341463,-1,-1,FAIL,
ev4_ec4_n65_s3_gm,195,0.1,23.7,23.7,0.0,0.0119,0.00113,10.530973451327435,-1,-1,FAIL,
ev5_ec1_n5_s3,5,0.4,23.4,23.7,0.0,8.61e-06,3.83e-06,2.2480417754569193,-1,-1,FAIL,
ev6_ec1_n34_s1_gm,102,0.0,23.7,23.7,0.0,0.00312,0.000355,8.788732394366196,-1,-1,FAIL,
ev6_ec1_n44_s3_gs,88,0.0,23.7,23.7,0.0,0.00453,0.000123,36.829268292682926,-1,-1,FAIL,
ev6_ec1_n54_s1_gm,162,0.2,23.7,23.7,0.0,0.00957,0.000794,12.052896725440807,-1,-1,FAIL,
ev6_ec1_n66_s1,66,0.1,23.7,23.7,0.0,0.000429,0.000132,3.25,-1,-1,FAIL,
ev7_ec1_n22_s3_gm,66,0.2,23.7,23.7,0.0,0.00188,7.62e-06,246.71916010498688,-1,-1,FAIL,
ev7_ec1_n86_s3_gm,258,0.0,23.7,23.7,0.0,0.0296,0.000779,37.99743260590501,-1,-1,FAIL,
ev8_ec1_n13_s2_gm,39,0.1,23.7,23.6,0.0,0.000406,5.91e-05,6.8697123519458545,-1,-1,FAIL,
tri4_n17_gs,34,0.1,23.7,23.6,0.0,0.000396,2.41e-05,16.431535269709542,-1,-1,FAIL,
ev3_ec4_n86_s0_gm,258,0.0,23.6,23.6,0.0,0.0315,0.000366,86.06557377049181,-1,-1,FAIL,
ev4_ec1_n44_s0_gs,88,0.0,23.6,23.6,0.0,0.00373,0.000131,28.473282442748086,-1,-1,FAIL,
ev5_ec1_n82_s2_gm,246,0.0,23.6,23.6,0.0,0.0278,0.00089,31.235955056179776,-1,-1,FAIL,
ev6_ec1_n70_s0_gs,140,0.3,23.6,23.6,0.0,0.00982,0.000313,31.37380191693291,-1,-1,FAIL,
ev6_ec1_n80_s0_gs,160,0.2,23.6,23.6,0.0,0.0133,0.0004,33.25,-1,-1,FAIL,
ev6_ec1_n82_s1_gs,164,0.0,23.6,23.6,0.0,0.0174,0.000526,33.07984790874524,-1,-1,FAIL,
ev7_ec1_n40_s0_gm,120,0.0,23.6,23.6,0.0,0.00641,0.000183,35.02732240437158,-1,-1,FAIL,
ev7_ec1_n76_s3_gm,228,0.0,23.5,23.6,0.0,0.0238,0.000539,44.15584415584416,-1,-1,FAIL,
ev9_ec1_n29_s0_gs,58,0.4,23.6,23.6,0.0,0.00128,0.000118,10.847457627118645,-1,-1,FAIL,
ev9_ec1_n99_s3_gm,297,0.0,23.6,23.6,0.0,0.0394,0.00303,13.003300330033001,-1,-1,FAIL,
tri3_n19_gs,38,0.1,23.6,23.6,0.0,0.000685,3.38e-05,20.26627218934911,-1,-1,FAIL,
tri4_n93_gs,186,0.1,23.6,23.6,0.0,0.0181,0.000384,47.13541666666667,-1,-1,FAIL,
ev3_ec1_n66_s2_gm,198,0.0,23.5,23.4,0.0,0.0178,0.000798,22.305764411027567,-1,-1,FAIL,
ev4_ec1_n39_s1_gm,117,0.0,23.5,23.5,0.0,0.00352,0.00043,8.186046511627907,-1,-1,FAIL,
ev4_ec1_n53_s0_gs,106,0.0,23.4,23.5,0.0,0.0055,0.000181,30.38674033149171,-1,-1,FAIL,
ev4_ec1_n56_s0_gs,112,0.0,23.4,23.5,0.0,0.00621,0.000215,28.88372093023256,-1,-1,FAIL,
ev4_ec1_n78_s2_gs,156,0.0,23.5,23.5,0.0,0.013,0.000357,36.41456582633053,-1,-1,FAIL,
ev4_ec1_n85_s1_gs,170,0.0,23.5,23.5,0.0,0.0161,0.000397,40.55415617128463,-1,-1,FAIL,
ev4_ec4_n95_s1_gs,190,0.0,23.5,23.5,0.0,0.0206,0.00105,19.61904761904762,-1,-1,FAIL,
ev9_ec1_n38_s3_gm,114,0.0,23.5,23.5,0.0,0.00481,0.000192,25.052083333333332,-1,-1,FAIL,
ev9_ec1_n55_s0_gm,165,0.0,23.5,23.5,0.0,0.0111,0.00111,10.0,-1,-1,FAIL,
tri7_n10_gs,20,0.1,23.5,23.4,0.0,0.000139,1.37e-05,10.145985401459853,-1,-1,FAIL,
ev4_ec1_n83_s3_gs,166,0.0,23.4,23.4,0.0,0.0141,0.000395,35.69620253164557,-1,-1,FAIL,
ev5_ec1_n25_s2,25,0.2,23.4,23.4,0.0,7.69e-05,1.82e-05,4.225274725274725,-1,-1,FAIL,
ev8_ec1_n7_s1_gm,21,0.2,23.4,23.4,0.0,0.000154,3.57e-05,4.313725490196078,-1,-1,FAIL,
ev3_ec1_n13_s0_gm,39,0.1,23.3,23.3,0.0,0.00059,4.27e-05,13.817330210772834,-1,-1,FAIL,
ev5_ec1_n27_s3,27,0.1,23.3,23.3,0.0,9.8e-05,2.03e-05,4.827586206896552,-1,-1,FAIL,
ev6_ec1_n12_s3_gs,24,0.1,23.3,23.3,0.0,0.000213,1.82e-05,11.703296703296704,-1,-1,FAIL,
ev7_ec1_n94_s2_gm,282,0.0,23.3,23.3,0.0,0.0359,0.000617,58.18476499189627,-1,-1,FAIL,
ev8_ec1_n14_s0_gm,42,0.1,23.3,23.3,0.0,0.000529,0.000101,5.237623762376237,-1,-1,FAIL,
ev8_ec1_n72_s2_gm,216,0.0,23.3,23.3,0.0,0.0166,0.00174,9.540229885057471,-1,-1,FAIL,
ev3_ec4_n79_s3_gm,237,0.0,23.2,23.2,0.0,0.0265,0.000322,82.29813664596273,-1,-1,FAIL,
ev4_ec1_n68_s0_gs,136,0.0,23.2,23.2,0.0,0.00965,0.000285,33.85964912280702,-1,-1,FAIL,
ev4_ec4_n72_s2_gs,144,0.0,23.2,23.2,0.0,0.011,0.000318,34.59119496855346,-1,-1,FAIL,
ev6_ec1_n57_s2_gm,171,0.0,23.2,23.2,0.0,0.00996,0.000848,11.745283018867925,-1,-1,FAIL,
ev9_ec1_n24_s0_gs,48,0.2,23.2,23.2,0.0,0.000758,7.68e-05,9.869791666666668,-1,-1,FAIL,
ev4_ec1_n72_s2_gs,144,0.0,23.1,23.1,0.0,0.0113,0.000315,35.873015873015866,-1,-1,FAIL,
ev4_ec4_n24_s3_gs,48,0.1,23.1,23.1,0.0,0.00101,4.47e-05,22.595078299776286,-1,-1,FAIL,
ev6_ec1_n9_s2_gs,18,0.1,23.1,23.1,0.0,0.00012,1.22e-05,9.836065573770492,-1,-1,FAIL,
ev6_ec1_n26_s2_gs,52,0.1,23.1,23.1,0.0,0.00154,5.07e-05,30.37475345167653,-1,-1,FAIL,
ev6_ec1_n46_s0,46,0.2,23.0,23.1,0.0,0.000207,8.9e-05,2.3258426966292136,-1,-1,FAIL,
ev6_ec1_n91_s2_gs,182,0.1,23.1,23.1,0.0,0.0188,0.000656,28.658536585365855,-1,-1,FAIL,
ev7_ec1_n98_s3_gs,196,0.0,23.1,23.1,0.0,0.0125,0.000509,24.557956777996072,-1,-1,FAIL,
tri2_n97_gs,194,0.0,23.1,23.0,0.0,0.0125,0.000838,14.916467780429596,-1,-1,FAIL,
ev4_ec1_n37_s0_gs,74,0.0,23.0,23.0,0.0,0.00241,9.34e-05,25.802997858672377,-1,-1,FAIL,
ev6_ec1_n24_s3_gs,48,0.1,23.0,23.0,0.0,0.0011,4.58e-05,24.017467248908297,-1,-1,FAIL,
ev6_ec1_n92_s0_gm,276,0.1,23.0,23.0,0.0,0.0269,0.00221,12.171945701357465,-1,-1,FAIL,
tri3_n87_gm,261,0.0,23.0,23.0,0.0,0.0367,0.00194,18.917525773195877,-1,-1,FAIL,
tri7_n75_gs,150,0.0,23.0,23.0,0.0,0.0111,0.000228,48.68421052631579,-1,-1,FAIL,
ev4_ec1_n61_s0_gm,183,0.0,22.9,22.9,0.0,0.00985,0.000985,10.0,-1,-1,FAIL,
ev4_ec1_n98_s3_gs,196,0.0,22.9,22.9,0.0,0.0211,0.00111,19.00900900900901,-1,-1,FAIL,
ev6_ec1_n62_s3_gs,124,0.0,22.9,22.9,0.0,0.00931,0.000238,39.11764705882353,-1,-1,FAIL,
ev8_ec1_n76_s1_gm,228,0.0,22.9,22.9,0.0,0.0185,0.00188,9.840425531914894,-1,-1,FAIL,
tri7_n72_gs,144,0.0,22.9,22.9,0.0,0.0102,0.000212,48.113207547169814,-1,-1,FAIL,
ev3_ec1_n21_s1_gm,63,0.1,22.8,22.8,0.0,0.00163,0.000122,13.360655737704917,-1,-1,FAIL,
ev4_ec1_n42_s3_gs,84,0.0,22.8,22.8,0.0,0.0031,0.000118,26.271186440677965,-1,-1,FAIL,
ev7_ec1_n39_s2_gm,117,0.1,22.8,22.8,0.0,0.00547,1.12e-05,488.39285714285717,-1,-1,FAIL,
ev9_ec1_n57_s0_gm,171,0.2,22.8,22.8,0.0,0.0113,0.000583,19.382504288164665,-1,-1,FAIL,
ev9_ec1_n69_s2_gm,207,0.1,22.8,22.8,0.0,0.019,0.00157,12.101910828025478,-1,-1,FAIL,
tri2_n54,54,0.3,22.7,22.8,0.0,0.000196,6.74e-05,2.908011869436202,-1,-1,FAIL,
tri6_n48_gs,96,0.1,22.8,22.8,0.0,0.00484,0.000231,20.95238095238095,-1,-1,FAIL,
ev1_ec1_n71_s2_gs,142,0.0,22.7,22.7,0.0,0.000364,1.39e-05,26.18705035971223,-1,-1,FAIL,
ev3_ec1_n21_s1,21,0.1,22.7,22.7,0.0,5.37e-05,1.28e-05,4.1953125,-1,-1,FAIL,
ev4_ec1_n88_s0_gs,176,0.0,22.6,22.7,0.0,0.0161,0.000438,36.757990867579906,-1,-1,FAIL,
ev5_ec4_n34_s0_gm,102,0.1,22.7,22.7,0.0,0.00453,6.91e-05,65.55716353111433,-1,-1,FAIL,
ev6_ec1_n37_s1_gs,74,0.1,22.7,22.6,0.0,0.00286,0.000127,22.51968503937008,-1,-1,FAIL,
ev6_ec1_n65_s0_gs,130,0.0,22.7,22.7,0.0,0.00716,0.000262,27.328244274809155,-1,-1,FAIL,
ev8_ec1_n50_s2_gm,150,0.0,22.7,22.7,0.0,0.0073,0.000822,8.880778588807786,-1,-1,FAIL,
ev9_ec1_n42_s1_gm,126,0.0,22.6,22.7,0.0,0.006,0.000663,9.04977375565611,-1,-1,FAIL,
tri5_n74_gs,148,0.0,22.7,22.7,0.0,0.00697,0.00024,29.041666666666664,-1,-1,FAIL,
tri6_n57_gs,114,0.1,22.6,22.7,0.0,0.00705,0.000328,21.49390243902439,-1,-1,FAIL,
tri7_n70_gs,140,0.0,22.7,22.7,0.0,0.00955,0.000204,46.81372549019608,-1,-1,FAIL,
ev4_ec4_n12_s0_gs,24,0.1,22.6,22.6,0.0,0.000195,1.56e-05,12.5,-1,-1,FAIL,
ev4_ec4_n77_s2_gs,154,0.0,22.6,22.6,0.0,0.0124,0.000348,35.632183908045974,-1,-1,FAIL,
ev8_ec1_n93_s2_gm,279,0.1,22.6,22.6,0.0,0.0276,0.00272,10.147058823529411,-1,-1,FAIL,
ev4_ec1_n82_s3_gs,164,0.0,22.5,22.5,0.0,0.0149,0.000389,38.30334190231362,-1,-1,FAIL,
ev4_ec4_n43_s2_gm,129,0.0,22.5,22.5,0.0,0.005,0.00053,9.433962264150944,-1,-1,FAIL,
ev4_ec4_n47_s1_gs,94,0.0,22.5,22.5,0.0,0.00448,0.000142,31.54929577464788,-1,-1,FAIL,
ev4_ec4_n76_s2_gs,152,0.0,22.5,22.5,0.0,0.012,0.000347,34.5821325648415,-1,-1,FAIL,
ev4_ec4_n79_s0_gs,158,0.0,22.5,22.4,0.0,0.0128,0.000375,34.13333333333333,-1,-1,FAIL,
ev4_ec4_n81_s2_gm,243,0.0,22.5,22.5,0.0,0.02,0.00167,11.976047904191617,-1,-1,FAIL,
ev6_ec1_n43_s2_gm,129,0.1,22.5,22.5,0.0,0.00656,0.000493,13.306288032454361,-1,-1,FAIL,
ev7_ec1_n77_s1_gm,231,0.0,22.5,22.5,0.0,0.024,0.000621,38.64734299516908,-1,-1,FAIL,
ev8_ec1_n45_s1_gm,135,0.1,22.5,22.5,0.0,0.00621,0.000738,8.414634146341463,-1,-1,FAIL,
tri6_n99_gs,198,0.0,22.5,22.5,0.0,0.0227,0.000895,25.363128491620113,-1,-1,FAIL,
ev4_ec1_n45_s1_gm,135,0.0,22.4,22.4,0.0,0.00486,0.000586,8.293515358361773,-1,-1,FAIL,
ev4_ec4_n51_s2_gs,102,0.0,22.4,22.4,0.0,0.00507,0.00016,31.687499999999996,-1,-1,FAIL,
ev4_ec4_n81_s3_gs,162,0.0,22.4,22.4,0.0,0.0142,0.000386,36.78756476683938,-1,-1,FAIL,
ev7_ec1_n13_s0_gm,39,0.2,22.4,22.4,0.0,0.00063,6.69e-06,94.17040358744394,-1,-1,FAIL,
ev6_ec1_n31_s3,31,0.2,22.3,22.3,0.0,9.32e-05,3.52e-05,2.6477272727272725,-1,-1,FAIL,
ev6_ec1_n35_s2_gs,70,0.0,22.3,22.3,0.0,0.00288,0.000121,23.801652892561986,-1,-1,FAIL,
ev4_ec1_n92_s3_gs,184,0.0,22.2,22.2,0.0,0.0181,0.000487,37.16632443531827,-1,-1,FAIL,
ev4_ec1_n98_s3_gm,294,0.1,22.2,22.2,0.0,0.0298,0.00236,12.627118644067796,-1,-1,FAIL,
ev6_ec1_n40_s3,40,0.1,22.2,22.1,0.0,0.000169,5.82e-05,2.9037800687285222,-1,-1,FAIL,
ev6_ec1_n43_s3_gm,129,0.1,22.1,22.2,0.0,0.00555,0.000501,11.077844311377245,-1,-1,FAIL,
ev9_ec1_n28_s3_gm,84,0.1,22.2,22.2,0.0,0.00281,0.000116,24.224137931034484,-1,-1,FAIL,
tri7_n16_gs,32,0.1,22.2,22.2,0.0,0.000373,2.14e-05,17.429906542056077,-1,-1,FAIL,
ev4_ec1_n26_s1_gs,52,0.0,22.1,22.1,0.0,0.00109,5.41e-05,20.14787430683919,-1,-1,FAIL,
ev4_ec4_n87_s1_gm,261,0.0,22.1,22.1,0.0,0.0237,0.00191,12.408376963350785,-1,-1,FAIL,
ev6_ec1_n38_s3,38,0.1,22.1,22.0,0.0,0.000147,4.89e-05,3.006134969325153,-1,-1,FAIL,
ev6_ec1_n56_s0,56,0.2,22.0,22.1,0.0,0.00032,0.000106,3.018867924528302,-1,-1,FAIL,
ev9_ec1_n40_s0_gm,120,0.1,22.1,22.1,0.0,0.00564,0.000634,8.89589905362776,-1,-1,FAIL,
tri2_n78,78,0.3,22.1,22.1,0.0,0.000421,0.000129,3.2635658914728682,-1,-1,FAIL,
tri4_n61_gs,122,0.0,22.1,22.1,0.0,0.00711,0.000178,39.943820224719104,-1,-1,FAIL,
ev3_ec4_n6_s2,6,0.2,21.7,22.0,0.0,1.42e-05,2.99e-06,4.749163879598662,-1,-1,FAIL,
ev4_ec1_n59_s3_gm,177,0.1,22.0,21.9,0.0,0.00923,0.000938,9.840085287846481,-1,-1,FAIL,
ev4_ec1_n71_s2_gs,142,0.0,22.0,22.0,0.0,0.0114,0.000353,32.29461756373938,-1,-1,FAIL,
ev4_ec4_n29_s1_gs,58,0.1,22.0,22.0,0.0,0.00137,6.07e-05,22.57001647446458,-1,-1,FAIL,
ev4_ec4_n85_s2_gs,170,0.0,22.0,22.0,0.0,0.0153,0.000471,32.48407643312102,-1,-1,FAIL,
ev5_ec1_n16_s3,16,0.1,21.9,22.0,0.0,3.95e-05,1.06e-05,3.7264150943396226,-1,-1,FAIL,
ev8_ec1_n26_s3_gm,78,0.1,22.0,22.0,0.0,0.00185,0.000253,7.312252964426877,-1,-1,FAIL,
tri4_n88_gm,264,0.0,22.0,22.0,0.0,0.0229,0.00171,13.391812865497077,-1,-1,FAIL,
ev3_ec4_n29_s3_gm,87,0.1,21.8,21.9,0.0,0.00358,8.04e-05,44.5273631840796,-1,-1,FAIL,
ev4_ec4_n40_s3_gs,80,0.0,21.9,21.9,0.0,0.00286,0.000102,28.03921568627451,-1,-1,FAIL,
ev8_ec1_n12_s0_gs,24,0.2,21.9,21.9,0.0,0.000288,1.83e-05,15.737704918032787,-1,-1,FAIL,
ev3_ec1_n6_s2_gm,18,0.3,21.8,21.8,0.0,8.87e-05,1.23e-05,7.211382113821138,-1,-1,FAIL,
ev3_ec1_n12_s3,12,0.2,21.7,21.8,0.0,2.43e-05,6.32e-06,3.84493670886076,-1,-1,FAIL,
ev4_ec4_n24_s2_gs,48,0.0,21.8,21.8,0.0,0.000969,4.48e-05,21.62946428571429,-1,-1,FAIL,
ev4_ec4_n44_s2_gm,132,0.0,21.8,21.8,0.0,0.00471,0.000548,8.594890510948906,-1,-1,FAIL,
ev4_ec4_n89_s3_gs,178,0.0,21.8,21.7,0.0,0.0168,0.000455,36.92307692307692,-1,-1,FAIL,
ev6_ec1_n88_s1_gm,264,0.0,21.8,21.8,0.0,0.0296,0.00195,15.17948717948718,-1,-1,FAIL,
ev6_ec1_n96_s3_gs,192,0.0,21.8,21.8,0.0,0.0227,0.000503,45.12922465208748,-1,-1,FAIL,
ev8_ec1_n48_s3_gm,144,0.0,21.8,21.8,0.0,0.00691,0.0008,8.6375,-1,-1,FAIL,
ev9_ec1_n8_s2_gm,24,0.2,21.8,21.8,0.0,0.000181,3e-05,6.033333333333333,-1,-1,FAIL,
ev3_ec4_n85_s1_gm,255,0.0,21.7,21.7,0.0,0.0308,0.000385,80.0,-1,-1,FAIL,
ev4_ec1_n24_s1_gs,48,0.1,21.7,21.7,0.0,0.001,4.84e-05,20.66115702479339,-1,-1,FAIL,
ev4_ec1_n48_s2_gm,144,0.0,21.7,21.7,0.0,0.00561,0.000639,8.779342723004696,-1,-1,FAIL,
ev4_ec1_n71_s0_gm,213,0.1,21.7,21.7,0.0,0.0146,0.00127,11.496062992125983,-1,-1,FAIL,
ev4_ec4_n56_s2_gs,112,0.0,21.7,21.7,0.0,0.00589,0.000185,31.83783783783784,-1,-1,FAIL,
ev6_ec1_n33_s0_gs,66,0.0,21.7,21.7,0.0,0.00198,8.61e-05,22.996515679442506,-1,-1,FAIL,
ev6_ec1_n47_s0,47,0.1,21.7,21.7,0.0,0.000193,6.97e-05,2.769010043041607,-1,-1,FAIL,
ev6_ec1_n97_s3,97,0.1,21.7,21.7,0.0,0.00102,0.000269,3.7918215613382906,-1,-1,FAIL,
tri6_n58_gm,174,0.0,21.7,21.7,0.0,0.00862,0.000852,10.117370892018778,-1,-1,FAIL,
tri7_n51_gs,102,0.0,21.7,21.7,0.0,0.00509,0.000123,41.382113821138205,-1,-1,FAIL,
ev3_ec4_n38_s0_gm,114,0.1,21.6,21.6,0.0,0.00619,0.000117,52.90598290598291,-1,-1,FAIL,
ev4_ec1_n34_s2_gs,68,0.0,21.6,21.6,0.0,0.00219,8.56e-05,25.584112149532714,-1,-1,FAIL,
ev4_ec1_n53_s2_gm,159,0.1,21.6,21.6,0.0,0.00792,0.000764,10.366492146596858,-1,-1,FAIL,
ev4_ec4_n82_s2_gm,246,0.0,21.6,21.6,0.0,0.0201,0.00169,11.893491124260354,-1,-1,FAIL,
ev5_ec4_n12_s3_gm,36,0.1,21.6,21.6,0.0,0.000653,3.04e-05,21.480263157894736,-1,-1,FAIL,
ev6_ec1_n14_s0_gs,28,0.1,21.6,21.6,0.0,0.000281,1.99e-05,14.120603015075378,-1,-1,FAIL,
ev6_ec1_n51_s3_gm,153,0.1,21.6,21.6,0.0,0.00818,0.000719,11.376912378303198,-1,-1,FAIL,
ev6_ec1_n61_s0_gs,122,0.1,21.5,21.6,0.0,0.00726,0.000244,29.75409836065574,-1,-1,FAIL,
ev6_ec1_n94_s2_gs,188,0.0,21.6,21.6,0.0,0.0195,0.000514,37.93774319066148,-1,-1,FAIL,
ev9_ec1_n25_s1_gm,75,0.1,21.6,21.6,0.0,0.00224,0.000258,8.682170542635658,-1,-1,FAIL,
ev4_ec4_n76_s2_gm,228,0.0,21.5,21.5,0.0,0.0168,0.00142,11.830985915492956,-1,-1,FAIL,
ev5_ec1_n9_s3,9,0.4,21.5,21.5,0.0,1.67e-05,8e-06,2.0875,-1,-1,FAIL,
ev5_ec1_n93_s3_gm,279,0.0,21.5,21.5,0.0,0.0362,0.0011,32.90909090909091,-1,-1,FAIL,
ev5_ec4_n3_s0_gs,6,0.3,21.4,21.5,0.0,2.15e-05,1.77e-06,12.146892655367232,-1,-1,FAIL,
ev9_ec1_n14_s1_gs,28,0.5,21.5,21.5,0.0,0.000251,3e-05,8.366666666666665,-1,-1,FAIL,
ev9_ec1_n99_s1_gm,297,0.0,21.5,21.5,0.0,0.0364,0.00315,11.555555555555555,-1,-1,FAIL,
ev4_ec1_n66_s1_gm,198,0.0,21.4,21.4,0.0,0.0126,0.00115,10.956521739130435,-1,-1,FAIL,
ev6_ec1_n90_s1_gs,180,0.0,21.4,21.4,0.0,0.0201,0.000462,43.506493506493506,-1,-1,FAIL,
tri2_n66,66,0.3,21.3,21.4,0.0,0.000301,9.28e-05,3.2435344827586206,-1,-1,FAIL,
tri7_n61_gm,183,0.0,21.4,21.4,0.0,0.0107,0.000878,12.186788154897494,-1,-1,FAIL,
ev4_ec1_n35_s3_gs,70,0.0,21.3,21.2,0.0,0.00213,7.83e-05,27.203065134099614,-1,-1,FAIL,
ev6_ec1_n49_s0_gm,147,0.1,21.3,21.3,0.0,0.00684,0.000648,10.555555555555555,-1,-1,FAIL,
ev6_ec1_n61_s3_gs,122,0.0,21.3,21.3,0.0,0.00909,0.000231,39.350649350649356,-1,-1,FAIL,
ev7_ec1_n68_s3_gs,136,0.0,21.3,21.3,0.0,0.00593,0.000261,22.720306513409962,-1,-1,FAIL,
ev8_ec1_n51_s0_gm,153,0.1,21.3,21.3,0.0,0.0076,0.000874,8.695652173913043,-1,-1,FAIL,
ev9_ec1_n4_s3_gs,8,0.2,21.2,21.3,0.0,2.21e-05,6.58e-06,3.358662613981763,-1,-1,FAIL,
tri4_n79_gs,158,0.0,21.3,21.3,0.0,0.0125,0.000278,44.964028776978424,-1,-1,FAIL,
tri6_n73_gs,146,0.0,21.3,21.3,0.0,0.012,0.000509,23.575638506876228,-1,-1,FAIL,
tri7_n58_gm,174,0.0,21.3,21.3,0.0,0.00944,0.000801,11.7852684144819,-1,-1,FAIL,
ev4_ec1_n35_s1_gs,70,0.0,21.2,21.2,0.0,0.00209,8.18e-05,25.550122249388753,-1,-1,FAIL,
ev5_ec1_n81_s2_gm,243,0.0,21.2,21.2,0.0,0.0274,0.000897,30.546265328874025,-1,-1,FAIL,
ev7_ec1_n26_s1_gm,78,0.1,21.2,21.2,0.0,0.00252,8.17e-06,308.4455324357405,-1,-1,FAIL,
ev4_ec1_n59_s3_gs,118,0.0,21.1,21.1,0.0,0.00685,0.000243,28.189300411522634,-1,-1,FAIL,
ev4_ec4_n46_s3_gm,138,0.0,21.1,21.1,0.0,0.00659,0.00058,11.362068965517242,-1,-1,FAIL,
ev4_ec4_n82_s1_gm,246,0.1,21.1,21.1,0.0,0.0199,0.00171,11.637426900584796,-1,-1,FAIL,
ev5_ec4_n44_s1_gm,132,0.0,21.1,21.1,0.0,0.00809,0.000362,22.34806629834254,-1,-1,FAIL,
ev6_ec1_n28_s1,28,0.2,21.0,21.1,0.0,7.82e-05,3.64e-05,2.1483516483516487,-1,-1,FAIL,
ev6_ec1_n59_s1_gs,118,0.0,21.1,21.1,0.0,0.00835,0.000208,40.144230769230774,-1,-1,FAIL,
tri6_n55_gs,110,0.1,21.1,21.1,0.0,0.00659,0.000308,21.396103896103895,-1,-1,FAIL,
ev3_ec1_n9_s0_gm,27,0.1,21.0,21.0,0.0,0.000251,1.86e-05,13.494623655913976,-1,-1,FAIL,
ev3_ec4_n7_s1_gs,14,0.4,21.0,20.7,0.0,9.78e-05,5.7e-06,17.157894736842106,-1,-1,FAIL,
ev4_ec1_n17_s2_gs,34,0.1,21.0,21.0,0.0,0.000425,2.51e-05,16.93227091633466,-1,-1,FAIL,
ev4_ec1_n87_s2_gs,174,0.0,21.0,21.0,0.0,0.0164,0.00043,38.139534883720934,-1,-1,FAIL,
ev4_ec4_n60_s0_gs,120,0.0,21.0,21.0,0.0,0.00702,0.000218,32.20183486238532,-1,-1,FAIL,
ev4_ec4_n73_s1_gs,146,0.0,21.0,21.0,0.0,0.0112,0.000358,31.28491620111732,-1,-1,FAIL,
ev6_ec1_n15_s1_gs,30,0.1,20.9,21.0,0.0,0.000337,2.42e-05,13.925619834710744,-1,-1,FAIL,
ev6_ec1_n44_s0_gm,132,0.0,21.0,20.9,0.0,0.00476,0.000545,8.733944954128441,-1,-1,FAIL,
ev6_ec1_n52_s1_gm,156,0.0,21.0,21.0,0.0,0.00789,0.000722,10.92797783933518,-1,-1,FAIL,
ev9_ec1_n35_s0_gm,105,0.0,20.9,21.0,0.0,0.00428,0.000193,22.17616580310881,-1,-1,FAIL,
tri2_n94_gs,188,0.0,21.0,21.0,0.0,0.0117,0.000765,15.294117647058824,-1,-1,FAIL,
tri4_n56_gs,112,0.0,21.0,21.0,0.0,0.00585,0.000157,37.261146496815286,-1,-1,FAIL,
tri5_n47,47,0.2,21.0,21.0,0.0,0.000154,5.31e-05,2.9001883239171375,-1,-1,FAIL,
tri6_n50_gm,150,0.0,21.0,21.0,0.0,0.00647,0.000645,10.031007751937985,-1,-1,FAIL,
ev4_ec1_n40_s0_gs,80,0.0,20.9,20.9,0.0,0.0031,0.000101,30.693069306930692,-1,-1,FAIL,
ev4_ec1_n68_s3_gs,136,0.0,20.9,20.9,0.0,0.00968,0.000283,34.20494699646643,-1,-1,FAIL,
ev4_ec4_n69_s1_gm,207,0.0,20.9,20.9,0.0,0.0133,0.00122,10.901639344262295,-1,-1,FAIL,
ev4_ec4_n79_s0_gm,237,0.0,20.9,20.9,0.0,0.0186,0.0016,11.624999999999998,-1,-1,FAIL,
ev5_ec1_n21_s3_gm,63,0.1,20.9,20.8,0.0,0.00155,0.000104,14.903846153846155,-1,-1,FAIL,
ev6_ec1_n20_s1_gs,40,0.1,20.9,20.9,0.0,0.000643,3.92e-05,16.403061224489797,-1,-1,FAIL,
ev4_ec4_n80_s3_gs,160,0.0,20.8,20.8,0.0,0.0134,0.000413,32.445520581113804,-1,-1,FAIL,
ev6_ec1_n35_s1,35,0.1,20.8,20.8,0.0,0.000131,5.75e-05,2.2782608695652176,-1,-1,FAIL,
ev6_ec1_n99_s0_gm,297,0.0,20.8,20.8,0.0,0.031,0.00243,12.757201646090536,-1,-1,FAIL,
ev9_ec1_n73_s3_gm,219,0.0,20.8,20.8,0.0,0.021,0.00176,11.931818181818182,-1,-1,FAIL,
ev3_ec4_n77_s1_gm,231,0.0,20.7,20.7,0.0,0.0255,0.000309,82.52427184466019,-1,-1,FAIL,
ev4_ec4_n50_s3_gm,150,0.0,20.7,20.7,0.0,0.00635,0.000677,9.379615952732644,-1,-1,FAIL,
ev6_ec1_n47_s1_gm,141,0.1,20.7,20.7,0.0,0.00595,0.000602,9.88372093023256,-1,-1,FAIL,
ev6_ec1_n71_s2_gs,142,0.1,20.7,20.7,0.0,0.012,0.000428,28.037383177570096,-1,-1,FAIL,
ev7_ec1_n25_s0_gm,75,0.2,20.7,20.6,0.0,0.00253,8.53e-06,296.6002344665885,-1,-1,FAIL,
ev9_ec1_n15_s3_gm,45,0.1,20.6,20.7,0.0,0.000644,5.85e-05,11.00854700854701,-1,-1,FAIL,
tri6_n72_gs,144,0.1,20.7,20.7,0.0,0.0117,0.000497,23.541247484909455,-1,-1,FAIL,
tri7_n81_gs,162,0.0,20.7,20.7,0.0,0.0132,0.000262,50.38167938931297,-1,-1,FAIL,
ev4_ec4_n46_s1_gs,92,0.0,20.6,20.6,0.0,0.00406,0.000139,29.208633093525183,-1,-1,FAIL,
ev4_ec4_n61_s3_gm,183,0.0,20.6,20.6,0.0,0.0101,0.001,10.1,-1,-1,FAIL,
ev6_ec1_n66_s3_gm,198,0.0,20.6,20.6,0.0,0.0165,0.00116,14.224137931034484,-1,-1,FAIL,
ev6_ec1_n87_s1_gs,174,0.0,20.6,20.6,0.0,0.0192,0.000586,32.76450511945392,-1,-1,FAIL,
ev8_ec1_n12_s1_gm,36,0.2,20.6,20.6,0.0,0.000415,6.1e-05,6.80327868852459,-1,-1,FAIL,
tri3_n8_gm,24,0.1,20.6,20.6,2.22e-16,2.8e-05,1.34e-05,2.08955223880597,-1,-1,FAIL,
tri6_n24_gm,72,0.1,20.6,20.6,0.0,0.00138,0.000172,8.023255813953488,-1,-1,FAIL,
ev4_ec1_n56_s3_gs,112,0.0,20.5,20.5,0.0,0.00628,0.000194,32.371134020618555,-1,-1,FAIL,
ev4_ec4_n62_s3_gm,186,0.0,20.5,20.5,0.0,0.0112,0.00102,10.980392156862743,-1,-1,FAIL,
ev4_ec4_n79_s2_gs,158,0.0,20.5,20.5,0.0,0.0131,0.00036,36.388888888888886,-1,-1,FAIL,
ev4_ec4_n88_s2_gs,176,0.0,20.5,20.5,0.0,0.0167,0.000449,37.193763919821826,-1,-1,FAIL,
ev5_ec4_n33_s0_gs,66,0.1,20.5,20.5,0.0,0.00205,5.03e-05,40.75546719681908,-1,-1,FAIL,
ev6_ec1_n58_s0,58,0.1,20.5,20.5,0.0,0.000357,0.000111,3.2162162162162162,-1,-1,FAIL,
ev8_ec1_n27_s1_gm,81,0.1,20.5,20.5,0.0,0.00203,0.000275,7.381818181818182,-1,-1,FAIL,
ev9_ec1_n3_s0_gs,6,0.2,20.2,20.5,0.0,1.64e-05,4.3e-06,3.8139534883720922,-1,-1,FAIL,
ev3_ec1_n4_s1_gm,12,0.3,20.4,20.4,0.0,4.03e-05,6.95e-06,5.798561151079136,-1,-1,FAIL,
ev6_ec1_n19_s3_gs,38,0.1,20.4,20.4,0.0,0.000685,3.59e-05,19.08077994428969,-1,-1,FAIL,
ev6_ec1_n22_s3,22,0.2,20.4,20.4,0.0,4.65e-05,2.11e-05,2.2037914691943126,-1,-1,FAIL,
ev6_ec1_n26_s2,26,0.2,20.3,20.4,0.0,8.08e-05,2.61e-05,3.0957854406130267,-1,-1,FAIL,
ev6_ec1_n44_s2_gs,88,0.1,20.4,20.4,0.0,0.00465,0.00019,24.47368421052631,-1,-1,FAIL,
ev6_ec1_n90_s1,90,0.1,20.4,20.4,0.0,0.000905,0.00023,3.934782608695652,-1,-1,FAIL,
ev7_ec1_n79_s2_gm,237,0.1,20.4,20.4,0.0,0.0259,0.000216,119.9074074074074,-1,-1,FAIL,
ev8_ec1_n47_s0_gm,141,0.0,20.4,20.4,0.0,0.00652,0.000747,8.728246318607763,-1,-1,FAIL,
ev4_ec1_n28_s2_gs,56,0.1,20.3,20.3,0.0,0.00131,5.82e-05,22.508591065292098,-1,-1,FAIL,
ev4_ec1_n74_s3_gs,148,0.0,20.3,20.3,0.0,0.0114,0.000323,35.294117647058826,-1,-1,FAIL,
ev4_ec1_n94_s1_gm,282,0.0,20.3,20.3,0.0,0.0272,0.00218,12.477064220183484,-1,-1,FAIL,
ev4_ec4_n39_s3_gs,78,0.0,20.3,20.3,0.0,0.00268,9.33e-05,28.724544480171488,-1,-1,FAIL,
ev4_ec4_n42_s0_gs,84,0.0,20.3,20.3,0.0,0.00317,0.000104,30.480769230769234,-1,-1,FAIL,
ev4_ec4_n74_s2_gm,222,0.1,20.3,20.3,0.0,0.016,0.00142,11.267605633802816,-1,-1,FAIL,
ev8_ec1_n10_s0_gm,30,0.1,20.3,20.3,0.0,0.000275,4e-05,6.875,-1,-1,FAIL,
tri6_n32_gs,64,0.1,20.3,20.3,0.0,0.00203,0.000101,20.0990099009901,-1,-1,FAIL,
ev3_ec1_n84_s1_gm,252,0.0,20.2,20.2,0.0,0.0282,0.00119,23.697478991596636,-1,-1,FAIL,
ev3_ec4_n44_s2_gm,132,0.0,20.1,20.2,0.0,0.00831,0.000145,57.310344827586206,-1,-1,FAIL,
ev5_ec4_n8_s3_gm,24,0.2,20.2,20.1,0.0,0.000285,2.86e-05,9.965034965034965,-1,-1,FAIL,
ev6_ec1_n13_s1,13,0.3,20.2,20.0,0.0,2.1e-05,1.14e-05,1.8421052631578947,-1,-1,FAIL,
ev6_ec1_n13_s3_gs,26,0.1,20.2,20.1,0.0,0.000257,2.25e-05,11.422222222222222,-1,-1,FAIL,
ev6_ec1_n85_s2_gs,170,0.0,20.2,20.2,0.0,0.0165,0.000432,38.19444444444445,-1,-1,FAIL,
ev6_ec1_n89_s1_gs,178,0.1,20.2,20.2,0.0,0.0194,0.000599,32.3873121869783,-1,-1,FAIL,
ev9_ec1_n42_s1_gs,84,0.1,20.2,20.2,0.0,0.00266,0.000227,11.718061674008812,-1,-1,FAIL,
tri4_n70_gm,210,0.0,20.1,20.2,0.0,0.0134,0.00117,11.452991452991453,-1,-1,FAIL,
tri7_n92_gm,276,0.0,20.2,20.2,0.0,0.0261,0.00187,13.9572192513369,-1,-1,FAIL,
ev4_ec1_n67_s3_gm,201,0.0,20.1,20.1,0.0,0.0123,0.00117,10.512820512820513,-1,-1,FAIL,
ev4_ec4_n52_s3_gs,104,0.0,20.1,20.1,0.0,0.00503,0.000171,29.41520467836257,-1,-1,FAIL,
ev5_ec1_n86_s1,86,0.1,20.1,20.1,0.0,0.00076,0.000118,6.4406779661016955,-1,-1,FAIL,
ev6_ec1_n75_s1_gs,150,0.0,20.1,20.1,0.0,0.0141,0.000448,31.473214285714285,-1,-1,FAIL,
ev6_ec1_n90_s2_gs,180,0.1,20.1,20.1,0.0,0.0178,0.000479,37.160751565762006,-1,-1,FAIL,
ev9_ec1_n10_s1_gs,20,0.3,20.1,20.0,0.0,0.00011,1.76e-05,6.25,-1,-1,FAIL,
ev4_ec1_n56_s3_gm,168,0.1,20.0,20.0,0.0,0.00837,0.000857,9.766627771295216,-1,-1,FAIL,
ev4_ec1_n93_s3_gs,186,0.0,20.0,20.0,0.0,0.0184,0.00049,37.55102040816327,-1,-1,FAIL,
ev4_ec4_n90_s2_gs,180,0.0,20.0,20.0,0.0,0.0182,0.000921,19.761129207383277,-1,-1,FAIL,
ev6_ec1_n92_s2_gs,184,0.0,20.0,20.0,0.0,0.0188,0.000493,38.13387423935092,-1,-1,FAIL,
ev8_ec1_n25_s3_gm,75,0.1,20.0,20.0,0.0,0.00186,0.000253,7.3517786561264815,-1,-1,FAIL,
ev8_ec1_n78_s1_gm,234,0.0,20.0,20.0,0.0,0.0202,0.00201,10.049751243781094,-1,-1,FAIL,
tri4_n27_gs,54,0.2,20.0,20.0,0.0,0.00114,4.58e-05,24.89082969432314,-1,-1,FAIL,
ev3_ec1_n21_s3,21,0.1,19.9,19.9,0.0,5.66e-05,1.31e-05,4.320610687022901,-1,-1,FAIL,
ev3_ec4_n14_s1,14,0.1,19.9,19.8,0.0,3.58e-05,6.17e-06,5.80226904376013,-1,-1,FAIL,
ev4_ec4_n39_s0_gs,78,0.0,19.9,19.9,0.0,0.00268,9.6e-05,27.916666666666668,-1,-1,FAIL,
ev5_ec1_n6_s0_gs,12,0.2,19.7,19.9,0.0,6.87e-05,7.77e-06,8.841698841698841,-1,-1,FAIL,
ev5_ec1_n71_s2,71,0.1,19.8,19.9,0.0,0.000569,0.000128,4.4453125,-1,-1,FAIL,
ev6_ec1_n6_s1,6,0.4,19.9,19.8,0.0,1.05e-05,4.99e-06,2.1042084168336674,-1,-1,FAIL,
ev6_ec1_n23_s2_gm,69,0.2,19.8,19.9,0.0,0.00133,0.000169,7.869822485207101,-1,-1,FAIL,
ev6_ec1_n35_s0_gs,70,0.1,19.9,19.9,0.0,0.00212,7.98e-05,26.56641604010025,-1,-1,FAIL,
ev6_ec1_n51_s3,51,0.1,19.9,19.9,0.0,0.000258,8.67e-05,2.975778546712802,-1,-1,FAIL,
ev6_ec1_n58_s0_gm,174,0.0,19.9,19.9,0.0,0.00843,0.000916,9.203056768558952,-1,-1,FAIL,
ev6_ec1_n68_s1_gs,136,0.0,19.9,19.9,0.0,0.0116,0.000281,41.281138790035584,-1,-1,FAIL,
ev6_ec1_n77_s2_gm,231,0.1,19.9,19.9,0.0,0.0204,0.00157,12.993630573248408,-1,-1,FAIL,
ev8_ec1_n86_s3_gm,258,0.0,19.9,19.9,0.0,0.0248,0.00243,10.205761316872428,-1,-1,FAIL,
tri4_n87_gs,174,0.0,19.9,19.9,0.0,0.0156,0.00033,47.27272727272727,-1,-1,FAIL,
tri7_n77_gm,231,0.0,19.9,19.9,0.0,0.0173,0.0013,13.307692307692308,-1,-1,FAIL,
ev3_ec4_n4_s3_gm,12,0.2,19.8,19.7,0.0,5.68e-05,1.11e-05,5.117117117117116,-1,-1,FAIL,
ev4_ec4_n28_s1_gs,56,0.1,19.7,19.8,0.0,0.00128,5.15e-05,24.854368932038838,-1,-1,FAIL,
ev4_ec4_n52_s0_gm,156,0.0,19.8,19.8,0.0,0.00666,0.000738,9.024390243902438,-1,-1,FAIL,
ev4_ec4_n91_s1_gm,273,0.0,19.8,19.8,0.0,0.0259,0.00205,12.634146341463413,-1,-1,FAIL,
ev6_ec1_n82_s0_gm,246,0.0,19.8,19.8,0.0,0.0198,0.00171,11.578947368421055,-1,-1,FAIL,
ev6_ec1_n95_s0_gm,285,0.0,19.8,19.8,0.0,0.0281,0.00229,12.270742358078603,-1,-1,FAIL,
ev3_ec1_n97_s1_gm,291,0.1,19.7,19.7,0.0,0.0384,0.00154,24.935064935064933,-1,-1,FAIL,
ev4_ec4_n92_s0_gs,184,0.0,19.7,19.7,0.0,0.018,0.000487,36.96098562628336,-1,-1,FAIL,
ev6_ec1_n32_s0_gs,64,0.0,19.7,19.7,0.0,0.00178,7.34e-05,24.250681198910083,-1,-1,FAIL,
ev6_ec1_n35_s0,35,0.1,19.7,19.7,0.0,0.000101,4.2e-05,2.404761904761905,-1,-1,FAIL,
ev7_ec1_n54_s3_gm,162,0.1,19.7,19.7,0.0,0.0112,9.03e-05,124.03100775193798,-1,-1,FAIL,
ev3_ec1_n43_s2_gm,129,0.1,19.6,19.6,0.0,0.00711,0.000379,18.759894459102902,-1,-1,FAIL,
ev4_ec1_n13_s3_gs,26,0.1,19.5,19.6,0.0,0.000233,2.07e-05,11.256038647342995,-1,-1,FAIL,
ev4_ec4_n69_s3_gs,138,0.0,19.6,19.6,0.0,0.00979,0.000331,29.57703927492447,-1,-1,FAIL,
ev4_ec4_n78_s2_gm,234,0.0,19.6,19.6,0.0,0.0176,0.00154,11.42857142857143,-1,-1,FAIL,
ev6_ec1_n40_s3_gs,80,0.1,19.6,19.6,0.0,0.00375,0.000111,33.78378378378378,-1,-1,FAIL,
ev6_ec1_n72_s3_gs,144,0.0,19.6,19.6,0.0,0.0127,0.000314,40.445859872611464,-1,-1,FAIL,
ev6_ec1_n88_s2_gs,176,0.1,19.6,19.6,0.0,0.0175,0.000459,38.12636165577342,-1,-1,FAIL,
ev7_ec1_n81_s1_gm,243,0.1,19.5,19.6,0.0,0.0258,2.74e-05,941.6058394160584,-1,-1,FAIL,
ev9_ec1_n26_s1_gs,52,0.6,19.6,19.6,0.0,0.000949,9.53e-05,9.958027282266526,-1,-1,FAIL,
ev9_ec1_n29_s1_gm,87,0.1,19.6,19.6,0.0,0.00266,0.000318,8.364779874213838,-1,-1,FAIL,
tri4_n84_gm,252,0.0,19.6,19.6,0.0,0.0203,0.00157,12.929936305732483,-1,-1,FAIL,
ev4_ec1_n8_s0_gs,16,0.2,19.5,19.4,0.0,0.000101,1.1e-05,9.181818181818182,-1,-1,FAIL,
ev4_ec4_n97_s0_gm,291,0.0,19.5,19.5,0.0,0.0301,0.0023,13.086956521739129,-1,-1,FAIL,
ev5_ec4_n6_s2,6,0.4,19.5,19.4,0.0,8.95e-06,4.23e-06,2.1158392434988182,-1,-1,FAIL,
ev6_ec1_n38_s2_gs,76,0.1,19.5,19.5,0.0,0.00357,0.000156,22.884615384615383,-1,-1,FAIL,
ev6_ec1_n72_s1_gs,144,0.0,19.5,19.5,0.0,0.0127,0.000303,41.914191419141915,-1,-1,FAIL,
ev6_ec1_n97_s2_gs,194,0.3,19.5,19.5,0.0,0.0225,0.000558,40.32258064516129,-1,-1,FAIL,
ev4_ec1_n87_s3_gs,174,0.0,19.4,19.4,0.0,0.0161,0.000431,37.35498839907192,-1,-1,FAIL,
ev4_ec4_n23_s0_gs,46,0.1,19.3,19.4,0.0,0.000821,3.73e-05,22.010723860589813,-1,-1,FAIL,
ev4_ec4_n66_s1_gs,132,0.0,19.4,19.4,0.0,0.00849,0.000269,31.561338289962826,-1,-1,FAIL,
ev5_ec1_n90_s3_gm,270,0.0,19.4,19.4,0.0,0.0333,0.00124,26.854838709677423,-1,-1,FAIL,
ev6_ec1_n36_s2_gm,108,0.0,19.4,19.3,0.0,0.0045,0.000369,12.19512195121951,-1,-1,FAIL,
ev6_ec1_n41_s3_gs,82,0.1,19.4,19.4,0.0,0.00384,0.000105,36.57142857142857,-1,-1,FAIL,
ev6_ec1_n48_s3,48,0.1,19.4,19.4,0.0,0.000229,7.53e-05,3.041168658698539,-1,-1,FAIL,
ev6_ec1_n63_s0_gs,126,0.1,19.4,19.4,0.0,0.00713,0.000246,28.98373983739837,-1,-1,FAIL,
ev4_ec4_n28_s2_gs,56,0.1,19.3,19.3,0.0,0.00151,5.76e-05,26.21527777777778,-1,-1,FAIL,
ev4_ec4_n44_s3_gm,132,0.0,19.3,19.2,0.0,0.0046,0.000526,8.745247148288973,-1,-1,FAIL,
ev4_ec4_n55_s3_gs,110,0.0,19.3,19.3,0.0,0.00592,0.000202,29.306930693069305,-1,-1,FAIL,
ev4_ec4_n85_s1_gm,255,0.0,19.3,19.3,0.0,0.022,0.00179,12.290502793296088,-1,-1,FAIL,
ev5_ec1_n24_s3,24,0.1,19.3,19.3,0.0,8.59e-05,3.04e-05,2.825657894736842,-1,-1,FAIL,
ev5_ec1_n31_s1,31,0.1,19.3,19.3,0.0,0.000139,4e-05,3.4749999999999996,-1,-1,FAIL,
tri6_n17_gs,34,0.1,19.3,19.3,0.0,0.000489,3.53e-05,13.852691218130312,-1,-1,FAIL,
ev4_ec1_n31_s2_gs,62,0.0,19.2,19.2,0.0,0.00159,6.89e-05,23.07692307692308,-1,-1,FAIL,
ev4_ec1_n31_s3_gs,62,0.0,19.2,19.2,0.0,0.00161,6.5e-05,24.769230769230774,-1,-1,FAIL,
ev4_ec4_n78_s1_gm,234,0.1,19.2,19.2,0.0,0.018,0.00154,11.688311688311687,-1,-1,FAIL,
tri2_n90_gs,180,0.1,19.2,19.2,0.0,0.0106,0.000684,15.497076023391813,-1,-1,FAIL,
ev3_ec4_n88_s0_gs,176,0.0,19.1,19.1,0.0,0.0144,0.000239,60.2510460251046,-1,-1,FAIL,
ev4_ec1_n39_s3_gs,78,0.0,19.1,19.1,0.0,0.00282,0.000107,26.35514018691589,-1,-1,FAIL,
ev4_ec1_n46_s0_gm,138,0.0,19.1,19.1,0.0,0.00519,0.000577,8.9948006932409,-1,-1,FAIL,
ev4_ec1_n81_s0_gm,243,0.0,19.1,19.1,0.0,0.0196,0.00168,11.666666666666666,-1,-1,FAIL,
ev4_ec1_n89_s0_gs,178,0.0,19.1,19.1,0.0,0.0171,0.000465,36.774193548387096,-1,-1,FAIL,
ev4_ec4_n7_s0_gs,14,0.2,19.1,19.1,0.0,7.74e-05,9.87e-06,7.841945288753799,-1,-1,FAIL,
ev4_ec4_n91_s2_gs,182,0.0,19.0,19.1,0.0,0.0181,0.000481,37.629937629937636,-1,-1,FAIL,
ev5_ec1_n19_s0_gm,57,0.1,19.1,19.1,0.0,0.00133,8.68e-05,15.322580645161292,-1,-1,FAIL,
ev6_ec1_n53_s0_gm,159,0.0,19.1,19.1,0.0,0.00781,0.00072,10.847222222222221,-1,-1,FAIL,
ev9_ec1_n6_s1_gs,12,1.4,19.1,19.0,0.0,4.04e-05,8.49e-06,4.758539458186101,-1,-1,FAIL,
tri4_n71_gs,142,0.1,19.1,19.1,0.0,0.00998,0.000236,42.28813559322034,-1,-1,FAIL,
ev4_ec1_n40_s1_gs,80,0.0,19.0,19.0,0.0,0.0029,0.000105,27.619047619047617,-1,-1,FAIL,
ev4_ec4_n100_s0_gs,200,0.0,19.0,19.0,0.0,0.0235,0.00112,20.982142857142858,-1,-1,FAIL,
ev6_ec1_n31_s1_gm,93,0.0,19.0,19.0,0.0,0.00255,0.000293,8.703071672354948,-1,-1,FAIL,
ev6_ec1_n31_s2,31,0.1,18.9,19.0,0.0,0.000154,5.3e-05,2.9056603773584904,-1,-1,FAIL,
ev6_ec1_n70_s1_gs,140,0.0,19.0,19.0,0.0,0.0122,0.00045,27.111111111111114,-1,-1,FAIL,
ev6_ec1_n77_s1_gs,154,0.1,19.0,19.0,0.0,0.0146,0.00048,30.416666666666668,-1,-1,FAIL,
ev7_ec1_n45_s3_gm,135,0.2,19.0,19.0,0.0,0.00807,1.34e-05,602.2388059701493,-1,-1,FAIL,
ev4_ec1_n91_s0_gs,182,0.0,18.9,18.8,0.0,0.018,0.000468,38.46153846153846,-1,-1,FAIL,
ev4_ec4_n76_s3_gm,228,0.0,18.9,18.9,0.0,0.0168,0.0015,11.2,-1,-1,FAIL,
ev4_ec4_n88_s3_gm,264,0.0,18.9,18.9,0.0,0.0236,0.00195,12.102564102564102,-1,-1,FAIL,
ev5_ec1_n61_s2_gm,183,0.0,18.9,18.9,0.0,0.0145,0.000439,33.02961275626424,-1,-1,FAIL,
ev5_ec4_n48_s2,48,0.2,18.9,18.9,4.08e-16,0.000321,7.28e-05,4.40934065934066,-1,-1,FAIL,
ev8_ec1_n62_s1_gm,186,0.1,18.9,18.9,0.0,0.0124,0.0013,9.538461538461538,-1,-1,FAIL,
ev9_ec1_n10_s2_gs,20,0.9,18.9,18.7,0.0,0.000117,1.58e-05,7.40506329113924,-1,-1,FAIL,
ev3_ec4_n15_s0_gs,30,0.3,18.7,18.8,0.0,0.00042,1.07e-05,39.252336448598136,-1,-1,FAIL,
ev4_ec1_n67_s2_gs,134,0.0,18.8,18.8,0.0,0.00899,0.00027,33.2962962962963,-1,-1,FAIL,
ev5_ec1_n99_s0_gm,297,0.0,18.8,18.8,0.0,0.0411,0.00131,31.374045801526716,-1,-1,FAIL,
ev6_ec1_n67_s1_gm,201,0.1,18.8,18.8,0.0,0.0172,0.00117,14.7008547008547,-1,-1,FAIL,
ev8_ec1_n16_s3_gm,48,0.1,18.8,18.7,0.0,0.000674,0.000126,5.34920634920635,-1,-1,FAIL,
ev8_ec1_n89_s3_gm,267,0.1,18.8,18.8,0.0,0.0262,0.00252,10.396825396825397,-1,-1,FAIL,
tri5_n83_gs,166,0.0,18.8,18.8,0.0,0.0088,0.000289,30.449826989619382,-1,-1,FAIL,
ev4_ec1_n23_s1_gs,46,0.1,18.7,18.7,0.0,0.000814,4.38e-05,18.58447488584475,-1,-1,FAIL,
ev4_ec1_n70_s0_gs,140,0.0,18.7,18.7,0.0,0.0101,0.000295,34.23728813559322,-1,-1,FAIL,
ev4_ec4_n77_s0_gm,231,0.0,18.7,18.7,0.0,0.0173,0.00152,11.38157894736842,-1,-1,FAIL,
ev4_ec4_n89_s0_gs,178,0.0,18.7,18.7,0.0,0.0174,0.000927,18.77022653721683,-1,-1,FAIL,
ev5_ec1_n6_s0,6,0.3,18.7,18.7,0.0,1.44e-05,6.36e-06,2.2641509433962264,-1,-1,FAIL,
ev6_ec1_n51_s2_gm,153,0.3,18.7,18.7,0.0,0.00862,0.000667,12.923538230884558,-1,-1,FAIL,
ev6_ec1_n58_s1_gs,116,0.0,18.7,18.7,0.0,0.00809,0.000199,40.65326633165829,-1,-1,FAIL,
ev6_ec1_n88_s3_gs,176,0.0,18.7,18.7,0.0,0.0192,0.00043,44.65116279069767,-1,-1,FAIL,
ev7_ec1_n47_s3_gs,94,0.2,18.7,18.7,0.0,0.00258,8.99e-06,286.98553948832034,-1,-1,FAIL,
ev8_ec1_n31_s1_gm,93,0.0,18.7,18.7,0.0,0.00241,0.000337,7.1513353115727,-1,-1,FAIL,
ev3_ec4_n86_s0_gs,172,0.0,18.6,18.6,0.0,0.0136,0.000232,58.62068965517241,-1,-1,FAIL,
ev4_ec1_n40_s2_gs,80,0.0,18.6,18.6,0.0,0.00292,9.49e-05,30.769230769230766,-1,-1,FAIL,
ev4_ec1_n61_s3_gm,183,0.1,18.5,18.6,0.0,0.0101,0.001,10.1,-1,-1,FAIL,
ev4_ec4_n14_s1_gs,28,0.1,18.6,18.6,0.0,0.000273,2.01e-05,13.582089552238807,-1,-1,FAIL,
ev4_ec4_n73_s1_gm,219,0.0,18.6,18.6,0.0,0.0155,0.00138,11.231884057971016,-1,-1,FAIL,
ev4_ec4_n81_s0_gs,162,0.0,18.6,18.6,0.0,0.0142,0.000383,37.0757180156658,-1,-1,FAIL,
ev4_ec4_n84_s3_gm,252,0.0,18.6,18.6,0.0,0.0213,0.00177,12.033898305084746,-1,-1,FAIL,
ev5_ec4_n30_s2,30,0.4,18.6,18.6,0.0,0.000114,1.45e-05,7.862068965517242,-1,-1,FAIL,
ev6_ec1_n22_s0,22,0.2,18.6,18.6,0.0,4.72e-05,2.2e-05,2.1454545454545455,-1,-1,FAIL,
ev6_ec1_n41_s1,41,0.3,18.5,18.6,0.0,0.000173,7.36e-05,2.3505434782608696,-1,-1,FAIL,
ev6_ec1_n61_s3,61,0.1,18.6,18.6,0.0,0.000435,0.000118,3.686440677966102,-1,-1,FAIL,
ev6_ec1_n82_s1,82,0.2,18.6,18.6,0.0,0.000753,0.000263,2.8631178707224336,-1,-1,FAIL,
ev9_ec1_n14_s3_gs,28,0.6,18.6,18.5,0.0,0.000233,2.72e-05,8.566176470588236,-1,-1,FAIL,
tri2_n85,85,0.2,18.6,18.6,0.0,0.000492,0.000147,3.3469387755102042,-1,-1,FAIL,
tri7_n28_gs,56,0.0,18.6,18.6,0.0,0.00129,4.97e-05,25.95573440643863,-1,-1,FAIL,
ev4_ec1_n81_s2_gm,243,0.1,18.5,18.5,0.0,0.0194,0.00165,11.757575757575758,-1,-1,FAIL,
ev4_ec1_n96_s1_gm,288,0.0,18.5,18.5,0.0,0.0295,0.00231,12.77056277056277,-1,-1,FAIL,
ev4_ec1_n99_s0_gs,198,0.0,18.5,18.5,0.0,0.0214,0.000537,39.8510242085661,-1,-1,FAIL,
ev5_ec4_n56_s1_gm,168,0.0,18.5,18.5,0.0,0.013,0.000494,26.315789473684212,-1,-1,FAIL,
ev5_ec4_n71_s2,71,0.1,18.5,18.5,0.0,0.00061,4.63e-05,13.174946004319654,-1,-1,FAIL,
ev6_ec1_n81_s1_gm,243,0.0,18.5,18.5,0.0,0.024,0.00169,14.201183431952662,-1,-1,FAIL,
ev4_ec1_n44_s0_gm,132,0.0,18.4,18.4,0.0,0.00471,0.000535,8.80373831775701,-1,-1,FAIL,
ev4_ec1_n77_s0_gs,154,0.0,18.4,18.4,0.0,0.0124,0.000359,34.540389972144844,-1,-1,FAIL,
ev4_ec1_n88_s1_gm,264,0.1,18.4,18.4,0.0,0.0249,0.00193,12.901554404145076,-1,-1,FAIL,
ev4_ec1_n94_s0_gs,188,0.0,18.4,18.4,0.0,0.0188,0.0005,37.6,-1,-1,FAIL,
ev4_ec4_n21_s1_gs,42,0.1,18.4,18.4,0.0,0.000769,3.86e-05,19.922279792746114,-1,-1,FAIL,
ev4_ec4_n36_s3_gs,72,0.0,18.3,18.4,0.0,0.00224,7.83e-05,28.60791826309067,-1,-1,FAIL,
ev5_ec4_n49_s0_gs,98,0.1,18.3,18.4,0.0,0.00433,0.000236,18.347457627118644,-1,-1,FAIL,
ev6_ec1_n48_s0,48,0.2,18.3,18.4,0.0,0.000213,8.87e-05,2.4013528748590756,-1,-1,FAIL,
ev6_ec1_n74_s1_gs,148,0.0,18.4,18.4,0.0,0.0134,0.00033,40.60606060606061,-1,-1,FAIL,
ev3_ec1_n4_s2,4,0.5,18.0,18.3,0.0,1.34e-05,3.99e-06,3.3583959899749374,-1,-1,FAIL,
ev4_ec4_n25_s1_gs,50,0.1,18.3,18.3,0.0,0.000994,4.59e-05,21.655773420479306,-1,-1,FAIL,
ev4_ec4_n72_s3_gs,144,0.0,18.3,18.3,0.0,0.0107,0.000307,34.85342019543974,-1,-1,FAIL,
ev6_ec1_n29_s3_gm,87,0.1,18.3,18.3,0.0,0.00228,0.000256,8.90625,-1,-1,FAIL,
ev6_ec1_n49_s1_gs,98,0.0,18.3,18.3,0.0,0.00514,0.000147,34.965986394557824,-1,-1,FAIL,
ev7_ec1_n26_s2_gs,52,0.3,18.3,18.3,0.0,0.000801,5.86e-06,136.68941979522185,-1,-1,FAIL,
ev9_ec1_n18_s3_gs,36,0.3,18.3,18.3,0.0,0.00045,4.74e-05,9.493670886075948,-1,-1,FAIL,
ev9_ec1_n73_s0_gm,219,0.0,18.3,18.3,0.0,0.0205,0.0018,11.38888888888889,-1,-1,FAIL,
tri6_n50_gs,100,0.0,18.3,18.2,0.0,0.00533,0.000259,20.57915057915058,-1,-1,FAIL,
ev1_ec1_n57_s3_gs,114,0.0,18.2,18.2,6.11e-16,0.00025,1.1e-05,22.727272727272727,-1,-1,FAIL,
ev4_ec1_n46_s2_gs,92,0.0,18.2,18.2,0.0,0.00392,0.000132,29.696969696969695,-1,-1,FAIL,
ev4_ec1_n53_s1_gm,159,0.0,18.2,18.2,0.0,0.0072,0.000771,9.33852140077821,-1,-1,FAIL,
ev4_ec1_n61_s3_gs,122,0.0,18.2,18.2,0.0,0.00753,0.00025,30.12,-1,-1,FAIL,
ev6_ec1_n21_s2,21,0.2,18.1,18.2,0.0,5.24e-05,1.86e-05,2.8172043010752685,-1,-1,FAIL,
ev6_ec1_n37_s1,37,0.2,18.2,18.2,0.0,0.000146,6.5e-05,2.246153846153846,-1,-1,FAIL,
ev6_ec1_n45_s0,45,0.2,18.2,18.2,0.0,0.000177,6.4e-05,2.765625,-1,-1,FAIL,
ev6_ec1_n78_s1_gm,234,0.0,18.2,18.2,0.0,0.0214,0.00155,13.806451612903226,-1,-1,FAIL,
ev6_ec1_n91_s2,91,0.2,18.1,18.2,0.0,0.00106,0.000322,3.291925465838509,-1,-1,FAIL,
ev6_ec1_n96_s3_gm,288,0.0,18.2,18.2,0.0,0.034,0.00248,13.70967741935484,-1,-1,FAIL,
tri5_n70,70,0.3,18.2,18.1,0.0,0.000346,0.000108,3.2037037037037037,-1,-1,FAIL,
ev1_ec1_n51_s3_gs,102,0.0,18.1,18.0,0.0,0.000172,1.07e-05,16.074766355140188,-1,-1,FAIL,
ev4_ec1_n10_s0_gs,20,0.1,17.9,18.1,0.0,0.000153,1.27e-05,12.047244094488189,-1,-1,FAIL,
ev4_ec1_n10_s1_gs,20,0.1,18.1,18.1,0.0,0.00015,1.6e-05,9.375,-1,-1,FAIL,
ev4_ec4_n99_s0_gm,297,0.0,18.1,18.1,0.0,0.031,0.00235,13.191489361702127,-1,-1,FAIL,
ev6_ec1_n29_s3,29,0.1,18.1,18.1,0.0,7.61e-05,3.37e-05,2.2581602373887244,-1,-1,FAIL,
ev6_ec1_n35_s3,35,0.1,18.1,18.1,0.0,0.000126,4.1e-05,3.073170731707317,-1,-1,FAIL,
ev6_ec1_n72_s0_gm,216,0.0,18.1,18.1,0.0,0.0135,0.00137,9.854014598540147,-1,-1,FAIL,
ev6_ec1_n92_s1,92,0.1,18.0,18.1,0.0,0.000962,0.000254,3.7874015748031495,-1,-1,FAIL,
ev8_ec1_n90_s3_gm,270,0.0,18.1,18.1,0.0,0.0267,0.0025,10.68,-1,-1,FAIL,
ev9_ec1_n53_s0_gm,159,0.3,18.1,18.1,0.0,0.0104,0.000994,10.462776659959758,-1,-1,FAIL,
tri4_n63_gs,126,0.1,18.1,18.1,0.0,0.00764,0.000195,39.17948717948718,-1,-1,FAIL,
tri7_n20_gs,40,0.1,18.0,18.1,0.0,0.000619,3.08e-05,20.097402597402596,-1,-1,FAIL,
ev4_ec1_n32_s1_gs,64,0.0,18.0,18.0,0.0,0.00199,6.98e-05,28.510028653295127,-1,-1,FAIL,
ev4_ec1_n53_s3_gm,159,0.0,17.9,18.0,0.0,0.00718,0.000769,9.336801040312093,-1,-1,FAIL,
ev4_ec1_n82_s1_gm,246,0.0,18.0,18.0,0.0,0.0205,0.00171,11.988304093567253,-1,-1,FAIL,
ev4_ec1_n97_s0_gm,291,0.0,18.0,18.0,0.0,0.0312,0.00235,13.27659574468085,-1,-1,FAIL,
ev4_ec4_n40_s0_gs,80,0.0,18.0,18.0,0.0,0.00272,9.57e-05,28.4221525600836,-1,-1,FAIL,
ev4_ec4_n61_s3_gs,122,0.0,18.0,18.0,0.0,0.0074,0.00023,32.17391304347826,-1,-1,FAIL,
ev4_ec4_n98_s1_gs,196,0.0,18.0,18.0,0.0,0.0208,0.000619,33.60258481421648,-1,-1,FAIL,
ev5_ec4_n37_s3_gm,111,0.1,18.0,18.0,0.0,0.00575,0.000101,56.930693069306926,-1,-1,FAIL,
ev5_ec4_n100_s0_gm,300,0.0,18.0,18.0,0.0,0.0431,0.00034,126.76470588235293,-1,-1,FAIL,
ev6_ec1_n9_s0_gs,18,0.2,17.9,18.0,0.0,0.000118,1.08e-05,10.925925925925926,-1,-1,FAIL,
ev6_ec1_n39_s2_gm,117,0.0,18.0,18.0,0.0,0.00525,0.000399,13.157894736842106,-1,-1,FAIL,
ev7_ec1_n28_s3_gm,84,0.1,18.0,18.0,0.0,0.00281,8.58e-06,327.50582750582754,-1,-1,FAIL,
ev7_ec1_n84_s1_gs,168,0.0,18.0,18.0,0.0,0.00883,0.000943,9.363732767762459,-1,-1,FAIL,
ev8_ec1_n42_s0_gm,126,0.0,18.0,18.0,0.0,0.00479,0.000605,7.917355371900827,-1,-1,FAIL,
tri6_n9_gs,18,0.1,18.0,17.8,0.0,0.000125,9.13e-06,13.691128148959473,-1,-1,FAIL,
ev3_ec1_n3_s3_gs,6,0.5,17.2,17.9,0.0,2.32e-05,3.13e-06,7.412140575079873,-1,-1,FAIL,
ev4_ec1_n50_s2_gs,100,0.0,17.9,17.9,0.0,0.00468,0.000166,28.192771084337352,-1,-1,FAIL,
ev4_ec4_n52_s0_gs,104,0.0,17.9,17.8,0.0,0.00523,0.000165,31.6969696969697,-1,-1,FAIL,
ev4_ec4_n97_s3_gs,194,0.0,17.9,17.9,0.0,0.0202,0.000518,38.996138996138995,-1,-1,FAIL,
ev5_ec1_n16_s2,16,0.2,17.9,17.8,0.0,4.26e-05,8.95e-06,4.759776536312849,-1,-1,FAIL,
ev5_ec4_n45_s0,45,0.1,17.9,17.9,0.0,0.000335,8.12e-05,4.125615763546798,-1,-1,FAIL,
ev5_ec4_n49_s0_gm,147,0.0,17.9,17.9,0.0,0.0099,0.000287,34.494773519163765,-1,-1,FAIL,
ev5_ec4_n89_s1_gm,267,0.0,17.9,17.9,0.0,0.0326,0.000316,103.16455696202532,-1,-1,FAIL,
ev8_ec1_n61_s0_gm,183,0.2,17.9,17.9,0.0,0.0118,0.00126,9.365079365079364,-1,-1,FAIL,
ev9_ec1_n23_s2_gs,46,0.1,17.9,17.9,0.0,0.000675,6.69e-05,10.08968609865471,-1,-1,FAIL,
ev9_ec1_n24_s3_gs,48,0.2,17.9,17.9,0.0,0.000918,7.68e-05,11.953125,-1,-1,FAIL,
tri3_n35_gs,70,0.2,17.9,17.9,0.0,0.00253,9.79e-05,25.842696629213485,-1,-1,FAIL,
tri4_n64_gs,128,0.0,17.8,17.9,0.0,0.00791,0.000195,40.56410256410257,-1,-1,FAIL,
ev4_ec1_n51_s1_gs,102,0.0,17.8,17.8,0.0,0.00501,0.000188,26.648936170212767,-1,-1,FAIL,
ev6_ec1_n7_s1_gs,14,0.3,17.7,17.8,0.0,8.48e-05,9.18e-06,9.237472766884531,-1,-1,FAIL,
ev6_ec1_n17_s3,17,0.2,17.8,17.8,0.0,2.97e-05,1.42e-05,2.091549295774648,-1,-1,FAIL,
ev6_ec1_n79_s0,79,0.1,17.8,17.8,0.0,0.000653,0.000193,3.383419689119171,-1,-1,FAIL,
ev7_ec1_n31_s0_gm,93,0.1,17.7,17.8,0.0,0.00383,9.58e-06,399.7912317327766,-1,-1,FAIL,
ev7_ec1_n72_s1_gs,144,0.1,17.8,17.8,0.0,0.0064,2.71e-05,236.16236162361625,-1,-1,FAIL,
ev9_ec1_n5_s1_gm,15,0.3,17.8,17.8,0.0,9.59e-05,1.11e-05,8.63963963963964,-1,-1,FAIL,
ev3_ec4_n41_s2,41,0.0,17.6,17.7,0.0,0.000207,2.52e-05,8.214285714285714,-1,-1,FAIL,
ev4_ec1_n51_s2_gs,102,0.0,17.7,17.7,0.0,0.00499,0.00017,29.352941176470583,-1,-1,FAIL,
ev4_ec1_n62_s0_gs,124,0.0,17.7,17.7,0.0,0.00803,0.000231,34.761904761904766,-1,-1,FAIL,
ev4_ec1_n99_s1_gm,297,0.0,17.7,17.7,0.0,0.0309,0.00245,12.612244897959185,-1,-1,FAIL,
ev4_ec4_n8_s0_gs,16,0.2,17.7,17.5,0.0,9.66e-05,1.06e-05,9.11320754716981,-1,-1,FAIL,
ev4_ec4_n34_s0_gs,68,0.1,17.7,17.7,0.0,0.00218,7.81e-05,27.91293213828425,-1,-1,FAIL,
ev4_ec4_n40_s1_gm,120,0.1,17.6,17.7,0.0,0.00374,0.000464,8.060344827586206,-1,-1,FAIL,
ev4_ec4_n51_s0_gm,153,0.0,17.7,17.7,0.0,0.00659,0.000725,9.089655172413794,-1,-1,FAIL,
ev4_ec4_n60_s2_gs,120,0.0,17.7,17.7,0.0,0.00735,0.000251,29.282868525896415,-1,-1,FAIL,
ev5_ec1_n20_s0,20,0.2,17.7,17.6,0.0,6.5e-05,2.43e-05,2.6748971193415634,-1,-1,FAIL,
ev6_ec1_n13_s2_gs,26,0.1,17.6,17.7,0.0,0.000277,1.79e-05,15.47486033519553,-1,-1,FAIL,
ev6_ec1_n57_s0_gs,114,0.0,17.7,17.7,0.0,0.00697,0.000209,33.34928229665071,-1,-1,FAIL,
ev6_ec1_n64_s3,64,0.1,17.7,17.6,0.0,0.000469,0.000132,3.5530303030303028,-1,-1,FAIL,
ev8_ec1_n11_s0_gs,22,0.2,17.7,17.7,0.0,0.000249,1.55e-05,16.064516129032256,-1,-1,FAIL,
ev8_ec1_n17_s0_gm,51,0.1,17.7,17.6,0.0,0.00068,0.000139,4.8920863309352525,-1,-1,FAIL,
ev9_ec1_n14_s2_gs,28,0.9,17.6,17.7,0.0,0.000235,2.85e-05,8.24561403508772,-1,-1,FAIL,
tri4_n33_gs,66,0.3,17.7,17.7,0.0,0.00181,6.69e-05,27.055306427503737,-1,-1,FAIL,
ev4_ec1_n79_s1_gs,158,0.0,17.6,17.6,0.0,0.0129,0.000362,35.635359116022094,-1,-1,FAIL,
ev4_ec4_n70_s1_gs,140,0.0,17.6,17.6,0.0,0.0102,0.000329,31.003039513677816,-1,-1,FAIL,
ev6_ec1_n67_s3_gm,201,0.1,17.6,17.6,0.0,0.0168,0.0012,14.0,-1,-1,FAIL,
ev6_ec1_n92_s1_gs,184,0.2,17.6,17.6,0.0,0.0207,0.000496,41.733870967741936,-1,-1,FAIL,
ev9_ec1_n21_s1_gm,63,0.1,17.6,17.6,0.0,0.00138,0.000185,7.459459459459459,-1,-1,FAIL,
ev9_ec1_n37_s0_gs,74,0.1,17.6,17.6,0.0,0.00201,0.000177,11.355932203389832,-1,-1,FAIL,
ev9_ec1_n41_s2_gm,123,0.0,17.5,17.6,0.0,0.00601,0.000219,27.44292237442922,-1,-1,FAIL,
tri2_n44,44,0.3,17.6,17.6,0.0,0.000138,4.81e-05,2.869022869022869,-1,-1,FAIL,
tri7_n63_gs,126,0.0,17.6,17.6,0.0,0.00762,0.00017,44.8235294117647,-1,-1,FAIL,
tri7_n74_gs,148,0.0,17.6,17.6,0.0,0.0108,0.000223,48.4304932735426,-1,-1,FAIL,
ev3_ec1_n6_s2,6,0.1,17.5,17.4,0.0,1.39e-05,3.91e-06,3.5549872122762154,-1,-1,FAIL,
ev3_ec1_n8_s2,8,0.4,17.3,17.5,0.0,1.76e-05,7.92e-06,2.2222222222222223,-1,-1,FAIL,
ev3_ec4_n6_s1_gm,18,0.3,17.3,17.5,0.0,0.000161,2.6e-05,6.192307692307693,-1,-1,FAIL,
ev4_ec1_n32_s0_gs,64,0.0,17.5,17.5,0.0,0.00177,6.98e-05,25.35816618911175,-1,-1,FAIL,
ev4_ec1_n60_s3_gs,120,0.0,17.5,17.5,0.0,0.00749,0.000234,32.00854700854701,-1,-1,FAIL,
ev4_ec1_n73_s3_gs,146,0.0,17.5,17.5,0.0,0.0114,0.000351,32.47863247863248,-1,-1,FAIL,
ev4_ec4_n100_s0_gm,300,0.0,17.5,17.5,0.0,0.0326,0.00245,13.306122448979592,-1,-1,FAIL,
ev5_ec4_n71_s0_gm,213,0.0,17.5,17.5,0.0,0.0213,0.000248,85.88709677419354,-1,-1,FAIL,
ev6_ec1_n30_s2_gm,90,0.0,17.5,17.5,0.0,0.0028,0.000259,10.81081081081081,-1,-1,FAIL,
ev6_ec1_n68_s0_gm,204,0.0,17.5,17.5,0.0,0.0122,0.00126,9.682539682539682,-1,-1,FAIL,
ev6_ec1_n75_s0_gs,150,0.1,17.5,17.5,0.0,0.0107,0.000351,30.48433048433048,-1,-1,FAIL,
ev9_ec1_n31_s0_gm,93,0.1,17.5,17.5,0.0,0.00314,0.000143,21.958041958041957,-1,-1,FAIL,
tri5_n42,42,0.3,17.4,17.5,0.0,0.000127,4.68e-05,2.713675213675214,-1,-1,FAIL,
tri6_n31_gs,62,0.2,17.5,17.5,0.0,0.00191,0.000105,18.19047619047619,-1,-1,FAIL,
tri6_n33_gs,66,0.1,17.5,17.5,0.0,0.00222,0.000111,20.0,-1,-1,FAIL,
ev3_ec1_n21_s0,21,0.1,17.4,17.3,0.0,5.3e-05,1.27e-05,4.173228346456693,-1,-1,FAIL,
ev6_ec1_n30_s2,30,0.1,17.4,17.4,0.0,0.000131,3.81e-05,3.438320209973754,-1,-1,FAIL,
ev6_ec1_n61_s0_gm,183,0.0,17.4,17.4,0.0,0.00945,0.000949,9.957850368809273,-1,-1,FAIL,
ev6_ec1_n67_s1,67,0.1,17.4,17.4,0.0,0.000504,0.000193,2.61139896373057,-1,-1,FAIL,
ev6_ec1_n98_s1,98,0.1,17.4,17.4,0.0,0.00112,0.000274,4.087591240875912,-1,-1,FAIL,
ev8_ec1_n99_s2_gm,297,0.1,17.4,17.4,0.0,0.0327,0.00312,10.480769230769232,-1,-1,FAIL,
ev9_ec1_n60_s1_gm,180,0.0,17.4,17.4,0.0,0.0134,0.00124,10.806451612903226,-1,-1,FAIL,
tri2_n76_gs,152,0.1,17.4,17.4,0.0,0.0077,0.000527,14.61100569259962,-1,-1,FAIL,
tri7_n91_gs,182,0.0,17.4,17.4,0.0,0.017,0.000317,53.62776025236593,-1,-1,FAIL,
ev3_ec4_n43_s3_gm,129,0.1,17.3,17.3,0.0,0.00798,0.000145,55.03448275862068,-1,-1,FAIL,
ev3_ec4_n54_s1_gm,162,0.0,17.3,17.3,0.0,0.0122,0.000149,81.87919463087249,-1,-1,FAIL,
ev4_ec1_n18_s2_gs,36,0.1,17.1,17.3,0.0,0.00049,2.91e-05,16.83848797250859,-1,-1,FAIL,
ev4_ec1_n23_s3_gs,46,0.1,17.3,17.3,0.0,0.00105,4.56e-05,23.026315789473685,-1,-1,FAIL,
ev4_ec1_n84_s3_gs,168,0.0,17.2,17.3,0.0,0.0147,0.000476,30.882352941176467,-1,-1,FAIL,
ev4_ec4_n91_s0_gs,182,0.0,17.3,17.3,0.0,0.0178,0.000473,37.63213530655391,-1,-1,FAIL,
ev5_ec4_n44_s2,44,0.3,17.3,17.3,1.32e-16,0.000255,2.25e-05,11.333333333333334,-1,-1,FAIL,
ev6_ec1_n33_s2_gs,66,0.1,17.3,17.3,0.0,0.00248,7.72e-05,32.12435233160622,-1,-1,FAIL,
ev6_ec1_n60_s0,60,0.2,17.3,17.3,0.0,0.000429,0.000152,2.8223684210526314,-1,-1,FAIL,
ev9_ec1_n13_s1_gs,26,0.2,17.3,17.3,0.0,0.000236,2.51e-05,9.40239043824701,-1,-1,FAIL,
ev9_ec1_n56_s1_gm,168,0.0,17.3,17.3,0.0,0.0114,0.000361,31.578947368421055,-1,-1,FAIL,
tri2_n92,92,0.2,17.3,17.3,0.0,0.000552,0.000162,3.407407407407407,-1,-1,FAIL,
ev3_ec4_n33_s2_gm,99,0.0,17.2,17.1,0.0,0.00462,0.0001,46.199999999999996,-1,-1,FAIL,
ev4_ec1_n8_s3_gs,16,0.2,17.2,17.2,0.0,9.86e-05,1.02e-05,9.666666666666666,-1,-1,FAIL,
ev4_ec1_n48_s0_gs,96,0.0,17.2,17.1,0.0,0.00441,0.000153,28.823529411764703,-1,-1,FAIL,
ev4_ec1_n62_s3_gm,186,0.0,17.2,17.2,0.0,0.0106,0.00105,10.095238095238097,-1,-1,FAIL,
ev6_ec1_n6_s1_gs,12,0.2,16.9,17.2,0.0,5.75e-05,7.46e-06,7.707774798927614,-1,-1,FAIL,
ev6_ec1_n67_s0,67,0.1,17.2,17.2,0.0,0.000538,0.000184,2.9239130434782608,-1,-1,FAIL,
ev7_ec1_n32_s1_gm,96,0.1,17.2,17.2,0.0,0.0041,8.2e-05,50.00000000000001,-1,-1,FAIL,
ev8_ec1_n18_s1_gm,54,0.1,17.2,17.1,0.0,0.000812,0.000156,5.205128205128205,-1,-1,FAIL,
ev8_ec1_n23_s2_gm,69,0.2,17.2,17.1,0.0,0.00152,0.000208,7.307692307692308,-1,-1,FAIL,
ev9_ec1_n72_s3_gm,216,0.0,17.2,17.2,0.0,0.0189,0.00172,10.988372093023257,-1,-1,FAIL,
tri4_n57_gs,114,0.0,17.2,17.2,0.0,0.00629,0.000159,39.55974842767296,-1,-1,FAIL,
ev3_ec1_n19_s0_gm,57,0.1,17.1,17.1,0.0,0.00134,0.000107,12.52336448598131,-1,-1,FAIL,
ev3_ec4_n25_s3,25,0.3,17.1,16.9,0.0,9.22e-05,1.11e-05,8.306306306306306,-1,-1,FAIL,
ev4_ec4_n63_s2_gs,126,0.0,17.1,17.1,0.0,0.00843,0.000246,34.26829268292683,-1,-1,FAIL,
ev4_ec4_n65_s0_gs,130,0.0,17.1,17.1,0.0,0.00857,0.000259,33.08880308880308,-1,-1,FAIL,
ev4_ec4_n70_s3_gm,210,0.0,17.1,17.1,0.0,0.0139,0.00124,11.209677419354838,-1,-1,FAIL,
ev5_ec1_n48_s1_gm,144,0.0,17.1,17.1,0.0,0.00905,0.000344,26.308139534883722,-1,-1,FAIL,
ev5_ec1_n59_s2_gm,177,0.0,17.1,17.1,0.0,0.0138,0.000419,32.93556085918854,-1,-1,FAIL,
ev5_ec4_n34_s3_gm,102,0.1,17.1,17.0,0.0,0.005,0.000127,39.37007874015748,-1,-1,FAIL,
ev6_ec1_n41_s2,41,0.2,17.1,17.1,0.0,0.000239,8.64e-05,2.7662037037037037,-1,-1,FAIL,
ev6_ec1_n72_s3,72,0.2,17.0,17.1,0.0,0.000557,0.000156,3.5705128205128207,-1,-1,FAIL,
ev8_ec1_n18_s3_gs,36,0.1,17.1,17.1,0.0,0.000639,3.09e-05,20.679611650485437,-1,-1,FAIL,
ev8_ec1_n55_s1_gm,165,0.0,17.0,17.1,0.0,0.00949,0.00107,8.869158878504674,-1,-1,FAIL,
tri5_n67,67,0.3,17.1,17.1,0.0,0.000322,9.96e-05,3.2329317269076308,-1,-1,FAIL,
ev3_ec1_n5_s0_gm,15,0.2,17.0,17.0,0.0,6.97e-05,1.09e-05,6.394495412844036,-1,-1,FAIL,
ev4_ec1_n45_s0_gs,90,0.0,16.9,17.0,0.0,0.00393,0.000139,28.273381294964032,-1,-1,FAIL,
ev4_ec4_n88_s0_gs,176,0.0,17.0,17.0,0.0,0.0167,0.00045,37.111111111111114,-1,-1,FAIL,
ev6_ec1_n77_s0,77,0.1,17.0,17.0,0.0,0.00063,0.000187,3.3689839572192515,-1,-1,FAIL,
ev6_ec1_n79_s1_gs,158,0.0,17.0,17.0,0.0,0.0154,0.000481,32.016632016632016,-1,-1,FAIL,
ev6_ec1_n80_s2,80,0.1,17.0,17.0,0.0,0.00079,0.000247,3.1983805668016196,-1,-1,FAIL,
ev8_ec1_n16_s2_gm,48,0.1,17.0,17.0,0.0,0.000659,0.000122,5.4016393442622945,-1,-1,FAIL,
tri4_n76_gs,152,0.0,16.9,17.0,0.0,0.0116,0.000264,43.93939393939393,-1,-1,FAIL,
tri6_n79_gm,237,0.0,17.0,17.0,0.0,0.0166,0.0015,11.066666666666666,-1,-1,FAIL,
ev3_ec1_n9_s2_gm,27,0.2,16.9,16.9,0.0,0.00024,1.9e-05,12.631578947368421,-1,-1,FAIL,
ev4_ec1_n57_s1_gm,171,0.0,16.9,16.9,0.0,0.0086,0.000874,9.839816933638444,-1,-1,FAIL,
ev4_ec1_n63_s1_gm,189,0.0,16.9,16.9,0.0,0.0108,0.00105,10.285714285714286,-1,-1,FAIL,
ev4_ec4_n49_s3_gs,98,0.0,16.9,16.9,0.0,0.00466,0.000167,27.904191616766468,-1,-1,FAIL,
ev6_ec1_n45_s3_gm,135,0.0,16.9,16.9,0.0,0.00656,0.000574,11.428571428571429,-1,-1,FAIL,
ev6_ec1_n72_s3_gm,216,0.1,16.9,16.9,0.0,0.02,0.00141,14.184397163120568,-1,-1,FAIL,
ev6_ec1_n94_s1_gs,188,0.0,16.9,16.9,0.0,0.022,0.000668,32.93413173652694,-1,-1,FAIL,
tri7_n83_gm,249,0.0,16.9,16.9,0.0,0.0203,0.00148,13.716216216216216,-1,-1,FAIL,
ev3_ec4_n39_s3_gm,117,0.1,16.8,16.8,0.0,0.00652,0.000118,55.25423728813559,-1,-1,FAIL,
ev4_ec1_n10_s3_gs,20,0.2,16.8,16.8,0.0,0.000144,1.29e-05,11.162790697674419,-1,-1,FAIL,
ev4_ec1_n43_s2_gs,86,0.0,16.8,16.8,0.0,0.0035,0.000118,29.661016949152543,-1,-1,FAIL,
ev4_ec1_n54_s0_gs,108,0.0,16.7,16.8,0.0,0.00572,0.000179,31.955307262569836,-1,-1,FAIL,
ev4_ec4_n30_s3_gs,60,0.0,16.8,16.8,0.0,0.00145,5.72e-05,25.349650349650346,-1,-1,FAIL,
ev6_ec1_n25_s2_gs,50,0.1,16.8,16.8,0.0,0.00137,4.57e-05,29.9781181619256,-1,-1,FAIL,
ev6_ec1_n56_s0_gm,168,0.0,16.8,16.8,0.0,0.00839,0.000858,9.778554778554778,-1,-1,FAIL,
ev6_ec1_n97_s1_gm,291,0.1,16.8,16.8,0.0,0.0363,0.00227,15.991189427312776,-1,-1,FAIL,
ev7_ec1_n98_s2_gm,294,0.0,16.8,16.8,0.0,0.0409,0.000928,44.07327586206896,-1,-1,FAIL,
ev3_ec1_n8_s0_gs,16,0.2,16.7,16.3,0.0,0.000146,7.72e-06,18.911917098445596,-1,-1,FAIL,
ev4_ec4_n23_s3_gs,46,0.1,16.7,16.7,0.0,0.000871,4.14e-05,21.038647342995173,-1,-1,FAIL,
ev6_ec1_n37_s3_gs,74,0.1,16.7,16.7,0.0,0.00318,9.28e-05,34.26724137931034,-1,-1,FAIL,
ev6_ec1_n99_s2,99,0.2,16.7,16.7,0.0,0.00124,0.000363,3.415977961432507,-1,-1,FAIL,
ev7_ec1_n90_s0_gm,270,0.0,16.7,16.7,0.0,0.0343,0.000748,45.85561497326203,-1,-1,FAIL,
ev9_ec1_n4_s2_gs,8,0.4,16.7,16.2,0.0,2.95e-05,5.82e-06,5.0687285223367695,-1,-1,FAIL,
ev9_ec1_n22_s0_gm,66,0.2,16.7,16.7,0.0,0.00154,0.000118,13.050847457627118,-1,-1,FAIL,
tri2_n81,81,0.2,16.7,16.7,0.0,0.000453,0.000136,3.3308823529411766,-1,-1,FAIL,
ev4_ec4_n35_s2_gs,70,0.0,16.6,16.6,0.0,0.00229,8.32e-05,27.52403846153846,-1,-1,FAIL,
ev5_ec1_n90_s1,90,0.1,16.5,16.6,0.0,0.000886,0.00019,4.663157894736842,-1,-1,FAIL,
ev6_ec1_n21_s1_gs,42,0.1,16.6,16.5,0.0,0.000695,4.16e-05,16.706730769230766,-1,-1,FAIL,
ev7_ec1_n55_s1_gs,110,0.1,16.6,16.6,0.0,0.00369,0.000426,8.661971830985916,-1,-1,FAIL,
ev8_ec1_n66_s0_gm,198,0.2,16.6,16.6,0.0,0.0141,0.00145,9.724137931034484,-1,-1,FAIL,
tri6_n29_gs,58,0.1,16.6,16.6,0.0,0.00167,8.46e-05,19.739952718676125,-1,-1,FAIL,
ev3_ec1_n45_s2_gm,135,0.0,16.5,16.5,0.0,0.00802,0.000428,18.738317757009344,-1,-1,FAIL,
ev4_ec4_n63_s0_gs,126,0.0,16.5,16.5,0.0,0.00805,0.000267,30.1498127340824,-1,-1,FAIL,
ev4_ec4_n77_s3_gm,231,0.0,16.5,16.5,0.0,0.0175,0.00151,11.589403973509935,-1,-1,FAIL,
ev4_ec4_n80_s2_gs,160,0.0,16.5,16.5,0.0,0.0134,0.000378,35.44973544973545,-1,-1,FAIL,
ev5_ec1_n26_s2,26,0.3,16.5,16.5,0.0,0.000103,3.4e-05,3.0294117647058822,-1,-1,FAIL,
ev5_ec1_n54_s3,54,0.1,16.5,16.5,0.0,0.00034,5.05e-05,6.732673267326733,-1,-1,FAIL,
ev5_ec1_n69_s2_gs,138,0.0,16.5,16.5,0.0,0.00976,0.00036,27.111111111111107,-1,-1,FAIL,
ev5_ec1_n87_s2_gm,261,0.0,16.5,16.5,0.0,0.031,0.000777,39.897039897039896,-1,-1,FAIL,
ev6_ec1_n24_s0,24,0.2,16.5,16.5,0.0,5.53e-05,2.59e-05,2.135135135135135,-1,-1,FAIL,
ev6_ec1_n26_s3_gs,52,0.1,16.5,16.5,0.0,0.00129,4.86e-05,26.543209876543205,-1,-1,FAIL,
ev6_ec1_n42_s2_gm,126,0.0,16.5,16.5,0.0,0.00577,0.000461,12.516268980477223,-1,-1,FAIL,
ev6_ec1_n49_s2_gm,147,0.1,16.5,16.5,0.0,0.00781,0.000679,11.50220913107511,-1,-1,FAIL,
ev6_ec1_n74_s1_gm,222,0.1,16.5,16.4,0.0,0.0195,0.00139,14.028776978417266,-1,-1,FAIL,
tri6_n93_gs,186,0.0,16.4,16.5,0.0,0.02,0.000799,25.03128911138924,-1,-1,FAIL,
ev4_ec1_n52_s3_gs,104,0.0,16.4,16.4,0.0,0.00551,0.000185,29.783783783783786,-1,-1,FAIL,
ev4_ec1_n90_s1_gm,270,0.0,16.4,16.4,0.0,0.025,0.00201,12.437810945273633,-1,-1,FAIL,
ev4_ec1_n92_s1_gs,184,0.0,16.4,16.4,0.0,0.0194,0.000495,39.19191919191919,-1,-1,FAIL,
ev6_ec1_n51_s1_gs,102,0.0,16.4,16.4,0.0,0.00552,0.000222,24.864864864864863,-1,-1,FAIL,
ev6_ec1_n83_s3_gs,166,0.0,16.4,16.4,0.0,0.0171,0.000397,43.07304785894207,-1,-1,FAIL,
tri4_n38_gm,114,0.1,16.4,16.4,0.0,0.00319,0.000391,8.158567774936062,-1,-1,FAIL,
tri4_n74_gm,222,0.0,16.4,16.4,0.0,0.0151,0.0013,11.615384615384617,-1,-1,FAIL,
tri6_n74_gm,222,0.1,16.4,16.4,0.0,0.0148,0.00132,11.212121212121213,-1,-1,FAIL,
ev3_ec1_n14_s3,14,0.1,16.3,16.3,0.0,3.22e-05,7.91e-06,4.07079646017699,-1,-1,FAIL,
ev3_ec4_n50_s0_gm,150,0.1,16.3,16.3,0.0,0.0106,0.000162,65.4320987654321,-1,-1,FAIL,
ev3_ec4_n80_s2_gm,240,0.0,16.3,16.3,0.0,0.0275,0.000334,82.33532934131738,-1,-1,FAIL,
ev4_ec1_n55_s2_gs,110,0.0,16.3,16.3,0.0,0.00579,0.000196,29.540816326530614,-1,-1,FAIL,
ev5_ec1_n44_s3,44,0.0,16.3,16.3,0.0,0.000266,6.66e-05,3.993993993993994,-1,-1,FAIL,
ev6_ec1_n53_s3,53,0.1,16.2,16.3,0.0,0.000297,9.34e-05,3.179871520342613,-1,-1,FAIL,
ev6_ec1_n79_s1_gm,237,0.1,16.3,16.3,0.0,0.0222,0.00159,13.962264150943396,-1,-1,FAIL,
ev6_ec1_n89_s0_gs,178,0.3,16.3,16.3,0.0,0.0182,0.000599,30.38397328881469,-1,-1,FAIL,
ev6_ec1_n95_s0,95,0.1,16.2,16.3,0.0,0.00103,0.000347,2.9682997118155625,-1,-1,FAIL,
tri4_n45_gs,90,0.1,16.3,16.3,0.0,0.00358,0.000109,32.8440366972477,-1,-1,FAIL,
tri6_n56_gs,112,0.1,16.3,16.3,0.0,0.00671,0.0003,22.366666666666667,-1,-1,FAIL,
ev2_ec1_n46_s3,46,0.1,16.2,16.2,0.0,0.000141,6.11e-06,23.07692307692308,-1,-1,FAIL,
ev4_ec1_n34_s2_gm,102,0.1,16.1,16.2,0.0,0.00271,0.000343,7.900874635568514,-1,-1,FAIL,
ev4_ec1_n75_s0_gs,150,0.0,16.2,16.2,0.0,0.0122,0.000332,36.746987951807235,-1,-1,FAIL,
ev4_ec4_n76_s3_gs,152,0.0,16.2,16.2,0.0,0.012,0.000342,35.08771929824561,-1,-1,FAIL,
ev4_ec4_n82_s0_gs,164,0.0,16.2,16.2,0.0,0.0147,0.0004,36.75,-1,-1,FAIL,
ev5_ec1_n73_s3,73,0.1,16.2,16.2,0.0,0.000623,9.32e-05,6.684549356223175,-1,-1,FAIL,
ev6_ec1_n52_s0_gs,104,0.0,16.1,16.2,0.0,0.00568,0.000185,30.702702702702705,-1,-1,FAIL,
ev6_ec1_n82_s2,82,0.1,16.1,16.2,0.0,0.000864,0.000275,3.1418181818181816,-1,-1,FAIL,
ev6_ec1_n96_s2_gs,192,0.0,16.2,16.2,0.0,0.0204,0.000529,38.563327032136115,-1,-1,FAIL,
ev9_ec1_n82_s3_gm,246,0.0,16.1,16.2,0.0,0.0255,0.0022,11.59090909090909,-1,-1,FAIL,
ev9_ec1_n98_s1_gm,294,0.0,16.2,16.2,0.0,0.0381,0.00304,12.532894736842104,-1,-1,FAIL,
tri6_n19_gs,38,0.1,16.2,16.2,0.0,0.000639,4.22e-05,15.14218009478673,-1,-1,FAIL,
ev3_ec1_n14_s3_gm,42,0.1,16.1,16.1,0.0,0.000654,4.18e-05,15.645933014354066,-1,-1,FAIL,
ev3_ec1_n15_s3_gs,30,0.2,16.0,16.1,0.0,0.000498,1.59e-05,31.320754716981128,-1,-1,FAIL,
ev4_ec1_n30_s3_gs,60,0.1,16.0,16.1,0.0,0.00153,6.6e-05,23.18181818181818,-1,-1,FAIL,
ev4_ec1_n61_s2_gs,122,0.0,16.1,16.1,0.0,0.00743,0.000236,31.48305084745763,-1,-1,FAIL,
ev4_ec1_n79_s3_gm,237,0.0,16.1,16.1,0.0,0.0178,0.00159,11.19496855345912,-1,-1,FAIL,
ev4_ec4_n47_s1_gm,141,0.0,16.1,16.1,0.0,0.00563,0.000593,9.494097807757166,-1,-1,FAIL,
ev4_ec4_n84_s1_gm,252,0.0,16.1,16.1,0.0,0.0213,0.00178,11.96629213483146,-1,-1,FAIL,
ev5_ec4_n65_s0_gm,195,0.0,16.0,16.1,0.0,0.0178,0.000369,48.23848238482385,-1,-1,FAIL,
ev6_ec1_n24_s0_gs,48,0.1,16.1,16.1,0.0,0.000881,4.98e-05,17.690763052208837,-1,-1,FAIL,
ev6_ec1_n27_s1_gs,54,0.1,16.1,16.1,0.0,0.00143,5.99e-05,23.873121869782974,-1,-1,FAIL,
ev6_ec1_n37_s0_gs,74,0.0,16.1,16.1,0.0,0.00237,8.55e-05,27.719298245614034,-1,-1,FAIL,
ev6_ec1_n84_s1,84,0.1,16.1,16.0,0.0,0.000771,0.000213,3.619718309859155,-1,-1,FAIL,
tri4_n7_gs,14,0.2,16.0,16.1,0.0,7.02e-05,8.32e-06,8.4375,-1,-1,FAIL,
tri6_n68_gs,136,0.0,16.1,16.1,0.0,0.0103,0.000452,22.787610619469028,-1,-1,FAIL,
ev3_ec1_n15_s0,15,0.1,15.8,16.0,0.0,3.43e-05,7.9e-06,4.341772151898734,-1,-1,FAIL,
ev4_ec1_n88_s3_gm,264,0.0,16.0,16.0,0.0,0.0233,0.00193,12.072538860103627,-1,-1,FAIL,
ev4_ec4_n12_s1_gs,24,0.1,16.0,15.9,0.0,0.000198,1.58e-05,12.53164556962025,-1,-1,FAIL,
ev5_ec4_n11_s2_gm,33,0.1,16.0,15.9,0.0,0.000416,2.68e-05,15.522388059701491,-1,-1,FAIL,
ev5_ec4_n28_s2_gs,56,0.1,16.0,15.9,0.0,0.00151,2.51e-05,60.1593625498008,-1,-1,FAIL,
ev6_ec1_n38_s0,38,0.2,16.0,16.0,0.0,0.000127,5.64e-05,2.25177304964539,-1,-1,FAIL,
ev6_ec1_n69_s1_gm,207,0.0,16.0,16.0,0.0,0.018,0.00127,14.17322834645669,-1,-1,FAIL,
ev7_ec1_n35_s2_gm,105,0.2,16.0,16.0,0.0,0.00447,1.09e-05,410.091743119266,-1,-1,FAIL,
tri2_n96,96,0.2,16.0,15.9,0.0,0.00061,0.000175,3.4857142857142858,-1,-1,FAIL,
tri2_n100_gs,200,0.1,16.0,16.0,0.0,0.0132,0.000883,14.949037372593432,-1,-1,FAIL,
tri5_n98_gs,196,0.0,16.0,16.0,0.0,0.0124,0.000389,31.876606683804624,-1,-1,FAIL,
ev4_ec1_n76_s2_gs,152,0.0,15.9,15.9,0.0,0.0119,0.000351,33.903133903133906,-1,-1,FAIL,
ev4_ec1_n100_s3_gs,200,0.0,15.9,15.9,0.0,0.0226,0.000552,40.94202898550724,-1,-1,FAIL,
ev4_ec4_n63_s2_gm,189,0.1,15.9,15.9,0.0,0.0111,0.00106,10.471698113207548,-1,-1,FAIL,
ev5_ec1_n30_s0,30,0.3,15.9,15.9,0.0,0.000101,2.12e-05,4.764150943396227,-1,-1,FAIL,
ev5_ec1_n88_s1,88,0.1,15.9,15.9,0.0,0.000769,0.000115,6.6869565217391305,-1,-1,FAIL,
ev5_ec4_n61_s1_gm,183,0.0,15.9,15.9,0.0,0.0154,0.000446,34.52914798206278,-1,-1,FAIL,
ev6_ec1_n41_s3,41,0.1,15.9,15.9,0.0,0.00018,5.56e-05,3.237410071942446,-1,-1,FAIL,
ev6_ec1_n49_s3_gs,98,0.0,15.9,15.9,0.0,0.00573,0.000162,35.37037037037037,-1,-1,FAIL,
ev6_ec1_n53_s1,53,0.1,15.9,15.9,0.0,0.000285,9.1e-05,3.131868131868132,-1,-1,FAIL,
ev6_ec1_n57_s3_gm,171,0.1,15.9,15.9,0.0,0.0127,0.000911,13.94072447859495,-1,-1,FAIL,
tri6_n87_gs,174,0.0,15.9,15.9,0.0,0.0174,0.000694,25.072046109510087,-1,-1,FAIL,
tri6_n92_gm,276,0.1,15.9,15.9,0.0,0.0235,0.00197,11.928934010152284,-1,-1,FAIL,
ev3_ec4_n28_s0_gs,56,0.1,15.8,15.7,0.0,0.00152,7.26e-05,20.9366391184573,-1,-1,FAIL,
ev3_ec4_n68_s3_gm,204,0.0,15.8,15.8,0.0,0.0201,0.000264,76.13636363636363,-1,-1,FAIL,
ev4_ec1_n89_s1_gs,178,0.0,15.8,15.8,0.0,0.0177,0.000928,19.073275862068964,-1,-1,FAIL,
ev4_ec4_n28_s2_gm,84,0.0,15.8,15.8,0.0,0.00184,0.000239,7.698744769874477,-1,-1,FAIL,
ev4_ec4_n49_s0_gs,98,0.0,15.8,15.8,0.0,0.00456,0.000144,31.666666666666664,-1,-1,FAIL,
ev4_ec4_n53_s3_gm,159,0.0,15.8,15.8,0.0,0.00745,0.000779,9.563543003851091,-1,-1,FAIL,
ev4_ec4_n64_s1_gs,128,0.0,15.8,15.8,0.0,0.00857,0.000249,34.41767068273092,-1,-1,FAIL,
ev4_ec4_n67_s2_gs,134,0.0,15.8,15.8,0.0,0.00896,0.000276,32.46376811594203,-1,-1,FAIL,
ev5_ec4_n53_s2,53,0.2,15.8,15.8,0.0,0.000357,2.8e-05,12.75,-1,-1,FAIL,
ev6_ec1_n40_s0_gs,80,0.0,15.8,15.8,0.0,0.00339,0.000132,25.68181818181818,-1,-1,FAIL,
ev6_ec1_n55_s1_gm,165,0.1,15.8,15.8,0.0,0.00989,0.000817,12.105263157894736,-1,-1,FAIL,
ev6_ec1_n59_s3,59,0.1,15.8,15.8,0.0,0.000389,0.000112,3.473214285714286,-1,-1,FAIL,
ev6_ec1_n83_s2_gm,249,0.1,15.8,15.8,0.0,0.0224,0.00176,12.727272727272727,-1,-1,FAIL,
ev7_ec1_n49_s0_gm,147,0.0,15.8,15.8,0.0,0.00918,0.000312,29.423076923076927,-1,-1,FAIL,
ev9_ec1_n97_s1_gm,291,0.1,15.8,15.8,0.0,0.0362,0.00302,11.986754966887418,-1,-1,FAIL,
tri5_n81,81,0.2,15.8,15.8,0.0,0.00045,0.000138,3.2608695652173916,-1,-1,FAIL,
tri7_n41_gm,123,0.0,15.8,15.8,0.0,0.00409,0.000439,9.316628701594533,-1,-1,FAIL,
ev4_ec1_n95_s2_gm,285,0.0,15.7,15.7,0.0,0.0282,0.00223,12.6457399103139,-1,-1,FAIL,
ev4_ec4_n35_s2_gm,105,0.0,15.7,15.7,0.0,0.00284,0.000366,7.759562841530054,-1,-1,FAIL,
ev4_ec4_n50_s0_gm,150,0.0,15.6,15.7,0.0,0.00643,0.000678,9.483775811209439,-1,-1,FAIL,
ev4_ec4_n99_s0_gs,198,0.0,15.7,15.7,0.0,0.021,0.000565,37.16814159292036,-1,-1,FAIL,
ev6_ec1_n11_s1,11,0.2,15.6,15.7,0.0,1.78e-05,8.47e-06,2.101534828807556,-1,-1,FAIL,
ev6_ec1_n82_s0,82,0.1,15.7,15.7,0.0,0.000701,0.000205,3.4195121951219516,-1,-1,FAIL,
ev6_ec1_n85_s1_gs,170,0.0,15.7,15.7,0.0,0.0176,0.000527,33.396584440227706,-1,-1,FAIL,
ev9_ec1_n7_s0_gs,14,0.3,15.7,15.6,0.0,6.09e-05,1.13e-05,5.389380530973452,-1,-1,FAIL,
tri7_n12_gs,24,0.1,15.5,15.7,0.0,0.000196,1.43e-05,13.706293706293705,-1,-1,FAIL,
ev2_ec1_n74_s0_gs,148,0.3,15.6,15.6,0.0,0.0011,1.23e-05,89.4308943089431,-1,-1,FAIL,
ev5_ec1_n28_s0_gm,84,0.0,15.6,15.6,0.0,0.003,0.00018,16.666666666666664,-1,-1,FAIL,
ev6_ec1_n95_s3_gm,285,0.0,15.6,15.6,0.0,0.0336,0.00235,14.297872340425531,-1,-1,FAIL,
ev6_ec1_n98_s3,98,0.1,15.6,15.6,0.0,0.00103,0.000271,3.8007380073800747,-1,-1,FAIL,
ev7_ec1_n96_s2_gm,288,0.0,15.6,15.6,0.0,0.0379,0.000913,41.511500547645134,-1,-1,FAIL,
ev9_ec1_n21_s3_gm,63,0.1,15.6,15.5,0.0,0.00135,9.17e-05,14.721919302071974,-1,-1,FAIL,
ev9_ec1_n68_s2_gm,204,0.2,15.5,15.6,0.0,0.0174,0.00161,10.807453416149066,-1,-1,FAIL,
tri4_n24_gs,48,0.1,15.6,15.6,0.0,0.000849,3.89e-05,21.82519280205656,-1,-1,FAIL,
tri7_n39_gm,117,0.0,15.6,15.6,0.0,0.00365,0.00039,9.35897435897436,-1,-1,FAIL,
tri7_n96_gs,192,0.0,15.6,15.6,0.0,0.019,0.000351,54.13105413105413,-1,-1,FAIL,
ev6_ec1_n24_s2_gs,48,0.1,15.4,15.5,0.0,0.00124,4.36e-05,28.44036697247706,-1,-1,FAIL,
ev6_ec1_n30_s1_gm,90,0.0,15.5,15.5,0.0,0.00225,0.000263,8.555133079847907,-1,-1,FAIL,
ev6_ec1_n36_s3,36,0.1,15.5,15.5,0.0,0.000137,4.36e-05,3.142201834862385,-1,-1,FAIL,
ev6_ec1_n42_s1_gs,84,0.0,15.5,15.5,0.0,0.00382,0.000113,33.80530973451327,-1,-1,FAIL,
ev6_ec1_n52_s0,52,0.1,15.4,15.5,0.0,0.000284,9.42e-05,3.0148619957537157,-1,-1,FAIL,
ev6_ec1_n76_s1_gs,152,0.0,15.4,15.5,0.0,0.0145,0.000335,43.28358208955224,-1,-1,FAIL,
ev6_ec1_n83_s0,83,0.1,15.5,15.4,0.0,0.000702,0.000201,3.4925373134328357,-1,-1,FAIL,
ev7_ec1_n30_s0_gs,60,0.2,15.5,15.5,0.0,0.00104,6.26e-06,166.13418530351436,-1,-1,FAIL,
ev8_ec1_n30_s0_gm,90,0.0,15.5,15.5,0.0,0.00229,0.000333,6.876876876876876,-1,-1,FAIL,
ev8_ec1_n86_s0_gm,258,0.1,15.4,15.5,0.0,0.024,0.00236,10.169491525423728,-1,-1,FAIL,
tri5_n65,65,0.2,15.5,15.5,0.0,0.000305,9.46e-05,3.2241014799154333,-1,-1,FAIL,
tri7_n87_gs,174,0.0,15.5,15.5,0.0,0.0154,0.000295,52.20338983050847,-1,-1,FAIL,
ev3_ec4_n93_s3_gm,279,0.0,15.4,15.4,0.0,0.0377,0.000677,55.686853766617425,-1,-1,FAIL,
ev4_ec1_n13_s0_gs,26,0.1,15.3,15.4,0.0,0.000237,2.18e-05,10.871559633027521,-1,-1,FAIL,
ev4_ec1_n29_s2_gs,58,0.1,15.4,15.4,0.0,0.0014,5.75e-05,24.34782608695652,-1,-1,FAIL,
ev4_ec1_n50_s1_gm,150,0.1,15.4,15.3,0.0,0.00629,0.000675,9.318518518518518,-1,-1,FAIL,
ev4_ec4_n87_s3_gm,261,0.0,15.3,15.4,0.0,0.0234,0.00193,12.124352331606218,-1,-1,FAIL,
ev4_ec4_n94_s2_gs,188,0.0,15.4,15.3,0.0,0.019,0.000508,37.40157480314961,-1,-1,FAIL,
ev6_ec1_n32_s3,32,0.1,15.3,15.4,0.0,0.000104,3.93e-05,2.6463104325699742,-1,-1,FAIL,
ev6_ec1_n55_s1,55,0.1,15.3,15.4,0.0,0.000301,9.01e-05,3.340732519422864,-1,-1,FAIL,
ev7_ec1_n69_s1_gs,138,0.0,15.4,15.4,0.0,0.00588,0.000254,23.1496062992126,-1,-1,FAIL,
ev9_ec1_n27_s0_gs,54,0.5,15.4,15.4,0.0,0.00107,9.94e-05,10.764587525150905,-1,-1,FAIL,
ev9_ec1_n36_s3_gm,108,0.1,15.3,15.4,0.0,0.0045,0.000492,9.146341463414632,-1,-1,FAIL,
tri2_n68_gs,136,0.1,15.4,15.4,0.0,0.00604,0.000427,14.14519906323185,-1,-1,FAIL,
tri6_n45_gs,90,0.1,15.4,15.3,0.0,0.00427,0.000201,21.243781094527364,-1,-1,FAIL,
ev4_ec1_n77_s1_gm,231,0.0,15.3,15.3,0.0,0.0178,0.00149,11.946308724832214,-1,-1,FAIL,
ev4_ec4_n73_s2_gm,219,0.0,15.3,15.3,0.0,0.0154,0.00138,11.159420289855074,-1,-1,FAIL,
ev4_ec4_n75_s3_gm,225,0.0,15.3,15.3,0.0,0.0166,0.00148,11.216216216216216,-1,-1,FAIL,
ev5_ec1_n14_s3_gm,42,0.1,15.3,15.3,0.0,0.000599,4.87e-05,12.299794661190965,-1,-1,FAIL,
ev5_ec1_n53_s3,53,0.1,15.3,15.3,0.0,0.000379,9.25e-05,4.097297297297297,-1,-1,FAIL,
ev6_ec1_n51_s0,51,0.1,15.3,15.3,0.0,0.000246,8.58e-05,2.8671328671328675,-1,-1,FAIL,
ev6_ec1_n58_s3_gs,116,0.0,15.3,15.3,0.0,0.00817,0.000206,39.66019417475729,-1,-1,FAIL,
ev6_ec1_n80_s2_gm,240,0.1,15.3,15.2,0.0,0.0219,0.00161,13.602484472049689,-1,-1,FAIL,
ev9_ec1_n52_s0_gm,156,0.0,15.3,15.3,0.0,0.00989,0.000972,10.174897119341564,-1,-1,FAIL,
tri7_n76_gm,228,0.0,15.3,15.3,0.0,0.0167,0.00125,13.36,-1,-1,FAIL,
ev4_ec1_n97_s0_gs,194,0.0,15.2,15.2,0.0,0.0225,0.00106,21.22641509433962,-1,-1,FAIL,
ev4_ec4_n38_s1_gm,114,0.0,15.2,15.2,0.0,0.0033,0.000427,7.7283372365339575,-1,-1,FAIL,
ev4_ec4_n60_s1_gs,120,0.0,15.2,15.2,0.0,0.00723,0.000248,29.153225806451612,-1,-1,FAIL,
ev4_ec4_n74_s1_gs,148,0.0,15.2,15.2,0.0,0.0111,0.000366,30.327868852459016,-1,-1,FAIL,
ev5_ec1_n4_s1_gs,8,0.3,14.9,15.2,0.0,3.22e-05,5.48e-06,5.875912408759123,-1,-1,FAIL,
ev6_ec1_n29_s1_gs,58,0.1,15.2,15.2,0.0,0.00177,5.9e-05,30.000000000000004,-1,-1,FAIL,
ev6_ec1_n69_s3_gs,138,0.0,15.2,15.2,0.0,0.0118,0.000278,42.44604316546763,-1,-1,FAIL,
ev7_ec1_n79_s1_gm,237,0.1,15.2,15.2,0.0,0.0242,0.000115,210.43478260869563,-1,-1,FAIL,
ev7_ec1_n85_s2_gm,255,0.0,15.2,15.2,0.0,0.0295,0.000671,43.964232488822645,-1,-1,FAIL,
tri6_n80_gs,160,0.0,15.2,15.2,0.0,0.0146,0.000618,23.624595469255667,-1,-1,FAIL,
ev4_ec1_n12_s2_gs,24,0.1,15.1,15.0,0.0,0.000201,1.81e-05,11.104972375690608,-1,-1,FAIL,
ev4_ec1_n16_s0_gs,32,0.1,15.1,15.1,0.0,0.000394,2.45e-05,16.081632653061224,-1,-1,FAIL,
ev4_ec1_n53_s0_gm,159,0.0,15.1,15.1,0.0,0.00721,0.000768,9.388020833333334,-1,-1,FAIL,
ev4_ec1_n53_s2_gs,106,0.0,15.1,15.1,0.0,0.00636,0.000176,36.13636363636364,-1,-1,FAIL,
ev4_ec4_n23_s1_gs,46,0.1,15.1,15.1,0.0,0.000868,4.22e-05,20.568720379146917,-1,-1,FAIL,
ev4_ec4_n42_s1_gm,126,0.1,15.1,15.1,0.0,0.00422,0.000487,8.6652977412731,-1,-1,FAIL,
ev4_ec4_n68_s3_gm,204,0.0,15.1,15.1,0.0,0.014,0.00118,11.864406779661017,-1,-1,FAIL,
ev4_ec4_n86_s1_gs,172,0.0,15.1,15.1,0.0,0.0165,0.000426,38.732394366197184,-1,-1,FAIL,
ev6_ec1_n37_s2_gm,111,0.0,15.1,15.0,0.0,0.00474,0.000397,11.939546599496222,-1,-1,FAIL,
ev6_ec1_n56_s0_gs,112,0.0,15.1,15.1,0.0,0.0065,0.000209,31.100478468899517,-1,-1,FAIL,
ev6_ec1_n58_s3,58,0.1,15.1,15.1,0.0,0.000381,0.000104,3.6634615384615388,-1,-1,FAIL,
ev7_ec1_n8_s1_gm,24,0.3,15.1,15.1,0.0,0.000238,4.59e-06,51.851851851851855,-1,-1,FAIL,
ev7_ec1_n66_s2_gm,198,0.1,15.1,15.1,0.0,0.0176,7.31e-05,240.76607387140905,-1,-1,FAIL,
ev9_ec1_n58_s1_gm,174,0.1,15.1,15.1,0.0,0.0121,0.00116,10.431034482758621,-1,-1,FAIL,
tri3_n33_gm,99,0.1,15.1,15.1,0.0,0.0045,0.00028,16.071428571428573,-1,-1,FAIL,
ev3_ec1_n11_s1,11,0.1,14.9,15.0,0.0,2.37e-05,5.74e-06,4.128919860627177,-1,-1,FAIL,
ev4_ec1_n20_s2_gs,40,0.1,14.9,15.0,0.0,0.000624,3.66e-05,17.04918032786885,-1,-1,FAIL,
ev4_ec1_n27_s3_gs,54,0.0,15.0,15.0,0.0,0.00127,5.51e-05,23.049001814882036,-1,-1,FAIL,
ev4_ec1_n75_s1_gm,225,0.1,15.0,15.0,0.0,0.0162,0.00144,11.249999999999998,-1,-1,FAIL,
ev4_ec1_n97_s1_gm,291,0.0,15.0,15.0,0.0,0.0294,0.0023,12.782608695652174,-1,-1,FAIL,
ev4_ec4_n56_s3_gs,112,0.0,15.0,15.0,0.0,0.00704,0.000193,36.476683937823836,-1,-1,FAIL,
ev4_ec4_n61_s2_gm,183,0.0,15.0,15.0,0.0,0.00999,0.001,9.99,-1,-1,FAIL,
ev4_ec4_n62_s0_gs,124,0.0,15.0,15.0,0.0,0.00807,0.000235,34.340425531914896,-1,-1,FAIL,
ev4_ec4_n71_s2_gs,142,0.0,15.0,15.0,0.0,0.011,0.000345,31.884057971014492,-1,-1,FAIL,
ev4_ec4_n98_s3_gm,294,0.0,15.0,15.0,0.0,0.0309,0.00236,13.09322033898305,-1,-1,FAIL,
ev4_ec4_n100_s2_gm,300,0.0,15.0,15.0,0.0,0.0322,0.00248,12.983870967741936,-1,-1,FAIL,
ev5_ec1_n43_s0,43,0.1,15.0,14.9,0.0,0.000206,3.6e-05,5.722222222222222,-1,-1,FAIL,
ev5_ec1_n50_s3,50,0.1,15.0,15.0,0.0,0.000353,8.36e-05,4.222488038277512,-1,-1,FAIL,
ev5_ec4_n23_s0_gm,69,0.1,15.0,14.9,0.0,0.00215,0.000111,19.36936936936937,-1,-1,FAIL,
ev5_ec4_n79_s2_gm,237,0.0,15.0,15.0,0.0,0.0269,0.000312,86.21794871794872,-1,-1,FAIL,
ev6_ec1_n29_s1,29,0.2,15.0,15.0,0.0,7.53e-05,3.1e-05,2.429032258064516,-1,-1,FAIL,
ev6_ec1_n89_s1,89,0.1,15.0,15.0,0.0,0.000936,0.000301,3.1096345514950166,-1,-1,FAIL,
ev7_ec1_n54_s0_gm,162,0.1,15.0,15.0,0.0,0.0114,5.94e-05,191.91919191919192,-1,-1,FAIL,
tri6_n65_gs,130,0.0,14.9,15.0,0.0,0.00941,0.000406,23.177339901477833,-1,-1,FAIL,
ev4_ec1_n12_s0_gs,24,0.1,14.9,14.8,0.0,0.000207,1.63e-05,12.699386503067485,-1,-1,FAIL,
ev4_ec1_n90_s0_gm,270,0.0,14.9,14.9,0.0,0.0257,0.00204,12.598039215686274,-1,-1,FAIL,
ev4_ec4_n95_s3_gm,285,0.0,14.9,14.9,0.0,0.0288,0.0022,13.09090909090909,-1,-1,FAIL,
ev5_ec1_n4_s1_gm,12,0.3,14.8,14.9,0.0,4.9e-05,7.69e-06,6.371911573472042,-1,-1,FAIL,
ev5_ec1_n89_s1_gm,267,0.1,14.9,14.9,0.0,0.0333,0.0011,30.272727272727273,-1,-1,FAIL,
ev6_ec1_n86_s2_gm,258,0.1,14.9,14.9,0.0,0.0235,0.00188,12.5,-1,-1,FAIL,
ev6_ec1_n89_s2_gm,267,0.0,14.9,14.8,0.0,0.0255,0.00205,12.439024390243901,-1,-1,FAIL,
ev9_ec1_n96_s0_gm,288,0.2,14.9,14.9,0.0,0.0365,0.003,12.166666666666666,-1,-1,FAIL,
tri3_n17_gs,34,0.1,14.9,14.8,0.0,0.000538,2.96e-05,18.175675675675674,-1,-1,FAIL,
tri5_n49,49,0.2,14.9,14.9,0.0,0.000169,5.69e-05,2.9701230228471,-1,-1,FAIL,
ev3_ec1_n7_s1,7,0.1,14.8,14.8,0.0,1.48e-05,5.38e-06,2.7509293680297398,-1,-1,FAIL,
ev3_ec4_n72_s0,72,0.1,14.7,14.8,0.0,0.000733,0.000146,5.02054794520548,-1,-1,FAIL,
ev3_ec4_n96_s0_gm,288,0.0,14.8,14.8,0.0,0.0403,0.00044,91.5909090909091,-1,-1,FAIL,
ev4_ec1_n69_s2_gs,138,0.0,14.8,14.8,0.0,0.00979,0.000282,34.716312056737586,-1,-1,FAIL,
ev4_ec1_n100_s1_gm,300,0.0,14.7,14.8,0.0,0.0322,0.00246,13.089430894308943,-1,-1,FAIL,
ev4_ec4_n61_s1_gm,183,0.0,14.8,14.8,0.0,0.0103,0.00101,10.198019801980198,-1,-1,FAIL,
ev4_ec4_n85_s1_gs,170,0.0,14.8,14.8,0.0,0.0161,0.000873,18.442153493699887,-1,-1,FAIL,
ev4_ec4_n97_s2_gm,291,0.0,14.8,14.8,0.0,0.0292,0.00235,12.425531914893616,-1,-1,FAIL,
ev5_ec1_n5_s1_gm,15,0.2,14.8,14.8,0.0,7.12e-05,1.18e-05,6.033898305084745,-1,-1,FAIL,
ev5_ec4_n9_s3_gs,18,0.3,14.8,14.5,0.0,0.000163,5.68e-06,28.69718309859155,-1,-1,FAIL,
ev6_ec1_n31_s0_gs,62,0.1,14.8,14.8,0.0,0.00159,6.53e-05,24.34915773353752,-1,-1,FAIL,
ev6_ec1_n70_s3,70,0.1,14.8,14.8,0.0,0.000524,0.000148,3.5405405405405412,-1,-1,FAIL,
ev6_ec1_n86_s2_gs,172,0.0,14.8,14.8,0.0,0.0166,0.000445,37.30337078651686,-1,-1,FAIL,
ev8_ec1_n16_s1_gm,48,0.1,14.8,14.8,0.0,0.00069,0.000101,6.8316831683168315,-1,-1,FAIL,
ev9_ec1_n12_s0_gs,24,0.4,14.8,14.7,0.0,0.000181,2.41e-05,7.510373443983403,-1,-1,FAIL,
ev9_ec1_n18_s2_gs,36,0.9,14.7,14.8,0.0,0.000447,4.92e-05,9.085365853658537,-1,-1,FAIL,
ev3_ec1_n9_s3,9,0.1,14.6,14.7,0.0,1.9e-05,4.8e-06,3.958333333333334,-1,-1,FAIL,
ev4_ec1_n63_s2_gs,126,0.0,14.7,14.7,0.0,0.00808,0.00024,33.666666666666664,-1,-1,FAIL,
ev4_ec1_n83_s3_gm,249,0.0,14.7,14.7,0.0,0.0206,0.00168,12.261904761904761,-1,-1,FAIL,
ev4_ec4_n28_s3_gs,56,0.1,14.7,14.6,0.0,0.00132,5.75e-05,22.956521739130434,-1,-1,FAIL,
ev5_ec1_n8_s1_gm,24,0.2,14.7,14.6,0.0,0.000186,2.11e-05,8.81516587677725,-1,-1,FAIL,
ev5_ec1_n39_s2_gm,117,0.0,14.7,14.7,0.0,0.00586,0.000289,20.27681660899654,-1,-1,FAIL,
ev5_ec1_n89_s2_gm,267,0.0,14.7,14.7,0.0,0.0327,0.000932,35.08583690987125,-1,-1,FAIL,
ev5_ec4_n13_s2,13,0.1,14.7,14.7,0.0,3.25e-05,6.18e-06,5.258899676375404,-1,-1,FAIL,
tri3_n49_gm,147,0.0,14.7,14.7,0.0,0.0116,0.000526,22.053231939163496,-1,-1,FAIL,
tri4_n60_gm,180,0.1,14.7,14.7,0.0,0.00922,0.000868,10.622119815668205,-1,-1,FAIL,
tri4_n76_gm,228,0.0,14.7,14.7,0.0,0.0159,0.0013,12.230769230769232,-1,-1,FAIL,
ev3_ec1_n9_s3_gs,18,0.3,14.3,14.6,0.0,0.000189,7.8e-06,24.230769230769234,-1,-1,FAIL,
ev3_ec1_n19_s2,19,0.2,14.5,14.6,0.0,5.77e-05,2.32e-05,2.487068965517241,-1,-1,FAIL,
ev4_ec1_n60_s1_gm,180,0.0,14.6,14.6,0.0,0.00978,0.00098,9.979591836734695,-1,-1,FAIL,
ev4_ec1_n64_s3_gs,128,0.0,14.6,14.6,0.0,0.0081,0.000271,29.889298892988933,-1,-1,FAIL,
ev4_ec1_n65_s0_gs,130,0.0,14.6,14.6,0.0,0.00864,0.000277,31.1913357400722,-1,-1,FAIL,
ev4_ec1_n75_s3_gs,150,0.0,14.6,14.6,0.0,0.0118,0.000332,35.54216867469879,-1,-1,FAIL,
ev5_ec4_n61_s0_gm,183,0.0,14.6,14.5,0.0,0.0161,0.000169,95.26627218934912,-1,-1,FAIL,
ev6_ec1_n50_s1_gs,100,0.0,14.6,14.6,0.0,0.00566,0.000232,24.396551724137932,-1,-1,FAIL,
ev6_ec1_n92_s3_gm,276,0.1,14.6,14.6,0.0,0.0324,0.00227,14.273127753303966,-1,-1,FAIL,
ev8_ec1_n6_s1_gm,18,0.2,14.6,14.6,0.0,0.000105,1.61e-05,6.521739130434783,-1,-1,FAIL,
ev8_ec1_n9_s3_gm,27,0.1,14.6,14.6,0.0,0.000201,3.12e-05,6.4423076923076925,-1,-1,FAIL,
ev9_ec1_n7_s2_gs,14,0.3,14.4,14.6,0.0,7.96e-05,1.2e-05,6.633333333333333,-1,-1,FAIL,
ev2_ec4_n64_s2,64,0.1,14.5,14.5,0.0,0.000391,7.66e-06,51.04438642297651,-1,-1,FAIL,
ev3_ec1_n34_s0_gm,102,0.1,14.5,14.5,0.0,0.00449,0.000279,16.093189964157705,-1,-1,FAIL,
ev4_ec1_n65_s3_gs,130,0.0,14.5,14.4,0.0,0.00856,0.000264,32.42424242424242,-1,-1,FAIL,
ev4_ec1_n96_s1_gs,192,0.1,14.5,14.5,0.0,0.0209,0.00107,19.53271028037383,-1,-1,FAIL,
ev4_ec4_n39_s1_gs,78,0.0,14.4,14.5,0.0,0.00264,9.06e-05,29.139072847682115,-1,-1,FAIL,
ev4_ec4_n87_s2_gm,261,0.0,14.5,14.5,0.0,0.0228,0.00191,11.93717277486911,-1,-1,FAIL,
ev5_ec4_n52_s0_gm,156,0.0,14.5,14.5,0.0,0.0111,0.000178,62.35955056179776,-1,-1,FAIL,
ev5_ec4_n57_s0_gm,171,0.0,14.5,14.5,0.0,0.0138,0.000296,46.62162162162162,-1,-1,FAIL,
ev6_ec1_n94_s3_gm,282,0.0,14.5,14.5,0.0,0.0335,0.00227,14.757709251101323,-1,-1,FAIL,
ev7_ec1_n43_s3_gm,129,0.1,14.5,14.5,0.0,0.00745,2.34e-05,318.37606837606836,-1,-1,FAIL,
ev9_ec1_n69_s3_gm,207,0.2,14.5,14.5,0.0,0.0175,0.000515,33.980582524271846,-1,-1,FAIL,
ev9_ec1_n76_s2_gm,228,0.0,14.5,14.5,0.0,0.0223,0.00062,35.96774193548387,-1,-1,FAIL,
tri4_n96_gm,288,0.0,14.5,14.5,0.0,0.0278,0.00197,14.111675126903553,-1,-1,FAIL,
ev3_ec1_n46_s1,46,0.1,14.4,14.4,0.0,0.000205,4.26e-05,4.812206572769953,-1,-1,FAIL,
ev3_ec4_n83_s2_gm,249,0.0,14.4,14.4,0.0,0.0297,0.000358,82.9608938547486,-1,-1,FAIL,
ev4_ec1_n90_s3_gs,180,0.0,14.4,14.4,0.0,0.0171,0.000467,36.61670235546038,-1,-1,FAIL,
ev4_ec1_n96_s3_gm,288,0.0,14.4,14.4,0.0,0.0289,0.00228,12.675438596491228,-1,-1,FAIL,
ev4_ec4_n26_s2_gs,52,0.1,14.4,14.4,0.0,0.00109,5.15e-05,21.165048543689323,-1,-1,FAIL,
ev5_ec4_n39_s0_gm,117,0.0,14.3,14.4,0.0,0.00619,0.000133,46.54135338345865,-1,-1,FAIL,
ev5_ec4_n85_s0_gm,255,0.0,14.4,14.4,0.0,0.0316,0.000519,60.88631984585742,-1,-1,FAIL,
ev6_ec1_n38_s3_gm,114,0.0,14.4,14.4,0.0,0.00441,0.000443,9.954853273137697,-1,-1,FAIL,
ev6_ec1_n93_s3_gs,186,0.0,14.4,14.4,0.0,0.0222,0.00121,18.347107438016533,-1,-1,FAIL,
ev8_ec1_n88_s2_gm,264,0.0,14.3,14.4,0.0,0.0253,0.00245,10.326530612244898,-1,-1,FAIL,
ev9_ec1_n13_s3_gs,26,0.5,14.4,14.4,0.0,0.000215,2.61e-05,8.237547892720306,-1,-1,FAIL,
ev9_ec1_n49_s3_gm,147,0.0,14.4,14.4,0.0,0.00798,0.000329,24.25531914893617,-1,-1,FAIL,
tri2_n38,38,0.4,14.4,14.3,0.0,0.000106,3.94e-05,2.6903553299492384,-1,-1,FAIL,
tri5_n50,50,0.3,14.4,14.4,0.0,0.000175,5.98e-05,2.9264214046822743,-1,-1,FAIL,
ev2_ec1_n96_s2,96,0.1,14.3,14.3,2.11e-16,0.000813,8.4e-06,96.78571428571429,-1,-1,FAIL,
ev4_ec1_n49_s3_gs,98,0.0,14.3,14.3,0.0,0.00454,0.00015,30.26666666666667,-1,-1,FAIL,
ev4_ec1_n66_s2_gs,132,0.0,14.3,14.3,0.0,0.00848,0.000267,31.760299625468164,-1,-1,FAIL,
ev4_ec4_n68_s2_gs,136,0.0,14.3,14.3,0.0,0.00921,0.000282,32.659574468085104,-1,-1,FAIL,
ev4_ec4_n84_s0_gm,252,0.0,14.3,14.3,0.0,0.0213,0.00176,12.102272727272727,-1,-1,FAIL,
ev6_ec1_n55_s1_gs,110,0.0,14.3,14.2,0.0,0.00723,0.000177,40.84745762711865,-1,-1,FAIL,
ev8_ec1_n30_s1_gm,90,0.0,14.2,14.3,0.0,0.00236,0.000338,6.98224852071006,-1,-1,FAIL,
ev8_ec1_n39_s1_gm,117,0.0,14.3,14.3,0.0,0.004,0.000504,7.936507936507937,-1,-1,FAIL,
tri6_n8_gs,16,0.2,14.3,14.2,0.0,9.9e-05,7.81e-06,12.676056338028168,-1,-1,FAIL,
ev3_ec1_n15_s2,15,0.1,14.2,14.2,0.0,4.34e-05,1.87e-05,2.320855614973262,-1,-1,FAIL,
ev3_ec4_n37_s0_gm,111,0.1,14.2,14.2,0.0,0.00582,0.000111,52.43243243243243,-1,-1,FAIL,
ev4_ec1_n34_s0_gs,68,0.0,14.2,14.2,0.0,0.00188,7.18e-05,26.18384401114206,-1,-1,FAIL,
ev4_ec1_n81_s0_gs,162,0.0,14.2,14.2,0.0,0.0139,0.000381,36.48293963254593,-1,-1,FAIL,
ev4_ec1_n87_s1_gs,174,0.0,14.2,14.2,0.0,0.0159,0.000431,36.890951276102086,-1,-1,FAIL,
ev4_ec4_n17_s3_gs,34,0.1,14.2,14.2,0.0,0.000428,2.63e-05,16.273764258555133,-1,-1,FAIL,
ev4_ec4_n26_s0_gs,52,0.1,14.2,14.2,0.0,0.0011,4.76e-05,23.109243697478995,-1,-1,FAIL,
ev4_ec4_n59_s0_gs,118,0.0,14.2,14.2,0.0,0.00672,0.000233,28.841201716738198,-1,-1,FAIL,
ev4_ec4_n97_s2_gs,194,0.1,14.2,14.2,0.0,0.0207,0.00109,18.990825688073393,-1,-1,FAIL,
ev4_ec4_n98_s0_gm,294,0.0,14.2,14.2,0.0,0.0307,0.00238,12.899159663865547,-1,-1,FAIL,
ev5_ec1_n37_s0_gm,111,0.0,14.2,14.2,0.0,0.00539,0.000266,20.26315789473684,-1,-1,FAIL,
ev6_ec1_n51_s0_gm,153,0.1,14.2,14.2,0.0,0.00727,0.000661,10.998487140695916,-1,-1,FAIL,
ev3_ec4_n16_s0_gs,32,0.2,14.0,14.1,0.0,0.00048,1.23e-05,39.02439024390244,-1,-1,FAIL,
ev3_ec4_n55_s3_gm,165,0.0,14.1,14.1,0.0,0.013,0.000196,66.3265306122449,-1,-1,FAIL,
ev4_ec4_n41_s1_gs,82,0.0,14.1,14.1,0.0,0.00318,0.000109,29.174311926605505,-1,-1,FAIL,
ev4_ec4_n51_s2_gm,153,0.0,14.1,14.1,0.0,0.00676,0.000717,9.428172942817294,-1,-1,FAIL,
ev4_ec4_n76_s1_gm,228,0.0,14.1,14.1,0.0,0.0168,0.00148,11.35135135135135,-1,-1,FAIL,
ev4_ec4_n83_s2_gs,166,0.0,14.1,14.1,0.0,0.0142,0.000402,35.32338308457712,-1,-1,FAIL,
ev5_ec4_n49_s3,49,0.1,14.1,14.1,0.0,0.000304,2.62e-05,11.603053435114505,-1,-1,FAIL,
ev5_ec4_n70_s0_gm,210,0.0,14.1,14.1,0.0,0.021,0.00044,47.72727272727273,-1,-1,FAIL,
ev6_ec1_n25_s3,25,0.1,14.1,14.1,0.0,5.76e-05,2.53e-05,2.2766798418972334,-1,-1,FAIL,
ev6_ec1_n39_s1_gs,78,0.1,14.1,14.1,0.0,0.0031,9.68e-05,32.02479338842975,-1,-1,FAIL,
ev6_ec1_n68_s3,68,0.1,14.1,14.1,0.0,0.000508,0.000142,3.577464788732394,-1,-1,FAIL,
ev6_ec1_n68_s3_gm,204,0.0,14.1,14.1,0.0,0.0175,0.00124,14.112903225806454,-1,-1,FAIL,
ev6_ec1_n88_s0,88,0.1,14.1,14.1,0.0,0.000829,0.000291,2.848797250859106,-1,-1,FAIL,
ev6_ec1_n95_s0_gs,190,0.0,14.1,14.1,0.0,0.0206,0.00116,17.75862068965517,-1,-1,FAIL,
ev7_ec1_n65_s1_gm,195,0.0,14.1,14.1,0.0,0.0175,0.000435,40.229885057471265,-1,-1,FAIL,
ev8_ec1_n15_s0_gs,30,0.1,14.0,14.1,0.0,0.000441,2.52e-05,17.5,-1,-1,FAIL,
ev8_ec1_n75_s1_gm,225,0.0,14.1,14.0,0.0,0.0179,0.00188,9.52127659574468,-1,-1,FAIL,
ev9_ec1_n20_s0_gs,40,0.4,14.1,14.1,0.0,0.000549,5.89e-05,9.320882852292021,-1,-1,FAIL,
ev9_ec1_n84_s2_gm,252,0.0,14.1,14.1,0.0,0.026,0.000689,37.73584905660377,-1,-1,FAIL,
tri2_n73,73,0.2,14.1,14.1,0.0,0.000372,0.000113,3.2920353982300887,-1,-1,FAIL,
tri2_n100,100,0.3,14.0,14.1,0.0,0.000646,0.000188,3.4361702127659575,-1,-1,FAIL,
tri3_n27_gs,54,0.2,14.1,14.1,0.0,0.00148,6.13e-05,24.143556280587276,-1,-1,FAIL,
ev4_ec1_n63_s2_gm,189,0.0,14.0,14.0,0.0,0.0109,0.00105,10.380952380952381,-1,-1,FAIL,
ev4_ec1_n88_s0_gm,264,0.0,14.0,14.0,0.0,0.023,0.00192,11.979166666666666,-1,-1,FAIL,
ev4_ec4_n69_s0_gs,138,0.0,14.0,14.0,0.0,0.00972,0.000286,33.98601398601398,-1,-1,FAIL,
ev4_ec4_n96_s2_gs,192,0.0,14.0,14.0,0.0,0.0195,0.000517,37.71760154738878,-1,-1,FAIL,
ev6_ec1_n21_s2_gm,63,0.0,14.0,13.9,0.0,0.00104,0.000141,7.375886524822694,-1,-1,FAIL,
ev6_ec1_n38_s2_gm,114,0.0,14.0,14.0,0.0,0.00505,0.000406,12.438423645320196,-1,-1,FAIL,
ev6_ec1_n88_s0_gs,176,0.0,14.0,14.0,0.0,0.018,0.000584,30.821917808219176,-1,-1,FAIL,
ev7_ec1_n55_s0_gm,165,0.0,14.0,14.0,0.0,0.0124,0.000287,43.20557491289199,-1,-1,FAIL,
ev7_ec1_n86_s2_gm,258,0.1,14.0,14.0,0.0,0.0288,4.83e-05,596.2732919254659,-1,-1,FAIL,
ev9_ec1_n43_s2_gm,129,0.1,14.0,14.0,0.0,0.00769,0.000695,11.06474820143885,-1,-1,FAIL,
ev9_ec1_n93_s0_gm,279,0.0,14.0,14.0,0.0,0.0341,0.0028,12.178571428571429,-1,-1,FAIL,
tri2_n77_gs,154,0.1,14.0,14.0,0.0,0.00782,0.00053,14.754716981132077,-1,-1,FAIL,
tri6_n59_gs,118,0.0,14.0,14.0,0.0,0.0076,0.000324,23.456790123456788,-1,-1,FAIL,
ev4_ec1_n67_s0_gm,201,0.0,13.9,13.9,0.0,0.0127,0.00119,10.672268907563025,-1,-1,FAIL,
ev4_ec1_n92_s0_gs,184,0.1,13.9,13.8,0.0,0.0187,0.001,18.7,-1,-1,FAIL,
ev5_ec1_n23_s3,23,0.0,13.9,13.9,0.0,6.82e-05,1.71e-05,3.988304093567252,-1,-1,FAIL,
ev5_ec1_n92_s3_gm,276,0.0,13.8,13.9,0.0,0.0355,0.00116,30.603448275862068,-1,-1,FAIL,
ev5_ec4_n63_s2_gm,189,0.0,13.9,13.9,0.0,0.017,0.000219,77.62557077625571,-1,-1,FAIL,
ev6_ec1_n32_s3_gs,64,0.0,13.9,13.9,0.0,0.00216,7.47e-05,28.91566265060241,-1,-1,FAIL,
ev6_ec1_n34_s0,34,0.4,13.8,13.9,0.0,0.000105,4.87e-05,2.15605749486653,-1,-1,FAIL,
ev6_ec1_n34_s0_gs,68,0.1,13.9,13.9,0.0,0.00209,9.44e-05,22.139830508474574,-1,-1,FAIL,
ev6_ec1_n70_s3_gs,140,0.0,13.9,13.9,0.0,0.0122,0.000292,41.780821917808225,-1,-1,FAIL,
ev7_ec1_n43_s2_gm,129,0.0,13.9,13.9,0.0,0.00772,0.000354,21.807909604519775,-1,-1,FAIL,
ev8_ec1_n11_s2_gm,33,0.1,13.9,13.9,0.0,0.000276,3.96e-05,6.96969696969697,-1,-1,FAIL,
ev9_ec1_n76_s0_gm,228,0.0,13.9,13.9,0.0,0.0212,0.00195,10.871794871794872,-1,-1,FAIL,
tri5_n39,39,0.4,13.9,13.9,0.0,0.000115,4.02e-05,2.8606965174129355,-1,-1,FAIL,
ev3_ec1_n16_s0,16,0.1,13.6,13.8,0.0,3.55e-05,1e-05,3.55,-1,-1,FAIL,
ev4_ec4_n73_s2_gs,146,0.0,13.8,13.7,0.0,0.011,0.000345,31.884057971014492,-1,-1,FAIL,
ev5_ec4_n58_s1_gm,174,0.0,13.8,13.8,0.0,0.0138,0.000435,31.72413793103448,-1,-1,FAIL,
ev6_ec1_n23_s0,23,0.1,13.8,13.8,0.0,5.38e-05,2.44e-05,2.2049180327868854,-1,-1,FAIL,
ev6_ec1_n82_s0_gs,164,0.0,13.8,13.7,0.0,0.0147,0.000412,35.679611650485434,-1,-1,FAIL,
ev6_ec1_n97_s2,97,0.1,13.8,13.8,0.0,0.00114,0.000272,4.1911764705882355,-1,-1,FAIL,
ev7_ec1_n25_s1_gm,75,0.1,13.8,13.8,0.0,0.00237,1.49e-05,159.06040268456377,-1,-1,FAIL,
ev8_ec1_n10_s1_gm,30,0.2,13.8,13.7,0.0,0.000268,4.04e-05,6.633663366336634,-1,-1,FAIL,
ev9_ec1_n17_s3_gs,34,1.0,13.8,13.8,0.0,0.000386,3.84e-05,10.052083333333334,-1,-1,FAIL,
ev9_ec1_n46_s3_gm,138,0.1,13.8,13.8,0.0,0.00772,0.000741,10.418353576248313,-1,-1,FAIL,
tri5_n83,83,0.2,13.8,13.7,0.0,0.000477,0.000147,3.2448979591836737,-1,-1,FAIL,
bid2_n250_s1,250,0.1,13.8,13.8,0.0,0.00437,0.00135,3.2370370370370365,-1,-1,FAIL,
ev3_ec1_n20_s2_gm,60,0.1,13.7,13.7,0.0,0.00148,8.02e-05,18.453865336658353,-1,-1,FAIL,
ev3_ec1_n47_s2,47,0.2,13.7,13.6,0.0,0.000253,7.9e-05,3.202531645569621,-1,-1,FAIL,
ev3_ec4_n90_s3_gm,270,0.0,13.7,13.7,0.0,0.0346,0.000406,85.22167487684729,-1,-1,FAIL,
ev4_ec1_n54_s2_gm,162,0.1,13.7,13.7,0.0,0.00767,0.000819,9.365079365079366,-1,-1,FAIL,
ev4_ec1_n79_s0_gm,237,0.0,13.7,13.7,0.0,0.0188,0.00153,12.287581699346406,-1,-1,FAIL,
ev4_ec4_n71_s0_gs,142,0.0,13.7,13.7,0.0,0.0105,0.0003,35.00000000000001,-1,-1,FAIL,
ev4_ec4_n91_s2_gm,273,0.0,13.7,13.7,0.0,0.026,0.00206,12.621359223300969,-1,-1,FAIL,
ev6_ec1_n45_s3,45,0.1,13.7,13.7,0.0,0.000208,6.8e-05,3.0588235294117645,-1,-1,FAIL,
ev6_ec1_n50_s0_gs,100,0.0,13.7,13.7,0.0,0.00607,0.00021,28.9047619047619,-1,-1,FAIL,
ev6_ec1_n56_s1,56,0.2,13.7,13.7,0.0,0.000316,0.000101,3.1287128712871284,-1,-1,FAIL,
ev6_ec1_n93_s2_gm,279,0.0,13.7,13.7,0.0,0.0272,0.00223,12.197309417040357,-1,-1,FAIL,
ev6_ec1_n94_s2_gm,282,0.0,13.7,13.7,0.0,0.0285,0.0022,12.954545454545455,-1,-1,FAIL,
ev8_ec1_n48_s2_gm,144,0.0,13.7,13.7,0.0,0.00674,0.000761,8.85676741130092,-1,-1,FAIL,
ev9_ec1_n20_s1_gs,40,0.5,13.7,13.7,0.0,0.000566,5.36e-05,10.559701492537313,-1,-1,FAIL,
tri2_n52,52,0.3,13.7,13.7,0.0,0.000187,6.1e-05,3.0655737704918034,-1,-1,FAIL,
ev4_ec1_n42_s2_gm,126,0.1,13.6,13.6,0.0,0.00423,0.0005,8.46,-1,-1,FAIL,
ev4_ec1_n80_s2_gs,160,0.0,13.6,13.6,0.0,0.0133,0.00037,35.945945945945944,-1,-1,FAIL,
ev5_ec4_n66_s2_gm,198,0.0,13.5,13.6,0.0,0.0181,0.000229,79.03930131004367,-1,-1,FAIL,
ev6_ec1_n11_s3,11,0.2,13.5,13.6,0.0,1.75e-05,9.36e-06,1.8696581196581195,-1,-1,FAIL,
ev6_ec1_n31_s0,31,0.2,13.6,13.6,0.0,8.22e-05,3.44e-05,2.38953488372093,-1,-1,FAIL,
ev6_ec1_n36_s0,36,0.1,13.6,13.6,0.0,0.000107,4.28e-05,2.5,-1,-1,FAIL,
ev6_ec1_n41_s3_gm,123,0.1,13.6,13.6,0.0,0.00515,0.000481,10.706860706860708,-1,-1,FAIL,
ev6_ec1_n58_s3_gm,174,0.0,13.6,13.5,0.0,0.0127,0.000921,13.789359391965254,-1,-1,FAIL,
ev6_ec1_n65_s3,65,0.1,13.6,13.6,0.0,0.000476,0.000132,3.606060606060606,-1,-1,FAIL,
ev6_ec1_n91_s1_gs,182,0.4,13.6,13.6,0.0,0.0205,0.000594,34.51178451178451,-1,-1,FAIL,
ev9_ec1_n42_s3_gs,84,0.2,13.6,13.6,0.0,0.00258,0.000225,11.466666666666667,-1,-1,FAIL,
ev3_ec1_n12_s0,12,0.3,13.5,13.4,0.0,2.43e-05,7.46e-06,3.257372654155496,-1,-1,FAIL,
ev4_ec1_n100_s2_gs,200,0.0,13.5,13.5,0.0,0.0233,0.00116,20.086206896551726,-1,-1,FAIL,
ev4_ec4_n92_s2_gs,184,0.1,13.5,13.5,0.0,0.0189,0.00101,18.712871287128714,-1,-1,FAIL,
ev5_ec1_n9_s1_gs,18,0.3,13.5,13.4,0.0,0.000159,1.01e-05,15.742574257425742,-1,-1,FAIL,
ev5_ec1_n100_s1,100,0.1,13.5,13.5,0.0,0.00105,0.000154,6.8181818181818175,-1,-1,FAIL,
ev5_ec4_n37_s2_gm,111,0.1,13.5,13.5,3.9e-16,0.000733,0.000105,6.980952380952381,-1,-1,FAIL,
ev6_ec1_n27_s2,27,0.2,13.5,13.5,0.0,0.000117,4.27e-05,2.740046838407494,-1,-1,FAIL,
ev6_ec1_n61_s1_gs,122,0.0,13.5,13.5,0.0,0.0091,0.000317,28.706624605678233,-1,-1,FAIL,
ev7_ec1_n93_s3_gm,279,0.0,13.5,13.5,0.0,0.0354,0.000879,40.27303754266212,-1,-1,FAIL,
tri2_n89,89,0.2,13.5,13.5,0.0,0.000531,0.000162,3.2777777777777777,-1,-1,FAIL,
tri4_n19_gs,38,0.5,13.5,13.5,0.0,0.000496,2.78e-05,17.841726618705035,-1,-1,FAIL,
tri7_n64_gm,192,0.0,13.5,13.5,0.0,0.0112,0.000929,12.055974165769644,-1,-1,FAIL,
tri7_n78_gs,156,0.0,13.5,13.5,0.0,0.0123,0.000244,50.40983606557377,-1,-1,FAIL,
ev4_ec1_n44_s2_gm,132,0.1,13.4,13.4,0.0,0.00473,0.000546,8.663003663003662,-1,-1,FAIL,
ev4_ec1_n68_s1_gs,136,0.0,13.4,13.4,0.0,0.00923,0.000283,32.6148409893993,-1,-1,FAIL,
ev4_ec4_n78_s3_gm,234,0.0,13.4,13.4,0.0,0.0175,0.00153,11.437908496732028,-1,-1,FAIL,
ev4_ec4_n92_s3_gs,184,0.0,13.4,13.4,0.0,0.0189,0.00057,33.15789473684211,-1,-1,FAIL,
ev6_ec1_n19_s0,19,0.2,13.4,13.3,0.0,3.68e-05,1.7e-05,2.164705882352941,-1,-1,FAIL,
ev6_ec1_n28_s1_gm,84,0.0,13.4,13.4,0.0,0.00193,0.000247,7.813765182186236,-1,-1,FAIL,
ev6_ec1_n29_s0,29,0.2,13.4,13.4,0.0,8e-05,3.46e-05,2.3121387283236996,-1,-1,FAIL,
ev6_ec1_n55_s0,55,0.2,13.4,13.4,0.0,0.000305,9.8e-05,3.1122448979591835,-1,-1,FAIL,
ev8_ec1_n61_s3_gm,183,0.0,13.4,13.4,0.0,0.0115,0.00119,9.663865546218487,-1,-1,FAIL,
ev9_ec1_n6_s0_gs,12,0.3,13.3,13.4,0.0,4.11e-05,9.53e-06,4.312696747114376,-1,-1,FAIL,
ev9_ec1_n40_s3_gs,80,0.4,13.4,13.4,0.0,0.00252,0.000213,11.830985915492958,-1,-1,FAIL,
ev4_ec1_n90_s2_gm,270,0.1,13.3,13.3,0.0,0.0254,0.00204,12.450980392156861,-1,-1,FAIL,
ev4_ec4_n59_s2_gs,118,0.0,13.2,13.3,0.0,0.00686,0.000218,31.46788990825688,-1,-1,FAIL,
ev4_ec4_n73_s3_gm,219,0.0,13.3,13.3,0.0,0.0154,0.00139,11.079136690647482,-1,-1,FAIL,
ev4_ec4_n78_s0_gm,234,0.0,13.3,13.3,0.0,0.0179,0.00158,11.329113924050633,-1,-1,FAIL,
ev5_ec1_n32_s2,32,0.1,13.3,13.2,0.0,0.000113,2.23e-05,5.067264573991031,-1,-1,FAIL,
ev5_ec4_n14_s0_gs,28,0.1,13.3,13.3,0.0,0.000325,1.42e-05,22.887323943661972,-1,-1,FAIL,
ev6_ec1_n57_s3,57,0.1,13.3,13.3,0.0,0.000359,9.72e-05,3.693415637860082,-1,-1,FAIL,
ev6_ec1_n73_s3_gs,146,0.0,13.3,13.3,0.0,0.013,0.00032,40.62499999999999,-1,-1,FAIL,
ev6_ec1_n85_s3,85,0.1,13.3,13.3,0.0,0.000768,0.0002,3.84,-1,-1,FAIL,
ev7_ec1_n43_s0_gs,86,0.0,13.3,13.3,0.0,0.0024,0.000266,9.022556390977442,-1,-1,FAIL,
ev8_ec1_n57_s3_gm,171,0.0,13.3,13.3,0.0,0.00987,0.00108,9.13888888888889,-1,-1,FAIL,
ev9_ec1_n41_s3_gm,123,0.0,13.3,13.3,0.0,0.00566,0.000607,9.324546952224052,-1,-1,FAIL,
ev9_ec1_n54_s2_gm,162,0.0,13.3,13.3,0.0,0.0106,0.000334,31.736526946107787,-1,-1,FAIL,
tri4_n39_gs,78,0.0,13.3,13.3,0.0,0.0026,8.41e-05,30.915576694411413,-1,-1,FAIL,
ev3_ec1_n30_s1,30,0.1,13.2,13.2,0.0,0.000119,4.12e-05,2.888349514563107,-1,-1,FAIL,
ev3_ec4_n81_s2_gm,243,0.0,13.2,13.2,0.0,0.0284,0.00034,83.52941176470588,-1,-1,FAIL,
ev3_ec4_n87_s3_gm,261,0.0,13.2,13.2,0.0,0.0328,0.000605,54.21487603305786,-1,-1,FAIL,
ev6_ec1_n10_s1,10,0.3,13.2,13.1,0.0,1.64e-05,9.33e-06,1.7577706323687028,-1,-1,FAIL,
ev6_ec1_n55_s3,55,0.1,13.2,13.2,0.0,0.000329,9.75e-05,3.3743589743589744,-1,-1,FAIL,
ev6_ec1_n59_s3_gs,118,0.0,13.1,13.2,0.0,0.00843,0.000221,38.1447963800905,-1,-1,FAIL,
ev6_ec1_n72_s0,72,0.2,13.2,13.2,0.0,0.000542,0.000162,3.3456790123456783,-1,-1,FAIL,
ev6_ec1_n94_s2,94,0.1,13.1,13.2,0.0,0.00102,0.00026,3.923076923076924,-1,-1,FAIL,
ev8_ec1_n22_s1_gs,44,0.1,13.2,13.2,0.0,0.000981,4.24e-05,23.13679245283019,-1,-1,FAIL,
tri2_n58,58,0.2,13.2,13.2,0.0,0.000226,7.43e-05,3.041722745625841,-1,-1,FAIL,
tri5_n66,66,0.3,13.2,13.2,0.0,0.000311,9.87e-05,3.150962512664641,-1,-1,FAIL,
ev2_ec4_n34_s1,34,0.1,13.1,13.1,0.0,7.68e-05,3.8e-06,20.210526315789473,-1,-1,FAIL,
ev4_ec1_n93_s2_gm,279,0.0,13.1,13.1,0.0,0.0268,0.00213,12.582159624413146,-1,-1,FAIL,
ev4_ec4_n30_s1_gs,60,0.0,13.1,13.1,0.0,0.00151,5.66e-05,26.67844522968198,-1,-1,FAIL,
ev4_ec4_n47_s3_gs,94,0.0,13.1,13.1,0.0,0.00417,0.000133,31.353383458646615,-1,-1,FAIL,
ev4_ec4_n48_s3_gs,96,0.0,13.1,13.1,0.0,0.00433,0.000143,30.279720279720276,-1,-1,FAIL,
ev4_ec4_n65_s1_gs,130,0.0,13.1,13.1,0.0,0.00837,0.000266,31.466165413533837,-1,-1,FAIL,
ev4_ec4_n67_s0_gs,134,0.0,13.1,13.1,0.0,0.00896,0.000274,32.700729927007295,-1,-1,FAIL,
ev6_ec1_n6_s3,6,0.3,13.1,13.1,0.0,9.13e-06,5.63e-06,1.6216696269982238,-1,-1,FAIL,
ev6_ec1_n17_s0_gs,34,0.1,13.1,13.0,0.0,0.000385,2.46e-05,15.650406504065039,-1,-1,FAIL,
ev6_ec1_n27_s2_gs,54,0.1,13.1,13.1,0.0,0.00172,7.91e-05,21.74462705436157,-1,-1,FAIL,
ev6_ec1_n27_s3,27,0.2,13.1,13.1,0.0,6.78e-05,3.14e-05,2.159235668789809,-1,-1,FAIL,
ev6_ec1_n46_s1,46,0.2,13.1,13.1,0.0,0.000234,9.98e-05,2.344689378757515,-1,-1,FAIL,
ev6_ec1_n59_s0,59,0.1,13.1,13.1,0.0,0.000416,0.000144,2.888888888888889,-1,-1,FAIL,
ev6_ec1_n82_s3,82,0.1,13.1,13.1,0.0,0.00073,0.000198,3.686868686868687,-1,-1,FAIL,
ev6_ec1_n86_s3_gs,172,0.0,13.1,13.1,0.0,0.0183,0.00046,39.78260869565217,-1,-1,FAIL,
ev6_ec1_n92_s0_gs,184,0.0,13.1,13.1,0.0,0.0194,0.000515,37.66990291262135,-1,-1,FAIL,
ev7_ec1_n37_s0_gs,74,0.1,13.1,13.1,0.0,0.00162,0.000107,15.140186915887849,-1,-1,FAIL,
tri3_n51_gm,153,0.1,13.1,13.1,0.0,0.0128,0.000582,21.993127147766323,-1,-1,FAIL,
ev3_ec4_n77_s3_gm,231,0.0,13.0,13.0,0.0,0.0252,0.000304,82.89473684210526,-1,-1,FAIL,
ev4_ec1_n46_s3_gs,92,0.0,13.0,13.0,0.0,0.0042,0.000136,30.882352941176467,-1,-1,FAIL,
ev4_ec1_n50_s3_gm,150,0.0,13.0,13.0,0.0,0.00631,0.000693,9.105339105339104,-1,-1,FAIL,
ev4_ec1_n58_s0_gm,174,0.0,13.0,13.0,0.0,0.00903,0.000919,9.825897714907509,-1,-1,FAIL,
ev4_ec1_n79_s1_gm,237,0.0,13.0,13.0,0.0,0.0178,0.0016,11.125,-1,-1,FAIL,
ev4_ec4_n68_s0_gs,136,0.0,13.0,13.0,0.0,0.0101,0.000282,35.81560283687943,-1,-1,FAIL,
ev4_ec4_n71_s1_gs,142,0.0,13.0,13.0,0.0,0.0107,0.000343,31.195335276967928,-1,-1,FAIL,
ev4_ec4_n71_s3_gs,142,0.0,13.0,13.0,0.0,0.0102,0.000294,34.693877551020414,-1,-1,FAIL,
ev4_ec4_n78_s0_gs,156,0.0,13.0,13.0,0.0,0.0126,0.000418,30.143540669856456,-1,-1,FAIL,
ev5_ec1_n10_s1_gm,30,0.1,13.0,13.0,0.0,0.000298,3.12e-05,9.551282051282051,-1,-1,FAIL,
ev5_ec1_n95_s1,95,0.1,13.0,13.0,0.0,0.00092,0.000143,6.433566433566433,-1,-1,FAIL,
ev6_ec1_n30_s3,30,0.2,13.0,13.0,0.0,7.91e-05,3.32e-05,2.3825301204819276,-1,-1,FAIL,
ev7_ec1_n55_s1_gm,165,0.0,13.0,13.0,0.0,0.0118,0.000355,33.239436619718305,-1,-1,FAIL,
ev7_ec1_n68_s0_gs,136,0.0,13.0,13.0,0.0,0.00602,0.000221,27.239819004524886,-1,-1,FAIL,
ev8_ec1_n42_s3_gm,126,0.1,13.0,13.0,0.0,0.00515,0.000585,8.803418803418804,-1,-1,FAIL,
ev9_ec1_n4_s2_gm,12,0.3,13.0,12.8,0.0,6.28e-05,7.98e-06,7.8696741854636585,-1,-1,FAIL,
tri6_n25_gm,75,0.1,13.0,13.0,0.0,0.00144,0.00018,8.0,-1,-1,FAIL,
tri7_n79_gs,158,0.0,13.0,13.0,0.0,0.0125,0.00025,50.0,-1,-1,FAIL,
ev1_ec4_n64_s0_gs,128,0.0,12.8,12.9,8.81e-16,0.000486,1.12e-05,43.392857142857146,-1,-1,FAIL,
ev4_ec1_n67_s2_gm,201,0.0,12.9,12.9,0.0,0.0124,0.00117,10.598290598290598,-1,-1,FAIL,
ev4_ec4_n57_s1_gs,114,0.0,12.9,12.9,0.0,0.00618,0.000212,29.150943396226413,-1,-1,FAIL,
ev4_ec4_n67_s3_gm,201,0.1,12.9,12.9,0.0,0.0127,0.00117,10.854700854700853,-1,-1,FAIL,
ev4_ec4_n80_s2_gm,240,0.0,12.9,12.8,0.0,0.0187,0.0016,11.6875,-1,-1,FAIL,
ev4_ec4_n98_s0_gs,196,0.0,12.9,12.9,0.0,0.021,0.000548,38.32116788321168,-1,-1,FAIL,
ev6_ec1_n44_s0,44,0.1,12.9,12.9,0.0,0.000172,6.33e-05,2.717219589257504,-1,-1,FAIL,
ev6_ec1_n49_s0_gs,98,0.0,12.9,12.9,0.0,0.0054,0.0002,27.0,-1,-1,FAIL,
ev7_ec1_n42_s0_gm,126,0.1,12.9,12.9,0.0,0.00674,0.000126,53.492063492063494,-1,-1,FAIL,
ev9_ec1_n27_s3_gm,81,0.1,12.9,12.9,0.0,0.00261,0.000286,9.125874125874125,-1,-1,FAIL,
ev9_ec1_n87_s1_gm,261,0.0,12.9,12.9,0.0,0.0293,0.00247,11.862348178137651,-1,-1,FAIL,
tri2_n79_gs,158,0.2,12.9,12.9,0.0,0.00818,0.000558,14.659498207885305,-1,-1,FAIL,
tri7_n94_gs,188,0.0,12.9,12.9,0.0,0.0181,0.000337,53.70919881305638,-1,-1,FAIL,
ev3_ec1_n20_s0_gm,60,0.1,12.7,12.8,0.0,0.00146,0.000114,12.807017543859647,-1,-1,FAIL,
ev4_ec1_n11_s0_gs,22,0.1,12.8,12.6,0.0,0.000176,1.6e-05,11.0,-1,-1,FAIL,
ev4_ec1_n47_s3_gm,141,0.1,12.8,12.8,0.0,0.0053,0.000622,8.520900321543408,-1,-1,FAIL,
ev4_ec1_n55_s3_gs,110,0.0,12.8,12.7,0.0,0.00585,0.000189,30.952380952380953,-1,-1,FAIL,
ev4_ec4_n51_s3_gm,153,0.0,12.8,12.8,0.0,0.00674,0.000695,9.697841726618705,-1,-1,FAIL,
ev6_ec1_n18_s0_gs,36,0.1,12.8,12.7,0.0,0.000461,2.84e-05,16.232394366197184,-1,-1,FAIL,
ev6_ec1_n43_s0,43,0.2,12.8,12.8,0.0,0.000179,7.23e-05,2.475795297372061,-1,-1,FAIL,
ev6_ec1_n64_s0,64,0.2,12.8,12.8,0.0,0.000491,0.000168,2.922619047619048,-1,-1,FAIL,
ev6_ec1_n64_s2_gs,128,0.0,12.8,12.8,0.0,0.00963,0.000252,38.214285714285715,-1,-1,FAIL,
ev6_ec1_n71_s1,71,0.1,12.8,12.7,0.0,0.000494,0.000151,3.2715231788079464,-1,-1,FAIL,
ev6_ec1_n76_s1,76,0.1,12.7,12.8,0.0,0.000549,0.000168,3.2678571428571432,-1,-1,FAIL,
ev6_ec1_n93_s0,93,0.1,12.8,12.8,0.0,0.000851,0.000264,3.223484848484848,-1,-1,FAIL,
ev7_ec1_n89_s1_gm,267,0.0,12.8,12.8,0.0,0.0329,0.000682,48.240469208211145,-1,-1,FAIL,
ev8_ec1_n67_s0_gm,201,0.1,12.8,12.8,0.0,0.0149,0.00165,9.030303030303031,-1,-1,FAIL,
ev9_ec1_n35_s3_gs,70,0.2,12.8,12.8,0.0,0.00189,0.000172,10.988372093023255,-1,-1,FAIL,
tri6_n51_gs,102,0.1,12.8,12.8,0.0,0.00561,0.000263,21.330798479087456,-1,-1,FAIL,
ev4_ec1_n30_s2_gs,60,0.0,12.6,12.7,0.0,0.00154,6.17e-05,24.959481361426256,-1,-1,FAIL,
ev4_ec4_n72_s1_gs,144,0.0,12.7,12.7,0.0,0.0104,0.000304,34.21052631578947,-1,-1,FAIL,
ev5_ec1_n20_s2,20,0.1,12.7,12.7,0.0,7.11e-05,2.36e-05,3.0127118644067794,-1,-1,FAIL,
ev5_ec1_n37_s3_gm,111,0.0,12.7,12.7,0.0,0.00541,0.000321,16.853582554517132,-1,-1,FAIL,
ev6_ec1_n31_s3_gs,62,0.1,12.7,12.7,0.0,0.00203,6.63e-05,30.618401206636502,-1,-1,FAIL,
ev6_ec1_n40_s2,40,0.1,12.7,12.6,0.0,0.000199,5.63e-05,3.534635879218473,-1,-1,FAIL,
ev9_ec1_n21_s0_gm,63,0.5,12.7,12.6,0.0,0.00146,0.000108,13.518518518518519,-1,-1,FAIL,
ev9_ec1_n25_s0_gs,50,0.1,12.7,12.7,0.0,0.000828,8.54e-05,9.695550351288055,-1,-1,FAIL,
ev9_ec1_n51_s0_gm,153,0.1,12.7,12.7,0.0,0.00944,0.000937,10.074706510138741,-1,-1,FAIL,
ev9_ec1_n53_s1_gm,159,0.0,12.7,12.7,0.0,0.0108,0.000951,11.35646687697161,-1,-1,FAIL,
ev9_ec1_n54_s1_gm,162,0.2,12.7,12.7,0.0,0.0106,0.00104,10.192307692307693,-1,-1,FAIL,
ev3_ec4_n15_s1_gm,45,0.1,12.6,12.6,0.0,0.000955,3.78e-05,25.264550264550266,-1,-1,FAIL,
ev3_ec4_n42_s1_gm,126,0.1,12.6,12.6,0.0,0.00757,0.000138,54.855072463768124,-1,-1,FAIL,
ev4_ec1_n20_s1_gs,40,0.1,12.5,12.6,0.0,0.000605,3.36e-05,18.005952380952383,-1,-1,FAIL,
ev4_ec1_n24_s0_gs,48,0.1,12.5,12.6,0.0,0.000934,4.27e-05,21.87353629976581,-1,-1,FAIL,
ev4_ec1_n84_s0,84,0.2,12.5,12.6,0.0,0.000548,0.00024,2.283333333333333,-1,-1,FAIL,
ev4_ec1_n100_s3_gm,300,0.0,12.6,12.6,0.0,0.032,0.00245,13.061224489795919,-1,-1,FAIL,
ev5_ec1_n13_s3,13,0.0,12.6,12.5,0.0,2.79e-05,1.09e-05,2.5596330275229358,-1,-1,FAIL,
ev5_ec1_n48_s3,48,0.1,12.6,12.6,0.0,0.000329,8.26e-05,3.9830508474576267,-1,-1,FAIL,
ev6_ec1_n23_s1,23,0.2,12.6,12.6,0.0,5.49e-05,2.58e-05,2.127906976744186,-1,-1,FAIL,
ev6_ec1_n69_s3,69,0.1,12.6,12.6,0.0,0.000514,0.000139,3.6978417266187056,-1,-1,FAIL,
ev6_ec1_n77_s1,77,0.1,12.6,12.6,0.0,0.000616,0.000238,2.588235294117647,-1,-1,FAIL,
ev7_ec1_n80_s2_gm,240,0.1,12.6,12.6,0.0,0.0253,7.91e-05,319.8482932996207,-1,-1,FAIL,
tri4_n95_gs,190,0.0,12.6,12.6,0.0,0.0188,0.000398,47.23618090452261,-1,-1,FAIL,
tri5_n41,41,0.3,12.6,12.6,0.0,0.000125,4.46e-05,2.802690582959641,-1,-1,FAIL,
tri7_n40_gm,120,0.0,12.6,12.6,0.0,0.00387,0.000404,9.57920792079208,-1,-1,FAIL,
ev3_ec4_n16_s0_gm,48,0.1,12.5,12.5,0.0,0.00113,6.87e-05,16.448326055312954,-1,-1,FAIL,
ev3_ec4_n25_s1_gm,75,0.1,12.5,12.5,0.0,0.00267,6.94e-05,38.472622478386164,-1,-1,FAIL,
ev4_ec1_n36_s3_gs,72,0.0,12.5,12.5,0.0,0.00216,8.15e-05,26.503067484662576,-1,-1,FAIL,
ev4_ec4_n20_s0_gs,40,0.1,12.5,12.4,0.0,0.000624,3.47e-05,17.98270893371758,-1,-1,FAIL,
ev4_ec4_n81_s2_gs,162,0.0,12.5,12.5,0.0,0.0138,0.00038,36.315789473684205,-1,-1,FAIL,
ev4_ec4_n94_s1_gs,188,0.0,12.5,12.5,0.0,0.0191,0.000983,19.43031536113937,-1,-1,FAIL,
ev5_ec1_n19_s0,19,0.3,12.4,12.5,0.0,4.86e-05,1.11e-05,4.378378378378378,-1,-1,FAIL,
ev6_ec1_n39_s0,39,0.1,12.5,12.4,0.0,0.000134,5.97e-05,2.244556113902848,-1,-1,FAIL,
ev6_ec1_n63_s3_gm,189,0.0,12.5,12.5,0.0,0.015,0.00106,14.150943396226415,-1,-1,FAIL,
ev6_ec1_n66_s3,66,0.1,12.5,12.5,0.0,0.000514,0.000132,3.893939393939394,-1,-1,FAIL,
ev6_ec1_n80_s3_gs,160,0.1,12.5,12.5,0.0,0.0161,0.000366,43.98907103825137,-1,-1,FAIL,
ev8_ec1_n13_s2_gs,26,0.1,12.5,12.3,0.0,0.000339,1.91e-05,17.74869109947644,-1,-1,FAIL,
ev9_ec1_n43_s0_gs,86,0.2,12.5,12.5,0.0,0.00272,0.000234,11.623931623931625,-1,-1,FAIL,
ev9_ec1_n83_s2_gm,249,0.1,12.5,12.5,0.0,0.0257,0.0023,11.173913043478262,-1,-1,FAIL,
tri5_n57,57,0.2,12.5,12.5,0.0,0.000243,7.24e-05,3.356353591160221,-1,-1,FAIL,
tri6_n69_gs,138,0.0,12.5,12.5,0.0,0.0106,0.000455,23.296703296703296,-1,-1,FAIL,
ev3_ec4_n45_s2,45,0.1,12.3,12.4,0.0,0.000304,8.11e-05,3.74845869297164,-1,-1,FAIL,
ev3_ec4_n55_s3,55,0.1,12.4,12.4,0.0,0.000377,4.14e-05,9.106280193236715,-1,-1,FAIL,
ev4_ec1_n16_s2_gs,32,0.1,12.4,12.3,0.0,0.000394,2.39e-05,16.485355648535563,-1,-1,FAIL,
ev4_ec4_n68_s1_gm,204,0.0,12.4,12.4,0.0,0.0128,0.0012,10.666666666666668,-1,-1,FAIL,
ev4_ec4_n72_s1_gm,216,0.0,12.4,12.4,0.0,0.0145,0.00132,10.984848484848486,-1,-1,FAIL,
ev4_ec4_n78_s1_gs,156,0.0,12.4,12.4,0.0,0.0129,0.0004,32.25,-1,-1,FAIL,
ev4_ec4_n84_s2_gs,168,0.0,12.4,12.4,0.0,0.0147,0.000406,36.206896551724135,-1,-1,FAIL,
ev5_ec1_n14_s3,14,0.2,12.4,12.4,0.0,3.52e-05,1.09e-05,3.229357798165138,-1,-1,FAIL,
ev5_ec4_n62_s2_gm,186,0.1,12.4,12.4,0.0,0.0163,0.000201,81.09452736318407,-1,-1,FAIL,
ev5_ec4_n67_s2,67,0.1,12.4,12.4,0.0,0.000606,4.15e-05,14.602409638554217,-1,-1,FAIL,
ev6_ec1_n23_s3,23,0.2,12.4,12.3,0.0,4.82e-05,2.29e-05,2.1048034934497815,-1,-1,FAIL,
ev6_ec1_n83_s1_gs,166,0.1,12.3,12.4,0.0,0.0175,0.000529,33.08128544423441,-1,-1,FAIL,
ev9_ec1_n13_s2_gs,26,0.1,12.4,12.4,0.0,0.000211,2.76e-05,7.644927536231885,-1,-1,FAIL,
ev9_ec1_n79_s2_gm,237,0.0,12.4,12.4,0.0,0.0235,0.00208,11.298076923076923,-1,-1,FAIL,
tri6_n94_gm,282,0.0,12.4,12.4,0.0,0.0238,0.00207,11.497584541062803,-1,-1,FAIL,
ev1_ec4_n47_s0_gs,94,0.0,12.2,12.3,0.0,0.000175,8.02e-06,21.820448877805486,-1,-1,FAIL,
ev1_ec4_n58_s0_gs,116,0.0,12.3,12.3,6.32e-16,0.000223,1.08e-05,20.64814814814815,-1,-1,FAIL,
ev4_ec1_n48_s2_gs,96,0.0,12.3,12.3,0.0,0.00434,0.000159,27.295597484276733,-1,-1,FAIL,
ev4_ec1_n63_s1_gs,126,0.0,12.3,12.3,0.0,0.0078,0.000269,28.996282527881043,-1,-1,FAIL,
ev4_ec1_n93_s3_gm,279,0.1,12.3,12.3,0.0,0.0268,0.00209,12.822966507177036,-1,-1,FAIL,
ev4_ec4_n8_s1_gs,16,0.2,12.3,12.2,0.0,9.38e-05,9.33e-06,10.053590568060022,-1,-1,FAIL,
ev4_ec4_n73_s3_gs,146,0.0,12.3,12.3,0.0,0.0111,0.000349,31.80515759312321,-1,-1,FAIL,
ev5_ec1_n27_s1_gm,81,0.1,12.3,12.2,0.0,0.00251,0.000229,10.960698689956331,-1,-1,FAIL,
ev5_ec4_n53_s1_gm,159,0.0,12.3,12.3,0.0,0.0118,0.000382,30.89005235602094,-1,-1,FAIL,
ev6_ec1_n13_s0,13,0.2,12.2,12.3,0.0,2.17e-05,1.08e-05,2.009259259259259,-1,-1,FAIL,
ev6_ec1_n61_s1,61,0.2,12.3,12.3,0.0,0.000422,0.000159,2.6540880503144657,-1,-1,FAIL,
ev6_ec1_n70_s3_gm,210,0.0,12.3,12.3,0.0,0.0193,0.00137,14.087591240875915,-1,-1,FAIL,
ev6_ec1_n91_s1,91,0.1,12.3,12.3,0.0,0.000977,0.000299,3.2675585284280935,-1,-1,FAIL,
ev6_ec1_n100_s1_gm,300,0.0,12.3,12.3,0.0,0.037,0.00243,15.22633744855967,-1,-1,FAIL,
ev7_ec1_n93_s2_gm,279,0.0,12.3,12.3,0.0,0.0359,0.000854,42.03747072599531,-1,-1,FAIL,
ev8_ec1_n12_s0_gm,36,0.1,12.3,12.2,0.0,0.000365,6.11e-05,5.973813420621932,-1,-1,FAIL,
ev9_ec1_n74_s0_gm,222,0.0,12.3,12.3,0.0,0.0199,0.000579,34.36960276338515,-1,-1,FAIL,
tri6_n38_gs,76,0.1,12.3,12.3,0.0,0.00304,0.000156,19.48717948717949,-1,-1,FAIL,
tri6_n48_gm,144,0.0,12.3,12.3,0.0,0.00575,0.000592,9.712837837837839,-1,-1,FAIL,
ev3_ec1_n34_s2,34,0.1,12.2,12.2,0.0,0.000124,2.61e-05,4.75095785440613,-1,-1,FAIL,
ev3_ec1_n70_s2,70,0.2,12.1,12.2,0.0,0.000464,8.9e-05,5.213483146067416,-1,-1,FAIL,
ev4_ec1_n48_s0_gm,144,0.1,12.2,12.2,0.0,0.00576,0.000631,9.1283676703645,-1,-1,FAIL,
ev4_ec1_n77_s3_gs,154,0.0,12.2,12.2,0.0,0.0124,0.000343,36.15160349854227,-1,-1,FAIL,
ev4_ec4_n51_s1_gs,102,0.0,12.2,12.2,0.0,0.00527,0.00016,32.9375,-1,-1,FAIL,
ev5_ec4_n46_s2,46,0.2,12.2,12.2,0.0,0.000282,2.52e-05,11.190476190476192,-1,-1,FAIL,
ev6_ec1_n5_s1_gs,10,0.2,12.0,12.2,0.0,4.14e-05,6.12e-06,6.764705882352941,-1,-1,FAIL,
ev6_ec1_n9_s3_gs,18,0.2,12.1,12.2,0.0,0.000119,1.13e-05,10.530973451327434,-1,-1,FAIL,
ev6_ec1_n30_s1_gs,60,0.0,12.2,12.2,0.0,0.00183,7.91e-05,23.13527180783818,-1,-1,FAIL,
ev6_ec1_n64_s2,64,0.1,12.1,12.2,0.0,0.000493,0.000127,3.8818897637795273,-1,-1,FAIL,
ev6_ec1_n73_s1,73,0.2,12.2,12.2,0.0,0.000569,0.000222,2.563063063063063,-1,-1,FAIL,
ev6_ec1_n80_s3_gm,240,0.1,12.2,12.2,0.0,0.025,0.00176,14.204545454545455,-1,-1,FAIL,
ev6_ec1_n95_s2,95,0.1,12.2,12.2,0.0,0.00101,0.000253,3.9920948616600787,-1,-1,FAIL,
ev7_ec1_n58_s3_gs,116,0.0,12.2,12.1,0.0,0.00412,0.000222,18.55855855855856,-1,-1,FAIL,
ev7_ec1_n94_s3_gs,188,0.1,12.2,12.2,0.0,0.0109,0.000325,33.53846153846154,-1,-1,FAIL,
ev8_ec1_n19_s2_gm,57,0.1,12.2,12.2,0.0,0.000851,0.000137,6.211678832116788,-1,-1,FAIL,
ev9_ec1_n3_s1_gs,6,0.2,12.1,12.2,0.0,1.64e-05,4.7e-06,3.4893617021276593,-1,-1,FAIL,
ev9_ec1_n9_s3_gs,18,0.5,12.1,12.2,0.0,0.000104,1.6e-05,6.5,-1,-1,FAIL,
ev9_ec1_n23_s1_gm,69,0.3,12.1,12.2,0.0,0.00175,0.000217,8.064516129032258,-1,-1,FAIL,
tri5_n58,58,0.3,12.2,12.2,0.0,0.000248,7.4e-05,3.3513513513513518,-1,-1,FAIL,
tri5_n88,88,0.2,12.2,12.2,0.0,0.000539,0.000163,3.3067484662576687,-1,-1,FAIL,
ev3_ec1_n28_s3,28,0.1,12.1,12.1,0.0,0.000102,3.46e-05,2.9479768786127165,-1,-1,FAIL,
ev3_ec4_n25_s0_gm,75,0.1,12.1,12.1,0.0,0.00272,6.58e-05,41.33738601823708,-1,-1,FAIL,
ev4_ec1_n71_s2_gm,213,0.0,12.1,12.1,0.0,0.0151,0.00136,11.102941176470587,-1,-1,FAIL,
ev4_ec1_n84_s3_gm,252,0.0,12.1,12.1,0.0,0.0211,0.00181,11.657458563535911,-1,-1,FAIL,
ev4_ec1_n87_s2_gm,261,0.0,12.1,12.1,0.0,0.0232,0.00191,12.146596858638743,-1,-1,FAIL,
ev4_ec1_n100_s0_gs,200,0.0,12.1,12.1,0.0,0.0235,0.00116,20.25862068965517,-1,-1,FAIL,
ev4_ec4_n25_s3_gs,50,0.0,12.1,12.1,0.0,0.000978,4.57e-05,21.400437636761488,-1,-1,FAIL,
ev5_ec1_n26_s0,26,0.2,12.1,12.0,0.0,7.51e-05,1.8e-05,4.172222222222222,-1,-1,FAIL,
ev5_ec1_n51_s2_gm,153,0.0,12.1,12.1,0.0,0.0104,0.000332,31.325301204819276,-1,-1,FAIL,
ev6_ec1_n20_s0,20,0.3,12.1,12.1,0.0,4.12e-05,1.95e-05,2.112820512820513,-1,-1,FAIL,
ev6_ec1_n54_s0_gm,162,0.1,12.1,12.1,0.0,0.00807,0.00081,9.962962962962964,-1,-1,FAIL,
ev9_ec1_n44_s0_gm,132,0.1,12.0,12.1,0.0,0.00732,0.000695,10.532374100719425,-1,-1,FAIL,
tri2_n53_gs,106,0.2,12.1,12.1,0.0,0.00377,0.000288,13.090277777777777,-1,-1,FAIL,
tri4_n94_gm,282,0.0,12.1,12.1,0.0,0.0267,0.00189,14.126984126984128,-1,-1,FAIL,
tri5_n75,75,0.3,12.1,12.1,0.0,0.000403,0.000124,3.2499999999999996,-1,-1,FAIL,
ev2_ec4_n71_s3,71,0.1,12.0,12.0,2.19e-16,0.000252,7.01e-06,35.94864479315264,-1,-1,FAIL,
ev3_ec1_n8_s1,8,0.1,11.9,12.0,0.0,1.65e-05,4.95e-06,3.3333333333333335,-1,-1,FAIL,
ev3_ec4_n18_s3_gs,36,0.1,11.9,12.0,0.0,0.000596,1.39e-05,42.877697841726615,-1,-1,FAIL,
ev4_ec1_n72_s1_gs,144,0.0,12.0,12.0,0.0,0.011,0.000309,35.59870550161812,-1,-1,FAIL,
ev4_ec1_n83_s0_gm,249,0.0,12.0,12.0,0.0,0.0205,0.00175,11.714285714285715,-1,-1,FAIL,
ev4_ec4_n42_s3_gs,84,0.0,12.0,12.0,0.0,0.00321,0.000104,30.86538461538462,-1,-1,FAIL,
ev4_ec4_n66_s1_gm,198,0.0,12.0,12.0,0.0,0.0116,0.00114,10.175438596491228,-1,-1,FAIL,
ev4_ec4_n91_s3_gm,273,0.0,12.0,12.0,0.0,0.026,0.00209,12.440191387559809,-1,-1,FAIL,
ev5_ec4_n8_s3_gs,16,0.4,12.0,11.9,0.0,0.000124,5.85e-06,21.1965811965812,-1,-1,FAIL,
ev5_ec4_n88_s0_gm,264,0.0,12.0,12.0,0.0,0.0327,0.000363,90.08264462809917,-1,-1,FAIL,
ev6_ec1_n18_s1_gs,36,0.1,12.0,12.0,0.0,0.000509,3.4e-05,14.970588235294118,-1,-1,FAIL,
ev6_ec1_n21_s2_gs,42,0.1,11.9,12.0,0.0,0.000868,3.55e-05,24.45070422535211,-1,-1,FAIL,
ev6_ec1_n41_s0,41,0.1,12.0,12.0,0.0,0.000151,5.33e-05,2.8330206378986866,-1,-1,FAIL,
ev6_ec1_n44_s3,44,0.1,12.0,12.0,0.0,0.000198,6.29e-05,3.14785373608903,-1,-1,FAIL,
ev6_ec1_n72_s2_gm,216,0.1,12.0,12.0,0.0,0.0181,0.0013,13.923076923076925,-1,-1,FAIL,
ev6_ec1_n77_s3,77,0.1,12.0,12.0,0.0,0.000636,0.000175,3.634285714285714,-1,-1,FAIL,
ev6_ec1_n78_s3_gs,156,0.0,12.0,12.0,0.0,0.0149,0.000356,41.853932584269664,-1,-1,FAIL,
ev6_ec1_n81_s0,81,0.1,12.0,12.0,0.0,0.000679,0.0002,3.395,-1,-1,FAIL,
ev6_ec1_n91_s0,91,0.1,12.0,12.0,0.0,0.000818,0.000248,3.2983870967741935,-1,-1,FAIL,
ev6_ec1_n94_s3_gs,188,0.1,12.0,12.0,0.0,0.0225,0.00119,18.90756302521008,-1,-1,FAIL,
tri6_n46_gs,92,0.1,12.0,12.0,0.0,0.00445,0.000217,20.506912442396313,-1,-1,FAIL,
tri6_n57_gm,171,0.1,11.9,12.0,0.0,0.00827,0.000805,10.273291925465838,-1,-1,FAIL,
ev3_ec1_n9_s1_gm,27,0.2,11.9,11.9,0.0,0.000252,1.91e-05,13.193717277486911,-1,-1,FAIL,
ev3_ec1_n13_s2,13,0.1,11.9,11.8,0.0,2.81e-05,6.99e-06,4.02002861230329,-1,-1,FAIL,
ev3_ec1_n26_s2,26,0.2,11.9,11.9,0.0,7.61e-05,1.77e-05,4.299435028248588,-1,-1,FAIL,
ev3_ec1_n74_s0_gm,222,0.0,11.9,11.9,0.0,0.0227,0.000988,22.975708502024293,-1,-1,FAIL,
ev4_ec4_n28_s0_gs,56,0.0,11.9,11.9,0.0,0.00128,5.15e-05,24.854368932038838,-1,-1,FAIL,
ev4_ec4_n44_s0_gs,88,0.0,11.9,11.8,0.0,0.00357,0.000116,30.775862068965516,-1,-1,FAIL,
ev4_ec4_n51_s0_gs,102,0.0,11.9,11.9,0.0,0.00486,0.000154,31.558441558441555,-1,-1,FAIL,
ev5_ec1_n57_s0,57,0.1,11.9,11.9,0.0,0.000388,0.000102,3.803921568627451,-1,-1,FAIL,
ev5_ec1_n79_s2_gm,237,0.0,11.9,11.9,0.0,0.0256,0.000888,28.82882882882883,-1,-1,FAIL,
ev5_ec4_n81_s2_gm,243,0.0,11.9,11.9,0.0,0.0278,0.000392,70.91836734693878,-1,-1,FAIL,
ev5_ec4_n99_s0_gm,297,0.0,11.9,11.9,0.0,0.0428,0.000386,110.88082901554404,-1,-1,FAIL,
ev6_ec1_n5_s0_gs,10,0.3,11.9,11.6,0.0,4.22e-05,4.7e-06,8.97872340425532,-1,-1,FAIL,
ev6_ec1_n64_s1,64,0.1,11.9,11.9,0.0,0.000417,0.000128,3.2578125,-1,-1,FAIL,
ev6_ec1_n64_s3_gm,192,0.0,11.9,11.9,0.0,0.0151,0.00109,13.853211009174313,-1,-1,FAIL,
ev6_ec1_n68_s0,68,0.1,11.9,11.9,0.0,0.000504,0.000152,3.31578947368421,-1,-1,FAIL,
ev6_ec1_n70_s2_gs,140,0.0,11.8,11.9,0.0,0.0117,0.000423,27.659574468085108,-1,-1,FAIL,
ev6_ec1_n71_s1_gm,213,0.0,11.9,11.9,0.0,0.0187,0.00135,13.851851851851853,-1,-1,FAIL,
ev7_ec1_n70_s2_gm,210,0.0,11.9,11.9,0.0,0.0198,0.000436,45.41284403669725,-1,-1,FAIL,
ev7_ec1_n77_s1_gs,154,0.0,11.9,11.9,0.0,0.00744,0.000842,8.836104513064134,-1,-1,FAIL,
ev7_ec1_n85_s1_gs,170,0.0,11.9,11.9,0.0,0.00899,0.00032,28.093749999999996,-1,-1,FAIL,
ev7_ec1_n98_s2_gs,196,0.0,11.9,11.9,0.0,0.0126,0.000613,20.554649265905383,-1,-1,FAIL,
ev9_ec1_n80_s1_gm,240,0.1,11.9,11.9,0.0,0.0231,0.00211,10.947867298578199,-1,-1,FAIL,
ev9_ec1_n83_s1_gm,249,0.0,11.9,11.8,0.0,0.0246,0.00108,22.77777777777778,-1,-1,FAIL,
tri2_n79,79,0.2,11.9,11.9,0.0,0.000423,0.00013,3.253846153846154,-1,-1,FAIL,
tri5_n76,76,0.2,11.9,11.8,0.0,0.000407,0.000126,3.2301587301587302,-1,-1,FAIL,
tri6_n34_gs,68,0.1,11.9,11.9,0.0,0.00235,0.00012,19.583333333333332,-1,-1,FAIL,
ev2_ec1_n64_s2,64,0.1,11.8,11.8,2.15e-16,0.000344,6.54e-06,52.599388379204896,-1,-1,FAIL,
ev4_ec1_n74_s1_gs,148,0.0,11.8,11.8,0.0,0.0112,0.000326,34.355828220858896,-1,-1,FAIL,
ev4_ec1_n94_s2_gs,188,0.0,11.8,11.8,0.0,0.0193,0.000504,38.2936507936508,-1,-1,FAIL,
ev4_ec4_n35_s0_gs,70,0.0,11.8,11.8,0.0,0.0022,8.81e-05,24.97162315550511,-1,-1,FAIL,
ev5_ec4_n55_s1_gs,110,0.1,11.8,11.8,0.0,0.00565,0.000146,38.6986301369863,-1,-1,FAIL,
ev6_ec1_n33_s2_gm,99,0.1,11.8,11.8,0.0,0.00339,0.000312,10.865384615384615,-1,-1,FAIL,
ev6_ec1_n54_s3,54,0.1,11.8,11.7,0.0,0.000309,9.32e-05,3.3154506437768236,-1,-1,FAIL,
ev6_ec1_n81_s3,81,0.1,11.8,11.8,0.0,0.000722,0.000192,3.7604166666666665,-1,-1,FAIL,
ev7_ec1_n38_s0_gs,76,0.2,11.8,11.7,0.0,0.00174,7.89e-06,220.53231939163496,-1,-1,FAIL,
ev7_ec1_n94_s3_gm,282,0.0,11.8,11.7,0.0,0.0362,0.000493,73.42799188640976,-1,-1,FAIL,
ev9_ec1_n74_s2_gm,222,0.0,11.8,11.8,0.0,0.0204,0.00184,11.08695652173913,-1,-1,FAIL,
ev3_ec4_n67_s3_gm,201,0.0,11.7,11.7,0.0,0.0193,0.000251,76.89243027888448,-1,-1,FAIL,
ev4_ec1_n62_s2_gs,124,0.0,11.7,11.7,0.0,0.00752,0.000257,29.260700389105057,-1,-1,FAIL,
ev4_ec1_n63_s0_gm,189,0.1,11.7,11.7,0.0,0.0112,0.00106,10.566037735849056,-1,-1,FAIL,
ev4_ec1_n85_s2_gm,255,0.0,11.7,11.7,0.0,0.0215,0.00177,12.14689265536723,-1,-1,FAIL,
ev4_ec1_n97_s1_gs,194,0.1,11.7,11.7,0.0,0.0211,0.00108,19.537037037037038,-1,-1,FAIL,
ev4_ec4_n10_s1_gs,20,0.1,11.7,11.7,0.0,0.00014,1.26e-05,11.11111111111111,-1,-1,FAIL,
ev5_ec4_n48_s3_gm,144,0.0,11.7,11.7,0.0,0.00992,0.000234,42.39316239316239,-1,-1,FAIL,
ev5_ec4_n83_s0_gm,249,0.0,11.7,11.7,0.0,0.029,0.000318,91.19496855345913,-1,-1,FAIL,
ev6_ec1_n26_s0,26,0.2,11.7,11.7,0.0,6.33e-05,2.85e-05,2.221052631578947,-1,-1,FAIL,
ev6_ec1_n56_s2,56,0.1,11.7,11.7,0.0,0.000404,0.000104,3.884615384615385,-1,-1,FAIL,
ev6_ec1_n58_s2,58,0.1,11.7,11.7,0.0,0.000468,0.000151,3.0993377483443707,-1,-1,FAIL,
ev6_ec1_n69_s1,69,0.1,11.7,11.7,0.0,0.000466,0.000146,3.191780821917808,-1,-1,FAIL,
ev6_ec1_n80_s0,80,0.1,11.7,11.6,0.0,0.000664,0.000197,3.3705583756345177,-1,-1,FAIL,
ev6_ec1_n94_s0_gs,188,0.1,11.7,11.7,0.0,0.0195,0.000518,37.64478764478764,-1,-1,FAIL,
ev6_ec1_n95_s1_gm,285,0.1,11.7,11.7,0.0,0.0356,0.00233,15.278969957081545,-1,-1,FAIL,
ev6_ec1_n96_s0_gm,288,0.0,11.7,11.7,0.0,0.0284,0.00235,12.085106382978724,-1,-1,FAIL,
ev7_ec1_n52_s1_gs,104,0.0,11.7,11.7,0.0,0.00332,0.000191,17.38219895287958,-1,-1,FAIL,
ev9_ec1_n15_s3_gs,30,0.6,11.7,11.7,0.0,0.00034,3.27e-05,10.397553516819572,-1,-1,FAIL,
tri2_n67_gs,134,0.1,11.7,11.7,0.0,0.0059,0.000424,13.915094339622641,-1,-1,FAIL,
tri2_n82_gs,164,0.1,11.7,11.7,0.0,0.009,0.000612,14.705882352941174,-1,-1,FAIL,
tri6_n84_gs,168,0.1,11.7,11.7,0.0,0.0162,0.000659,24.582701062215477,-1,-1,FAIL,
tri7_n62_gs,124,0.0,11.7,11.6,0.0,0.00723,0.000167,43.293413173652695,-1,-1,FAIL,
ev3_ec4_n18_s2_gm,54,0.1,11.6,11.5,0.0,0.00134,4.81e-05,27.858627858627862,-1,-1,FAIL,
ev4_ec4_n6_s0_gs,12,0.3,11.2,11.6,0.0,6.01e-05,7.54e-06,7.970822281167108,-1,-1,FAIL,
ev4_ec4_n37_s3_gs,74,0.0,11.5,11.6,0.0,0.00244,9.31e-05,26.208378088077335,-1,-1,FAIL,
ev4_ec4_n78_s2_gs,156,0.0,11.6,11.6,0.0,0.0127,0.000403,31.5136476426799,-1,-1,FAIL,
ev5_ec1_n66_s2_gs,132,0.0,11.6,11.6,0.0,0.00876,0.000266,32.932330827067666,-1,-1,FAIL,
ev5_ec1_n95_s0_gm,285,0.1,11.6,11.6,0.0,0.0382,0.000979,39.0194075587334,-1,-1,FAIL,
ev5_ec4_n24_s1_gm,72,0.1,11.5,11.6,0.0,0.00249,0.000169,14.733727810650889,-1,-1,FAIL,
ev5_ec4_n60_s2_gm,180,0.1,11.6,11.6,0.0,0.0151,0.000192,78.64583333333333,-1,-1,FAIL,
ev6_ec1_n74_s2_gm,222,0.0,11.6,11.6,0.0,0.0195,0.00139,14.028776978417266,-1,-1,FAIL,
ev6_ec1_n94_s1_gm,282,0.1,11.6,11.6,0.0,0.035,0.00224,15.625000000000004,-1,-1,FAIL,
ev6_ec1_n99_s1_gs,198,0.0,11.6,11.6,0.0,0.0237,0.000556,42.62589928057554,-1,-1,FAIL,
ev7_ec1_n100_s3_gm,300,0.0,11.6,11.6,0.0,0.0396,0.000957,41.379310344827594,-1,-1,FAIL,
ev8_ec1_n15_s2_gs,30,0.1,11.6,11.6,0.0,0.000443,2.31e-05,19.17748917748918,-1,-1,FAIL,
ev8_ec1_n41_s1_gm,123,0.2,11.6,11.6,0.0,0.00519,0.000596,8.708053691275168,-1,-1,FAIL,
tri2_n72,72,0.2,11.6,11.6,0.0,0.000352,0.000109,3.2293577981651373,-1,-1,FAIL,
tri2_n97,97,0.2,11.6,11.6,0.0,0.000643,0.000185,3.4756756756756757,-1,-1,FAIL,
tri7_n44_gm,132,0.0,11.6,11.6,0.0,0.00482,0.000501,9.620758483033931,-1,-1,FAIL,
ev3_ec1_n19_s1,19,0.1,11.5,11.5,0.0,4.68e-05,1.15e-05,4.069565217391304,-1,-1,FAIL,
ev3_ec1_n25_s3_gm,75,0.0,11.5,11.5,0.0,0.00229,0.000116,19.741379310344826,-1,-1,FAIL,
ev3_ec4_n88_s3_gm,264,0.0,11.5,11.5,0.0,0.0335,0.000389,86.11825192802057,-1,-1,FAIL,
ev4_ec4_n14_s3_gs,28,0.1,11.5,11.4,0.0,0.000272,1.98e-05,13.737373737373737,-1,-1,FAIL,
ev4_ec4_n34_s2_gs,68,0.0,11.5,11.5,0.0,0.00202,7.3e-05,27.67123287671233,-1,-1,FAIL,
ev4_ec4_n64_s0_gs,128,0.0,11.5,11.5,0.0,0.00828,0.000244,33.9344262295082,-1,-1,FAIL,
ev4_ec4_n86_s1_gm,258,0.0,11.5,11.5,0.0,0.0231,0.00188,12.287234042553191,-1,-1,FAIL,
ev5_ec1_n8_s3,8,0.3,11.4,11.5,0.0,1.57e-05,8.31e-06,1.8892900120336942,-1,-1,FAIL,
ev5_ec1_n88_s2,88,0.1,11.5,11.5,0.0,0.000857,0.000174,4.92528735632184,-1,-1,FAIL,
ev5_ec4_n9_s1_gm,27,0.2,11.4,11.5,0.0,0.000285,4.64e-05,6.142241379310344,-1,-1,FAIL,
ev5_ec4_n21_s1,21,0.0,11.4,11.5,0.0,6.08e-05,1.14e-05,5.333333333333334,-1,-1,FAIL,
ev5_ec4_n59_s3_gm,177,0.0,11.5,11.5,0.0,0.0151,0.000197,76.6497461928934,-1,-1,FAIL,
ev6_ec1_n51_s2,51,0.1,11.5,11.5,0.0,0.000367,0.000117,3.1367521367521367,-1,-1,FAIL,
ev6_ec1_n54_s0_gs,108,0.0,11.5,11.5,0.0,0.0063,0.000183,34.42622950819672,-1,-1,FAIL,
ev6_ec1_n68_s2_gs,136,0.1,11.5,11.5,0.0,0.0109,0.000315,34.6031746031746,-1,-1,FAIL,
ev6_ec1_n90_s0_gs,180,0.2,11.5,11.5,0.0,0.0183,0.000593,30.860033726812816,-1,-1,FAIL,
ev6_ec1_n94_s0,94,0.1,11.5,11.5,0.0,0.000915,0.000263,3.479087452471483,-1,-1,FAIL,
ev6_ec1_n94_s3,94,0.1,11.5,11.5,0.0,0.000964,0.00025,3.856,-1,-1,FAIL,
ev9_ec1_n19_s0_gs,38,0.1,11.5,11.5,0.0,0.000502,5.07e-05,9.90138067061144,-1,-1,FAIL,
ev9_ec1_n50_s3_gs,100,0.1,11.5,11.5,0.0,0.00385,0.000324,11.882716049382715,-1,-1,FAIL,
ev9_ec1_n90_s2_gm,270,0.0,11.5,11.5,0.0,0.0311,0.00263,11.82509505703422,-1,-1,FAIL,
tri3_n53_gs,106,0.2,11.5,11.5,0.0,0.00646,0.000204,31.666666666666664,-1,-1,FAIL,
tri5_n90,90,0.2,11.4,11.5,0.0,0.000563,0.000168,3.3511904761904767,-1,-1,FAIL,
tri7_n85_gm,255,0.0,11.5,11.5,0.0,0.0216,0.00157,13.757961783439491,-1,-1,FAIL,
ev3_ec4_n62_s1_gs,124,0.1,11.4,11.4,0.0,0.00719,0.000132,54.46969696969697,-1,-1,FAIL,
ev3_ec4_n79_s1_gm,237,0.0,11.4,11.4,0.0,0.0269,0.000448,60.04464285714286,-1,-1,FAIL,
ev3_ec4_n94_s2_gm,282,0.0,11.4,11.4,0.0,0.0379,0.000693,54.68975468975469,-1,-1,FAIL,
ev4_ec1_n52_s0_gs,104,0.0,11.4,11.4,0.0,0.00552,0.000178,31.01123595505618,-1,-1,FAIL,
ev4_ec1_n76_s1_gs,152,0.0,11.4,11.4,0.0,0.0119,0.00034,35.0,-1,-1,FAIL,
ev4_ec4_n57_s2_gm,171,0.0,11.4,11.4,0.0,0.00841,0.000866,9.711316397228638,-1,-1,FAIL,
ev4_ec4_n61_s2_gs,122,0.0,11.4,11.4,0.0,0.0073,0.000245,29.79591836734694,-1,-1,FAIL,
ev4_ec4_n62_s2_gs,124,0.0,11.4,11.4,0.0,0.00764,0.000241,31.70124481327801,-1,-1,FAIL,
ev5_ec4_n20_s1_gm,60,0.1,11.4,11.4,0.0,0.00173,0.000124,13.951612903225806,-1,-1,FAIL,
ev6_ec1_n24_s3,24,0.2,11.4,11.4,0.0,5.39e-05,2.46e-05,2.1910569105691056,-1,-1,FAIL,
ev6_ec1_n37_s3,37,0.1,11.4,11.4,0.0,0.000142,4.86e-05,2.9218106995884776,-1,-1,FAIL,
ev6_ec1_n67_s3,67,0.1,11.3,11.4,0.0,0.000496,0.000136,3.647058823529412,-1,-1,FAIL,
ev6_ec1_n83_s1_gm,249,0.1,11.4,11.4,0.0,0.0263,0.00181,14.530386740331492,-1,-1,FAIL,
ev7_ec1_n69_s2_gs,138,0.2,11.4,11.4,0.0,0.00568,1.38e-05,411.59420289855075,-1,-1,FAIL,
ev9_ec1_n2_s3_gs,4,0.4,11.1,11.4,0.0,9.7e-06,2.69e-06,3.6059479553903344,-1,-1,FAIL,
ev9_ec1_n16_s2_gs,32,0.2,11.4,11.3,0.0,0.000314,3.55e-05,8.84507042253521,-1,-1,FAIL,
ev9_ec1_n90_s3_gm,270,0.2,11.4,11.4,0.0,0.0313,0.00265,11.811320754716983,-1,-1,FAIL,
tri2_n42_gs,84,0.0,11.4,11.4,0.0,0.00227,8.82e-05,25.736961451247165,-1,-1,FAIL,
tri4_n29_gs,58,0.1,11.4,11.4,0.0,0.00132,5.14e-05,25.680933852140075,-1,-1,FAIL,
tri4_n58_gm,174,0.0,11.4,11.3,0.0,0.00846,0.00081,10.444444444444446,-1,-1,FAIL,
tri4_n80_gm,240,0.0,11.3,11.4,0.0,0.0184,0.00144,12.777777777777777,-1,-1,FAIL,
tri6_n26_gs,52,0.1,11.4,11.4,0.0,0.00131,7.31e-05,17.920656634746923,-1,-1,FAIL,
ev3_ec1_n42_s2,42,0.1,11.3,11.2,0.0,0.000177,3.46e-05,5.115606936416184,-1,-1,FAIL,
ev3_ec1_n59_s0,59,0.1,11.3,11.3,0.0,0.000374,0.000109,3.4311926605504586,-1,-1,FAIL,
ev3_ec1_n75_s0_gm,225,0.0,11.3,11.3,0.0,0.023,0.000976,23.565573770491802,-1,-1,FAIL,
ev4_ec1_n65_s1_gs,130,0.0,11.3,11.3,0.0,0.00851,0.000261,32.60536398467433,-1,-1,FAIL,
ev4_ec1_n84_s1_gs,168,0.0,11.3,11.3,0.0,0.015,0.000458,32.751091703056765,-1,-1,FAIL,
ev5_ec1_n6_s0_gm,18,0.2,11.3,11.3,0.0,8.69e-05,1.86e-05,4.672043010752688,-1,-1,FAIL,
ev5_ec1_n83_s1,83,0.1,11.3,11.3,0.0,0.000763,0.000164,4.652439024390244,-1,-1,FAIL,
ev5_ec1_n98_s1,98,0.1,11.3,11.3,0.0,0.00101,0.000149,6.778523489932887,-1,-1,FAIL,
ev5_ec4_n64_s0,64,0.0,11.3,11.3,0.0,0.000654,0.000114,5.7368421052631575,-1,-1,FAIL,
ev5_ec4_n80_s1_gm,240,0.0,11.3,11.3,0.0,0.0267,0.000349,76.50429799426934,-1,-1,FAIL,
ev5_ec4_n96_s2,96,0.1,11.3,11.3,0.0,0.00122,8.04e-05,15.17412935323383,-1,-1,FAIL,
ev6_ec1_n59_s0_gm,177,0.0,11.2,11.3,0.0,0.0086,0.000949,9.062170706006322,-1,-1,FAIL,
ev6_ec1_n90_s3_gm,270,0.1,11.3,11.3,0.0,0.0326,0.0022,14.818181818181817,-1,-1,FAIL,
ev6_ec1_n96_s0,96,0.2,11.3,11.3,0.0,0.00105,0.000352,2.9829545454545454,-1,-1,FAIL,
ev6_ec1_n96_s1,96,0.2,11.3,11.3,0.0,0.00114,0.000338,3.3727810650887573,-1,-1,FAIL,
ev9_ec1_n64_s1_gm,192,0.0,11.3,11.3,0.0,0.015,0.000447,33.55704697986577,-1,-1,FAIL,
tri3_n31_gm,93,0.1,11.3,11.3,0.0,0.00391,0.000256,15.273437500000002,-1,-1,FAIL,
tri7_n36_gs,72,0.0,11.3,11.3,0.0,0.0023,7.28e-05,31.593406593406595,-1,-1,FAIL,
tri7_n79_gm,237,0.0,11.3,11.3,0.0,0.0182,0.00136,13.382352941176471,-1,-1,FAIL,
ev3_ec1_n36_s1,36,0.1,11.2,11.2,0.0,0.000135,2.89e-05,4.671280276816609,-1,-1,FAIL,
ev3_ec1_n84_s0,84,0.1,11.1,11.2,0.0,0.000739,0.000201,3.676616915422885,-1,-1,FAIL,
ev3_ec4_n29_s0_gm,87,0.1,11.1,11.2,0.0,0.00355,8.31e-05,42.71961492178099,-1,-1,FAIL,
ev4_ec1_n92_s1_gm,276,0.0,11.2,11.2,0.0,0.0272,0.00208,13.076923076923077,-1,-1,FAIL,
ev4_ec1_n97_s3_gm,291,0.1,11.2,11.2,0.0,0.0292,0.00231,12.640692640692642,-1,-1,FAIL,
ev4_ec1_n98_s0_gm,294,0.0,11.2,11.2,0.0,0.0297,0.00232,12.801724137931036,-1,-1,FAIL,
ev6_ec1_n15_s2,15,0.4,11.0,11.2,0.0,3.33e-05,1.24e-05,2.685483870967742,-1,-1,FAIL,
ev6_ec1_n34_s1,34,0.2,11.2,11.1,0.0,0.000126,5.33e-05,2.3639774859287055,-1,-1,FAIL,
ev6_ec1_n44_s2_gm,132,0.1,11.2,11.2,0.0,0.0064,0.000552,11.594202898550726,-1,-1,FAIL,
ev6_ec1_n97_s1,97,0.1,11.2,11.2,0.0,0.00117,0.000333,3.5135135135135136,-1,-1,FAIL,
ev7_ec1_n31_s3_gm,93,0.2,11.2,11.2,0.0,0.0037,9.79e-06,377.93667007150157,-1,-1,FAIL,
ev9_ec1_n93_s3_gm,279,0.1,11.2,11.2,0.0,0.0329,0.00269,12.230483271375464,-1,-1,FAIL,
tri5_n28,28,0.5,11.1,11.2,0.0,6.67e-05,2.62e-05,2.545801526717557,-1,-1,FAIL,
tri5_n75_gs,150,0.0,11.2,11.1,0.0,0.00723,0.000245,29.510204081632654,-1,-1,FAIL,
tri6_n90_gs,180,0.0,11.2,11.1,0.0,0.0187,0.000776,24.0979381443299,-1,-1,FAIL,
ev3_ec1_n69_s3,69,0.1,11.1,11.1,0.0,0.000444,8.9e-05,4.988764044943821,-1,-1,FAIL,
ev3_ec4_n46_s3_gm,138,0.0,11.1,11.1,0.0,0.0093,0.000252,36.904761904761905,-1,-1,FAIL,
ev4_ec1_n22_s2_gs,44,0.1,11.1,11.1,0.0,0.00078,4.04e-05,19.306930693069308,-1,-1,FAIL,
ev4_ec1_n83_s1_gs,166,0.0,11.1,11.1,0.0,0.0149,0.000415,35.903614457831324,-1,-1,FAIL,
ev4_ec4_n46_s1_gm,138,0.1,11.1,11.0,0.0,0.00524,0.000589,8.896434634974533,-1,-1,FAIL,
ev5_ec1_n5_s2_gm,15,0.2,11.1,11.1,0.0,8.56e-05,9.86e-06,8.6815415821501,-1,-1,FAIL,
ev5_ec1_n12_s1_gm,36,0.1,11.0,11.1,0.0,0.000396,3.64e-05,10.87912087912088,-1,-1,FAIL,
ev5_ec1_n25_s0,25,0.2,11.1,11.0,0.0,8.77e-05,3.44e-05,2.5494186046511627,-1,-1,FAIL,
ev5_ec1_n63_s2_gs,126,0.1,11.1,11.1,0.0,0.00822,0.000324,25.37037037037037,-1,-1,FAIL,
ev5_ec4_n13_s3_gm,39,0.1,11.1,11.1,0.0,0.000714,3.12e-05,22.884615384615387,-1,-1,FAIL,
ev5_ec4_n44_s0,44,0.0,11.1,11.0,0.0,0.00027,2.53e-05,10.671936758893281,-1,-1,FAIL,
ev6_ec1_n12_s1,12,0.2,11.1,11.0,0.0,2.1e-05,9.78e-06,2.147239263803681,-1,-1,FAIL,
ev6_ec1_n25_s0_gs,50,0.1,11.1,11.1,0.0,0.000971,4.75e-05,20.44210526315789,-1,-1,FAIL,
ev6_ec1_n30_s0,30,0.2,11.1,11.1,0.0,8.1e-05,3.74e-05,2.165775401069519,-1,-1,FAIL,
ev6_ec1_n62_s3,62,0.1,11.1,11.1,0.0,0.000471,0.000121,3.8925619834710745,-1,-1,FAIL,
ev6_ec1_n69_s0,69,0.1,11.1,11.1,0.0,0.000521,0.000157,3.3184713375796178,-1,-1,FAIL,
ev6_ec1_n83_s2_gs,166,0.0,11.1,11.1,0.0,0.0164,0.000542,30.258302583025834,-1,-1,FAIL,
ev6_ec1_n83_s3,83,0.1,11.1,11.1,0.0,0.000761,0.000199,3.824120603015075,-1,-1,FAIL,
ev7_ec1_n40_s2_gm,120,0.0,11.1,11.0,0.0,0.00602,0.000206,29.223300970873787,-1,-1,FAIL,
ev8_ec1_n78_s3_gm,234,0.0,11.1,11.1,0.0,0.0197,0.0019,10.368421052631579,-1,-1,FAIL,
ev8_ec1_n82_s3_gm,246,0.0,11.1,11.1,0.0,0.0214,0.00216,9.907407407407407,-1,-1,FAIL,
ev9_ec1_n60_s3_gm,180,0.2,11.1,11.1,0.0,0.0143,0.00126,11.34920634920635,-1,-1,FAIL,
tri3_n31_gs,62,0.4,11.1,11.1,0.0,0.00195,7.92e-05,24.62121212121212,-1,-1,FAIL,
tri4_n75,75,0.3,11.1,11.1,0.0,0.000376,0.00013,2.8923076923076922,-1,-1,FAIL,
tri5_n34,34,0.3,11.1,11.0,0.0,9.18e-05,3.38e-05,2.7159763313609466,-1,-1,FAIL,
tri5_n64,64,0.2,11.1,11.0,0.0,0.0003,8.8e-05,3.4090909090909087,-1,-1,FAIL,
tri7_n84_gs,168,0.0,11.1,11.1,0.0,0.0144,0.000277,51.985559566787,-1,-1,FAIL,
tri7_n97_gm,291,0.0,11.1,11.1,0.0,0.0291,0.00205,14.19512195121951,-1,-1,FAIL,
ev3_ec4_n11_s1,11,0.1,11.0,10.9,0.0,2.58e-05,4.98e-06,5.1807228915662655,-1,-1,FAIL,
ev4_ec1_n84_s2_gs,168,0.0,11.0,11.0,0.0,0.0159,0.000398,39.949748743718594,-1,-1,FAIL,
ev4_ec4_n57_s3_gs,114,0.0,11.0,11.0,0.0,0.00659,0.000232,28.405172413793103,-1,-1,FAIL,
ev4_ec4_n88_s1_gm,264,0.0,11.0,11.0,0.0,0.0233,0.00192,12.135416666666668,-1,-1,FAIL,
ev5_ec4_n59_s2_gm,177,0.1,10.9,11.0,0.0,0.0148,0.000183,80.87431693989072,-1,-1,FAIL,
ev6_ec1_n33_s1,33,0.2,11.0,11.0,0.0,0.000119,4.94e-05,2.408906882591093,-1,-1,FAIL,
ev6_ec1_n40_s2_gs,80,0.1,11.0,11.0,0.0,0.00393,0.000102,38.529411764705884,-1,-1,FAIL,
ev6_ec1_n68_s1,68,0.1,10.9,11.0,0.0,0.000462,0.000142,3.253521126760563,-1,-1,FAIL,
ev6_ec1_n85_s0_gs,170,0.1,11.0,11.0,0.0,0.0162,0.000434,37.327188940092164,-1,-1,FAIL,
ev6_ec1_n91_s3,91,0.1,11.0,11.0,0.0,0.00091,0.00024,3.7916666666666665,-1,-1,FAIL,
ev6_ec1_n98_s0_gs,196,0.0,11.0,11.0,0.0,0.022,0.00122,18.0327868852459,-1,-1,FAIL,
ev6_ec1_n99_s1,99,0.1,11.0,11.0,0.0,0.00113,0.000286,3.951048951048951,-1,-1,FAIL,
ev7_ec1_n71_s0_gm,213,0.1,11.0,11.0,0.0,0.0204,2.66e-05,766.9172932330828,-1,-1,FAIL,
ev8_ec1_n19_s0_gm,57,0.1,11.0,11.0,0.0,0.000903,0.000132,6.840909090909091,-1,-1,FAIL,
ev8_ec1_n100_s1_gm,300,0.1,11.0,11.0,0.0,0.0342,0.00326,10.49079754601227,-1,-1,FAIL,
ev9_ec1_n34_s1_gm,102,0.1,11.0,11.0,0.0,0.00372,0.000167,22.275449101796408,-1,-1,FAIL,
ev9_ec1_n72_s0_gm,216,0.0,11.0,11.0,0.0,0.0191,0.00178,10.730337078651685,-1,-1,FAIL,
tri6_n97_gs,194,0.0,11.0,11.0,0.0,0.0221,0.000895,24.6927374301676,-1,-1,FAIL,
tri7_n55_gs,110,0.0,11.0,11.0,0.0,0.00599,0.000142,42.18309859154929,-1,-1,FAIL,
ev3_ec4_n10_s1_gm,30,0.2,10.9,10.9,0.0,0.000448,3.55e-05,12.619718309859154,-1,-1,FAIL,
ev3_ec4_n14_s1_gm,42,0.2,10.9,10.8,0.0,0.000857,5.68e-05,15.088028169014086,-1,-1,FAIL,
ev3_ec4_n33_s1,33,0.1,10.9,10.8,0.0,0.000141,1.8e-05,7.833333333333334,-1,-1,FAIL,
ev4_ec1_n92_s2_gm,276,0.0,10.9,10.9,0.0,0.0264,0.00209,12.631578947368421,-1,-1,FAIL,
ev4_ec4_n66_s2_gs,132,0.0,10.9,10.9,0.0,0.00931,0.000305,30.52459016393443,-1,-1,FAIL,
ev4_ec4_n67_s2_gm,201,0.0,10.9,10.9,0.0,0.0125,0.00116,10.775862068965518,-1,-1,FAIL,
ev5_ec1_n37_s1,37,0.1,10.9,10.9,0.0,0.000183,5.38e-05,3.4014869888475836,-1,-1,FAIL,
ev5_ec1_n79_s1,79,0.1,10.9,10.9,0.0,0.000671,0.000152,4.4144736842105265,-1,-1,FAIL,
ev5_ec4_n29_s2_gs,58,0.2,10.9,10.9,0.0,0.00155,2.91e-05,53.264604810996566,-1,-1,FAIL,
ev6_ec1_n15_s1,15,0.4,10.9,10.8,0.0,2.99e-05,1.31e-05,2.282442748091603,-1,-1,FAIL,
ev6_ec1_n49_s1,49,0.1,10.9,10.9,0.0,0.000229,7.39e-05,3.0987821380243576,-1,-1,FAIL,
ev6_ec1_n63_s1_gm,189,0.0,10.9,10.9,0.0,0.0133,0.00104,12.788461538461538,-1,-1,FAIL,
ev6_ec1_n72_s1_gm,216,0.0,10.9,10.9,0.0,0.0189,0.00136,13.897058823529411,-1,-1,FAIL,
ev6_ec1_n88_s2_gm,264,0.1,10.9,10.9,0.0,0.025,0.00193,12.953367875647668,-1,-1,FAIL,
ev9_ec1_n45_s3_gm,135,0.0,10.9,10.9,0.0,0.00716,0.000731,9.794801641586867,-1,-1,FAIL,
ev9_ec1_n68_s0_gm,204,0.0,10.9,10.9,0.0,0.0171,0.000508,33.661417322834644,-1,-1,FAIL,
ev9_ec1_n72_s2_gm,216,0.0,10.9,10.9,0.0,0.019,0.000544,34.9264705882353,-1,-1,FAIL,
tri7_n60_gs,120,0.0,10.9,10.8,0.0,0.00717,0.000165,43.45454545454545,-1,-1,FAIL,
ev3_ec1_n19_s0,19,0.1,10.8,10.8,0.0,5.8e-05,2.27e-05,2.555066079295154,-1,-1,FAIL,
ev3_ec4_n13_s2_gm,39,0.2,10.8,10.7,0.0,0.000724,4.91e-05,14.74541751527495,-1,-1,FAIL,
ev4_ec1_n56_s2_gs,112,0.0,10.8,10.8,0.0,0.00623,0.000197,31.624365482233504,-1,-1,FAIL,
ev4_ec1_n65_s0_gm,195,0.0,10.8,10.8,0.0,0.012,0.00113,10.619469026548673,-1,-1,FAIL,
ev4_ec1_n88_s2_gs,176,0.0,10.8,10.8,0.0,0.0162,0.00045,36.0,-1,-1,FAIL,
ev4_ec4_n32_s3_gs,64,0.0,10.8,10.8,0.0,0.00191,7.3e-05,26.164383561643834,-1,-1,FAIL,
ev5_ec4_n20_s3_gm,60,0.1,10.7,10.8,0.0,0.00173,4.67e-05,37.04496788008566,-1,-1,FAIL,
ev5_ec4_n42_s2,42,0.3,10.8,10.8,1.38e-16,0.000226,2.18e-05,10.36697247706422,-1,-1,FAIL,
ev6_ec1_n60_s1_gm,180,0.0,10.8,10.8,0.0,0.0122,0.000985,12.385786802030458,-1,-1,FAIL,
ev6_ec1_n73_s0,73,0.1,10.8,10.8,0.0,0.000575,0.000173,3.3236994219653178,-1,-1,FAIL,
ev6_ec1_n86_s3,86,0.1,10.8,10.8,0.0,0.000803,0.000226,3.5530973451327434,-1,-1,FAIL,
ev7_ec1_n10_s1_gs,20,0.3,10.8,10.8,0.0,0.000131,3.61e-06,36.28808864265928,-1,-1,FAIL,
ev7_ec1_n72_s0_gs,144,0.0,10.8,10.8,0.0,0.00656,0.000693,9.466089466089466,-1,-1,FAIL,
ev8_ec1_n57_s1_gm,171,0.0,10.8,10.8,0.0,0.0101,0.00109,9.266055045871559,-1,-1,FAIL,
ev9_ec1_n91_s3_gs,182,0.1,10.8,10.8,0.0,0.0138,0.00109,12.660550458715596,-1,-1,FAIL,
tri4_n66_gm,198,0.0,10.7,10.8,0.0,0.0115,0.00103,11.16504854368932,-1,-1,FAIL,
tri6_n87_gm,261,0.0,10.8,10.8,0.0,0.0201,0.00177,11.35593220338983,-1,-1,FAIL,
tri7_n49_gs,98,0.0,10.8,10.8,0.0,0.00462,0.000119,38.8235294117647,-1,-1,FAIL,
tri7_n76_gs,152,0.0,10.8,10.7,0.0,0.0114,0.000233,48.927038626609445,-1,-1,FAIL,
ev2_ec1_n99_s0,99,0.1,10.7,10.7,1.78e-16,0.000469,1e-05,46.9,-1,-1,FAIL,
ev3_ec4_n15_s2_gs,30,0.4,10.7,10.6,0.0,0.000436,1.31e-05,33.282442748091604,-1,-1,FAIL,
ev4_ec1_n68_s1_gm,204,0.0,10.7,10.7,0.0,0.0129,0.00124,10.403225806451612,-1,-1,FAIL,
ev4_ec1_n83_s1_gm,249,0.0,10.7,10.7,0.0,0.0212,0.00175,12.114285714285714,-1,-1,FAIL,
ev4_ec1_n90_s2_gs,180,0.0,10.7,10.6,0.0,0.0178,0.000453,39.29359823399558,-1,-1,FAIL,
ev4_ec4_n62_s0_gm,186,0.0,10.7,10.7,0.0,0.0109,0.00105,10.380952380952381,-1,-1,FAIL,
ev4_ec4_n72_s3_gm,216,0.0,10.7,10.7,0.0,0.015,0.00134,11.194029850746269,-1,-1,FAIL,
ev5_ec1_n46_s0,46,0.2,10.7,10.6,0.0,0.00026,7.01e-05,3.708987161198288,-1,-1,FAIL,
ev5_ec4_n31_s2,31,0.6,10.7,10.7,0.0,0.000129,1.54e-05,8.376623376623375,-1,-1,FAIL,
ev5_ec4_n39_s1_gm,117,0.0,10.7,10.7,0.0,0.00628,0.000264,23.787878787878785,-1,-1,FAIL,
ev6_ec1_n47_s1,47,0.2,10.6,10.7,0.0,0.000215,7.25e-05,2.96551724137931,-1,-1,FAIL,
ev6_ec1_n62_s1,62,0.1,10.7,10.7,0.0,0.000379,0.000118,3.2118644067796613,-1,-1,FAIL,
ev6_ec1_n77_s3_gm,231,0.0,10.7,10.7,0.0,0.0233,0.00161,14.472049689440993,-1,-1,FAIL,
ev7_ec1_n19_s2_gm,57,0.2,10.7,10.7,0.0,0.00131,7.7e-06,170.1298701298701,-1,-1,FAIL,
ev7_ec1_n48_s2_gs,96,0.0,10.6,10.7,0.0,0.0027,0.00015,18.000000000000004,-1,-1,FAIL,
tri6_n67_gs,134,0.1,10.7,10.7,0.0,0.00992,0.000428,23.177570093457945,-1,-1,FAIL,
tri7_n46_gm,138,0.1,10.7,10.7,0.0,0.00548,0.000532,10.300751879699247,-1,-1,FAIL,
ev1_ec1_n51_s0_gs,102,0.0,10.6,10.5,1.46e-16,0.000149,1.09e-05,13.6697247706422,-1,-1,FAIL,
ev3_ec1_n23_s1,23,0.1,10.6,10.6,0.0,6.24e-05,1.51e-05,4.132450331125828,-1,-1,FAIL,
ev3_ec4_n50_s1_gm,150,0.0,10.6,10.5,0.0,0.0106,0.00028,37.85714285714286,-1,-1,FAIL,
ev3_ec4_n51_s1,51,0.2,10.6,10.6,0.0,0.000328,3.37e-05,9.732937685459941,-1,-1,FAIL,
ev3_ec4_n72_s3_gm,216,0.0,10.6,10.6,0.0,0.0224,0.000282,79.43262411347517,-1,-1,FAIL,
ev4_ec1_n79_s3_gs,158,0.0,10.6,10.6,0.0,0.0128,0.00037,34.5945945945946,-1,-1,FAIL,
ev4_ec1_n98_s0_gs,196,0.0,10.6,10.6,0.0,0.0211,0.00107,19.7196261682243,-1,-1,FAIL,
ev4_ec4_n57_s0_gs,114,0.0,10.6,10.6,0.0,0.00644,0.000197,32.69035532994924,-1,-1,FAIL,
ev4_ec4_n95_s3_gs,190,0.0,10.6,10.6,0.0,0.0199,0.000495,40.20202020202021,-1,-1,FAIL,
ev5_ec1_n15_s3,15,0.2,10.6,10.5,0.0,3.6e-05,1.06e-05,3.3962264150943398,-1,-1,FAIL,
ev5_ec4_n45_s0_gm,135,0.0,10.6,10.6,0.0,0.00817,0.00033,24.757575757575758,-1,-1,FAIL,
ev5_ec4_n57_s2,57,0.2,10.6,10.5,0.0,0.000442,3.03e-05,14.587458745874587,-1,-1,FAIL,
ev6_ec1_n69_s0_gm,207,0.0,10.6,10.6,0.0,0.0117,0.00124,9.435483870967742,-1,-1,FAIL,
ev6_ec1_n70_s0_gm,210,0.0,10.6,10.6,0.0,0.0129,0.00128,10.078125,-1,-1,FAIL,
ev7_ec1_n37_s0_gm,111,0.0,10.6,10.6,0.0,0.00513,0.000168,30.53571428571429,-1,-1,FAIL,
ev7_ec1_n95_s2_gm,285,0.0,10.6,10.6,0.0,0.0375,0.000744,50.403225806451616,-1,-1,FAIL,
ev8_ec1_n7_s0_gm,21,0.9,10.6,10.6,0.0,0.000141,1.88e-05,7.500000000000001,-1,-1,FAIL,
ev8_ec1_n34_s2_gm,102,0.1,10.6,10.6,0.0,0.00319,0.000424,7.523584905660377,-1,-1,FAIL,
ev9_ec1_n49_s1_gs,98,0.3,10.6,10.6,0.0,0.00367,0.000303,12.112211221122113,-1,-1,FAIL,
ev9_ec1_n93_s1,93,0.1,10.6,10.6,0.0,0.00138,0.000271,5.092250922509225,-1,-1,FAIL,
tri2_n89_gs,178,0.0,10.6,10.6,0.0,0.0103,0.000683,15.080527086383603,-1,-1,FAIL,
ev1_ec1_n60_s0_gs,120,0.0,10.5,10.5,0.0,0.000208,1.16e-05,17.93103448275862,-1,-1,FAIL,
ev2_ec1_n74_s0_gm,222,0.0,10.5,10.5,2.16e-16,0.00174,1.72e-05,101.16279069767441,-1,-1,FAIL,
ev3_ec1_n32_s0,32,0.1,10.5,10.5,0.0,0.000136,4.77e-05,2.851153039832285,-1,-1,FAIL,
ev3_ec4_n79_s2_gm,237,0.0,10.5,10.5,0.0,0.0264,0.000324,81.48148148148148,-1,-1,FAIL,
ev4_ec1_n78_s0_gs,156,0.0,10.5,10.5,0.0,0.0127,0.000356,35.674157303370784,-1,-1,FAIL,
ev4_ec4_n32_s1_gs,64,0.0,10.5,10.5,0.0,0.00168,7.15e-05,23.496503496503497,-1,-1,FAIL,
ev4_ec4_n55_s1_gs,110,0.0,10.5,10.5,0.0,0.00612,0.000187,32.72727272727273,-1,-1,FAIL,
ev4_ec4_n97_s1_gm,291,0.0,10.5,10.5,0.0,0.0295,0.00235,12.553191489361701,-1,-1,FAIL,
ev5_ec1_n3_s3,3,0.2,10.5,10.4,0.0,8.12e-06,5.18e-06,1.5675675675675675,-1,-1,FAIL,
ev5_ec1_n83_s3_gm,249,0.0,10.5,10.5,0.0,0.0295,0.00107,27.570093457943923,-1,-1,FAIL,
ev5_ec1_n98_s2,98,0.1,10.5,10.5,0.0,0.00105,0.000216,4.861111111111111,-1,-1,FAIL,
ev5_ec4_n10_s2,10,0.4,10.5,10.5,0.0,2.34e-05,5.27e-06,4.440227703984819,-1,-1,FAIL,
ev5_ec4_n48_s0_gm,144,0.0,10.5,10.5,0.0,0.0096,0.000156,61.53846153846153,-1,-1,FAIL,
ev5_ec4_n62_s2,62,0.2,10.5,10.4,0.0,0.000492,3.82e-05,12.879581151832461,-1,-1,FAIL,
ev5_ec4_n98_s2_gm,294,0.0,10.5,10.5,0.0,0.0413,0.000388,106.44329896907217,-1,-1,FAIL,
ev6_ec1_n20_s3_gs,40,0.1,10.5,10.4,0.0,0.000695,3.35e-05,20.746268656716417,-1,-1,FAIL,
ev6_ec1_n26_s3,26,0.1,10.5,10.4,0.0,6.03e-05,2.6e-05,2.3192307692307694,-1,-1,FAIL,
ev6_ec1_n46_s2_gs,92,0.1,10.5,10.5,0.0,0.00492,0.000143,34.40559440559441,-1,-1,FAIL,
ev6_ec1_n49_s3,49,0.1,10.5,10.4,0.0,0.000243,8.3e-05,2.927710843373494,-1,-1,FAIL,
ev6_ec1_n79_s1,79,0.1,10.4,10.5,0.0,0.000673,0.000237,2.839662447257384,-1,-1,FAIL,
ev6_ec1_n97_s0_gm,291,0.0,10.5,10.5,0.0,0.0304,0.0024,12.666666666666668,-1,-1,FAIL,
ev7_ec1_n60_s1_gm,180,0.0,10.5,10.5,0.0,0.0145,0.000254,57.08661417322835,-1,-1,FAIL,
ev9_ec1_n16_s0_gm,48,0.1,10.4,10.5,0.0,0.000786,6.25e-05,12.576,-1,-1,FAIL,
tri4_n14_gs,28,0.1,10.5,10.5,0.0,0.000261,1.74e-05,15.0,-1,-1,FAIL,
tri5_n43,43,0.3,10.5,10.5,0.0,0.000132,4.62e-05,2.8571428571428577,-1,-1,FAIL,
tri5_n72,72,0.1,10.5,10.5,0.0,0.000361,0.000113,3.1946902654867255,-1,-1,FAIL,
ev3_ec1_n65_s1,65,0.1,10.4,10.3,0.0,0.000409,7.61e-05,5.374507227332457,-1,-1,FAIL,
ev3_ec1_n100_s2,100,0.1,10.4,10.4,0.0,0.00102,0.000257,3.9688715953307394,-1,-1,FAIL,
ev3_ec4_n58_s0_gm,174,0.0,10.4,10.4,0.0,0.0144,0.000205,70.2439024390244,-1,-1,FAIL,
ev4_ec1_n47_s0_gm,141,0.0,10.4,10.3,0.0,0.00546,0.000616,8.863636363636363,-1,-1,FAIL,
ev5_ec1_n35_s2,35,0.2,10.4,10.4,0.0,0.00016,4.56e-05,3.508771929824562,-1,-1,FAIL,
ev5_ec4_n37_s0,37,0.1,10.4,10.4,0.0,0.000186,2.06e-05,9.029126213592233,-1,-1,FAIL,
ev5_ec4_n39_s3_gm,117,0.1,10.4,10.4,0.0,0.00651,0.000114,57.10526315789473,-1,-1,FAIL,
ev6_ec1_n7_s0_gs,14,0.2,10.4,10.1,0.0,7.5e-05,7.47e-06,10.040160642570282,-1,-1,FAIL,
ev6_ec1_n60_s3,60,0.1,10.3,10.4,0.0,0.00042,0.000113,3.716814159292036,-1,-1,FAIL,
ev7_ec1_n39_s1_gm,117,0.2,10.4,10.4,0.0,0.00565,1.46e-05,386.986301369863,-1,-1,FAIL,
ev7_ec1_n76_s1_gm,228,0.0,10.4,10.4,0.0,0.023,0.000609,37.76683087027915,-1,-1,FAIL,
ev7_ec1_n96_s3_gm,288,0.0,10.4,10.3,0.0,0.0378,0.000923,40.9534127843987,-1,-1,FAIL,
ev9_ec1_n37_s2_gm,111,0.1,10.3,10.4,0.0,0.00476,0.000191,24.92146596858639,-1,-1,FAIL,
tri2_n35,35,0.3,10.4,10.4,0.0,9.4e-05,3.4e-05,2.764705882352941,-1,-1,FAIL,
tri6_n86_gs,172,0.0,10.4,10.4,0.0,0.017,0.000675,25.185185185185187,-1,-1,FAIL,
tri7_n97_gs,194,0.0,10.4,10.4,0.0,0.0195,0.000356,54.77528089887641,-1,-1,FAIL,
bid2_n500_s1,500,0.1,10.3,10.4,0.0,0.02,0.00514,3.891050583657588,-1,-1,FAIL,
ev3_ec4_n39_s2_gm,117,0.1,10.2,10.3,0.0,0.00653,0.000119,54.87394957983193,-1,-1,FAIL,
ev3_ec4_n52_s2,52,0.1,10.3,10.3,0.0,0.00034,3.77e-05,9.018567639257295,-1,-1,FAIL,
ev4_ec1_n64_s3_gm,192,0.0,10.3,10.3,0.0,0.0111,0.00108,10.277777777777779,-1,-1,FAIL,
ev4_ec1_n75_s0_gm,225,0.0,10.3,10.3,0.0,0.0164,0.00146,11.23287671232877,-1,-1,FAIL,
ev5_ec1_n19_s3,19,0.1,10.3,10.3,0.0,5.53e-05,1.26e-05,4.388888888888889,-1,-1,FAIL,
ev5_ec1_n37_s2,37,0.2,10.3,10.2,0.0,0.000148,2.65e-05,5.584905660377358,-1,-1,FAIL,
ev5_ec4_n54_s3_gm,162,0.1,10.3,10.3,0.0,0.0126,0.000177,71.1864406779661,-1,-1,FAIL,
ev6_ec1_n47_s2_gs,94,0.0,10.3,10.3,0.0,0.00527,0.000208,25.336538461538463,-1,-1,FAIL,
ev6_ec1_n57_s1,57,0.1,10.3,10.3,0.0,0.000321,9.75e-05,3.292307692307692,-1,-1,FAIL,
ev6_ec1_n62_s3_gm,186,0.1,10.2,10.3,0.0,0.0143,0.00103,13.883495145631066,-1,-1,FAIL,
ev6_ec1_n66_s0_gm,198,0.0,10.3,10.3,0.0,0.0108,0.00115,9.391304347826088,-1,-1,FAIL,
ev6_ec1_n73_s2,73,0.1,10.3,10.3,0.0,0.000638,0.000173,3.6878612716763004,-1,-1,FAIL,
ev6_ec1_n84_s2,84,0.2,10.2,10.3,0.0,0.000902,0.000276,3.268115942028986,-1,-1,FAIL,
ev6_ec1_n97_s0_gs,194,0.0,10.3,10.3,0.0,0.0218,0.00116,18.79310344827586,-1,-1,FAIL,
ev7_ec1_n49_s2_gm,147,0.2,10.3,10.2,0.0,0.00966,1.38e-05,700.0,-1,-1,FAIL,
tri3_n11_gs,22,0.2,10.3,10.3,0.0,0.000182,1.38e-05,13.18840579710145,-1,-1,FAIL,
tri5_n62,62,0.2,10.3,10.3,0.0,0.00028,8.44e-05,3.3175355450236963,-1,-1,FAIL,
tri5_n97,97,0.2,10.3,10.3,0.0,0.000643,0.000193,3.33160621761658,-1,-1,FAIL,
tri7_n32_gm,96,0.0,10.3,10.3,0.0,0.00234,0.000285,8.210526315789474,-1,-1,FAIL,
ev3_ec1_n41_s2,41,0.1,10.2,10.2,0.0,0.000167,3.36e-05,4.970238095238096,-1,-1,FAIL,
ev3_ec4_n5_s3_gm,15,0.2,10.1,10.2,0.0,9.89e-05,1.67e-05,5.922155688622755,-1,-1,FAIL,
ev3_ec4_n65_s0,65,0.3,10.2,10.2,0.0,0.000618,0.000124,4.983870967741935,-1,-1,FAIL,
ev3_ec4_n71_s1,71,0.1,10.2,10.1,0.0,0.000692,0.000138,5.0144927536231885,-1,-1,FAIL,
ev3_ec4_n76_s3_gm,228,0.1,10.2,10.2,0.0,0.025,0.000304,82.23684210526316,-1,-1,FAIL,
ev4_ec1_n14_s1_gs,28,0.1,10.2,10.2,0.0,0.000283,2.17e-05,13.04147465437788,-1,-1,FAIL,
ev4_ec1_n17_s0_gs,34,0.1,10.2,10.2,0.0,0.000423,2.84e-05,14.894366197183098,-1,-1,FAIL,
ev4_ec1_n64_s0_gs,128,0.0,10.2,10.2,0.0,0.00821,0.000278,29.532374100719426,-1,-1,FAIL,
ev4_ec1_n67_s3_gs,134,0.0,10.2,10.2,0.0,0.00904,0.00028,32.285714285714285,-1,-1,FAIL,
ev4_ec1_n86_s2_gs,172,0.0,10.2,10.1,0.0,0.0156,0.000417,37.410071942446045,-1,-1,FAIL,
ev4_ec4_n41_s3_gs,82,0.0,10.2,10.2,0.0,0.00297,0.000102,29.11764705882353,-1,-1,FAIL,
ev4_ec4_n67_s0_gm,201,0.0,10.2,10.2,0.0,0.0125,0.00117,10.683760683760685,-1,-1,FAIL,
ev4_ec4_n77_s1_gm,231,0.0,10.2,10.2,0.0,0.0173,0.00152,11.38157894736842,-1,-1,FAIL,
ev4_ec4_n85_s2_gm,255,0.1,10.2,10.2,0.0,0.0217,0.00181,11.988950276243095,-1,-1,FAIL,
ev5_ec1_n43_s3,43,0.0,10.2,10.2,0.0,0.000251,6.73e-05,3.7295690936106984,-1,-1,FAIL,
ev5_ec4_n25_s1_gm,75,0.1,10.2,10.2,0.0,0.00268,0.000175,15.314285714285715,-1,-1,FAIL,
ev6_ec1_n59_s1,59,0.1,10.2,10.2,0.0,0.000354,0.000105,3.371428571428571,-1,-1,FAIL,
ev6_ec1_n81_s0_gs,162,0.1,10.2,10.2,0.0,0.0134,0.000397,33.75314861460957,-1,-1,FAIL,
ev7_ec1_n24_s3_gs,48,0.2,10.2,10.2,0.0,0.000683,7e-06,97.57142857142857,-1,-1,FAIL,
ev7_ec1_n41_s2_gs,82,0.0,10.2,10.2,0.0,0.00183,0.000124,14.758064516129032,-1,-1,FAIL,
ev8_ec1_n5_s1_gm,15,0.2,10.2,10.1,0.0,7.82e-05,1.25e-05,6.256,-1,-1,FAIL,
tri2_n41,41,0.2,10.2,10.1,0.0,0.000124,4.33e-05,2.863741339491917,-1,-1,FAIL,
tri4_n96_gs,192,0.0,10.2,10.2,0.0,0.0191,0.00039,48.97435897435897,-1,-1,FAIL,
tri5_n89_gs,178,0.1,10.2,10.2,0.0,0.0102,0.000335,30.44776119402985,-1,-1,FAIL,
tri7_n45_gs,90,0.0,10.2,10.2,0.0,0.00379,0.000103,36.79611650485437,-1,-1,FAIL,
ev3_ec1_n46_s0,46,0.1,10.0,10.1,0.0,0.000245,8.08e-05,3.032178217821782,-1,-1,FAIL,
ev3_ec1_n48_s0_gm,144,0.1,10.1,10.1,0.0,0.00891,0.000454,19.62555066079295,-1,-1,FAIL,
ev4_ec1_n43_s0_gs,86,0.0,10.1,10.0,0.0,0.00341,0.000122,27.950819672131146,-1,-1,FAIL,
ev4_ec1_n76_s3,76,0.3,10.1,10.1,0.0,0.000437,0.000188,2.3244680851063833,-1,-1,FAIL,
ev4_ec1_n85_s2_gs,170,0.0,10.1,10.1,0.0,0.0151,0.000411,36.73965936739659,-1,-1,FAIL,
ev4_ec1_n99_s1_gs,198,0.0,10.1,10.1,0.0,0.0215,0.000551,39.01996370235935,-1,-1,FAIL,
ev4_ec4_n64_s2_gm,192,0.0,10.1,10.1,0.0,0.0133,0.0011,12.09090909090909,-1,-1,FAIL,
ev4_ec4_n93_s2_gm,279,0.0,10.1,10.1,0.0,0.0272,0.00212,12.830188679245282,-1,-1,FAIL,
ev4_ec4_n96_s3_gs,192,0.0,10.1,10.1,0.0,0.0199,0.00051,39.01960784313725,-1,-1,FAIL,
ev5_ec1_n6_s1,6,0.2,10.0,10.1,0.0,1.47e-05,5.82e-06,2.5257731958762886,-1,-1,FAIL,
ev5_ec1_n17_s3,17,0.1,10.1,10.1,0.0,4.49e-05,1.24e-05,3.620967741935484,-1,-1,FAIL,
ev5_ec1_n29_s3,29,0.0,10.1,10.1,0.0,0.000131,3.85e-05,3.402597402597403,-1,-1,FAIL,
ev5_ec1_n31_s0_gm,93,0.1,10.1,10.1,0.0,0.00364,0.000205,17.75609756097561,-1,-1,FAIL,
ev5_ec4_n67_s2_gm,201,0.0,10.1,10.1,0.0,0.019,0.000237,80.16877637130801,-1,-1,FAIL,
ev6_ec1_n27_s0,27,0.2,10.1,10.1,0.0,6.83e-05,3.01e-05,2.2691029900332227,-1,-1,FAIL,
ev6_ec1_n28_s2_gm,84,0.1,10.1,10.1,0.0,0.00246,0.000229,10.742358078602619,-1,-1,FAIL,
ev6_ec1_n42_s3_gm,126,0.1,10.1,10.1,0.0,0.00558,0.000495,11.272727272727273,-1,-1,FAIL,
ev6_ec1_n60_s3_gs,120,0.0,10.1,10.1,0.0,0.00877,0.000226,38.80530973451327,-1,-1,FAIL,
ev6_ec1_n88_s3,88,0.1,10.1,10.1,0.0,0.000838,0.000217,3.8617511520737327,-1,-1,FAIL,
ev6_ec1_n92_s2_gm,276,0.0,10.1,10.1,0.0,0.0265,0.00211,12.559241706161139,-1,-1,FAIL,
ev6_ec1_n93_s1,93,0.1,10.0,10.1,0.0,0.00108,0.000324,3.333333333333333,-1,-1,FAIL,
ev7_ec1_n86_s0_gm,258,0.0,10.1,10.1,0.0,0.0314,0.000549,57.19489981785063,-1,-1,FAIL,
ev8_ec1_n13_s3_gs,26,0.2,10.1,10.1,0.0,0.000325,2.14e-05,15.186915887850468,-1,-1,FAIL,
tri4_n98_gm,294,0.1,10.0,10.1,0.0,0.0292,0.00211,13.838862559241708,-1,-1,FAIL,
tri5_n39_gs,78,0.0,10.1,10.1,0.0,0.00185,7.97e-05,23.212045169385195,-1,-1,FAIL,
tri6_n77_gs,154,0.0,10.1,10.1,0.0,0.0133,0.000544,24.448529411764707,-1,-1,FAIL,
tri7_n73_gm,219,0.0,10.1,10.1,0.0,0.0152,0.00116,13.10344827586207,-1,-1,FAIL,
ev2_ec4_n54_s3,54,0.1,10.0,10.0,2.3e-16,0.000343,6.39e-06,53.677621283255085,-1,-1,FAIL,
ev3_ec1_n8_s2_gm,24,0.1,9.8,10.0,0.0,0.000194,1.72e-05,11.27906976744186,-1,-1,FAIL,
ev3_ec1_n15_s1,15,0.1,9.9,10.0,0.0,3.4e-05,8.72e-06,3.89908256880734,-1,-1,FAIL,
ev3_ec1_n16_s3,16,0.1,10.0,10.0,0.0,4.7e-05,2.07e-05,2.2705314009661834,-1,-1,FAIL,
ev3_ec1_n35_s1_gm,105,0.0,10.0,10.0,0.0,0.00469,0.000276,16.992753623188406,-1,-1,FAIL,
ev3_ec4_n6_s0,6,0.2,10.0,10.0,0.0,1.82e-05,3.93e-06,4.631043256997455,-1,-1,FAIL,
ev3_ec4_n13_s3_gm,39,0.1,9.9,10.0,0.0,0.00075,5.02e-05,14.940239043824702,-1,-1,FAIL,
ev3_ec4_n39_s0_gm,117,0.1,10.0,10.0,0.0,0.00628,0.00012,52.33333333333333,-1,-1,FAIL,
ev4_ec1_n44_s1_gm,132,0.0,10.0,10.0,0.0,0.00452,0.00055,8.218181818181817,-1,-1,FAIL,
ev4_ec1_n47_s2_gs,94,0.0,10.0,10.0,0.0,0.00423,0.000141,30.0,-1,-1,FAIL,
ev4_ec1_n96_s0_gm,288,0.0,10.0,10.0,0.0,0.0286,0.00231,12.380952380952381,-1,-1,FAIL,
ev4_ec4_n63_s3_gm,189,0.1,10.0,10.0,0.0,0.011,0.00106,10.377358490566037,-1,-1,FAIL,
ev5_ec1_n28_s3,28,0.1,10.0,9.9,0.0,0.000106,2.05e-05,5.170731707317073,-1,-1,FAIL,
ev5_ec4_n14_s3_gm,42,0.1,10.0,10.0,0.0,0.000844,3.26e-05,25.88957055214724,-1,-1,FAIL,
ev5_ec4_n31_s1_gs,62,0.2,10.0,10.0,0.0,0.00184,7.22e-05,25.484764542936286,-1,-1,FAIL,
ev6_ec1_n27_s3_gs,54,0.1,9.9,10.0,0.0,0.0015,5.83e-05,25.728987993138936,-1,-1,FAIL,
ev6_ec1_n65_s0,65,0.1,10.0,9.9,0.0,0.000463,0.000131,3.5343511450381673,-1,-1,FAIL,
ev6_ec1_n71_s0,71,0.1,10.0,9.9,0.0,0.000541,0.000153,3.5359477124183005,-1,-1,FAIL,
ev6_ec1_n73_s2_gm,219,0.0,10.0,10.0,0.0,0.0187,0.00137,13.649635036496353,-1,-1,FAIL,
ev6_ec1_n89_s3_gs,178,0.0,10.0,9.9,0.0,0.0207,0.00107,19.345794392523363,-1,-1,FAIL,
tri5_n84,84,0.2,10.0,10.0,0.0,0.000484,0.000148,3.2702702702702706,-1,-1,FAIL,
ev3_ec4_n57_s2,57,0.1,9.9,9.9,0.0,0.000394,4.45e-05,8.853932584269662,-1,-1,FAIL,
ev4_ec1_n68_s3_gm,204,0.0,9.9,9.9,0.0,0.0131,0.00121,10.826446280991737,-1,-1,FAIL,
ev4_ec1_n92_s2_gs,184,0.0,9.9,9.9,0.0,0.0188,0.000967,19.441571871768357,-1,-1,FAIL,
ev4_ec1_n100_s1_gs,200,0.0,9.9,9.9,0.0,0.0226,0.00114,19.82456140350877,-1,-1,FAIL,
ev4_ec4_n46_s0_gs,92,0.0,9.9,9.9,0.0,0.00392,0.000132,29.696969696969695,-1,-1,FAIL,
ev4_ec4_n85_s2,85,0.2,9.9,9.9,0.0,0.000548,0.000233,2.351931330472103,-1,-1,FAIL,
ev5_ec1_n20_s3,20,0.1,9.8,9.9,0.0,5.45e-05,1.29e-05,4.224806201550388,-1,-1,FAIL,
ev5_ec1_n26_s3,26,0.2,9.9,9.9,0.0,8.17e-05,1.89e-05,4.322751322751323,-1,-1,FAIL,
ev5_ec1_n77_s0,77,0.0,9.9,9.9,0.0,0.000674,0.000156,4.32051282051282,-1,-1,FAIL,
ev5_ec4_n25_s2_gs,50,0.2,9.8,9.9,0.0,0.00125,2.41e-05,51.86721991701245,-1,-1,FAIL,
ev6_ec1_n19_s3,19,0.2,9.9,9.9,0.0,3.79e-05,1.84e-05,2.0597826086956523,-1,-1,FAIL,
ev6_ec1_n57_s2,57,0.1,9.9,9.9,0.0,0.000404,0.000103,3.9223300970873787,-1,-1,FAIL,
ev6_ec1_n64_s1_gs,128,0.0,9.9,9.9,0.0,0.0098,0.000247,39.67611336032389,-1,-1,FAIL,
ev6_ec1_n89_s0,89,0.1,9.9,9.9,0.0,0.000861,0.000298,2.889261744966443,-1,-1,FAIL,
ev7_ec1_n23_s2_gs,46,0.3,9.9,9.9,0.0,0.000653,5.73e-06,113.96160558464224,-1,-1,FAIL,
ev7_ec1_n84_s3_gs,168,0.0,9.9,9.9,0.0,0.00852,0.000451,18.891352549889135,-1,-1,FAIL,
tri2_n60,60,0.3,9.9,9.9,0.0,0.00025,7.76e-05,3.2216494845360826,-1,-1,FAIL,
tri2_n93_gs,186,0.1,9.9,9.9,0.0,0.0116,0.000807,14.374225526641883,-1,-1,FAIL,
tri2_n96_gs,192,0.2,9.9,9.9,0.0,0.0122,0.000825,14.787878787878789,-1,-1,FAIL,
tri2_n98,98,0.2,9.9,9.9,0.0,0.000635,0.000184,3.4510869565217392,-1,-1,FAIL,
tri4_n54_gm,162,0.1,9.9,9.9,0.0,0.00719,0.000716,10.041899441340783,-1,-1,FAIL,
tri4_n70_gs,140,0.0,9.9,9.9,0.0,0.00957,0.000232,41.25,-1,-1,FAIL,
ev3_ec1_n6_s0,6,0.2,9.8,9.7,0.0,1.75e-05,6.89e-06,2.5399129172714074,-1,-1,FAIL,
ev3_ec1_n51_s2,51,0.2,9.8,9.8,0.0,0.000301,9.28e-05,3.2435344827586206,-1,-1,FAIL,
ev3_ec1_n65_s1_gm,195,0.0,9.8,9.8,0.0,0.017,0.000772,22.020725388601036,-1,-1,FAIL,
ev3_ec1_n71_s2,71,0.1,9.8,9.8,0.0,0.000453,8.62e-05,5.255220417633411,-1,-1,FAIL,
ev3_ec4_n33_s3_gm,99,0.0,9.8,9.7,0.0,0.0046,9.88e-05,46.558704453441294,-1,-1,FAIL,
ev3_ec4_n37_s2,37,0.1,9.8,9.8,0.0,0.000173,2.06e-05,8.398058252427186,-1,-1,FAIL,
ev3_ec4_n61_s1,61,0.1,9.8,9.8,0.0,0.000451,4.51e-05,10.0,-1,-1,FAIL,
ev3_ec4_n83_s0_gm,249,0.0,9.8,9.8,0.0,0.0301,0.000459,65.57734204793029,-1,-1,FAIL,
ev4_ec1_n75_s1_gs,150,0.0,9.8,9.8,0.0,0.0117,0.000374,31.28342245989305,-1,-1,FAIL,
ev4_ec4_n40_s0_gm,120,0.0,9.8,9.8,0.0,0.00368,0.000456,8.070175438596491,-1,-1,FAIL,
ev4_ec4_n54_s3_gm,162,0.0,9.8,9.8,0.0,0.00792,0.000804,9.850746268656716,-1,-1,FAIL,
ev5_ec1_n36_s3,36,0.1,9.8,9.7,0.0,0.000171,3.05e-05,5.606557377049181,-1,-1,FAIL,
ev5_ec1_n89_s3,89,0.1,9.8,9.8,0.0,0.000974,0.000197,4.944162436548224,-1,-1,FAIL,
ev5_ec4_n70_s2,70,0.1,9.8,9.8,0.0,0.000614,4.34e-05,14.147465437788018,-1,-1,FAIL,
ev6_ec1_n22_s2_gs,44,0.1,9.8,9.7,0.0,0.000973,4.79e-05,20.313152400835072,-1,-1,FAIL,
ev6_ec1_n50_s3_gm,150,0.1,9.8,9.8,0.0,0.0085,0.000693,12.265512265512266,-1,-1,FAIL,
ev6_ec1_n53_s2,53,0.1,9.8,9.8,0.0,0.000363,8.9e-05,4.078651685393258,-1,-1,FAIL,
ev6_ec1_n80_s1,80,0.1,9.8,9.8,0.0,0.000671,0.000194,3.4587628865979383,-1,-1,FAIL,
ev6_ec1_n84_s1_gm,252,0.1,9.8,9.7,0.0,0.0257,0.0018,14.277777777777779,-1,-1,FAIL,
ev6_ec1_n86_s1,86,0.2,9.8,9.8,0.0,0.000758,0.000218,3.477064220183486,-1,-1,FAIL,
ev6_ec1_n97_s3_gm,291,0.1,9.8,9.8,0.0,0.0356,0.00254,14.015748031496061,-1,-1,FAIL,
ev6_ec1_n99_s3_gs,198,0.0,9.8,9.8,0.0,0.0249,0.00122,20.40983606557377,-1,-1,FAIL,
ev7_ec1_n96_s0_gs,192,0.0,9.8,9.8,0.0,0.0124,0.0012,10.333333333333334,-1,-1,FAIL,
ev8_ec1_n67_s2_gm,201,0.1,9.8,9.7,0.0,0.0143,0.00147,9.727891156462585,-1,-1,FAIL,
ev9_ec1_n10_s1_gm,30,0.1,9.8,9.8,0.0,0.000268,4.38e-05,6.1187214611872145,-1,-1,FAIL,
tri3_n77_gm,231,0.0,9.8,9.8,0.0,0.0288,0.00152,18.94736842105263,-1,-1,FAIL,
tri4_n40_gs,80,0.0,9.8,9.7,0.0,0.0027,8.76e-05,30.82191780821918,-1,-1,FAIL,
tri5_n53,53,0.2,9.8,9.8,0.0,0.000194,6.52e-05,2.9754601226993866,-1,-1,FAIL,
tri7_n60_gm,180,0.0,9.8,9.8,0.0,0.0102,0.00086,11.860465116279071,-1,-1,FAIL,
ev3_ec1_n62_s3,62,0.1,9.7,9.7,0.0,0.000431,0.000126,3.420634920634921,-1,-1,FAIL,
ev3_ec4_n7_s0_gs,14,0.3,9.7,9.2,0.0,0.000116,5.88e-06,19.727891156462587,-1,-1,FAIL,
ev4_ec1_n13_s1_gs,26,0.1,9.7,9.7,0.0,0.000253,1.87e-05,13.529411764705884,-1,-1,FAIL,
ev4_ec1_n59_s1_gs,118,0.0,9.7,9.7,0.0,0.00687,0.000224,30.669642857142858,-1,-1,FAIL,
ev5_ec1_n30_s2,30,0.1,9.7,9.7,0.0,0.0001,2.14e-05,4.672897196261683,-1,-1,FAIL,
ev5_ec1_n41_s3,41,0.0,9.7,9.7,0.0,0.000233,5.88e-05,3.9625850340136055,-1,-1,FAIL,
ev5_ec4_n20_s2_gs,40,0.2,9.7,9.7,0.0,0.000772,1.88e-05,41.06382978723404,-1,-1,FAIL,
ev6_ec1_n20_s3,20,0.1,9.7,9.7,0.0,3.88e-05,1.76e-05,2.2045454545454546,-1,-1,FAIL,
ev6_ec1_n26_s1,26,0.3,9.6,9.7,0.0,6.6e-05,3.25e-05,2.030769230769231,-1,-1,FAIL,
ev6_ec1_n37_s2,37,0.2,9.6,9.7,0.0,0.000204,7.56e-05,2.6984126984126986,-1,-1,FAIL,
ev6_ec1_n56_s3,56,0.2,9.7,9.7,0.0,0.000343,0.000102,3.3627450980392157,-1,-1,FAIL,
ev6_ec1_n79_s3,79,0.1,9.7,9.7,0.0,0.000642,0.000183,3.5081967213114753,-1,-1,FAIL,
ev9_ec1_n27_s1_gs,54,0.2,9.7,9.7,0.0,0.00109,0.000103,10.582524271844662,-1,-1,FAIL,
ev9_ec1_n35_s1_gs,70,0.3,9.7,9.7,0.0,0.00176,0.000156,11.282051282051283,-1,-1,FAIL,
ev9_ec1_n43_s0_gm,129,0.2,9.7,9.7,0.0,0.00583,0.000237,24.599156118143462,-1,-1,FAIL,
ev9_ec1_n49_s0_gm,147,0.1,9.7,9.7,0.0,0.00879,0.000857,10.256709451575261,-1,-1,FAIL,
ev9_ec1_n97_s0_gm,291,0.0,9.7,9.7,0.0,0.0362,0.00295,12.271186440677967,-1,-1,FAIL,
tri2_n57,57,0.2,9.7,9.7,0.0,0.000217,7.23e-05,3.0013831258644537,-1,-1,FAIL,
tri4_n15_gs,30,0.1,9.7,9.4,0.0,0.000301,1.95e-05,15.435897435897436,-1,-1,FAIL,
tri7_n59_gs,118,0.0,9.7,9.7,0.0,0.00698,0.000161,43.35403726708074,-1,-1,FAIL,
tri7_n82_gs,164,0.0,9.7,9.6,0.0,0.0136,0.000266,51.127819548872175,-1,-1,FAIL,
tri7_n90_gs,180,0.0,9.7,9.7,0.0,0.0165,0.000312,52.88461538461539,-1,-1,FAIL,
ev3_ec1_n3_s3_gm,9,0.1,9.6,9.6,0.0,2.86e-05,6.34e-06,4.511041009463722,-1,-1,FAIL,
ev3_ec1_n37_s3,37,0.2,9.6,9.6,0.0,0.000137,3.04e-05,4.506578947368421,-1,-1,FAIL,
ev3_ec4_n30_s3,30,0.1,9.6,9.5,0.0,0.000123,1.49e-05,8.25503355704698,-1,-1,FAIL,
ev3_ec4_n32_s1_gm,96,0.1,9.6,9.6,0.0,0.00432,9.61e-05,44.95317377731529,-1,-1,FAIL,
ev3_ec4_n32_s2_gm,96,0.0,9.6,9.6,0.0,0.00433,9.86e-05,43.91480730223123,-1,-1,FAIL,
ev4_ec1_n54_s0_gm,162,0.0,9.6,9.6,0.0,0.00759,0.000777,9.768339768339768,-1,-1,FAIL,
ev4_ec4_n17_s2_gs,34,0.1,9.5,9.6,0.0,0.000447,2.63e-05,16.99619771863118,-1,-1,FAIL,
ev4_ec4_n47_s3_gm,141,0.0,9.6,9.6,0.0,0.00552,0.000611,9.034369885433716,-1,-1,FAIL,
ev4_ec4_n80_s3_gm,240,0.0,9.6,9.6,0.0,0.0189,0.0016,11.8125,-1,-1,FAIL,
ev5_ec1_n9_s2_gm,27,0.1,9.6,9.5,0.0,0.00027,2.21e-05,12.217194570135748,-1,-1,FAIL,
ev5_ec1_n45_s3,45,0.1,9.6,9.5,0.0,0.000247,3.79e-05,6.517150395778364,-1,-1,FAIL,
ev5_ec1_n54_s0,54,0.0,9.5,9.6,0.0,0.000293,5.26e-05,5.570342205323194,-1,-1,FAIL,
ev5_ec1_n58_s0,58,0.2,9.6,9.5,0.0,0.000354,6.03e-05,5.870646766169154,-1,-1,FAIL,
ev5_ec4_n16_s0_gs,32,0.1,9.6,9.6,0.0,0.000448,1.66e-05,26.987951807228914,-1,-1,FAIL,
ev5_ec4_n25_s2_gm,75,0.1,9.5,9.6,0.0,0.00265,6.81e-05,38.91336270190896,-1,-1,FAIL,
ev5_ec4_n45_s1_gm,135,0.0,9.6,9.6,0.0,0.00851,0.000363,23.4435261707989,-1,-1,FAIL,
ev5_ec4_n65_s2,65,0.1,9.6,9.6,0.0,0.000547,4.27e-05,12.810304449648712,-1,-1,FAIL,
ev6_ec1_n19_s2_gs,38,0.1,9.6,9.6,0.0,0.000765,3.02e-05,25.331125827814567,-1,-1,FAIL,
ev6_ec1_n32_s2_gs,64,0.3,9.6,9.6,0.0,0.00244,0.000103,23.689320388349515,-1,-1,FAIL,
ev6_ec1_n33_s1_gs,66,0.0,9.6,9.6,0.0,0.00235,9.69e-05,24.251805985552117,-1,-1,FAIL,
ev6_ec1_n34_s3,34,0.1,9.6,9.5,0.0,0.000123,4.17e-05,2.9496402877697845,-1,-1,FAIL,
ev6_ec1_n78_s2,78,0.1,9.6,9.6,0.0,0.000698,0.000176,3.9659090909090913,-1,-1,FAIL,
ev6_ec1_n87_s0,87,0.2,9.6,9.5,0.0,0.000813,0.000284,2.862676056338028,-1,-1,FAIL,
ev9_ec1_n12_s3_gm,36,0.1,9.6,9.6,0.0,0.000404,3.24e-05,12.469135802469136,-1,-1,FAIL,
ev9_ec1_n32_s0_gm,96,0.1,9.6,9.6,0.0,0.0035,0.000394,8.883248730964468,-1,-1,FAIL,
ev9_ec1_n47_s1_gm,141,0.1,9.6,9.6,0.0,0.00865,0.000813,10.639606396063959,-1,-1,FAIL,
tri3_n79_gm,237,0.0,9.6,9.6,0.0,0.0299,0.00157,19.044585987261147,-1,-1,FAIL,
tri5_n54,54,0.3,9.5,9.6,0.0,0.000219,6.67e-05,3.2833583208395805,-1,-1,FAIL,
tri5_n89,89,0.2,9.6,9.6,0.0,0.000557,0.000167,3.3353293413173652,-1,-1,FAIL,
ev3_ec1_n38_s0_gm,114,0.0,9.5,9.5,0.0,0.00546,0.000318,17.169811320754718,-1,-1,FAIL,
ev3_ec1_n76_s0,76,0.1,9.5,9.5,0.0,0.000526,0.000103,5.106796116504855,-1,-1,FAIL,
ev3_ec1_n95_s1,95,0.1,9.5,9.4,0.0,0.000919,0.000238,3.8613445378151257,-1,-1,FAIL,
ev3_ec4_n17_s1_gs,34,0.1,9.3,9.5,0.0,0.000539,1.48e-05,36.41891891891892,-1,-1,FAIL,
ev3_ec4_n30_s2_gm,90,0.0,9.5,9.4,0.0,0.00371,9.16e-05,40.50218340611354,-1,-1,FAIL,
ev3_ec4_n60_s2_gm,180,0.0,9.5,9.5,0.0,0.0153,0.000216,70.83333333333333,-1,-1,FAIL,
ev3_ec4_n97_s1_gm,291,0.0,9.5,9.5,0.0,0.0405,0.000559,72.45080500894454,-1,-1,FAIL,
ev4_ec1_n70_s1_gm,210,0.0,9.5,9.5,0.0,0.0137,0.00126,10.873015873015873,-1,-1,FAIL,
ev4_ec1_n98_s2_gs,196,0.0,9.5,9.5,0.0,0.0208,0.000533,39.02439024390243,-1,-1,FAIL,
ev4_ec4_n43_s1_gm,129,0.1,9.5,9.5,0.0,0.00445,0.000521,8.54126679462572,-1,-1,FAIL,
ev5_ec1_n58_s3,58,0.0,9.5,9.5,0.0,0.000412,5.91e-05,6.971235194585448,-1,-1,FAIL,
ev5_ec1_n64_s3,64,0.0,9.5,9.5,0.0,0.000544,0.00012,4.533333333333333,-1,-1,FAIL,
ev5_ec1_n95_s2,95,0.1,9.5,9.5,0.0,0.000992,0.000199,4.984924623115578,-1,-1,FAIL,
ev5_ec4_n94_s1_gm,282,0.0,9.5,9.5,0.0,0.0365,0.000355,102.81690140845069,-1,-1,FAIL,
ev6_ec1_n36_s1,36,0.2,9.5,9.5,0.0,0.000122,4.5e-05,2.711111111111111,-1,-1,FAIL,
ev6_ec1_n47_s0_gm,141,0.0,9.5,9.5,0.0,0.00586,0.000565,10.371681415929205,-1,-1,FAIL,
ev6_ec1_n65_s0_gm,195,0.0,9.5,9.5,0.0,0.0106,0.00112,9.464285714285715,-1,-1,FAIL,
ev7_ec1_n19_s2_gs,38,0.3,9.5,9.5,0.0,0.00042,5.66e-06,74.20494699646643,-1,-1,FAIL,
ev7_ec1_n21_s3_gs,42,0.4,9.4,9.5,0.0,0.000486,4.41e-06,110.20408163265306,-1,-1,FAIL,
ev7_ec1_n70_s1_gs,140,0.0,9.5,9.5,0.0,0.0059,0.000308,19.155844155844154,-1,-1,FAIL,
ev9_ec1_n3_s3_gm,9,0.4,9.5,9.3,0.0,3.32e-05,6.59e-06,5.037936267071321,-1,-1,FAIL,
ev9_ec1_n17_s2_gs,34,0.2,9.5,9.4,0.0,0.000375,4.07e-05,9.213759213759214,-1,-1,FAIL,
tri2_n82,82,0.2,9.5,9.5,0.0,0.000452,0.000139,3.2517985611510793,-1,-1,FAIL,
tri2_n94,94,0.2,9.4,9.5,0.0,0.000572,0.000168,3.404761904761905,-1,-1,FAIL,
ev1_ec1_n91_s2_gs,182,0.0,9.4,9.4,0.0,0.000569,1.6e-05,35.5625,-1,-1,FAIL,
ev3_ec1_n40_s0,40,0.1,9.3,9.4,0.0,0.000162,3.46e-05,4.682080924855492,-1,-1,FAIL,
ev3_ec1_n62_s1,62,0.1,9.4,9.4,0.0,0.000425,0.000118,3.601694915254237,-1,-1,FAIL,
ev3_ec4_n31_s0_gm,93,0.1,9.4,9.4,0.0,0.00418,9.03e-05,46.29014396456257,-1,-1,FAIL,
ev4_ec1_n37_s1_gm,111,0.1,9.4,9.4,0.0,0.00316,0.000409,7.726161369193154,-1,-1,FAIL,
ev4_ec1_n73_s0_gm,219,0.1,9.4,9.4,0.0,0.0158,0.00136,11.617647058823529,-1,-1,FAIL,
ev4_ec1_n93_s2_gs,186,0.0,9.4,9.4,0.0,0.0185,0.000484,38.22314049586777,-1,-1,FAIL,
ev4_ec4_n21_s0_gs,42,0.1,9.4,9.3,0.0,0.000724,3.74e-05,19.358288770053477,-1,-1,FAIL,
ev4_ec4_n80_s0_gm,240,0.0,9.4,9.4,0.0,0.0192,0.00165,11.636363636363635,-1,-1,FAIL,
ev5_ec1_n9_s3_gs,18,0.2,9.3,9.4,0.0,0.000156,1.12e-05,13.928571428571429,-1,-1,FAIL,
ev5_ec4_n48_s2_gs,96,0.1,9.4,9.4,4.08e-16,0.000663,0.000117,5.666666666666666,-1,-1,FAIL,
ev6_ec1_n30_s0_gs,60,0.1,9.4,9.4,0.0,0.00145,6.84e-05,21.198830409356724,-1,-1,FAIL,
ev6_ec1_n87_s1,87,0.2,9.4,9.4,0.0,0.000861,0.000292,2.9486301369863015,-1,-1,FAIL,
ev6_ec1_n96_s2,96,0.1,9.4,9.4,0.0,0.0011,0.000269,4.089219330855019,-1,-1,FAIL,
ev7_ec1_n75_s2_gm,225,0.0,9.4,9.4,0.0,0.0231,0.000434,53.225806451612904,-1,-1,FAIL,
ev7_ec1_n82_s2_gm,246,0.0,9.4,9.4,0.0,0.0279,0.000495,56.36363636363637,-1,-1,FAIL,
ev8_ec1_n70_s0_gm,210,0.1,9.4,9.4,0.0,0.0151,0.00155,9.741935483870968,-1,-1,FAIL,
tri2_n32_gs,64,0.1,9.4,9.4,0.0,0.00132,5.9e-05,22.372881355932204,-1,-1,FAIL,
tri5_n77,77,0.2,9.4,9.4,0.0,0.000412,0.000128,3.21875,-1,-1,FAIL,
tri5_n86,86,0.2,9.4,9.4,0.0,0.000502,0.000158,3.1772151898734178,-1,-1,FAIL,
tri7_n46_gs,92,0.0,9.4,9.4,0.0,0.00402,0.000106,37.924528301886795,-1,-1,FAIL,
ev2_ec4_n98_s3,98,0.0,9.3,9.3,2.14e-16,0.000793,8.48e-06,93.51415094339622,-1,-1,FAIL,
ev3_ec4_n9_s0_gs,18,0.1,9.2,9.3,0.0,0.000157,7.05e-06,22.26950354609929,-1,-1,FAIL,
ev3_ec4_n31_s0,31,0.3,9.3,9.3,0.0,0.000135,1.61e-05,8.385093167701864,-1,-1,FAIL,
ev3_ec4_n33_s0,33,0.1,9.3,9.3,0.0,0.000137,1.87e-05,7.32620320855615,-1,-1,FAIL,
ev3_ec4_n40_s2,40,0.0,9.3,9.3,0.0,0.00023,6.43e-05,3.576982892690513,-1,-1,FAIL,
ev4_ec1_n86_s2_gm,258,0.0,9.3,9.3,0.0,0.0222,0.00188,11.808510638297873,-1,-1,FAIL,
ev4_ec1_n95_s3,95,0.3,9.3,9.3,0.0,0.000703,0.000293,2.399317406143344,-1,-1,FAIL,
ev4_ec4_n63_s1_gs,126,0.0,9.3,9.3,0.0,0.00789,0.000242,32.603305785123965,-1,-1,FAIL,
ev4_ec4_n94_s3_gs,188,0.1,9.3,9.3,0.0,0.0199,0.00104,19.134615384615387,-1,-1,FAIL,
ev5_ec1_n59_s0,59,0.1,9.3,9.3,0.0,0.000371,6.25e-05,5.936,-1,-1,FAIL,
ev5_ec4_n4_s0_gs,8,0.2,9.3,9.0,0.0,3.37e-05,3.55e-06,9.492957746478874,-1,-1,FAIL,
ev5_ec4_n30_s2_gs,60,0.2,9.3,9.3,0.0,0.000239,2.64e-05,9.053030303030303,-1,-1,FAIL,
ev5_ec4_n47_s3,47,0.1,9.3,9.2,0.0,0.000284,2.51e-05,11.314741035856574,-1,-1,FAIL,
ev6_ec1_n16_s3,16,0.1,9.3,9.2,0.0,2.68e-05,1.32e-05,2.0303030303030303,-1,-1,FAIL,
ev6_ec1_n44_s1_gm,132,0.0,9.3,9.3,0.0,0.00529,0.000523,10.114722753346081,-1,-1,FAIL,
ev6_ec1_n59_s3_gm,177,0.0,9.3,9.3,0.0,0.0127,0.000918,13.83442265795207,-1,-1,FAIL,
ev6_ec1_n78_s3,78,0.1,9.3,9.3,0.0,0.000643,0.000181,3.552486187845304,-1,-1,FAIL,
ev6_ec1_n93_s3_gm,279,0.1,9.3,9.3,0.0,0.0328,0.00235,13.957446808510639,-1,-1,FAIL,
ev6_ec1_n94_s0_gm,282,0.0,9.3,9.3,0.0,0.0271,0.00227,11.938325991189428,-1,-1,FAIL,
ev6_ec1_n99_s2_gs,198,0.1,9.3,9.3,0.0,0.0223,0.000727,30.674002751031637,-1,-1,FAIL,
ev9_ec1_n21_s1_gs,42,0.1,9.3,9.3,0.0,0.000603,6.49e-05,9.291217257318952,-1,-1,FAIL,
tri6_n24_gs,48,0.1,9.3,9.3,0.0,0.00109,6.08e-05,17.92763157894737,-1,-1,FAIL,
tri7_n13_gs,26,0.1,9.3,9.2,0.0,0.000234,1.69e-05,13.846153846153845,-1,-1,FAIL,
ev1_ec1_n30_s3_gs,60,0.0,9.2,9.2,3e-16,8.8e-05,1.04e-05,8.461538461538462,-1,-1,FAIL,
ev3_ec1_n29_s1,29,0.1,9.2,9.2,0.0,8.9e-05,1.88e-05,4.73404255319149,-1,-1,FAIL,
ev3_ec1_n38_s2,38,0.1,9.2,9.2,0.0,0.000168,5.12e-05,3.28125,-1,-1,FAIL,
ev3_ec1_n50_s2,50,0.2,9.2,9.2,0.0,0.000283,8.46e-05,3.3451536643026007,-1,-1,FAIL,
ev3_ec4_n8_s3,8,0.1,9.2,9.2,0.0,2.99e-05,1.09e-05,2.7431192660550456,-1,-1,FAIL,
ev3_ec4_n12_s0_gm,36,0.1,9.2,9.2,0.0,0.000638,4.63e-05,13.779697624190065,-1,-1,FAIL,
ev3_ec4_n24_s0_gs,48,0.1,9.2,9.2,0.0,0.00109,2.05e-05,53.170731707317074,-1,-1,FAIL,
ev4_ec1_n43_s2_gm,129,0.0,9.2,9.2,0.0,0.00445,0.000521,8.54126679462572,-1,-1,FAIL,
ev4_ec4_n44_s2_gs,88,0.0,9.2,9.2,0.0,0.00365,0.000116,31.46551724137931,-1,-1,FAIL,
ev4_ec4_n56_s3_gm,168,0.0,9.2,9.2,0.0,0.00899,0.000859,10.465657741559953,-1,-1,FAIL,
ev4_ec4_n95_s0_gs,190,0.1,9.2,9.2,0.0,0.0204,0.00103,19.805825242718445,-1,-1,FAIL,
ev5_ec1_n60_s3,60,0.0,9.2,9.2,0.0,0.000477,0.000106,4.5,-1,-1,FAIL,
ev5_ec4_n32_s2_gm,96,0.1,9.2,9.2,2.66e-16,0.000536,8.39e-05,6.388557806912991,-1,-1,FAIL,
ev5_ec4_n68_s2,68,0.2,9.2,9.2,0.0,0.000574,4.1e-05,13.999999999999998,-1,-1,FAIL,
ev6_ec1_n63_s0_gm,189,0.0,9.1,9.2,0.0,0.00978,0.00104,9.403846153846155,-1,-1,FAIL,
ev6_ec1_n73_s3,73,0.1,9.1,9.2,0.0,0.000577,0.00016,3.6062499999999997,-1,-1,FAIL,
ev6_ec1_n75_s3,75,0.1,9.2,9.1,0.0,0.000604,0.000172,3.511627906976744,-1,-1,FAIL,
ev6_ec1_n85_s0,85,0.1,9.2,9.2,0.0,0.000739,0.000221,3.343891402714932,-1,-1,FAIL,
ev6_ec1_n88_s1,88,0.1,9.2,9.2,0.0,0.000786,0.000218,3.6055045871559632,-1,-1,FAIL,
ev6_ec1_n97_s3_gs,194,0.0,9.2,9.2,0.0,0.0233,0.000538,43.308550185873614,-1,-1,FAIL,
ev7_ec1_n29_s1_gm,87,0.1,9.2,9.2,0.0,0.00295,9.19e-06,321.0010881392818,-1,-1,FAIL,
ev7_ec1_n58_s0_gm,174,0.1,9.2,9.2,0.0,0.0134,4.24e-05,316.0377358490566,-1,-1,FAIL,
ev9_ec1_n24_s3_gm,72,0.1,9.2,9.2,0.0,0.00196,9.39e-05,20.873269435569753,-1,-1,FAIL,
ev9_ec1_n37_s3_gm,111,0.1,9.2,9.2,0.0,0.00464,0.000507,9.151873767258383,-1,-1,FAIL,
ev3_ec1_n11_s2,11,0.2,9.1,9.1,0.0,2.36e-05,6.49e-06,3.6363636363636367,-1,-1,FAIL,
ev3_ec1_n13_s3,13,0.2,9.1,9.1,0.0,3.02e-05,7.01e-06,4.3081312410841655,-1,-1,FAIL,
ev3_ec1_n28_s1,28,0.1,9.0,9.1,0.0,0.000106,3.76e-05,2.8191489361702127,-1,-1,FAIL,
ev3_ec1_n56_s2,56,0.1,9.1,9.1,0.0,0.000352,0.000107,3.289719626168224,-1,-1,FAIL,
ev3_ec1_n70_s1_gm,210,0.0,9.1,9.1,0.0,0.0199,0.000873,22.79495990836197,-1,-1,FAIL,
ev3_ec4_n10_s3,10,0.1,9.1,9.1,0.0,3.15e-05,5.25e-06,6.0,-1,-1,FAIL,
ev4_ec1_n36_s1_gm,108,0.1,9.1,9.1,0.0,0.00292,0.000394,7.411167512690355,-1,-1,FAIL,
ev4_ec4_n54_s3_gs,108,0.0,9.1,9.1,0.0,0.006,0.000221,27.149321266968325,-1,-1,FAIL,
ev4_ec4_n77_s0_gs,154,0.0,9.1,9.1,0.0,0.0124,0.000416,29.80769230769231,-1,-1,FAIL,
ev4_ec4_n78_s3_gs,156,0.0,9.1,9.1,0.0,0.0127,0.000358,35.47486033519553,-1,-1,FAIL,
ev5_ec1_n88_s3,88,0.1,9.1,9.0,0.0,0.000958,0.000198,4.838383838383838,-1,-1,FAIL,
ev5_ec4_n45_s0_gs,90,0.0,9.1,9.1,0.0,0.00382,0.000193,19.792746113989637,-1,-1,FAIL,
ev5_ec4_n70_s2_gm,210,0.0,9.1,9.1,0.0,0.0213,0.000239,89.12133891213388,-1,-1,FAIL,
ev6_ec1_n37_s0,37,0.2,9.1,9.1,0.0,0.000112,4.42e-05,2.5339366515837107,-1,-1,FAIL,
ev6_ec1_n54_s2_gs,108,0.0,9.1,9.1,0.0,0.0068,0.000194,35.051546391752574,-1,-1,FAIL,
ev6_ec1_n59_s2,59,0.1,9.1,9.1,0.0,0.000429,0.00011,3.9,-1,-1,FAIL,
ev6_ec1_n63_s0,63,0.1,9.1,9.1,0.0,0.000446,0.000124,3.596774193548387,-1,-1,FAIL,
ev6_ec1_n86_s0,86,0.1,9.1,9.1,0.0,0.000737,0.000229,3.2183406113537116,-1,-1,FAIL,
ev6_ec1_n90_s2_gm,270,0.0,9.1,9.1,0.0,0.0253,0.00204,12.401960784313724,-1,-1,FAIL,
ev8_ec1_n22_s0_gm,66,0.1,9.1,9.1,0.0,0.0012,0.000183,6.557377049180327,-1,-1,FAIL,
ev8_ec1_n77_s3_gm,231,0.0,9.1,9.1,0.0,0.0186,0.00192,9.687499999999998,-1,-1,FAIL,
tri3_n41_gm,123,0.1,9.1,9.1,0.0,0.0076,0.000406,18.7192118226601,-1,-1,FAIL,
tri4_n38_gs,76,0.0,9.1,9.1,0.0,0.00239,8.12e-05,29.43349753694582,-1,-1,FAIL,
tri5_n95,95,0.2,9.1,9.1,0.0,0.000612,0.000184,3.3260869565217392,-1,-1,FAIL,
ev3_ec1_n43_s3,43,0.1,9.0,9.0,0.0,0.000222,7.35e-05,3.0204081632653064,-1,-1,FAIL,
ev3_ec1_n60_s3,60,0.1,9.0,9.0,0.0,0.000347,6.58e-05,5.273556231003039,-1,-1,FAIL,
ev3_ec4_n14_s1_gs,28,0.2,9.0,9.0,0.0,0.000374,1.94e-05,19.278350515463917,-1,-1,FAIL,
ev3_ec4_n46_s1,46,0.1,9.0,9.0,0.0,0.00026,2.91e-05,8.934707903780069,-1,-1,FAIL,
ev3_ec4_n71_s3_gm,213,0.0,9.0,9.0,0.0,0.0214,0.000272,78.67647058823529,-1,-1,FAIL,
ev4_ec1_n26_s2_gs,52,0.1,9.0,9.0,0.0,0.00111,4.61e-05,24.078091106290675,-1,-1,FAIL,
ev4_ec4_n72_s2_gm,216,0.0,9.0,9.0,0.0,0.0153,0.00136,11.249999999999998,-1,-1,FAIL,
ev4_ec4_n86_s0_gm,258,0.0,9.0,9.0,0.0,0.0226,0.00184,12.282608695652172,-1,-1,FAIL,
ev4_ec4_n91_s3_gs,182,0.0,9.0,9.0,0.0,0.0184,0.000467,39.400428265524624,-1,-1,FAIL,
ev4_ec4_n95_s2_gm,285,0.0,9.0,9.0,0.0,0.0277,0.00224,12.366071428571429,-1,-1,FAIL,
ev5_ec1_n11_s1_gs,22,0.2,8.8,9.0,0.0,0.00024,1.06e-05,22.641509433962263,-1,-1,FAIL,
ev5_ec1_n15_s1,15,0.1,8.8,9.0,0.0,3.94e-05,1.02e-05,3.8627450980392157,-1,-1,FAIL,
ev5_ec1_n19_s2,19,0.3,8.9,9.0,0.0,6.74e-05,2.44e-05,2.762295081967213,-1,-1,FAIL,
ev5_ec4_n94_s2,94,0.1,9.0,9.0,0.0,0.00135,0.000186,7.258064516129033,-1,-1,FAIL,
ev6_ec1_n57_s2_gs,114,0.0,8.9,9.0,0.0,0.00717,0.000203,35.320197044334975,-1,-1,FAIL,
ev6_ec1_n58_s1,58,0.1,9.0,8.9,0.0,0.000329,0.000104,3.1634615384615383,-1,-1,FAIL,
ev6_ec1_n68_s2,68,0.1,9.0,8.9,0.0,0.000575,0.000155,3.7096774193548385,-1,-1,FAIL,
ev6_ec1_n87_s2_gm,261,0.1,9.0,9.0,0.0,0.0243,0.0019,12.789473684210526,-1,-1,FAIL,
ev6_ec1_n99_s3,99,0.1,9.0,8.9,0.0,0.00107,0.000267,4.00749063670412,-1,-1,FAIL,
ev7_ec1_n43_s0_gm,129,0.0,8.9,9.0,0.0,0.00741,0.000246,30.121951219512194,-1,-1,FAIL,
ev7_ec1_n48_s0,48,0.5,8.9,9.0,0.0,0.000576,4.79e-06,120.25052192066806,-1,-1,FAIL,
ev7_ec1_n65_s3_gm,195,0.0,9.0,9.0,0.0,0.0167,0.000458,36.46288209606987,-1,-1,FAIL,
ev7_ec1_n89_s3_gm,267,0.0,9.0,9.0,0.0,0.0329,0.000656,50.15243902439024,-1,-1,FAIL,
ev9_ec1_n59_s3_gm,177,0.0,9.0,9.0,0.0,0.0129,0.00121,10.66115702479339,-1,-1,FAIL,
tri2_n36,36,0.3,9.0,9.0,0.0,9.73e-05,3.61e-05,2.695290858725761,-1,-1,FAIL,
tri5_n32,32,0.2,8.9,9.0,0.0,8.18e-05,3.07e-05,2.6644951140065145,-1,-1,FAIL,
tri5_n40_gs,80,0.0,9.0,9.0,0.0,0.00201,8.3e-05,24.21686746987952,-1,-1,FAIL,
tri6_n89_gm,267,0.0,9.0,9.0,0.0,0.0214,0.00189,11.322751322751323,-1,-1,FAIL,
ev3_ec1_n36_s2,36,0.1,8.9,8.9,0.0,0.000134,3.05e-05,4.39344262295082,-1,-1,FAIL,
ev3_ec1_n100_s2_gm,300,0.0,8.9,8.8,0.0,0.0408,0.0015,27.200000000000003,-1,-1,FAIL,
ev3_ec4_n37_s3_gm,111,0.1,8.8,8.9,0.0,0.00593,0.000113,52.47787610619469,-1,-1,FAIL,
ev3_ec4_n71_s3,71,0.1,8.9,8.9,0.0,0.000626,5.66e-05,11.060070671378092,-1,-1,FAIL,
ev3_ec4_n84_s0_gm,252,0.0,8.9,8.9,0.0,0.0306,0.000354,86.44067796610169,-1,-1,FAIL,
ev3_ec4_n87_s3,87,0.1,8.9,8.9,0.0,0.00105,0.000194,5.412371134020618,-1,-1,FAIL,
ev4_ec1_n5_s2_gs,10,0.3,8.9,8.5,0.0,4.39e-05,6.92e-06,6.343930635838151,-1,-1,FAIL,
ev4_ec1_n89_s2,89,0.2,8.8,8.9,0.0,0.000606,0.000262,2.3129770992366407,-1,-1,FAIL,
ev4_ec1_n94_s3_gs,188,0.0,8.9,8.9,0.0,0.0193,0.000493,39.14807302231238,-1,-1,FAIL,
ev4_ec4_n35_s0_gm,105,0.1,8.9,8.9,0.0,0.00285,0.000365,7.808219178082193,-1,-1,FAIL,
ev4_ec4_n43_s0_gs,86,0.0,8.9,8.9,0.0,0.00332,0.000115,28.869565217391305,-1,-1,FAIL,
ev4_ec4_n74_s0_gm,222,0.1,8.9,8.9,0.0,0.0165,0.00141,11.702127659574469,-1,-1,FAIL,
ev4_ec4_n87_s0_gm,261,0.0,8.9,8.9,0.0,0.0233,0.00188,12.393617021276597,-1,-1,FAIL,
ev5_ec1_n35_s0,35,0.1,8.8,8.9,0.0,0.000131,2.39e-05,5.481171548117155,-1,-1,FAIL,
ev5_ec1_n71_s3,71,0.0,8.9,8.9,0.0,0.000639,0.000133,4.804511278195489,-1,-1,FAIL,
ev5_ec4_n33_s1_gm,99,0.0,8.9,8.9,0.0,0.00454,0.000228,19.912280701754383,-1,-1,FAIL,
ev5_ec4_n65_s1_gm,195,0.0,8.9,8.9,0.0,0.0183,0.000379,48.28496042216359,-1,-1,FAIL,
ev6_ec1_n42_s0,42,0.1,8.9,8.9,0.0,0.000183,7.24e-05,2.5276243093922655,-1,-1,FAIL,
ev6_ec1_n54_s0,54,0.1,8.9,8.9,0.0,0.000289,9.18e-05,3.148148148148148,-1,-1,FAIL,
ev6_ec1_n95_s1_gs,190,0.0,8.9,8.9,0.0,0.0228,0.000677,33.67799113737075,-1,-1,FAIL,
ev7_ec1_n46_s3_gm,138,0.2,8.9,8.8,0.0,0.00817,1.56e-05,523.7179487179487,-1,-1,FAIL,
ev7_ec1_n52_s0_gs,104,0.0,8.9,8.9,0.0,0.00334,0.000377,8.859416445623342,-1,-1,FAIL,
ev7_ec1_n76_s1_gs,152,0.0,8.9,8.8,0.0,0.00743,0.000808,9.195544554455445,-1,-1,FAIL,
ev9_ec1_n58_s2_gm,174,0.1,8.9,8.9,0.0,0.012,0.000397,30.22670025188917,-1,-1,FAIL,
tri2_n62,62,0.2,8.9,8.9,0.0,0.000273,8.19e-05,3.3333333333333335,-1,-1,FAIL,
tri3_n13,13,0.4,8.9,8.8,0.0,3.93e-05,1.29e-05,3.046511627906977,-1,-1,FAIL,
tri3_n53_gm,159,0.1,8.9,8.9,0.0,0.0137,0.000658,20.82066869300912,-1,-1,FAIL,
tri5_n36,36,0.3,8.9,8.9,0.0,9.76e-05,3.49e-05,2.796561604584527,-1,-1,FAIL,
tri6_n53_gs,106,0.1,8.9,8.9,0.0,0.00599,0.00027,22.185185185185183,-1,-1,FAIL,
tri7_n59_gm,177,0.0,8.9,8.8,0.0,0.00983,0.000834,11.786570743405276,-1,-1,FAIL,
ev3_ec1_n45_s2,45,0.1,8.8,8.8,0.0,0.000233,7.44e-05,3.1317204301075265,-1,-1,FAIL,
ev3_ec4_n9_s0_gm,27,0.1,8.8,8.6,0.0,0.00039,3.39e-05,11.504424778761063,-1,-1,FAIL,
ev3_ec4_n9_s2_gm,27,0.2,8.7,8.8,0.0,0.000349,3.3e-05,10.575757575757576,-1,-1,FAIL,
ev3_ec4_n77_s0_gm,231,0.0,8.8,8.8,0.0,0.0256,0.000323,79.25696594427245,-1,-1,FAIL,
ev3_ec4_n88_s3,88,0.1,8.8,8.8,0.0,0.000957,8.84e-05,10.82579185520362,-1,-1,FAIL,
ev3_ec4_n92_s2_gm,276,0.1,8.8,8.8,9.27e-16,0.0045,0.00041,10.97560975609756,-1,-1,FAIL,
ev4_ec1_n43_s1_gm,129,0.0,8.8,8.8,0.0,0.00439,0.000542,8.099630996309964,-1,-1,FAIL,
ev4_ec1_n82_s0_gs,164,0.0,8.8,8.8,0.0,0.0142,0.000387,36.692506459948326,-1,-1,FAIL,
ev4_ec1_n91_s1_gm,273,0.0,8.8,8.8,0.0,0.0268,0.00203,13.201970443349753,-1,-1,FAIL,
ev4_ec1_n91_s2_gs,182,0.0,8.8,8.8,0.0,0.0179,0.000472,37.92372881355932,-1,-1,FAIL,
ev5_ec1_n54_s1,54,0.2,8.8,8.8,0.0,0.000297,5.03e-05,5.904572564612326,-1,-1,FAIL,
ev5_ec4_n13_s3,13,0.3,8.8,8.7,0.0,3.6e-05,5.88e-06,6.122448979591837,-1,-1,FAIL,
ev6_ec1_n32_s1,32,0.1,8.8,8.8,0.0,8.89e-05,3.68e-05,2.4157608695652177,-1,-1,FAIL,
ev7_ec1_n49_s1_gs,98,0.1,8.8,8.8,0.0,0.00284,0.000119,23.865546218487395,-1,-1,FAIL,
ev7_ec1_n79_s3_gs,158,0.0,8.8,8.8,0.0,0.00769,0.000318,24.18238993710692,-1,-1,FAIL,
ev8_ec1_n5_s3_gm,15,0.2,8.8,8.8,0.0,8.68e-05,1.93e-05,4.49740932642487,-1,-1,FAIL,
ev8_ec1_n18_s2_gm,54,0.1,8.8,8.8,0.0,0.00088,0.000121,7.272727272727273,-1,-1,FAIL,
ev8_ec1_n26_s1_gm,78,0.1,8.8,8.8,0.0,0.00178,0.000254,7.0078740157480315,-1,-1,FAIL,
ev9_ec1_n15_s0_gs,30,0.1,8.8,8.7,0.0,0.000287,3.49e-05,8.22349570200573,-1,-1,FAIL,
ev9_ec1_n40_s3_gm,120,0.1,8.7,8.8,0.0,0.00507,0.000304,16.677631578947366,-1,-1,FAIL,
tri2_n54_gs,108,0.1,8.8,8.8,0.0,0.00379,0.000281,13.487544483985765,-1,-1,FAIL,
tri2_n99,99,0.1,8.8,8.8,0.0,0.000639,0.00019,3.363157894736842,-1,-1,FAIL,
tri3_n29_gm,87,0.1,8.8,8.8,0.0,0.00322,0.00024,13.416666666666668,-1,-1,FAIL,
tri4_n90_gm,270,0.0,8.8,8.8,0.0,0.0243,0.00176,13.80681818181818,-1,-1,FAIL,
tri5_n45,45,0.2,8.7,8.8,0.0,0.000144,5.07e-05,2.840236686390533,-1,-1,FAIL,
tri5_n50_gs,100,0.0,8.8,8.8,0.0,0.00321,0.000116,27.67241379310345,-1,-1,FAIL,
ev3_ec1_n36_s0,36,0.2,8.7,8.7,0.0,0.000162,5.34e-05,3.0337078651685396,-1,-1,FAIL,
ev3_ec1_n43_s2,43,0.1,8.7,8.7,0.0,0.000214,6.76e-05,3.165680473372781,-1,-1,FAIL,
ev3_ec1_n73_s3,73,0.1,8.7,8.7,0.0,0.000579,0.000158,3.6645569620253164,-1,-1,FAIL,
ev3_ec1_n96_s1_gm,288,0.0,8.7,8.7,0.0,0.0381,0.00155,24.580645161290324,-1,-1,FAIL,
ev3_ec1_n100_s3,100,0.1,8.7,8.6,0.0,0.000932,0.000167,5.580838323353293,-1,-1,FAIL,
ev3_ec4_n75_s1,75,0.1,8.7,8.7,0.0,0.00068,6.81e-05,9.98531571218796,-1,-1,FAIL,
ev3_ec4_n93_s3,93,0.1,8.6,8.7,0.0,0.0012,0.000215,5.581395348837209,-1,-1,FAIL,
ev4_ec1_n18_s0_gs,36,0.1,8.7,8.7,0.0,0.000496,2.93e-05,16.928327645051194,-1,-1,FAIL,
ev4_ec1_n76_s1_gm,228,0.1,8.7,8.7,0.0,0.0167,0.00148,11.283783783783784,-1,-1,FAIL,
ev4_ec1_n80_s0_gm,240,0.0,8.7,8.7,0.0,0.0192,0.00163,11.779141104294478,-1,-1,FAIL,
ev4_ec1_n80_s2_gm,240,0.0,8.7,8.7,0.0,0.0186,0.00161,11.552795031055899,-1,-1,FAIL,
ev4_ec1_n95_s3_gm,285,0.0,8.7,8.7,0.0,0.0284,0.00226,12.56637168141593,-1,-1,FAIL,
ev4_ec1_n100_s0_gm,300,0.0,8.7,8.7,0.0,0.033,0.00246,13.414634146341465,-1,-1,FAIL,
ev4_ec4_n51_s3_gs,102,0.0,8.7,8.7,0.0,0.00522,0.000183,28.524590163934423,-1,-1,FAIL,
ev4_ec4_n79_s3_gm,237,0.0,8.7,8.6,0.0,0.0194,0.00158,12.278481012658228,-1,-1,FAIL,
ev4_ec4_n80_s1_gm,240,0.0,8.7,8.7,0.0,0.019,0.00166,11.44578313253012,-1,-1,FAIL,
ev4_ec4_n94_s1_gm,282,0.0,8.7,8.7,0.0,0.0271,0.00218,12.431192660550458,-1,-1,FAIL,
ev5_ec1_n47_s3,47,0.0,8.7,8.7,0.0,0.00031,7.65e-05,4.052287581699346,-1,-1,FAIL,
ev5_ec1_n61_s3,61,0.0,8.7,8.7,0.0,0.000496,0.000112,4.428571428571429,-1,-1,FAIL,
ev5_ec4_n44_s2_gs,88,0.2,8.7,8.7,1.32e-16,0.000541,4.74e-05,11.413502109704641,-1,-1,FAIL,
ev5_ec4_n59_s0_gm,177,0.0,8.7,8.7,0.0,0.0145,0.000214,67.7570093457944,-1,-1,FAIL,
ev5_ec4_n63_s1_gm,189,0.0,8.6,8.7,6.55e-16,0.00191,0.000246,7.764227642276422,-1,-1,FAIL,
ev5_ec4_n73_s2,73,0.1,8.7,8.7,6.67e-16,0.000649,5.16e-05,12.57751937984496,-1,-1,FAIL,
ev5_ec4_n74_s0_gm,222,0.0,8.7,8.7,0.0,0.0236,0.000373,63.27077747989276,-1,-1,FAIL,
ev6_ec1_n55_s2_gm,165,0.0,8.7,8.7,0.0,0.0094,0.000792,11.86868686868687,-1,-1,FAIL,
ev6_ec1_n71_s3_gs,142,0.0,8.7,8.7,0.0,0.0124,0.000299,41.47157190635451,-1,-1,FAIL,
ev6_ec1_n73_s1_gs,146,0.0,8.7,8.7,0.0,0.0131,0.000444,29.504504504504506,-1,-1,FAIL,
ev6_ec1_n91_s1_gm,273,0.9,8.5,8.7,0.0,0.0331,0.00211,15.687203791469194,-1,-1,FAIL,
ev6_ec1_n100_s0_gm,300,0.1,8.7,8.7,0.0,0.0322,0.0025,12.879999999999999,-1,-1,FAIL,
ev7_ec1_n77_s2_gm,231,0.0,8.7,8.7,0.0,0.0246,0.000608,40.46052631578947,-1,-1,FAIL,
ev8_ec1_n17_s1_gm,51,0.1,8.7,8.6,0.0,0.00071,0.000111,6.396396396396397,-1,-1,FAIL,
ev9_ec1_n42_s0_gs,84,0.1,8.7,8.7,0.0,0.00273,0.000229,11.921397379912662,-1,-1,FAIL,
tri2_n46,46,0.3,8.7,8.7,0.0,0.000151,5.16e-05,2.926356589147287,-1,-1,FAIL,
tri4_n48_gs,96,0.0,8.7,8.7,0.0,0.00417,0.00012,34.75,-1,-1,FAIL,
tri5_n72_gs,144,0.0,8.7,8.7,0.0,0.00668,0.000223,29.955156950672645,-1,-1,FAIL,
tri5_n88_gs,176,0.0,8.7,8.7,0.0,0.01,0.000328,30.48780487804878,-1,-1,FAIL,
ev3_ec1_n24_s1,24,0.1,8.5,8.6,0.0,6.57e-05,1.57e-05,4.1847133757961785,-1,-1,FAIL,
ev3_ec1_n34_s3,34,0.1,8.6,8.6,0.0,0.000146,4.82e-05,3.029045643153527,-1,-1,FAIL,
ev3_ec1_n43_s0,43,0.2,8.6,8.6,0.0,0.000191,3.8e-05,5.026315789473684,-1,-1,FAIL,
ev3_ec4_n63_s0,63,0.1,8.5,8.6,0.0,0.000568,0.00012,4.733333333333333,-1,-1,FAIL,
ev4_ec1_n14_s0_gs,28,0.1,8.6,8.5,0.0,0.000281,2.17e-05,12.94930875576037,-1,-1,FAIL,
ev4_ec1_n48_s1_gm,144,0.0,8.6,8.6,0.0,0.00601,0.000627,9.585326953748007,-1,-1,FAIL,
ev4_ec1_n81_s3_gs,162,0.0,8.6,8.6,0.0,0.0137,0.000387,35.400516795865634,-1,-1,FAIL,
ev4_ec4_n11_s2_gs,22,0.1,8.6,8.5,0.0,0.000162,1.52e-05,10.657894736842106,-1,-1,FAIL,
ev4_ec4_n42_s0_gm,126,0.2,8.6,8.6,0.0,0.00414,0.000495,8.363636363636363,-1,-1,FAIL,
ev4_ec4_n66_s2,66,0.3,8.6,8.6,0.0,0.000357,0.000154,2.3181818181818183,-1,-1,FAIL,
ev4_ec4_n99_s3_gm,297,0.0,8.6,8.6,0.0,0.0318,0.00242,13.140495867768596,-1,-1,FAIL,
ev5_ec1_n10_s0,10,0.2,8.5,8.6,0.0,2.25e-05,6.88e-06,3.2703488372093026,-1,-1,FAIL,
ev5_ec1_n32_s3,32,0.1,8.6,8.6,0.0,0.000152,4.65e-05,3.2688172043010755,-1,-1,FAIL,
ev5_ec4_n55_s3_gm,165,0.0,8.6,8.6,0.0,0.0126,0.000179,70.39106145251397,-1,-1,FAIL,
ev5_ec4_n63_s0,63,0.1,8.6,8.6,0.0,0.000532,3.78e-05,14.074074074074076,-1,-1,FAIL,
ev5_ec4_n85_s1,85,0.1,8.6,8.6,0.0,0.000807,6.58e-05,12.264437689969604,-1,-1,FAIL,
ev5_ec4_n93_s3_gs,186,0.0,8.6,8.6,0.0,0.0167,0.000222,75.22522522522522,-1,-1,FAIL,
ev6_ec1_n36_s1_gm,108,0.1,8.6,8.6,0.0,0.00339,0.000381,8.89763779527559,-1,-1,FAIL,
ev6_ec1_n42_s2,42,0.2,8.6,8.6,0.0,0.000243,8.46e-05,2.872340425531915,-1,-1,FAIL,
ev6_ec1_n52_s1,52,0.1,8.6,8.6,0.0,0.000256,8.53e-05,3.0011723329425557,-1,-1,FAIL,
ev6_ec1_n53_s0,53,0.2,8.6,8.6,0.0,0.000285,9.03e-05,3.1561461794019934,-1,-1,FAIL,
ev6_ec1_n56_s2_gs,112,0.0,8.6,8.6,0.0,0.00722,0.000205,35.21951219512195,-1,-1,FAIL,
ev7_ec1_n72_s3_gs,144,0.0,8.6,8.6,0.0,0.00663,0.000719,9.221140472878998,-1,-1,FAIL,
ev7_ec1_n96_s1_gm,288,0.0,8.6,8.6,0.0,0.0392,0.000709,55.28913963328632,-1,-1,FAIL,
ev8_ec1_n28_s3_gm,84,0.1,8.6,8.6,0.0,0.00232,0.000284,8.169014084507042,-1,-1,FAIL,
ev9_ec1_n48_s0_gm,144,0.0,8.6,8.6,0.0,0.00906,0.000866,10.46189376443418,-1,-1,FAIL,
ev9_ec1_n67_s2_gm,201,0.0,8.6,8.6,0.0,0.0162,0.00153,10.588235294117647,-1,-1,FAIL,
tri4_n52_gs,104,0.0,8.6,8.6,0.0,0.00497,0.000135,36.81481481481481,-1,-1,FAIL,
tri5_n35_gs,70,0.1,8.6,8.6,0.0,0.00159,6.69e-05,23.76681614349776,-1,-1,FAIL,
tri5_n87,87,0.2,8.6,8.6,0.0,0.000517,0.000162,3.191358024691358,-1,-1,FAIL,
ev3_ec1_n67_s0,67,0.1,8.5,8.4,0.0,0.000424,8.15e-05,5.2024539877300615,-1,-1,FAIL,
ev3_ec4_n4_s0_gm,12,0.2,8.5,8.5,0.0,6.05e-05,1.29e-05,4.689922480620155,-1,-1,FAIL,
ev3_ec4_n50_s2_gm,150,0.0,8.5,8.5,0.0,0.0104,0.000168,61.904761904761905,-1,-1,FAIL,
ev3_ec4_n63_s3_gm,189,0.0,8.5,8.5,0.0,0.0169,0.000305,55.40983606557377,-1,-1,FAIL,
ev4_ec1_n59_s2_gm,177,0.1,8.4,8.5,0.0,0.0101,0.000957,10.553814002089863,-1,-1,FAIL,
ev4_ec4_n98_s3,98,0.2,8.5,8.5,0.0,0.000744,0.000309,2.4077669902912624,-1,-1,FAIL,
ev5_ec1_n17_s3_gm,51,0.1,8.5,8.5,0.0,0.000906,6.67e-05,13.5832083958021,-1,-1,FAIL,
ev5_ec1_n18_s0,18,0.2,8.5,8.5,0.0,4.52e-05,1.27e-05,3.559055118110236,-1,-1,FAIL,
ev5_ec1_n62_s3,62,0.0,8.5,8.5,0.0,0.000475,6.88e-05,6.90406976744186,-1,-1,FAIL,
ev5_ec1_n96_s0_gm,288,0.0,8.5,8.5,0.0,0.0385,0.00109,35.32110091743119,-1,-1,FAIL,
ev5_ec4_n64_s0_gm,192,0.0,8.5,8.5,0.0,0.0176,0.000368,47.82608695652174,-1,-1,FAIL,
ev5_ec4_n88_s1,88,0.1,8.4,8.5,0.0,0.000979,0.000183,5.3497267759562845,-1,-1,FAIL,
ev5_ec4_n90_s0,90,0.1,8.5,8.5,0.0,0.00111,7.33e-05,15.143246930422919,-1,-1,FAIL,
ev6_ec1_n43_s3,43,0.1,8.5,8.5,0.0,0.000189,5.87e-05,3.2197614991482117,-1,-1,FAIL,
ev6_ec1_n58_s2_gm,174,0.0,8.5,8.5,0.0,0.0109,0.000906,12.030905077262693,-1,-1,FAIL,
ev6_ec1_n98_s3_gs,196,0.0,8.5,8.5,0.0,0.0245,0.00127,19.291338582677167,-1,-1,FAIL,
ev7_ec1_n18_s2_gs,36,0.2,8.5,8.5,0.0,0.00039,5.55e-06,70.27027027027026,-1,-1,FAIL,
ev7_ec1_n27_s1_gs,54,0.3,8.5,8.5,0.0,0.000852,2.2e-05,38.72727272727273,-1,-1,FAIL,
ev9_ec1_n19_s2_gm,57,0.1,8.5,8.5,0.0,0.00107,9.17e-05,11.668484187568156,-1,-1,FAIL,
ev9_ec1_n33_s2_gs,66,0.2,8.5,8.5,0.0,0.00163,0.000144,11.319444444444443,-1,-1,FAIL,
ev9_ec1_n34_s3_gs,68,0.2,8.5,8.5,0.0,0.00173,0.000156,11.08974358974359,-1,-1,FAIL,
ev9_ec1_n46_s0_gs,92,0.2,8.5,8.5,0.0,0.00323,0.000272,11.875,-1,-1,FAIL,
tri3_n11,11,0.3,8.5,8.4,0.0,2.49e-05,8.5e-06,2.929411764705882,-1,-1,FAIL,
ev1_ec1_n89_s0_gs,178,0.0,8.3,8.4,3.65e-16,0.000589,1.66e-05,35.48192771084337,-1,-1,FAIL,
ev1_ec4_n23_s0_gs,46,0.0,8.3,8.4,0.0,5.87e-05,9.97e-06,5.887662988966901,-1,-1,FAIL,
ev2_ec1_n54_s3,54,0.1,8.4,8.4,2.16e-16,0.000177,6.76e-06,26.183431952662723,-1,-1,FAIL,
ev3_ec1_n26_s3,26,0.0,8.4,8.4,0.0,7.63e-05,1.7e-05,4.488235294117647,-1,-1,FAIL,
ev3_ec1_n53_s3,53,0.1,8.4,8.4,0.0,0.000319,9.79e-05,3.2584269662921352,-1,-1,FAIL,
ev3_ec4_n27_s0_gm,81,0.1,8.4,8.4,0.0,0.0031,7.81e-05,39.69270166453265,-1,-1,FAIL,
ev3_ec4_n45_s0_gm,135,0.1,8.4,8.4,0.0,0.0085,0.000141,60.28368794326241,-1,-1,FAIL,
ev4_ec1_n9_s1_gs,18,0.2,8.4,8.4,0.0,0.00012,1.22e-05,9.836065573770492,-1,-1,FAIL,
ev4_ec1_n76_s3_gs,152,0.0,8.4,8.4,0.0,0.0121,0.000377,32.09549071618037,-1,-1,FAIL,
ev4_ec1_n85_s0,85,0.2,8.3,8.4,0.0,0.000518,0.000207,2.502415458937198,-1,-1,FAIL,
ev4_ec4_n88_s0_gm,264,0.0,8.4,8.4,0.0,0.0239,0.00195,12.256410256410257,-1,-1,FAIL,
ev4_ec4_n94_s2_gm,282,0.0,8.4,8.4,0.0,0.0274,0.00216,12.685185185185185,-1,-1,FAIL,
ev5_ec1_n8_s3_gs,16,0.2,8.4,8.2,0.0,0.000126,1.14e-05,11.05263157894737,-1,-1,FAIL,
ev5_ec1_n31_s1_gm,93,0.1,8.4,8.4,0.0,0.00336,0.000235,14.297872340425533,-1,-1,FAIL,
ev5_ec1_n35_s3,35,0.0,8.4,8.4,0.0,0.000162,2.73e-05,5.934065934065934,-1,-1,FAIL,
ev5_ec1_n50_s1,50,0.1,8.4,8.4,0.0,0.000259,4.23e-05,6.122931442080379,-1,-1,FAIL,
ev5_ec4_n36_s1_gm,108,0.1,8.4,8.4,0.0,0.00538,0.000238,22.605042016806724,-1,-1,FAIL,
ev6_ec1_n19_s2,19,0.3,8.4,8.3,0.0,4.36e-05,1.67e-05,2.6107784431137726,-1,-1,FAIL,
ev6_ec1_n21_s0,21,0.1,8.4,8.4,0.0,4.39e-05,2.11e-05,2.080568720379147,-1,-1,FAIL,
ev6_ec1_n22_s1,22,0.2,8.4,8.4,0.0,4.58e-05,2.04e-05,2.2450980392156863,-1,-1,FAIL,
ev6_ec1_n49_s0,49,0.1,8.4,8.4,0.0,0.000236,0.000105,2.2476190476190476,-1,-1,FAIL,
ev6_ec1_n52_s2,52,0.1,8.4,8.4,0.0,0.000365,9.29e-05,3.928955866523143,-1,-1,FAIL,
ev6_ec1_n63_s2_gm,189,0.1,8.4,8.4,0.0,0.0132,0.00102,12.941176470588234,-1,-1,FAIL,
ev6_ec1_n85_s1,85,0.1,8.4,8.4,0.0,0.000816,0.000261,3.1264367816091956,-1,-1,FAIL,
ev7_ec1_n31_s1_gs,62,0.2,8.4,8.4,0.0,0.00109,6.75e-06,161.4814814814815,-1,-1,FAIL,
ev7_ec1_n37_s2,37,0.4,8.4,8.4,0.0,0.000339,4.12e-06,82.28155339805825,-1,-1,FAIL,
ev7_ec1_n83_s3_gs,166,0.0,8.4,8.4,0.0,0.0089,0.000466,19.098712446351932,-1,-1,FAIL,
ev8_ec1_n69_s2_gm,207,0.1,8.4,8.4,0.0,0.0152,0.00159,9.559748427672956,-1,-1,FAIL,
tri2_n34,34,0.3,8.3,8.4,0.0,8.88e-05,3.33e-05,2.6666666666666665,-1,-1,FAIL,
tri2_n66_gs,132,0.1,8.4,8.4,0.0,0.00573,0.000424,13.514150943396226,-1,-1,FAIL,
tri3_n27_gm,81,0.1,8.4,8.4,0.0,0.00257,0.000198,12.97979797979798,-1,-1,FAIL,
tri6_n43_gs,86,0.1,8.4,8.4,0.0,0.00386,0.000188,20.531914893617024,-1,-1,FAIL,
tri6_n53_gm,159,0.1,8.4,8.4,0.0,0.00734,0.000707,10.381895332390384,-1,-1,FAIL,
bid2_n125_s3,125,0.1,8.4,8.4,0.0,0.000996,0.000376,2.648936170212766,-1,-1,FAIL,
ev3_ec1_n27_s3,27,0.1,8.3,8.3,0.0,8.27e-05,1.87e-05,4.422459893048129,-1,-1,FAIL,
ev3_ec1_n37_s0,37,0.1,8.3,8.3,0.0,0.000168,5.51e-05,3.0490018148820326,-1,-1,FAIL,
ev3_ec1_n40_s0_gm,120,0.0,8.3,8.3,0.0,0.00608,0.000339,17.93510324483776,-1,-1,FAIL,
ev3_ec1_n41_s3,41,0.2,8.3,8.3,0.0,0.000201,6.55e-05,3.068702290076336,-1,-1,FAIL,
ev3_ec1_n86_s1,86,0.1,8.3,8.3,0.0,0.000665,0.00012,5.541666666666667,-1,-1,FAIL,
ev3_ec1_n90_s1_gm,270,0.0,8.3,8.3,0.0,0.0321,0.00123,26.097560975609753,-1,-1,FAIL,
ev3_ec1_n97_s3,97,0.1,8.3,8.3,0.0,0.000972,0.000238,4.084033613445378,-1,-1,FAIL,
ev3_ec4_n19_s3_gm,57,0.1,8.3,8.3,0.0,0.00157,5.34e-05,29.400749063670414,-1,-1,FAIL,
ev3_ec4_n34_s1,34,0.1,8.2,8.3,0.0,0.000143,1.91e-05,7.486910994764398,-1,-1,FAIL,
ev3_ec4_n47_s0_gm,141,0.1,8.3,8.3,0.0,0.00957,0.000149,64.2281879194631,-1,-1,FAIL,
ev3_ec4_n48_s0_gm,144,0.0,8.3,8.3,0.0,0.00994,0.000157,63.31210191082802,-1,-1,FAIL,
ev3_ec4_n69_s1_gm,207,0.0,8.3,8.3,0.0,0.0202,0.000275,73.45454545454545,-1,-1,FAIL,
ev4_ec1_n41_s3_gs,82,0.0,8.3,8.3,0.0,0.003,0.000107,28.037383177570096,-1,-1,FAIL,
ev4_ec1_n57_s3_gs,114,0.0,8.3,8.3,0.0,0.00635,0.000203,31.2807881773399,-1,-1,FAIL,
ev4_ec1_n78_s3_gs,156,0.0,8.3,8.3,0.0,0.0127,0.000409,31.05134474327628,-1,-1,FAIL,
ev4_ec4_n54_s2_gm,162,0.1,8.3,8.3,0.0,0.00719,0.000788,9.124365482233504,-1,-1,FAIL,
ev5_ec1_n10_s3,10,0.1,8.2,8.3,0.0,1.85e-05,8.96e-06,2.064732142857143,-1,-1,FAIL,
ev5_ec1_n23_s0,23,0.1,8.3,8.3,0.0,7.84e-05,2.89e-05,2.71280276816609,-1,-1,FAIL,
ev5_ec1_n31_s0,31,0.0,8.3,8.3,0.0,0.000126,4.15e-05,3.036144578313253,-1,-1,FAIL,
ev5_ec1_n63_s2,63,0.1,8.3,8.3,0.0,0.000409,0.000106,3.858490566037736,-1,-1,FAIL,
ev5_ec1_n73_s2_gs,146,0.0,8.3,8.3,0.0,0.0111,0.000338,32.84023668639053,-1,-1,FAIL,
ev5_ec1_n87_s2,87,0.1,8.3,8.3,0.0,0.000786,0.000115,6.834782608695652,-1,-1,FAIL,
ev5_ec4_n63_s0_gm,189,0.0,8.3,8.3,0.0,0.0168,0.000207,81.15942028985508,-1,-1,FAIL,
ev6_ec1_n14_s3,14,0.2,8.3,8.2,0.0,2.3e-05,1.12e-05,2.053571428571429,-1,-1,FAIL,
ev6_ec1_n42_s1,42,0.2,8.3,8.3,0.0,0.000164,6.01e-05,2.728785357737105,-1,-1,FAIL,
ev6_ec1_n70_s2,70,0.1,8.2,8.3,0.0,0.00066,0.000212,3.1132075471698113,-1,-1,FAIL,
ev7_ec1_n62_s2_gm,186,0.0,8.3,8.3,0.0,0.015,0.000256,58.59375,-1,-1,FAIL,
ev7_ec1_n78_s0_gm,234,0.0,8.3,8.3,0.0,0.0236,0.000607,38.87973640856672,-1,-1,FAIL,
ev8_ec1_n13_s0_gm,39,0.3,8.3,8.3,0.0,0.00045,9.06e-05,4.966887417218542,-1,-1,FAIL,
tri2_n88,88,0.2,8.3,8.3,0.0,0.000513,0.000157,3.267515923566879,-1,-1,FAIL,
tri3_n17,17,0.2,8.2,8.3,0.0,6.73e-05,1.51e-05,4.456953642384106,-1,-1,FAIL,
tri5_n30,30,0.3,8.2,8.3,0.0,7.46e-05,3.1e-05,2.4064516129032256,-1,-1,FAIL,
tri5_n68,68,0.2,8.2,8.3,0.0,0.00033,0.000103,3.203883495145631,-1,-1,FAIL,
ev2_ec1_n53_s3,53,0.1,8.2,8.2,2.17e-16,0.000265,5.99e-06,44.24040066777963,-1,-1,FAIL,
ev2_ec4_n78_s1_gm,234,0.0,8.2,8.2,0.0,0.00204,1.79e-05,113.96648044692738,-1,-1,FAIL,
ev3_ec4_n40_s2_gs,80,0.0,8.2,8.2,0.0,0.000466,0.000117,3.982905982905983,-1,-1,FAIL,
ev3_ec4_n94_s0,94,0.1,8.2,8.2,1.55e-16,0.00106,9.73e-05,10.894141829393629,-1,-1,FAIL,
ev3_ec4_n94_s1_gm,282,0.0,8.2,8.2,0.0,0.0379,0.000673,56.31500742942051,-1,-1,FAIL,
ev4_ec1_n46_s0_gs,92,0.0,8.2,8.2,0.0,0.004,0.000144,27.77777777777778,-1,-1,FAIL,
ev4_ec1_n69_s0_gm,207,0.1,8.2,8.2,0.0,0.0132,0.00126,10.476190476190476,-1,-1,FAIL,
ev4_ec4_n10_s2_gs,20,0.1,8.0,8.2,0.0,0.000151,1.36e-05,11.102941176470589,-1,-1,FAIL,
ev4_ec4_n55_s3_gm,165,0.1,8.2,8.2,0.0,0.00793,0.000818,9.694376528117358,-1,-1,FAIL,
ev5_ec1_n56_s0,56,0.1,8.2,8.2,0.0,0.000364,9.52e-05,3.823529411764706,-1,-1,FAIL,
ev5_ec1_n76_s3,76,0.0,8.2,8.2,0.0,0.000717,0.000158,4.537974683544304,-1,-1,FAIL,
ev5_ec4_n19_s2,19,0.2,8.2,8.1,0.0,5.93e-05,8.46e-06,7.009456264775413,-1,-1,FAIL,
ev5_ec4_n30_s2_gm,90,0.1,8.2,8.1,3.91e-16,0.000463,8.06e-05,5.744416873449132,-1,-1,FAIL,
ev5_ec4_n40_s2,40,0.3,8.2,8.2,3.82e-16,0.000197,1.89e-05,10.423280423280424,-1,-1,FAIL,
ev5_ec4_n69_s2_gm,207,0.1,8.2,8.2,0.0,0.0202,0.000319,63.322884012539184,-1,-1,FAIL,
ev6_ec1_n42_s3,42,0.2,8.2,8.2,0.0,0.000192,5.97e-05,3.2160804020100504,-1,-1,FAIL,
ev6_ec1_n89_s1_gm,267,0.1,8.2,8.2,0.0,0.0307,0.00201,15.27363184079602,-1,-1,FAIL,
ev7_ec1_n82_s1_gm,246,0.0,8.2,8.2,0.0,0.0268,0.000698,38.39541547277937,-1,-1,FAIL,
ev8_ec1_n64_s1_gm,192,0.0,8.2,8.2,0.0,0.0134,0.0014,9.571428571428571,-1,-1,FAIL,
ev9_ec1_n14_s0_gs,28,0.2,8.2,8.2,0.0,0.000254,2.9e-05,8.758620689655173,-1,-1,FAIL,
ev9_ec1_n44_s1_gm,132,0.1,8.2,8.2,0.0,0.00721,0.000691,10.434153400868308,-1,-1,FAIL,
tri2_n35_gs,70,0.3,8.2,8.2,0.0,0.00157,6.82e-05,23.020527859237536,-1,-1,FAIL,
tri2_n43,43,0.2,8.2,8.2,0.0,0.000132,4.66e-05,2.832618025751073,-1,-1,FAIL,
tri2_n55,55,0.2,8.2,8.2,0.0,0.000201,6.87e-05,2.925764192139738,-1,-1,FAIL,
tri3_n14,14,0.4,8.2,8.2,0.0,3.37e-05,1.09e-05,3.091743119266055,-1,-1,FAIL,
tri3_n47_gm,141,0.1,8.2,8.2,0.0,0.0106,0.000477,22.22222222222222,-1,-1,FAIL,
tri4_n20_gs,40,0.1,8.1,8.2,0.0,0.000558,3e-05,18.6,-1,-1,FAIL,
ev2_ec1_n46_s3_gs,92,0.2,8.1,8.1,0.0,0.00031,9.13e-06,33.95399780941949,-1,-1,FAIL,
ev2_ec4_n80_s1,80,0.1,8.1,8.1,2.14e-16,0.000339,7.85e-06,43.18471337579618,-1,-1,FAIL,
ev3_ec1_n40_s2,40,0.1,8.1,8.1,0.0,0.000158,3.36e-05,4.7023809523809526,-1,-1,FAIL,
ev3_ec1_n91_s1,91,0.1,8.1,8.1,0.0,0.000839,0.000216,3.8842592592592595,-1,-1,FAIL,
ev3_ec4_n53_s2,53,0.1,8.0,8.1,0.0,0.000333,3.49e-05,9.541547277936964,-1,-1,FAIL,
ev3_ec4_n96_s3_gm,288,0.0,8.1,8.1,0.0,0.0394,0.000442,89.14027149321267,-1,-1,FAIL,
ev4_ec1_n22_s0_gs,44,0.1,8.1,8.1,0.0,0.000755,4.34e-05,17.396313364055302,-1,-1,FAIL,
ev4_ec1_n50_s3,50,0.4,8.1,8.0,0.0,0.000208,8.94e-05,2.32662192393736,-1,-1,FAIL,
ev4_ec1_n69_s3_gm,207,0.0,8.1,8.1,0.0,0.0133,0.00123,10.8130081300813,-1,-1,FAIL,
ev4_ec1_n85_s3_gs,170,0.0,8.1,8.1,0.0,0.0154,0.000419,36.75417661097852,-1,-1,FAIL,
ev4_ec1_n91_s0_gm,273,0.0,8.1,8.1,0.0,0.0258,0.00206,12.524271844660193,-1,-1,FAIL,
ev4_ec4_n17_s1_gs,34,0.1,8.1,8.0,0.0,0.000401,2.55e-05,15.72549019607843,-1,-1,FAIL,
ev4_ec4_n57_s3_gm,171,0.1,8.1,8.1,0.0,0.00877,0.000902,9.722838137472284,-1,-1,FAIL,
ev4_ec4_n64_s3_gm,192,0.1,8.1,8.1,0.0,0.0115,0.0011,10.454545454545453,-1,-1,FAIL,
ev4_ec4_n79_s1_gm,237,0.0,8.1,8.1,0.0,0.0186,0.0016,11.624999999999998,-1,-1,FAIL,
ev4_ec4_n85_s3_gs,170,0.0,8.1,8.1,0.0,0.0152,0.000478,31.799163179916317,-1,-1,FAIL,
ev5_ec1_n40_s3,40,0.1,8.1,8.1,0.0,0.000198,3.3e-05,5.999999999999999,-1,-1,FAIL,
ev5_ec1_n68_s3,68,0.1,8.1,8.1,0.0,0.000541,7.76e-05,6.971649484536083,-1,-1,FAIL,
ev5_ec1_n75_s1_gm,225,0.1,8.1,8.1,0.0,0.023,0.000812,28.32512315270936,-1,-1,FAIL,
ev5_ec4_n29_s0_gm,87,0.1,8.1,8.1,0.0,0.00356,8.29e-05,42.94330518697225,-1,-1,FAIL,
ev5_ec4_n78_s1,78,0.1,8.1,8.1,0.0,0.000674,6.25e-05,10.784,-1,-1,FAIL,
ev6_ec1_n21_s3,21,0.3,8.0,8.1,0.0,4.37e-05,2.1e-05,2.080952380952381,-1,-1,FAIL,
ev6_ec1_n38_s1,38,0.1,8.1,8.1,0.0,0.000135,5e-05,2.6999999999999997,-1,-1,FAIL,
ev6_ec1_n40_s0,40,0.1,8.1,8.1,0.0,0.000146,6.8e-05,2.1470588235294117,-1,-1,FAIL,
ev6_ec1_n44_s1,44,0.1,8.1,8.1,0.0,0.000189,6.51e-05,2.9032258064516134,-1,-1,FAIL,
ev6_ec1_n84_s2_gm,252,0.0,8.1,8.1,0.0,0.0229,0.00182,12.582417582417582,-1,-1,FAIL,
ev6_ec1_n86_s1_gs,172,0.0,8.1,8.1,0.0,0.0182,0.000435,41.839080459770116,-1,-1,FAIL,
ev6_ec1_n88_s0_gm,264,0.1,8.1,8.1,0.0,0.0247,0.00198,12.474747474747474,-1,-1,FAIL,
ev7_ec1_n32_s0_gm,96,0.1,8.0,8.1,0.0,0.00385,9.22e-06,417.57049891540134,-1,-1,FAIL,
ev7_ec1_n38_s1_gm,114,0.1,8.1,8.1,0.0,0.00596,3.21e-05,185.66978193146417,-1,-1,FAIL,
ev7_ec1_n52_s1_gm,156,0.0,8.1,8.1,0.0,0.0112,0.000286,39.16083916083916,-1,-1,FAIL,
ev8_ec1_n29_s0_gm,87,0.1,8.1,8.1,0.0,0.00221,0.000305,7.245901639344263,-1,-1,FAIL,
ev9_ec1_n91_s0_gm,273,0.1,8.1,8.1,0.0,0.0323,0.00264,12.234848484848486,-1,-1,FAIL,
tri2_n59,59,0.2,8.1,8.1,0.0,0.000235,7.54e-05,3.116710875331565,-1,-1,FAIL,
tri3_n99_gs,198,0.1,8.1,8.1,0.0,0.0238,0.000582,40.893470790378004,-1,-1,FAIL,
tri4_n75_gs,150,0.0,8.1,8.1,0.0,0.0113,0.000254,44.48818897637795,-1,-1,FAIL,
tri4_n98,98,0.2,8.1,8.1,0.0,0.000608,0.000206,2.951456310679612,-1,-1,FAIL,
tri6_n55_gm,165,0.0,8.0,8.1,0.0,0.00761,0.000777,9.794079794079794,-1,-1,FAIL,
tri6_n85_gs,170,0.1,8.1,8.1,0.0,0.0167,0.000693,24.098124098124096,-1,-1,FAIL,
bid2_n500_s0,500,0.1,8.1,8.1,0.0,0.0211,0.0052,4.057692307692308,-1,-1,FAIL,
ev3_ec4_n61_s0,61,0.1,8.0,8.0,0.0,0.000538,0.00012,4.4833333333333325,-1,-1,FAIL,
ev3_ec4_n90_s2_gm,270,0.0,8.0,8.0,0.0,0.0349,0.000405,86.17283950617285,-1,-1,FAIL,
ev4_ec1_n50_s0_gs,100,0.0,8.0,8.0,0.0,0.00479,0.00016,29.937499999999996,-1,-1,FAIL,
ev4_ec4_n5_s0_gs,10,0.4,8.0,7.6,0.0,3.81e-05,7.31e-06,5.21203830369357,-1,-1,FAIL,
ev4_ec4_n54_s2_gs,108,0.0,8.0,8.0,0.0,0.00556,0.000201,27.661691542288555,-1,-1,FAIL,
ev4_ec4_n86_s3_gm,258,0.0,8.0,7.9,0.0,0.0225,0.00187,12.032085561497325,-1,-1,FAIL,
ev4_ec4_n92_s2,92,0.2,8.0,8.0,0.0,0.000651,0.000284,2.2922535211267605,-1,-1,FAIL,
ev5_ec1_n94_s1,94,0.1,8.0,8.0,0.0,0.000911,0.000137,6.649635036496351,-1,-1,FAIL,
ev5_ec4_n36_s0_gm,108,0.1,8.0,8.0,0.0,0.00518,0.000107,48.41121495327103,-1,-1,FAIL,
ev5_ec4_n75_s1_gm,225,0.0,8.0,8.0,0.0,0.0233,0.000316,73.73417721518989,-1,-1,FAIL,
ev5_ec4_n87_s2,87,0.1,8.0,8.0,0.0,0.000986,6.69e-05,14.738415545590431,-1,-1,FAIL,
ev5_ec4_n92_s2,92,0.2,8.0,8.0,0.0,0.00114,7.29e-05,15.637860082304528,-1,-1,FAIL,
ev6_ec1_n25_s1_gs,50,0.1,7.9,8.0,0.0,0.00112,5.42e-05,20.664206642066418,-1,-1,FAIL,
ev6_ec1_n87_s2,87,0.1,8.0,8.0,0.0,0.000944,0.00029,3.2551724137931033,-1,-1,FAIL,
ev7_ec1_n42_s2_gm,126,0.0,8.0,8.0,0.0,0.00726,0.000272,26.691176470588236,-1,-1,FAIL,
ev8_ec1_n30_s2_gm,90,0.0,8.0,8.0,0.0,0.00216,0.000314,6.8789808917197455,-1,-1,FAIL,
ev9_ec1_n53_s3_gs,106,0.1,7.9,8.0,0.0,0.00449,0.000361,12.437673130193906,-1,-1,FAIL,
tri5_n27,27,0.3,8.0,8.0,0.0,6.26e-05,2.4e-05,2.6083333333333334,-1,-1,FAIL,
ev2_ec4_n27_s0,27,0.2,7.9,7.8,1.28e-16,9.27e-05,3.27e-06,28.34862385321101,-1,-1,FAIL,
ev3_ec1_n16_s3_gm,48,0.1,7.9,7.9,0.0,0.000939,7.25e-05,12.951724137931034,-1,-1,FAIL,
ev3_ec1_n25_s2,25,0.1,7.9,7.9,0.0,7.21e-05,1.58e-05,4.563291139240507,-1,-1,FAIL,
ev3_ec1_n40_s1_gm,120,0.0,7.9,7.9,0.0,0.00601,0.000338,17.781065088757398,-1,-1,FAIL,
ev3_ec1_n73_s0,73,0.1,7.8,7.9,0.0,0.000571,0.000164,3.4817073170731705,-1,-1,FAIL,
ev3_ec4_n56_s1,56,0.1,7.9,7.9,0.0,0.00037,3.93e-05,9.414758269720101,-1,-1,FAIL,
ev4_ec1_n71_s1_gs,142,0.0,7.9,7.9,0.0,0.0107,0.000307,34.85342019543974,-1,-1,FAIL,
ev4_ec4_n41_s2_gm,123,0.0,7.9,7.9,0.0,0.00413,0.000484,8.53305785123967,-1,-1,FAIL,
ev4_ec4_n45_s1_gm,135,0.1,7.9,7.9,0.0,0.00498,0.000569,8.752196836555362,-1,-1,FAIL,
ev4_ec4_n70_s1_gm,210,0.0,7.8,7.9,0.0,0.0141,0.0013,10.846153846153847,-1,-1,FAIL,
ev5_ec1_n10_s3_gs,20,0.1,7.8,7.9,0.0,0.000195,1.72e-05,11.337209302325581,-1,-1,FAIL,
ev5_ec1_n10_s3_gm,30,0.1,7.6,7.9,0.0,0.000276,3.56e-05,7.752808988764045,-1,-1,FAIL,
ev5_ec1_n80_s1,80,0.1,7.9,7.9,0.0,0.000626,0.000105,5.961904761904762,-1,-1,FAIL,
ev5_ec1_n97_s2,97,0.1,7.9,7.9,0.0,0.00103,0.000209,4.928229665071771,-1,-1,FAIL,
ev5_ec4_n40_s3,40,0.1,7.8,7.9,0.0,0.000232,5.63e-05,4.120781527531084,-1,-1,FAIL,
ev5_ec4_n46_s2_gs,92,0.1,7.9,7.9,0.0,0.000585,5.18e-05,11.293436293436294,-1,-1,FAIL,
ev5_ec4_n53_s2_gs,106,0.1,7.9,7.9,0.0,0.00077,5.93e-05,12.984822934232715,-1,-1,FAIL,
ev5_ec4_n73_s0_gm,219,0.0,7.9,7.9,0.0,0.0227,0.000258,87.98449612403103,-1,-1,FAIL,
ev6_ec1_n24_s1,24,0.2,7.8,7.9,0.0,5.53e-05,2.56e-05,2.16015625,-1,-1,FAIL,
ev6_ec1_n24_s2,24,0.2,7.9,7.8,0.0,7.09e-05,2.27e-05,3.1233480176211454,-1,-1,FAIL,
ev6_ec1_n30_s3_gm,90,0.1,7.9,7.9,0.0,0.00237,0.000262,9.045801526717558,-1,-1,FAIL,
ev6_ec1_n31_s1,31,0.1,7.9,7.9,0.0,8.02e-05,3.23e-05,2.48297213622291,-1,-1,FAIL,
ev6_ec1_n75_s2,75,0.1,7.9,7.9,0.0,0.000675,0.000184,3.6684782608695654,-1,-1,FAIL,
ev6_ec1_n82_s2_gs,164,0.0,7.9,7.9,0.0,0.0167,0.000536,31.156716417910445,-1,-1,FAIL,
ev6_ec1_n89_s3,89,0.1,7.9,7.9,0.0,0.000886,0.000226,3.920353982300885,-1,-1,FAIL,
ev6_ec1_n89_s3_gm,267,0.0,7.9,7.9,0.0,0.032,0.00219,14.61187214611872,-1,-1,FAIL,
ev6_ec1_n99_s1_gm,297,0.0,7.9,7.9,0.0,0.0361,0.00242,14.917355371900827,-1,-1,FAIL,
ev8_ec1_n96_s2_gm,288,0.1,7.9,7.9,0.0,0.0313,0.00304,10.296052631578947,-1,-1,FAIL,
tri2_n65,65,0.2,7.9,7.9,0.0,0.0003,8.92e-05,3.363228699551569,-1,-1,FAIL,
tri2_n86,86,0.2,7.9,7.9,0.0,0.000508,0.000153,3.3202614379084965,-1,-1,FAIL,
tri5_n84_gs,168,0.0,7.9,7.9,0.0,0.00902,0.000303,29.76897689768977,-1,-1,FAIL,
ev2_ec4_n86_s2,86,0.1,7.8,7.8,0.0,0.000878,7.93e-06,110.71878940731399,-1,-1,FAIL,
ev3_ec1_n8_s3,8,0.2,7.7,7.8,0.0,1.87e-05,8.59e-06,2.176949941792782,-1,-1,FAIL,
ev3_ec1_n9_s1,9,0.1,7.6,7.8,0.0,2.2e-05,5.67e-06,3.880070546737213,-1,-1,FAIL,
ev3_ec1_n16_s1,16,0.2,7.8,7.7,0.0,3.33e-05,9.14e-06,3.6433260393873086,-1,-1,FAIL,
ev3_ec1_n18_s0,18,0.1,7.8,7.8,0.0,4.48e-05,1.16e-05,3.862068965517241,-1,-1,FAIL,
ev3_ec1_n57_s1,57,0.1,7.8,7.8,0.0,0.000361,0.000104,3.4711538461538463,-1,-1,FAIL,
ev3_ec1_n60_s1,60,0.1,7.8,7.8,0.0,0.00039,0.000113,3.4513274336283186,-1,-1,FAIL,
ev3_ec4_n8_s3_gm,24,0.2,7.6,7.8,0.0,0.000285,3.09e-05,9.223300970873787,-1,-1,FAIL,
ev3_ec4_n38_s1_gm,114,0.0,7.8,7.7,0.0,0.0061,0.000125,48.800000000000004,-1,-1,FAIL,
ev4_ec1_n38_s2_gs,76,0.0,7.8,7.8,0.0,0.00246,8.64e-05,28.47222222222222,-1,-1,FAIL,
ev4_ec1_n89_s3,89,0.2,7.8,7.8,0.0,0.000572,0.000222,2.5765765765765765,-1,-1,FAIL,
ev4_ec1_n89_s3_gm,267,0.0,7.8,7.8,0.0,0.0238,0.00201,11.840796019900498,-1,-1,FAIL,
ev4_ec4_n34_s1_gs,68,0.0,7.8,7.7,0.0,0.00197,8.03e-05,24.533001245330013,-1,-1,FAIL,
ev4_ec4_n69_s2_gm,207,0.1,7.8,7.8,0.0,0.0143,0.00123,11.626016260162602,-1,-1,FAIL,
ev5_ec1_n12_s0,12,0.1,7.8,7.8,0.0,2.81e-05,8.85e-06,3.175141242937853,-1,-1,FAIL,
ev5_ec1_n29_s2,29,0.1,7.7,7.8,0.0,0.000122,3.58e-05,3.407821229050279,-1,-1,FAIL,
ev5_ec4_n15_s2_gs,30,0.2,7.8,7.8,0.0,0.00042,1.21e-05,34.710743801652896,-1,-1,FAIL,
ev6_ec1_n39_s1,39,0.2,7.7,7.8,0.0,0.000139,5.1e-05,2.725490196078431,-1,-1,FAIL,
ev6_ec1_n45_s0_gm,135,0.0,7.8,7.8,0.0,0.00496,0.000554,8.953068592057761,-1,-1,FAIL,
ev6_ec1_n78_s0_gm,234,0.0,7.8,7.8,0.0,0.0166,0.0016,10.375,-1,-1,FAIL,
ev6_ec1_n79_s3_gs,158,0.2,7.8,7.8,0.0,0.0156,0.00036,43.33333333333333,-1,-1,FAIL,
ev6_ec1_n85_s2,85,0.1,7.8,7.7,0.0,0.000848,0.000209,4.057416267942584,-1,-1,FAIL,
ev6_ec1_n92_s1_gm,276,0.1,7.8,7.8,0.0,0.0338,0.00213,15.868544600938966,-1,-1,FAIL,
ev7_ec1_n51_s3_gm,153,0.1,7.8,7.8,0.0,0.0107,0.000167,64.07185628742515,-1,-1,FAIL,
ev7_ec1_n54_s1_gs,108,0.1,7.8,7.8,0.0,0.00374,0.000206,18.155339805825243,-1,-1,FAIL,
ev8_ec1_n30_s3_gm,90,0.1,7.8,7.8,0.0,0.00263,0.000325,8.092307692307692,-1,-1,FAIL,
ev8_ec1_n90_s2_gm,270,0.0,7.8,7.8,0.0,0.0266,0.00265,10.037735849056602,-1,-1,FAIL,
ev9_ec1_n13_s0_gs,26,0.2,7.8,7.8,0.0,0.000241,2.69e-05,8.95910780669145,-1,-1,FAIL,
ev9_ec1_n52_s2_gm,156,0.0,7.8,7.8,0.0,0.0101,0.000951,10.620399579390115,-1,-1,FAIL,
ev9_ec1_n81_s2_gm,243,0.0,7.8,7.8,0.0,0.0238,0.00069,34.49275362318841,-1,-1,FAIL,
tri2_n39,39,0.2,7.8,7.8,0.0,0.000115,4.07e-05,2.8255528255528257,-1,-1,FAIL,
tri2_n45,45,0.2,7.7,7.8,0.0,0.000143,4.91e-05,2.9124236252545828,-1,-1,FAIL,
tri2_n75_gs,150,0.1,7.8,7.8,0.0,0.00746,0.000512,14.5703125,-1,-1,FAIL,
tri3_n18,18,0.2,7.7,7.8,1.57e-16,6.81e-05,1.58e-05,4.310126582278481,-1,-1,FAIL,
tri6_n89_gs,178,0.0,7.8,7.8,0.0,0.0183,0.000716,25.558659217877096,-1,-1,FAIL,
ev3_ec1_n18_s2,18,0.1,7.7,7.6,0.0,4.31e-05,1.03e-05,4.184466019417475,-1,-1,FAIL,
ev3_ec1_n53_s0,53,0.1,7.6,7.7,0.0,0.000315,9.58e-05,3.2881002087682676,-1,-1,FAIL,
ev3_ec1_n67_s3,67,0.1,7.7,7.7,0.0,0.000426,8.22e-05,5.182481751824817,-1,-1,FAIL,
ev3_ec1_n72_s2,72,0.1,7.7,7.6,0.0,0.000559,0.000153,3.65359477124183,-1,-1,FAIL,
ev3_ec4_n12_s3_gs,24,0.3,7.7,7.7,0.0,0.000284,8.9e-06,31.910112359550567,-1,-1,FAIL,
ev3_ec4_n14_s2,14,0.3,7.7,7.6,0.0,3.64e-05,6.09e-06,5.977011494252873,-1,-1,FAIL,
ev3_ec4_n23_s2,23,0.1,7.7,7.6,0.0,7.48e-05,1.12e-05,6.678571428571429,-1,-1,FAIL,
ev3_ec4_n46_s0_gm,138,0.0,7.7,7.7,0.0,0.00914,0.000151,60.52980132450331,-1,-1,FAIL,
ev4_ec1_n55_s0,55,0.3,7.7,7.6,0.0,0.000248,0.000103,2.4077669902912624,-1,-1,FAIL,
ev4_ec1_n71_s0_gs,142,0.0,7.7,7.7,0.0,0.0107,0.000343,31.195335276967928,-1,-1,FAIL,
ev4_ec1_n100_s0,100,0.2,7.7,7.7,0.0,0.00075,0.000316,2.3734177215189876,-1,-1,FAIL,
ev4_ec4_n87_s3_gs,174,0.0,7.7,7.7,0.0,0.0166,0.00045,36.88888888888889,-1,-1,FAIL,
ev5_ec1_n10_s1_gs,20,0.2,7.4,7.7,0.0,0.000203,1.17e-05,17.35042735042735,-1,-1,FAIL,
ev5_ec1_n14_s2,14,0.4,7.7,7.6,0.0,3.76e-05,1.08e-05,3.4814814814814814,-1,-1,FAIL,
ev5_ec1_n22_s0,22,0.2,7.7,7.6,0.0,5.37e-05,1.5e-05,3.5799999999999996,-1,-1,FAIL,
ev5_ec1_n36_s2,36,0.1,7.7,7.7,0.0,0.000147,2.66e-05,5.526315789473684,-1,-1,FAIL,
ev5_ec1_n59_s2,59,0.0,7.7,7.7,0.0,0.000334,6e-05,5.566666666666666,-1,-1,FAIL,
ev5_ec1_n68_s2,68,0.1,7.7,7.7,0.0,0.000515,0.000123,4.1869918699187,-1,-1,FAIL,
ev5_ec4_n32_s2,32,0.3,7.7,7.7,0.0,0.000128,1.5e-05,8.533333333333333,-1,-1,FAIL,
ev5_ec4_n69_s0,69,0.1,7.7,7.7,1.51e-16,0.000642,4.18e-05,15.358851674641148,-1,-1,FAIL,
ev6_ec1_n29_s1_gm,87,0.1,7.7,7.7,0.0,0.00216,0.000254,8.503937007874017,-1,-1,FAIL,
ev6_ec1_n65_s1,65,0.1,7.7,7.7,0.0,0.000429,0.000136,3.1544117647058827,-1,-1,FAIL,
ev6_ec1_n65_s2,65,0.1,7.7,7.7,0.0,0.00051,0.000136,3.7500000000000004,-1,-1,FAIL,
ev6_ec1_n72_s2,72,0.1,7.7,7.7,0.0,0.00064,0.000166,3.8554216867469884,-1,-1,FAIL,
ev6_ec1_n88_s1_gs,176,0.0,7.7,7.7,0.0,0.019,0.000438,43.37899543378995,-1,-1,FAIL,
ev6_ec1_n90_s3,90,0.1,7.7,7.6,0.0,0.000885,0.000235,3.765957446808511,-1,-1,FAIL,
ev6_ec1_n98_s2_gm,294,0.0,7.7,7.7,0.0,0.0321,0.00238,13.487394957983192,-1,-1,FAIL,
ev6_ec1_n98_s3_gm,294,0.0,7.7,7.7,0.0,0.0362,0.00254,14.251968503937007,-1,-1,FAIL,
ev9_ec1_n98_s3_gm,294,0.0,7.7,7.7,0.0,0.0354,0.003,11.8,-1,-1,FAIL,
tri2_n50,50,0.2,7.7,7.7,0.0,0.000173,5.81e-05,2.9776247848537003,-1,-1,FAIL,
tri2_n57_gs,114,0.4,7.7,7.7,0.0,0.00437,0.000328,13.323170731707316,-1,-1,FAIL,
tri3_n12,12,0.3,7.7,7.7,0.0,2.42e-05,9.03e-06,2.679955703211517,-1,-1,FAIL,
tri4_n42_gm,126,0.0,7.7,7.7,0.0,0.00406,0.000447,9.082774049217003,-1,-1,FAIL,
tri4_n67,67,0.3,7.7,7.6,0.0,0.000307,0.000112,2.7410714285714284,-1,-1,FAIL,
tri6_n6_gs,12,0.2,7.7,7.7,0.0,5.31e-05,5.6e-06,9.482142857142858,-1,-1,FAIL,
ev3_ec1_n5_s2_gm,15,0.2,7.6,7.5,0.0,7.25e-05,1.17e-05,6.196581196581197,-1,-1,FAIL,
ev3_ec1_n27_s0,27,0.1,7.6,7.6,0.0,9.87e-05,3.37e-05,2.9287833827893177,-1,-1,FAIL,
ev3_ec1_n29_s2,29,0.2,7.6,7.5,0.0,9.12e-05,2.13e-05,4.28169014084507,-1,-1,FAIL,
ev3_ec1_n47_s0_gm,141,0.0,7.6,7.6,0.0,0.00846,0.000445,19.011235955056183,-1,-1,FAIL,
ev3_ec1_n83_s2,83,0.1,7.6,7.6,0.0,0.00073,0.000197,3.7055837563451774,-1,-1,FAIL,
ev4_ec1_n49_s0_gm,147,0.0,7.6,7.6,0.0,0.00612,0.000672,9.107142857142858,-1,-1,FAIL,
ev4_ec1_n76_s0_gm,228,0.0,7.6,7.6,0.0,0.0166,0.00147,11.292517006802722,-1,-1,FAIL,
ev4_ec1_n82_s2_gs,164,0.0,7.6,7.6,0.0,0.0147,0.000399,36.8421052631579,-1,-1,FAIL,
ev4_ec4_n43_s1_gs,86,0.0,7.6,7.6,0.0,0.00339,0.000119,28.48739495798319,-1,-1,FAIL,
ev4_ec4_n55_s2_gs,110,0.0,7.6,7.6,0.0,0.006,0.000193,31.088082901554404,-1,-1,FAIL,
ev4_ec4_n70_s2_gs,140,0.0,7.6,7.6,0.0,0.00986,0.000296,33.310810810810814,-1,-1,FAIL,
ev4_ec4_n75_s3,75,0.2,7.6,7.6,0.0,0.000449,0.000187,2.401069518716578,-1,-1,FAIL,
ev5_ec1_n72_s1_gm,216,0.0,7.5,7.6,0.0,0.0211,0.000734,28.746594005449595,-1,-1,FAIL,
ev5_ec4_n29_s1_gm,87,0.1,7.6,7.6,0.0,0.00367,0.000209,17.55980861244019,-1,-1,FAIL,
ev6_ec1_n12_s1_gs,24,0.1,7.6,7.6,0.0,0.000222,1.86e-05,11.93548387096774,-1,-1,FAIL,
ev6_ec1_n43_s2,43,0.1,7.6,7.6,0.0,0.000227,6.65e-05,3.413533834586466,-1,-1,FAIL,
ev6_ec1_n46_s1_gm,138,0.0,7.6,7.6,0.0,0.00675,0.00057,11.842105263157896,-1,-1,FAIL,
ev6_ec1_n63_s1,63,0.1,7.6,7.6,0.0,0.000394,0.000121,3.256198347107438,-1,-1,FAIL,
ev6_ec1_n80_s3,80,0.1,7.6,7.6,0.0,0.000661,0.000184,3.592391304347826,-1,-1,FAIL,
ev7_ec1_n23_s1_gs,46,0.2,7.6,7.6,0.0,0.000597,6.61e-06,90.31770045385778,-1,-1,FAIL,
ev7_ec1_n84_s2_gs,168,0.0,7.6,7.6,0.0,0.00877,0.000439,19.97722095671982,-1,-1,FAIL,
ev8_ec1_n28_s0_gm,84,0.1,7.5,7.6,0.0,0.00215,0.000291,7.388316151202749,-1,-1,FAIL,
ev8_ec1_n53_s0_gm,159,0.1,7.6,7.6,0.0,0.00856,0.000923,9.274106175514627,-1,-1,FAIL,
ev8_ec1_n57_s2_gm,171,0.0,7.6,7.6,0.0,0.00993,0.00108,9.194444444444445,-1,-1,FAIL,
ev9_ec1_n86_s3_gm,258,0.0,7.6,7.6,0.0,0.0273,0.00242,11.280991735537192,-1,-1,FAIL,
tri2_n70,70,0.2,7.6,7.6,0.0,0.00035,0.000102,3.4313725490196076,-1,-1,FAIL,
tri2_n70_gs,140,0.0,7.6,7.6,0.0,0.00643,0.000473,13.594080338266384,-1,-1,FAIL,
tri3_n13_gs,26,0.2,7.6,7.5,0.0,0.000274,1.84e-05,14.891304347826086,-1,-1,FAIL,
tri5_n29,29,0.4,7.6,7.5,0.0,6.98e-05,2.77e-05,2.5198555956678703,-1,-1,FAIL,
tri6_n46_gm,138,0.0,7.6,7.6,0.0,0.0054,0.000544,9.926470588235295,-1,-1,FAIL,
tri7_n35_gm,105,0.0,7.6,7.6,0.0,0.00284,0.000322,8.819875776397515,-1,-1,FAIL,
tri7_n51_gm,153,0.0,7.6,7.6,0.0,0.00709,0.000641,11.06084243369735,-1,-1,FAIL,
bid2_n500_s3,500,0.1,7.5,7.6,0.0,0.0186,0.00517,3.5976789168278525,-1,-1,FAIL,
ev2_ec4_n92_s3_gs,184,0.2,7.5,7.5,2.06e-16,0.00128,1.34e-05,95.5223880597015,-1,-1,FAIL,
ev3_ec4_n87_s1,87,0.0,7.4,7.5,0.0,0.000912,8.61e-05,10.59233449477352,-1,-1,FAIL,
ev4_ec1_n42_s0_gs,84,0.0,7.5,7.5,0.0,0.00347,0.000121,28.677685950413224,-1,-1,FAIL,
ev4_ec1_n51_s0_gs,102,0.0,7.5,7.5,0.0,0.00488,0.000165,29.575757575757574,-1,-1,FAIL,
ev4_ec1_n100_s2_gm,300,0.0,7.5,7.5,0.0,0.0326,0.00248,13.14516129032258,-1,-1,FAIL,
ev4_ec4_n83_s3_gs,166,0.0,7.5,7.5,0.0,0.0145,0.000407,35.62653562653563,-1,-1,FAIL,
ev5_ec1_n93_s2,93,0.1,7.5,7.5,0.0,0.000983,0.000184,5.342391304347825,-1,-1,FAIL,
ev5_ec4_n37_s1_gm,111,0.1,7.4,7.5,0.0,0.00575,0.000336,17.113095238095237,-1,-1,FAIL,
ev6_ec1_n25_s0,25,0.2,7.5,7.3,0.0,5.67e-05,2.42e-05,2.3429752066115705,-1,-1,FAIL,
ev6_ec1_n25_s2,25,0.2,7.5,7.5,0.0,7.27e-05,2.41e-05,3.0165975103734444,-1,-1,FAIL,
ev6_ec1_n48_s3_gs,96,0.0,7.5,7.5,0.0,0.00563,0.000146,38.56164383561644,-1,-1,FAIL,
ev6_ec1_n54_s3_gs,108,0.0,7.5,7.5,0.0,0.00688,0.000183,37.595628415300546,-1,-1,FAIL,
ev6_ec1_n60_s2,60,0.1,7.4,7.5,0.0,0.000442,0.000118,3.745762711864407,-1,-1,FAIL,
ev6_ec1_n65_s1_gs,130,0.1,7.5,7.5,0.0,0.0103,0.000268,38.43283582089552,-1,-1,FAIL,
ev6_ec1_n78_s0,78,0.1,7.4,7.5,0.0,0.000682,0.000235,2.902127659574468,-1,-1,FAIL,
ev6_ec1_n79_s3_gm,237,0.1,7.5,7.5,0.0,0.0242,0.00166,14.578313253012048,-1,-1,FAIL,
ev6_ec1_n87_s3,87,0.1,7.5,7.5,0.0,0.000819,0.000214,3.8271028037383177,-1,-1,FAIL,
ev7_ec1_n14_s0_gm,42,0.2,7.5,7.5,0.0,0.000727,6.46e-06,112.53869969040248,-1,-1,FAIL,
ev7_ec1_n66_s0_gs,132,0.1,7.5,7.5,0.0,0.00565,0.000178,31.741573033707866,-1,-1,FAIL,
ev7_ec1_n72_s1_gm,216,0.1,7.5,7.5,0.0,0.0214,3.87e-05,552.9715762273902,-1,-1,FAIL,
ev7_ec1_n86_s1_gm,258,0.0,7.5,7.5,0.0,0.0311,0.000773,40.23285899094437,-1,-1,FAIL,
ev8_ec1_n14_s2_gs,28,0.1,7.5,7.4,0.0,0.000406,2.19e-05,18.538812785388128,-1,-1,FAIL,
ev8_ec1_n19_s1_gm,57,0.1,7.5,7.4,0.0,0.000944,0.000141,6.695035460992907,-1,-1,FAIL,
ev8_ec1_n79_s1_gm,237,0.1,7.5,7.5,0.0,0.0198,0.00201,9.850746268656717,-1,-1,FAIL,
ev9_ec1_n31_s2_gm,93,0.1,7.5,7.5,0.0,0.00354,0.000143,24.755244755244757,-1,-1,FAIL,
ev9_ec1_n82_s1_gm,246,0.0,7.5,7.5,0.0,0.0243,0.000681,35.68281938325991,-1,-1,FAIL,
tri2_n27_gs,54,0.1,7.5,7.5,0.0,0.000908,4.46e-05,20.35874439461883,-1,-1,FAIL,
tri2_n67,67,0.3,7.5,7.5,0.0,0.000316,9.36e-05,3.376068376068376,-1,-1,FAIL,
tri4_n36_gm,108,0.1,7.5,7.5,0.0,0.00283,0.000352,8.039772727272728,-1,-1,FAIL,
tri5_n79,79,0.2,7.5,7.5,0.0,0.000435,0.000134,3.246268656716418,-1,-1,FAIL,
tri5_n91,91,0.2,7.5,7.5,0.0,0.000568,0.00017,3.3411764705882354,-1,-1,FAIL,
tri6_n33_gm,99,0.1,7.5,7.5,0.0,0.00261,0.000309,8.446601941747574,-1,-1,FAIL,
tri7_n90_gm,270,0.0,7.5,7.5,0.0,0.0248,0.00171,14.502923976608187,-1,-1,FAIL,
ev2_ec4_n98_s3_gs,196,0.2,7.3,7.4,2.14e-16,0.00176,1.45e-05,121.37931034482759,-1,-1,FAIL,
ev3_ec1_n48_s1,48,0.1,7.4,7.4,0.0,0.00022,4.53e-05,4.856512141280353,-1,-1,FAIL,
ev3_ec1_n51_s3,51,0.1,7.4,7.4,0.0,0.000301,9.33e-05,3.2261521972132905,-1,-1,FAIL,
ev3_ec1_n56_s3,56,0.1,7.4,7.4,0.0,0.000313,6.8e-05,4.602941176470589,-1,-1,FAIL,
ev3_ec4_n10_s2,10,0.0,7.3,7.4,0.0,2.19e-05,4.9e-06,4.469387755102042,-1,-1,FAIL,
ev3_ec4_n15_s3_gs,30,0.2,7.4,7.4,0.0,0.000443,1.05e-05,42.19047619047619,-1,-1,FAIL,
ev4_ec1_n45_s3_gs,90,0.0,7.4,7.4,0.0,0.00371,0.000139,26.69064748201439,-1,-1,FAIL,
ev4_ec1_n73_s0,73,0.3,7.4,7.4,0.0,0.000419,0.00018,2.3277777777777775,-1,-1,FAIL,
ev4_ec1_n74_s0_gs,148,0.0,7.4,7.4,0.0,0.0119,0.000329,36.17021276595745,-1,-1,FAIL,
ev4_ec1_n86_s1_gs,172,0.0,7.4,7.4,0.0,0.0159,0.000858,18.531468531468533,-1,-1,FAIL,
ev4_ec4_n12_s2_gs,24,0.1,7.4,7.4,0.0,0.000193,1.73e-05,11.15606936416185,-1,-1,FAIL,
ev4_ec4_n49_s3_gm,147,0.0,7.4,7.4,0.0,0.00607,0.000646,9.396284829721361,-1,-1,FAIL,
ev4_ec4_n55_s1_gm,165,0.0,7.4,7.4,0.0,0.0082,0.000811,10.110974106041924,-1,-1,FAIL,
ev4_ec4_n56_s0_gs,112,0.0,7.4,7.4,0.0,0.00608,0.000209,29.09090909090909,-1,-1,FAIL,
ev4_ec4_n59_s0_gm,177,0.0,7.3,7.4,0.0,0.00925,0.000962,9.615384615384615,-1,-1,FAIL,
ev4_ec4_n90_s3_gs,180,0.0,7.4,7.4,0.0,0.0174,0.000536,32.46268656716418,-1,-1,FAIL,
ev4_ec4_n95_s0_gm,285,0.0,7.4,7.4,0.0,0.0287,0.0022,13.045454545454545,-1,-1,FAIL,
ev5_ec1_n26_s2_gm,78,0.1,7.4,7.4,0.0,0.00258,0.00016,16.124999999999996,-1,-1,FAIL,
ev5_ec1_n40_s1,40,0.0,7.4,7.4,0.0,0.00018,3.33e-05,5.405405405405405,-1,-1,FAIL,
ev5_ec1_n78_s3,78,0.1,7.4,7.4,0.0,0.000722,0.000106,6.811320754716981,-1,-1,FAIL,
ev5_ec4_n84_s2,84,0.1,7.4,7.4,0.0,0.000901,6.01e-05,14.991680532445924,-1,-1,FAIL,
ev5_ec4_n91_s0_gm,273,0.0,7.4,7.4,0.0,0.0364,0.000602,60.46511627906977,-1,-1,FAIL,
ev6_ec1_n8_s3_gs,16,0.2,7.4,7.2,0.0,9.58e-05,1.03e-05,9.300970873786408,-1,-1,FAIL,
ev6_ec1_n60_s1,60,0.1,7.4,7.4,0.0,0.000416,0.000155,2.6838709677419352,-1,-1,FAIL,
ev6_ec1_n72_s1,72,0.1,7.4,7.4,0.0,0.000496,0.000149,3.328859060402685,-1,-1,FAIL,
ev6_ec1_n75_s1,75,0.2,7.4,7.4,0.0,0.000583,0.000221,2.6380090497737556,-1,-1,FAIL,
ev6_ec1_n86_s2,86,0.1,7.4,7.4,0.0,0.000857,0.000223,3.8430493273542603,-1,-1,FAIL,
ev6_ec1_n90_s2,90,0.1,7.4,7.4,0.0,0.00095,0.000241,3.941908713692946,-1,-1,FAIL,
ev6_ec1_n92_s3,92,0.1,7.4,7.4,0.0,0.000933,0.000245,3.808163265306123,-1,-1,FAIL,
ev7_ec1_n23_s0_gm,69,0.2,7.4,7.4,0.0,0.00202,7.4e-06,272.97297297297297,-1,-1,FAIL,
ev7_ec1_n30_s3_gm,90,0.1,7.3,7.4,0.0,0.00379,0.000116,32.672413793103445,-1,-1,FAIL,
ev8_ec1_n34_s1_gm,102,0.1,7.4,7.4,0.0,0.00346,0.000403,8.58560794044665,-1,-1,FAIL,
ev8_ec1_n84_s3_gm,252,0.1,7.4,7.4,0.0,0.0223,0.00226,9.867256637168142,-1,-1,FAIL,
ev9_ec1_n39_s0_gm,117,0.1,7.4,7.4,0.0,0.0059,0.000581,10.154905335628227,-1,-1,FAIL,
ev9_ec1_n58_s3_gm,174,0.0,7.4,7.4,0.0,0.0123,0.000374,32.88770053475936,-1,-1,FAIL,
tri6_n60_gm,180,0.0,7.4,7.4,0.0,0.00934,0.000898,10.40089086859688,-1,-1,FAIL,
tri7_n84_gm,252,0.0,7.4,7.4,0.0,0.0209,0.00151,13.841059602649006,-1,-1,FAIL,
ev1_ec4_n36_s0_gs,72,0.0,7.3,7.3,0.0,0.000128,7.83e-06,16.347381864623244,-1,-1,FAIL,
ev3_ec1_n68_s1,68,0.2,7.3,7.2,0.0,0.000482,0.000134,3.5970149253731343,-1,-1,FAIL,
ev3_ec1_n93_s2,93,0.1,7.3,7.3,0.0,0.000908,0.000237,3.831223628691983,-1,-1,FAIL,
ev3_ec4_n21_s0,21,0.1,7.3,7.2,0.0,6.69e-05,1.07e-05,6.252336448598132,-1,-1,FAIL,
ev3_ec4_n23_s1,23,0.1,7.2,7.3,0.0,7.76e-05,1.05e-05,7.390476190476191,-1,-1,FAIL,
ev3_ec4_n36_s2,36,0.1,7.3,7.2,0.0,0.000158,2.06e-05,7.669902912621359,-1,-1,FAIL,
ev3_ec4_n89_s3_gm,267,0.0,7.3,7.3,0.0,0.0345,0.000506,68.18181818181819,-1,-1,FAIL,
ev4_ec1_n64_s2_gm,192,0.0,7.3,7.3,0.0,0.011,0.00105,10.476190476190476,-1,-1,FAIL,
ev4_ec1_n75_s2_gs,150,0.0,7.3,7.3,0.0,0.0115,0.000324,35.49382716049382,-1,-1,FAIL,
ev4_ec1_n87_s1_gm,261,0.0,7.3,7.3,0.0,0.0224,0.00185,12.108108108108107,-1,-1,FAIL,
ev4_ec4_n48_s1_gm,144,0.0,7.2,7.3,0.0,0.0057,0.000645,8.837209302325583,-1,-1,FAIL,
ev4_ec4_n59_s0,59,0.2,7.3,7.3,0.0,0.000281,0.000119,2.361344537815126,-1,-1,FAIL,
ev4_ec4_n87_s1,87,0.2,7.3,7.3,0.0,0.000569,0.000242,2.351239669421487,-1,-1,FAIL,
ev4_ec4_n90_s3,90,0.3,7.3,7.2,0.0,0.000631,0.000266,2.3721804511278197,-1,-1,FAIL,
ev5_ec1_n12_s1,12,0.1,7.3,7.3,0.0,3.19e-05,9.52e-06,3.350840336134454,-1,-1,FAIL,
ev5_ec1_n60_s0,60,0.2,7.3,7.3,0.0,0.00038,6.36e-05,5.9748427672955975,-1,-1,FAIL,
ev5_ec1_n84_s1,84,0.1,7.3,7.3,0.0,0.000728,0.000105,6.933333333333334,-1,-1,FAIL,
ev5_ec4_n13_s2_gs,26,0.2,7.3,7.3,0.0,0.00035,1.12e-05,31.25,-1,-1,FAIL,
ev5_ec4_n52_s2,52,0.1,7.3,7.3,1.08e-15,0.000309,2.7e-05,11.444444444444445,-1,-1,FAIL,
ev6_ec1_n32_s2_gm,96,0.0,7.3,7.3,0.0,0.00323,0.000292,11.061643835616438,-1,-1,FAIL,
ev6_ec1_n40_s1,40,0.2,7.3,7.3,0.0,0.000162,6.8e-05,2.3823529411764706,-1,-1,FAIL,
ev6_ec1_n53_s1_gm,159,0.0,7.3,7.3,0.0,0.00917,0.000731,12.544459644322846,-1,-1,FAIL,
ev6_ec1_n62_s1_gm,186,0.1,7.3,7.3,0.0,0.013,0.000984,13.211382113821136,-1,-1,FAIL,
ev6_ec1_n73_s2_gs,146,0.0,7.3,7.3,0.0,0.0129,0.000341,37.82991202346041,-1,-1,FAIL,
ev6_ec1_n81_s1,81,0.2,7.3,7.3,0.0,0.000747,0.000259,2.8841698841698844,-1,-1,FAIL,
ev7_ec1_n27_s2_gs,54,0.3,7.3,7.3,1.65e-16,0.00036,6.96e-06,51.724137931034484,-1,-1,FAIL,
ev7_ec1_n30_s0_gm,90,0.1,7.2,7.3,0.0,0.00318,8.69e-06,365.9378596087457,-1,-1,FAIL,
ev7_ec1_n40_s3_gs,80,0.2,7.3,7.3,0.0,0.00186,8.41e-06,221.1652794292509,-1,-1,FAIL,
ev7_ec1_n46_s0_gm,138,0.1,7.3,7.2,0.0,0.0086,8.17e-05,105.26315789473685,-1,-1,FAIL,
ev7_ec1_n50_s1_gm,150,0.1,7.3,7.2,0.0,0.0101,1.86e-05,543.010752688172,-1,-1,FAIL,
ev8_ec1_n58_s0_gm,174,0.0,7.3,7.3,0.0,0.0105,0.00112,9.375000000000002,-1,-1,FAIL,
tri4_n53,53,0.3,7.3,7.3,0.0,0.000194,7.1e-05,2.732394366197183,-1,-1,FAIL,
tri5_n80,80,0.1,7.3,7.3,0.0,0.000453,0.00014,3.235714285714286,-1,-1,FAIL,
tri5_n82,82,0.1,7.3,7.3,0.0,0.000464,0.000144,3.2222222222222223,-1,-1,FAIL,
tri6_n54_gs,108,0.1,7.3,7.3,0.0,0.00625,0.000279,22.401433691756274,-1,-1,FAIL,
tri7_n39_gs,78,0.0,7.3,7.3,0.0,0.00278,8.3e-05,33.493975903614455,-1,-1,FAIL,
tri7_n78_gm,234,0.0,7.3,7.3,0.0,0.018,0.00133,13.533834586466163,-1,-1,FAIL,
ev2_ec1_n96_s2_gs,192,0.2,7.2,7.2,2.11e-16,0.00188,1.31e-05,143.5114503816794,-1,-1,FAIL,
ev2_ec4_n64_s2_gs,128,0.2,7.2,7.2,0.0,0.000941,1.16e-05,81.12068965517241,-1,-1,FAIL,
ev3_ec1_n13_s0,13,0.1,7.2,7.2,0.0,2.68e-05,7.69e-06,3.4850455136540965,-1,-1,FAIL,
ev3_ec1_n90_s0_gm,270,0.0,7.2,7.2,0.0,0.0336,0.00136,24.705882352941174,-1,-1,FAIL,
ev3_ec4_n34_s2_gm,102,0.0,7.2,7.2,0.0,0.00497,9.98e-05,49.79959919839679,-1,-1,FAIL,
ev3_ec4_n37_s1,37,0.1,7.2,7.1,0.0,0.000173,2.21e-05,7.8280542986425345,-1,-1,FAIL,
ev3_ec4_n53_s0_gm,159,0.0,7.2,7.2,0.0,0.012,0.00025,48.0,-1,-1,FAIL,
ev3_ec4_n64_s2,64,0.0,7.2,7.2,0.0,0.000572,0.000129,4.434108527131784,-1,-1,FAIL,
ev4_ec1_n99_s3,99,0.2,7.2,7.2,0.0,0.000695,0.000274,2.5364963503649633,-1,-1,FAIL,
ev4_ec4_n38_s1_gs,76,0.0,7.2,7.1,0.0,0.00251,9.11e-05,27.552140504939626,-1,-1,FAIL,
ev4_ec4_n46_s2_gm,138,0.0,7.2,7.2,0.0,0.0051,0.000577,8.838821490467938,-1,-1,FAIL,
ev4_ec4_n89_s2_gm,267,0.0,7.2,7.1,0.0,0.0251,0.00197,12.741116751269036,-1,-1,FAIL,
ev4_ec4_n92_s0_gm,276,0.0,7.2,7.2,0.0,0.0263,0.00208,12.64423076923077,-1,-1,FAIL,
ev5_ec1_n7_s1_gs,14,0.2,7.2,7.2,0.0,0.00011,9.33e-06,11.789924973204716,-1,-1,FAIL,
ev5_ec1_n86_s2_gm,258,0.0,7.2,7.1,0.0,0.0304,0.000942,32.27176220806794,-1,-1,FAIL,
ev5_ec4_n23_s1,23,0.1,7.2,7.2,0.0,8.95e-05,3.5e-05,2.5571428571428574,-1,-1,FAIL,
ev5_ec4_n27_s0_gm,81,0.1,7.2,7.1,0.0,0.00291,7.25e-05,40.137931034482754,-1,-1,FAIL,
ev5_ec4_n37_s0_gm,111,0.0,7.2,7.2,0.0,0.00551,0.000202,27.277227722772277,-1,-1,FAIL,
ev6_ec1_n11_s2,11,0.2,7.2,7.2,0.0,1.96e-05,8.96e-06,2.1874999999999996,-1,-1,FAIL,
ev6_ec1_n25_s1,25,0.2,7.2,7.1,0.0,6.21e-05,2.92e-05,2.1267123287671232,-1,-1,FAIL,
ev6_ec1_n48_s1_gm,144,0.1,7.2,7.2,0.0,0.00645,0.000634,10.173501577287066,-1,-1,FAIL,
ev6_ec1_n62_s2,62,0.1,7.2,7.2,0.0,0.000482,0.000127,3.795275590551181,-1,-1,FAIL,
ev6_ec1_n74_s0,74,0.1,7.2,7.2,0.0,0.000603,0.00017,3.5470588235294116,-1,-1,FAIL,
ev6_ec1_n74_s1,74,0.1,7.2,7.2,0.0,0.000529,0.000164,3.2256097560975605,-1,-1,FAIL,
ev6_ec1_n96_s2_gm,288,0.0,7.2,7.2,0.0,0.0305,0.00227,13.436123348017622,-1,-1,FAIL,
ev7_ec1_n23_s3_gs,46,0.2,7.2,7.2,0.0,0.000618,6.43e-06,96.11197511664074,-1,-1,FAIL,
ev7_ec1_n67_s1_gs,134,0.1,7.2,7.2,0.0,0.00553,0.000103,53.68932038834952,-1,-1,FAIL,
ev7_ec1_n72_s3_gm,216,0.0,7.2,7.2,0.0,0.0206,0.000551,37.38656987295826,-1,-1,FAIL,
ev8_ec1_n5_s2_gm,15,0.2,7.2,7.1,0.0,7.98e-05,1.07e-05,7.4579439252336455,-1,-1,FAIL,
ev9_ec1_n78_s3_gm,234,0.2,7.2,7.2,0.0,0.0238,0.00197,12.081218274111675,-1,-1,FAIL,
ev9_ec1_n85_s3_gm,255,0.2,7.2,7.2,0.0,0.027,0.00111,24.324324324324323,-1,-1,FAIL,
tri5_n22,22,0.3,7.2,7.2,0.0,4.85e-05,2.04e-05,2.377450980392157,-1,-1,FAIL,
tri5_n52,52,0.2,7.2,7.2,0.0,0.000186,6.4e-05,2.90625,-1,-1,FAIL,
tri6_n31_gm,93,0.1,7.2,7.2,0.0,0.00232,0.000276,8.405797101449275,-1,-1,FAIL,
ev1_ec1_n84_s3_gs,168,0.0,7.1,7.1,4.04e-16,0.00053,1.45e-05,36.55172413793103,-1,-1,FAIL,
ev2_ec1_n99_s1,99,0.1,7.1,7.1,0.0,0.00058,8.64e-06,67.12962962962963,-1,-1,FAIL,
ev3_ec1_n4_s2_gm,12,0.3,7.1,7.0,0.0,4.44e-05,1e-05,4.4399999999999995,-1,-1,FAIL,
ev3_ec1_n5_s3_gs,10,0.3,7.1,7.0,0.0,5.56e-05,4.96e-06,11.20967741935484,-1,-1,FAIL,
ev3_ec1_n11_s2_gs,22,0.2,7.1,6.8,0.0,0.000258,1.2e-05,21.499999999999996,-1,-1,FAIL,
ev3_ec1_n42_s3,42,0.2,7.1,7.1,0.0,0.000209,5.93e-05,3.5244519392917373,-1,-1,FAIL,
ev3_ec1_n47_s0,47,0.1,7.1,7.1,0.0,0.000217,4.28e-05,5.070093457943925,-1,-1,FAIL,
ev3_ec1_n91_s2,91,0.1,7.1,7.1,0.0,0.000848,0.000224,3.785714285714286,-1,-1,FAIL,
ev3_ec4_n29_s2,29,0.1,7.1,7.1,0.0,0.000115,1.53e-05,7.516339869281047,-1,-1,FAIL,
ev3_ec4_n34_s0,34,0.2,7.1,7.1,0.0,0.000155,1.84e-05,8.423913043478262,-1,-1,FAIL,
ev3_ec4_n36_s1_gm,108,0.1,7.1,7.1,0.0,0.0055,0.000111,49.549549549549546,-1,-1,FAIL,
ev3_ec4_n50_s3,50,0.1,7.1,7.1,0.0,0.000311,3.24e-05,9.598765432098766,-1,-1,FAIL,
ev3_ec4_n52_s3,52,0.1,7.1,7.1,0.0,0.000339,3.57e-05,9.495798319327731,-1,-1,FAIL,
ev3_ec4_n65_s3_gm,195,0.0,7.1,7.1,0.0,0.0181,0.00023,78.69565217391305,-1,-1,FAIL,
ev4_ec1_n35_s0_gs,70,0.0,7.1,7.1,0.0,0.00227,7.77e-05,29.21492921492921,-1,-1,FAIL,
ev4_ec1_n36_s2_gs,72,0.0,7.1,7.1,0.0,0.00222,8.17e-05,27.17258261933905,-1,-1,FAIL,
ev4_ec4_n54_s0_gm,162,0.0,7.1,7.0,0.0,0.00784,0.000789,9.936628643852979,-1,-1,FAIL,
ev4_ec4_n75_s0_gm,225,0.0,7.1,7.1,0.0,0.0171,0.00147,11.63265306122449,-1,-1,FAIL,
ev4_ec4_n86_s0_gs,172,0.1,7.1,7.1,0.0,0.0162,0.000845,19.17159763313609,-1,-1,FAIL,
ev5_ec1_n62_s0_gm,186,0.0,7.1,7.1,0.0,0.016,0.000649,24.65331278890601,-1,-1,FAIL,
ev5_ec1_n64_s2_gs,128,0.0,7.1,7.1,0.0,0.00835,0.000272,30.698529411764707,-1,-1,FAIL,
ev5_ec1_n97_s1,97,0.1,7.1,7.1,0.0,0.000991,0.00014,7.078571428571428,-1,-1,FAIL,
ev5_ec4_n22_s1,22,0.2,7.1,7.1,0.0,6.32e-05,1.29e-05,4.899224806201551,-1,-1,FAIL,
ev6_ec1_n13_s1_gs,26,0.1,7.1,7.0,0.0,0.000258,1.98e-05,13.03030303030303,-1,-1,FAIL,
ev6_ec1_n42_s1_gm,126,0.0,7.1,7.1,0.0,0.00481,0.000505,9.524752475247524,-1,-1,FAIL,
ev6_ec1_n57_s0,57,0.1,7.0,7.1,0.0,0.000329,0.000108,3.0462962962962963,-1,-1,FAIL,
ev6_ec1_n61_s0,61,0.1,7.1,7.1,0.0,0.00043,0.000124,3.4677419354838706,-1,-1,FAIL,
ev6_ec1_n63_s2,63,0.1,7.1,7.1,0.0,0.000504,0.000139,3.6258992805755397,-1,-1,FAIL,
ev6_ec1_n64_s1_gm,192,0.0,7.1,7.1,0.0,0.0137,0.00106,12.924528301886793,-1,-1,FAIL,
ev6_ec1_n66_s3_gs,132,0.0,7.1,7.1,0.0,0.0105,0.000259,40.54054054054054,-1,-1,FAIL,
ev6_ec1_n83_s1,83,0.1,7.1,7.1,0.0,0.000811,0.000268,3.0261194029850746,-1,-1,FAIL,
ev8_ec1_n11_s0_gm,33,0.1,7.1,7.1,0.0,0.000302,4.7e-05,6.425531914893618,-1,-1,FAIL,
ev8_ec1_n29_s3_gm,87,0.1,7.1,7.1,0.0,0.00212,0.000284,7.464788732394365,-1,-1,FAIL,
ev8_ec1_n32_s1_gm,96,0.3,7.1,7.1,0.0,0.00283,0.000379,7.467018469656992,-1,-1,FAIL,
ev8_ec1_n45_s3_gm,135,0.0,7.1,7.1,0.0,0.00586,0.000691,8.480463096960927,-1,-1,FAIL,
ev8_ec1_n91_s3_gm,273,0.0,7.1,7.1,0.0,0.0279,0.00264,10.568181818181818,-1,-1,FAIL,
ev9_ec1_n65_s1_gm,195,0.0,7.1,7.1,0.0,0.0162,0.00046,35.21739130434782,-1,-1,FAIL,
tri2_n42,42,0.2,7.1,7.0,0.0,0.000128,4.57e-05,2.800875273522976,-1,-1,FAIL,
tri5_n61,61,0.2,7.1,7.0,0.0,0.000263,8.37e-05,3.142174432497013,-1,-1,FAIL,
ev1_ec4_n43_s0_gs,86,0.0,7.0,7.0,4.17e-16,0.000136,8.14e-06,16.707616707616708,-1,-1,FAIL,
ev3_ec1_n10_s2,10,0.1,7.0,7.0,0.0,2.21e-05,6.11e-06,3.6170212765957444,-1,-1,FAIL,
ev3_ec1_n12_s2_gs,24,0.2,7.0,6.9,0.0,0.000322,1.78e-05,18.08988764044944,-1,-1,FAIL,
ev3_ec1_n34_s1,34,0.1,7.0,7.0,0.0,0.000118,2.81e-05,4.199288256227758,-1,-1,FAIL,
ev3_ec1_n40_s3,40,0.1,6.9,7.0,0.0,0.000191,6.18e-05,3.090614886731392,-1,-1,FAIL,
ev3_ec1_n43_s1,43,0.2,7.0,7.0,0.0,0.00019,3.96e-05,4.7979797979797985,-1,-1,FAIL,
ev3_ec1_n92_s0,92,0.1,7.0,7.0,0.0,0.000871,0.000229,3.8034934497816595,-1,-1,FAIL,
ev3_ec4_n65_s1_gm,195,0.0,7.0,7.0,0.0,0.0183,0.000246,74.39024390243902,-1,-1,FAIL,
ev3_ec4_n65_s2_gm,195,0.0,7.0,7.0,0.0,0.0184,0.000318,57.86163522012579,-1,-1,FAIL,
ev4_ec4_n87_s0_gs,174,0.0,7.0,7.0,0.0,0.0167,0.000434,38.47926267281106,-1,-1,FAIL,
ev4_ec4_n91_s0_gm,273,0.0,7.0,7.0,0.0,0.0251,0.00203,12.364532019704432,-1,-1,FAIL,
ev4_ec4_n98_s2_gs,196,0.0,7.0,7.0,0.0,0.0212,0.00109,19.44954128440367,-1,-1,FAIL,
ev5_ec1_n5_s0,5,0.2,6.8,7.0,0.0,1.15e-05,4.88e-06,2.3565573770491803,-1,-1,FAIL,
ev5_ec1_n37_s3,37,0.1,7.0,7.0,0.0,0.000169,2.91e-05,5.8075601374570445,-1,-1,FAIL,
ev5_ec4_n6_s2_gs,12,0.3,7.0,7.0,0.0,6.57e-05,6.16e-06,10.665584415584414,-1,-1,FAIL,
ev5_ec4_n61_s3_gm,183,0.0,7.0,7.0,0.0,0.0159,0.000201,79.1044776119403,-1,-1,FAIL,
ev6_ec1_n27_s1,27,0.2,7.0,7.0,0.0,7.01e-05,3.14e-05,2.232484076433121,-1,-1,FAIL,
ev6_ec1_n50_s3_gs,100,0.0,7.0,7.0,0.0,0.006,0.000157,38.21656050955414,-1,-1,FAIL,
ev6_ec1_n77_s2,77,0.1,7.0,7.0,0.0,0.000706,0.000173,4.08092485549133,-1,-1,FAIL,
ev6_ec1_n79_s2_gs,158,0.0,7.0,7.0,0.0,0.0148,0.00037,40.0,-1,-1,FAIL,
ev6_ec1_n98_s1_gs,196,0.0,7.0,7.0,0.0,0.0233,0.000547,42.59597806215723,-1,-1,FAIL,
ev6_ec1_n98_s1_gm,294,0.0,7.0,7.0,0.0,0.0362,0.00241,15.020746887966807,-1,-1,FAIL,
ev9_ec1_n62_s1_gm,186,0.1,7.0,7.0,0.0,0.0148,0.00125,11.84,-1,-1,FAIL,
ev9_ec1_n63_s1_gm,189,0.1,7.0,7.0,0.0,0.0145,0.00043,33.72093023255814,-1,-1,FAIL,
ev9_ec1_n77_s2_gm,231,0.0,7.0,7.0,0.0,0.0215,0.00199,10.804020100502512,-1,-1,FAIL,
tri2_n37_gs,74,0.1,7.0,7.0,0.0,0.0017,7.18e-05,23.676880222841227,-1,-1,FAIL,
tri2_n80_gs,160,0.2,7.0,7.0,0.0,0.00852,0.000579,14.715025906735752,-1,-1,FAIL,
tri2_n88_gs,176,0.1,7.0,7.0,0.0,0.0105,0.000752,13.96276595744681,-1,-1,FAIL,
tri2_n90,90,0.2,7.0,7.0,0.0,0.000526,0.000156,3.371794871794872,-1,-1,FAIL,
tri3_n39_gs,78,0.1,7.0,7.0,0.0,0.00326,0.000119,27.394957983193276,-1,-1,FAIL,
tri5_n40,40,0.2,7.0,7.0,0.0,0.000115,4.29e-05,2.6806526806526807,-1,-1,FAIL,
ev1_ec4_n80_s2_gs,160,0.0,6.9,6.9,4.63e-16,0.000304,1.25e-05,24.32,-1,-1,FAIL,
ev3_ec1_n24_s2,24,0.1,6.9,6.9,0.0,6.45e-05,1.51e-05,4.271523178807947,-1,-1,FAIL,
ev3_ec1_n45_s3,45,0.1,6.8,6.9,0.0,0.000241,7.61e-05,3.16688567674113,-1,-1,FAIL,
ev3_ec4_n11_s3,11,0.8,6.9,6.8,0.0,2.72e-05,4.29e-06,6.3403263403263415,-1,-1,FAIL,
ev3_ec4_n33_s0_gm,99,0.0,6.9,6.9,4.09e-16,0.000573,9.93e-05,5.770392749244714,-1,-1,FAIL,
ev4_ec1_n59_s0_gs,118,0.0,6.9,6.9,0.0,0.00678,0.000216,31.38888888888889,-1,-1,FAIL,
ev4_ec1_n69_s1_gm,207,0.0,6.9,6.9,0.0,0.0136,0.00124,10.96774193548387,-1,-1,FAIL,
ev4_ec1_n77_s2_gm,231,0.0,6.9,6.9,0.0,0.0178,0.00151,11.788079470198674,-1,-1,FAIL,
ev4_ec4_n41_s1_gm,123,0.0,6.9,6.9,0.0,0.00404,0.000466,8.669527896995708,-1,-1,FAIL,
ev4_ec4_n53_s1_gs,106,0.0,6.9,6.9,0.0,0.00537,0.00018,29.83333333333333,-1,-1,FAIL,
ev4_ec4_n93_s0_gm,279,0.0,6.9,6.9,0.0,0.0268,0.00215,12.465116279069768,-1,-1,FAIL,
ev5_ec1_n28_s2_gm,84,0.1,6.9,6.9,0.0,0.00302,0.000199,15.175879396984925,-1,-1,FAIL,
ev5_ec1_n29_s1,29,0.1,6.8,6.9,0.0,0.000106,2.04e-05,5.196078431372549,-1,-1,FAIL,
ev5_ec1_n31_s3,31,0.0,6.9,6.9,0.0,0.000145,4.34e-05,3.3410138248847927,-1,-1,FAIL,
ev5_ec1_n45_s1,45,0.0,6.9,6.9,0.0,0.000218,4.02e-05,5.422885572139304,-1,-1,FAIL,
ev5_ec4_n7_s2_gm,21,0.2,6.9,6.9,0.0,0.000127,1.85e-05,6.864864864864865,-1,-1,FAIL,
ev5_ec4_n9_s0_gs,18,0.2,6.8,6.9,0.0,0.000143,7.21e-06,19.833564493758672,-1,-1,FAIL,
ev5_ec4_n25_s0_gm,75,0.0,6.8,6.9,0.0,0.0025,6.66e-05,37.53753753753754,-1,-1,FAIL,
ev5_ec4_n56_s2,56,0.3,6.9,6.9,0.0,0.000416,3.11e-05,13.376205787781352,-1,-1,FAIL,
ev5_ec4_n80_s3_gm,240,0.0,6.9,6.9,0.0,0.00325,0.000303,10.726072607260726,-1,-1,FAIL,
ev5_ec4_n88_s1_gm,264,0.0,6.9,6.9,0.0,0.0322,0.000498,64.65863453815261,-1,-1,FAIL,
ev6_ec1_n75_s0,75,0.1,6.9,6.9,0.0,0.000602,0.000176,3.4204545454545454,-1,-1,FAIL,
ev6_ec1_n76_s3,76,0.1,6.9,6.9,0.0,0.000615,0.000169,3.63905325443787,-1,-1,FAIL,
ev6_ec1_n95_s3,95,0.1,6.9,6.9,0.0,0.000991,0.000259,3.826254826254826,-1,-1,FAIL,
ev7_ec1_n75_s3_gm,225,0.1,6.9,6.9,0.0,0.0222,2.03e-05,1093.5960591133005,-1,-1,FAIL,
ev7_ec1_n90_s1_gs,180,0.0,6.9,6.9,0.0,0.0103,0.000335,30.746268656716417,-1,-1,FAIL,
ev9_ec1_n35_s2_gm,105,0.0,6.9,6.9,0.0,0.00428,0.000166,25.783132530120483,-1,-1,FAIL,
ev9_ec1_n37_s1_gs,74,0.1,6.9,6.9,0.0,0.00205,0.000183,11.202185792349727,-1,-1,FAIL,
ev9_ec1_n54_s3_gm,162,0.0,6.9,6.9,0.0,0.0112,0.00102,10.980392156862743,-1,-1,FAIL,
tri2_n64_gs,128,0.2,6.9,6.8,0.0,0.00546,0.000386,14.145077720207253,-1,-1,FAIL,
tri2_n71_gs,142,0.2,6.9,6.9,0.0,0.00677,0.000493,13.732251521298176,-1,-1,FAIL,
tri4_n8_gs,16,0.2,6.9,6.9,0.0,9.04e-05,8.32e-06,10.865384615384615,-1,-1,FAIL,
tri4_n74,74,0.2,6.8,6.9,0.0,0.000366,0.000128,2.859375,-1,-1,FAIL,
tri5_n37,37,0.2,6.9,6.9,0.0,0.000101,3.79e-05,2.6649076517150396,-1,-1,FAIL,
bid2_n250_s3,250,0.1,6.9,6.9,0.0,0.00402,0.00138,2.9130434782608696,-1,-1,FAIL,
bid2_n500_s2,500,0.1,6.8,6.9,0.0,0.0203,0.0052,3.9038461538461537,-1,-1,FAIL,
ev3_ec1_n29_s0,29,0.1,6.8,6.8,0.0,0.000112,3.95e-05,2.8354430379746836,-1,-1,FAIL,
ev3_ec1_n64_s2,64,0.1,6.8,6.8,0.0,0.000386,7.31e-05,5.280437756497948,-1,-1,FAIL,
ev3_ec1_n74_s2_gm,222,0.0,6.8,6.8,0.0,0.0224,0.000974,22.99794661190965,-1,-1,FAIL,
ev3_ec4_n24_s3_gm,72,0.1,6.7,6.8,0.0,0.0025,6.64e-05,37.65060240963855,-1,-1,FAIL,
ev3_ec4_n44_s3,44,0.1,6.8,6.8,0.0,0.000298,7.16e-05,4.162011173184357,-1,-1,FAIL,
ev3_ec4_n70_s3,70,0.0,6.7,6.8,0.0,0.000585,5.91e-05,9.898477157360407,-1,-1,FAIL,
ev3_ec4_n78_s2,78,0.1,6.8,6.8,0.0,0.000743,7.14e-05,10.406162464985993,-1,-1,FAIL,
ev4_ec1_n10_s2_gs,20,0.1,6.8,6.8,0.0,0.000142,1.51e-05,9.403973509933776,-1,-1,FAIL,
ev4_ec1_n29_s3_gs,58,0.0,6.8,6.8,0.0,0.00148,6.53e-05,22.6646248085758,-1,-1,FAIL,
ev4_ec1_n94_s2_gm,282,0.1,6.8,6.8,0.0,0.0275,0.00214,12.850467289719626,-1,-1,FAIL,
ev4_ec4_n55_s2_gm,165,0.0,6.8,6.8,0.0,0.00796,0.00083,9.590361445783133,-1,-1,FAIL,
ev4_ec4_n64_s1_gm,192,0.0,6.8,6.8,0.0,0.0114,0.00109,10.458715596330276,-1,-1,FAIL,
ev4_ec4_n74_s0,74,0.2,6.7,6.8,0.0,0.000433,0.00019,2.2789473684210524,-1,-1,FAIL,
ev4_ec4_n75_s2_gm,225,0.0,6.8,6.8,0.0,0.0168,0.00142,11.830985915492956,-1,-1,FAIL,
ev4_ec4_n82_s1_gs,164,0.0,6.7,6.8,0.0,0.0141,0.000428,32.94392523364486,-1,-1,FAIL,
ev5_ec1_n21_s0,21,0.3,6.8,6.8,0.0,6.7e-05,2.63e-05,2.5475285171102664,-1,-1,FAIL,
ev5_ec1_n28_s0,28,0.1,6.8,6.8,0.0,8.89e-05,2.08e-05,4.274038461538462,-1,-1,FAIL,
ev5_ec1_n82_s1,82,0.1,6.8,6.8,0.0,0.000673,0.000106,6.349056603773585,-1,-1,FAIL,
ev5_ec4_n7_s2,7,0.3,6.8,6.8,0.0,1.28e-05,4.72e-06,2.711864406779661,-1,-1,FAIL,
ev5_ec4_n41_s0,41,0.1,6.8,6.8,0.0,0.000276,6.41e-05,4.305772230889235,-1,-1,FAIL,
ev5_ec4_n72_s1_gm,216,0.0,6.8,6.8,0.0,0.0215,0.0003,71.66666666666667,-1,-1,FAIL,
ev5_ec4_n99_s2,99,0.2,6.8,6.8,1.36e-16,0.00127,8.44e-05,15.04739336492891,-1,-1,FAIL,
ev6_ec1_n24_s2_gm,72,0.0,6.8,6.8,0.0,0.00157,0.000178,8.820224719101125,-1,-1,FAIL,
ev6_ec1_n36_s2,36,0.1,6.8,6.8,0.0,0.000171,4.7e-05,3.638297872340426,-1,-1,FAIL,
ev6_ec1_n46_s2,46,0.2,6.8,6.8,0.0,0.000283,7.31e-05,3.87140902872777,-1,-1,FAIL,
ev6_ec1_n46_s2_gm,138,0.1,6.8,6.8,0.0,0.00702,0.000562,12.491103202846976,-1,-1,FAIL,
ev6_ec1_n66_s2_gm,198,0.0,6.8,6.8,0.0,0.0149,0.00117,12.735042735042734,-1,-1,FAIL,
ev6_ec1_n92_s2,92,0.1,6.8,6.8,0.0,0.000996,0.000245,4.0653061224489795,-1,-1,FAIL,
ev7_ec1_n15_s1_gm,45,0.1,6.7,6.8,0.0,0.000823,6.17e-06,133.387358184765,-1,-1,FAIL,
ev7_ec1_n65_s3_gs,130,0.0,6.7,6.8,0.0,0.00527,0.000307,17.166123778501632,-1,-1,FAIL,
ev8_ec1_n20_s3_gm,60,0.1,6.8,6.8,0.0,0.0011,0.000156,7.051282051282052,-1,-1,FAIL,
ev8_ec1_n40_s1_gm,120,0.0,6.8,6.8,0.0,0.00472,0.000581,8.123924268502583,-1,-1,FAIL,
ev9_ec1_n18_s1_gm,54,0.1,6.7,6.8,0.0,0.000909,5.13e-05,17.719298245614034,-1,-1,FAIL,
ev9_ec1_n49_s2_gm,147,0.1,6.8,6.8,0.0,0.00888,0.000879,10.102389078498295,-1,-1,FAIL,
tri4_n27,27,0.4,6.8,6.7,0.0,5.82e-05,2.43e-05,2.3950617283950617,-1,-1,FAIL,
tri4_n61,61,0.2,6.7,6.8,0.0,0.000254,8.91e-05,2.850729517396184,-1,-1,FAIL,
tri5_n35,35,0.2,6.7,6.8,0.0,9.55e-05,3.8e-05,2.513157894736842,-1,-1,FAIL,
tri7_n93_gm,279,0.0,6.8,6.8,0.0,0.0264,0.00186,14.193548387096774,-1,-1,FAIL,
ev1_ec4_n90_s3_gs,180,0.0,6.7,6.7,0.0,0.000286,1.49e-05,19.194630872483224,-1,-1,FAIL,
ev2_ec4_n78_s3,78,0.1,6.7,6.7,2.1e-16,0.000571,6.64e-06,85.99397590361446,-1,-1,FAIL,
ev3_ec1_n40_s1,40,0.1,6.6,6.7,0.0,0.000188,6.01e-05,3.1281198003327786,-1,-1,FAIL,
ev3_ec4_n26_s3,26,0.1,6.7,6.7,0.0,9.34e-05,1.27e-05,7.354330708661417,-1,-1,FAIL,
ev3_ec4_n49_s0_gm,147,0.1,6.7,6.7,5.37e-16,0.00123,0.00016,7.687499999999999,-1,-1,FAIL,
ev3_ec4_n51_s3,51,0.2,6.7,6.7,0.0,0.00032,3.48e-05,9.195402298850576,-1,-1,FAIL,
ev3_ec4_n58_s1,58,0.1,6.7,6.7,0.0,0.00042,4.28e-05,9.813084112149534,-1,-1,FAIL,
ev3_ec4_n66_s2,66,0.1,6.7,6.7,0.0,0.000517,5.53e-05,9.349005424954791,-1,-1,FAIL,
ev3_ec4_n71_s2_gm,213,0.0,6.7,6.7,5.36e-16,0.00251,0.000281,8.932384341637011,-1,-1,FAIL,
ev4_ec1_n30_s3,30,0.4,6.7,6.7,0.0,8.21e-05,3.56e-05,2.3061797752808992,-1,-1,FAIL,
ev4_ec1_n67_s1_gm,201,0.0,6.7,6.6,0.0,0.0131,0.00118,11.101694915254237,-1,-1,FAIL,
ev4_ec1_n93_s0,93,0.2,6.7,6.6,0.0,0.000622,0.000248,2.5080645161290325,-1,-1,FAIL,
ev4_ec1_n96_s2_gm,288,0.0,6.7,6.7,0.0,0.0287,0.00224,12.812500000000002,-1,-1,FAIL,
ev4_ec4_n56_s0_gm,168,0.0,6.7,6.7,0.0,0.00814,0.00087,9.35632183908046,-1,-1,FAIL,
ev5_ec1_n11_s0_gm,33,0.1,6.6,6.7,0.0,0.000421,2.89e-05,14.567474048442905,-1,-1,FAIL,
ev5_ec1_n47_s0,47,0.1,6.7,6.7,0.0,0.000229,4.41e-05,5.192743764172335,-1,-1,FAIL,
ev5_ec1_n74_s0_gm,222,0.0,6.7,6.7,0.0,0.0222,0.000785,28.280254777070066,-1,-1,FAIL,
ev5_ec1_n96_s2,96,0.1,6.7,6.7,0.0,0.001,0.000199,5.025125628140703,-1,-1,FAIL,
ev5_ec4_n7_s2_gs,14,0.2,6.7,6.5,0.0,9.14e-05,7.57e-06,12.073976221928666,-1,-1,FAIL,
ev5_ec4_n9_s2_gm,27,0.1,6.7,6.7,0.0,0.000243,1.99e-05,12.21105527638191,-1,-1,FAIL,
ev5_ec4_n58_s3_gm,174,0.1,6.7,6.7,0.0,0.0144,0.000188,76.59574468085107,-1,-1,FAIL,
ev5_ec4_n74_s1_gm,222,0.0,6.7,6.7,0.0,0.0227,0.000293,77.47440273037543,-1,-1,FAIL,
ev5_ec4_n86_s2,86,0.1,6.7,6.7,6.59e-16,0.000922,6.7e-05,13.761194029850746,-1,-1,FAIL,
ev6_ec1_n29_s2_gs,58,0.1,6.7,6.7,0.0,0.00188,5.79e-05,32.46977547495682,-1,-1,FAIL,
ev6_ec1_n33_s3,33,0.1,6.7,6.7,0.0,0.000117,3.95e-05,2.9620253164556964,-1,-1,FAIL,
ev6_ec1_n43_s0_gm,129,0.0,6.7,6.7,0.0,0.00445,0.000529,8.41209829867675,-1,-1,FAIL,
ev6_ec1_n46_s3_gm,138,0.0,6.7,6.7,0.0,0.00678,0.00057,11.894736842105264,-1,-1,FAIL,
ev6_ec1_n48_s1,48,0.2,6.7,6.7,0.0,0.000239,9.65e-05,2.476683937823834,-1,-1,FAIL,
ev6_ec1_n67_s2_gs,134,0.1,6.7,6.7,0.0,0.0107,0.000277,38.62815884476534,-1,-1,FAIL,
ev6_ec1_n74_s3,74,0.1,6.7,6.7,0.0,0.00059,0.000157,3.757961783439491,-1,-1,FAIL,
ev6_ec1_n74_s3_gs,148,0.0,6.7,6.7,0.0,0.0135,0.00031,43.54838709677419,-1,-1,FAIL,
ev6_ec1_n91_s2_gm,273,0.1,6.7,6.7,0.0,0.0264,0.0021,12.571428571428573,-1,-1,FAIL,
ev6_ec1_n94_s1,94,0.1,6.7,6.7,0.0,0.0011,0.000336,3.273809523809524,-1,-1,FAIL,
ev6_ec1_n99_s2_gm,297,0.1,6.7,6.7,0.0,0.0334,0.00246,13.577235772357724,-1,-1,FAIL,
ev7_ec1_n32_s3_gs,64,0.2,6.7,6.6,0.0,0.00114,7.03e-06,162.16216216216216,-1,-1,FAIL,
ev7_ec1_n38_s0_gm,114,0.1,6.7,6.7,0.0,0.00552,1.05e-05,525.7142857142857,-1,-1,FAIL,
ev7_ec1_n63_s0_gs,126,0.1,6.7,6.7,0.0,0.00481,1.2e-05,400.8333333333333,-1,-1,FAIL,
ev8_ec1_n24_s2_gm,72,0.0,6.7,6.7,0.0,0.00144,0.00019,7.578947368421053,-1,-1,FAIL,
ev8_ec1_n36_s0_gm,108,0.1,6.7,6.7,0.0,0.00369,0.000474,7.784810126582279,-1,-1,FAIL,
ev8_ec1_n36_s2_gm,108,0.0,6.7,6.7,0.0,0.00361,0.000455,7.934065934065934,-1,-1,FAIL,
ev9_ec1_n27_s2_gs,54,0.4,6.7,6.7,0.0,0.00108,0.000101,10.693069306930694,-1,-1,FAIL,
tri2_n49_gs,98,0.3,6.7,6.7,0.0,0.00304,0.000109,27.889908256880734,-1,-1,FAIL,
tri2_n51,51,0.2,6.7,6.7,0.0,0.000181,5.94e-05,3.047138047138047,-1,-1,FAIL,
tri2_n63,63,0.2,6.7,6.7,0.0,0.000279,8.39e-05,3.3253873659117996,-1,-1,FAIL,
tri2_n77,77,0.2,6.7,6.7,0.0,0.000401,0.000123,3.260162601626016,-1,-1,FAIL,
tri2_n87,87,0.2,6.7,6.7,0.0,0.000525,0.000158,3.3227848101265822,-1,-1,FAIL,
tri4_n92_gm,276,0.1,6.7,6.7,0.0,0.0256,0.00186,13.763440860215054,-1,-1,FAIL,
ev1_ec4_n38_s0_gs,76,0.0,6.5,6.6,6.99e-16,9.8e-05,8.28e-06,11.83574879227053,-1,-1,FAIL,
ev2_ec4_n34_s1_gs,68,0.2,6.6,6.6,0.0,0.000168,5.79e-06,29.015544041450777,-1,-1,FAIL,
ev2_ec4_n87_s3,87,0.1,6.6,6.5,2.16e-16,0.000408,8.84e-06,46.15384615384615,-1,-1,FAIL,
ev3_ec1_n25_s2_gm,75,0.1,6.6,6.6,0.0,0.00239,0.000158,15.126582278481015,-1,-1,FAIL,
ev3_ec1_n30_s2,30,0.2,6.6,6.6,0.0,0.00012,4.24e-05,2.830188679245283,-1,-1,FAIL,
ev3_ec4_n8_s0_gs,16,0.2,6.6,6.6,0.0,0.000156,8.96e-06,17.410714285714285,-1,-1,FAIL,
ev3_ec4_n26_s1_gm,78,0.1,6.6,6.6,0.0,0.00284,6.83e-05,41.581259150805266,-1,-1,FAIL,
ev3_ec4_n43_s0_gm,129,0.1,6.6,6.6,0.0,0.00781,0.000138,56.594202898550726,-1,-1,FAIL,
ev3_ec4_n46_s1_gm,138,0.0,6.6,6.6,0.0,0.00902,0.000153,58.95424836601307,-1,-1,FAIL,
ev3_ec4_n84_s2_gm,252,0.0,6.6,6.6,0.0,0.0301,0.000362,83.14917127071823,-1,-1,FAIL,
ev3_ec4_n99_s3_gm,297,0.0,6.6,6.6,0.0,0.0428,0.000713,60.02805049088359,-1,-1,FAIL,
ev4_ec1_n23_s0_gs,46,0.1,6.6,6.6,0.0,0.000797,4.44e-05,17.95045045045045,-1,-1,FAIL,
ev4_ec4_n11_s3_gs,22,0.1,6.6,6.5,0.0,0.000164,1.42e-05,11.549295774647888,-1,-1,FAIL,
ev4_ec4_n39_s0_gm,117,0.1,6.6,6.6,0.0,0.00353,0.000431,8.190255220417633,-1,-1,FAIL,
ev4_ec4_n54_s3,54,0.2,6.6,6.5,0.0,0.000255,0.00011,2.3181818181818183,-1,-1,FAIL,
ev4_ec4_n94_s0_gm,282,0.0,6.6,6.6,0.0,0.0279,0.0022,12.681818181818182,-1,-1,FAIL,
ev5_ec1_n14_s0,14,0.1,6.6,6.5,0.0,2.54e-05,9.91e-06,2.5630676084762865,-1,-1,FAIL,
ev5_ec1_n49_s1_gm,147,0.0,6.6,6.6,0.0,0.00966,0.000448,21.5625,-1,-1,FAIL,
ev5_ec4_n16_s0_gm,48,0.1,6.6,6.6,0.0,0.00108,9.6e-05,11.25,-1,-1,FAIL,
ev5_ec4_n34_s1_gm,102,0.1,6.6,6.6,0.0,0.00476,0.000225,21.15555555555556,-1,-1,FAIL,
ev5_ec4_n88_s2,88,0.2,6.6,6.6,0.0,0.000968,6.89e-05,14.04934687953556,-1,-1,FAIL,
ev5_ec4_n96_s1_gm,288,0.0,6.6,6.6,6.16e-16,0.00432,0.000445,9.707865168539326,-1,-1,FAIL,
ev5_ec4_n99_s3,99,0.1,6.5,6.6,0.0,0.00119,8.46e-05,14.066193853427897,-1,-1,FAIL,
ev6_ec1_n7_s3,7,0.4,6.4,6.6,0.0,1.13e-05,6.48e-06,1.7438271604938274,-1,-1,FAIL,
ev6_ec1_n18_s2,18,0.3,6.5,6.6,0.0,4.51e-05,1.77e-05,2.548022598870056,-1,-1,FAIL,
ev6_ec1_n48_s2_gs,96,0.1,6.6,6.6,0.0,0.00551,0.000149,36.97986577181209,-1,-1,FAIL,
ev6_ec1_n63_s3,63,0.1,6.6,6.6,0.0,0.000468,0.000128,3.65625,-1,-1,FAIL,
ev6_ec1_n64_s3_gs,128,0.0,6.6,6.6,0.0,0.0101,0.000261,38.69731800766284,-1,-1,FAIL,
ev6_ec1_n97_s2_gm,291,0.0,6.6,6.6,0.0,0.0333,0.00235,14.170212765957448,-1,-1,FAIL,
ev9_ec1_n15_s2_gs,30,0.1,6.6,6.6,0.0,0.000283,3.22e-05,8.7888198757764,-1,-1,FAIL,
ev9_ec1_n18_s1_gs,36,0.5,6.6,6.6,0.0,0.000453,4.39e-05,10.318906605922551,-1,-1,FAIL,
ev9_ec1_n33_s1_gs,66,0.2,6.6,6.6,0.0,0.00181,0.000157,11.528662420382165,-1,-1,FAIL,
ev9_ec1_n36_s0_gm,108,0.1,6.6,6.6,0.0,0.00426,0.000505,8.435643564356434,-1,-1,FAIL,
ev9_ec1_n82_s2_gm,246,0.1,6.6,6.6,0.0,0.0246,0.00067,36.71641791044776,-1,-1,FAIL,
ev9_ec1_n92_s2_gm,276,0.1,6.6,6.6,0.0,0.0338,0.00271,12.47232472324723,-1,-1,FAIL,
tri2_n32,32,0.3,6.6,6.6,0.0,7.86e-05,2.94e-05,2.673469387755102,-1,-1,FAIL,
tri2_n95_gs,190,0.2,6.6,6.6,0.0,0.0121,0.000835,14.491017964071855,-1,-1,FAIL,
tri5_n43_gs,86,0.0,6.6,6.6,0.0,0.00231,9.12e-05,25.328947368421055,-1,-1,FAIL,
tri5_n92,92,0.2,6.6,6.6,0.0,0.000574,0.000175,3.28,-1,-1,FAIL,
tri6_n14_gs,28,0.1,6.6,6.6,0.0,0.000321,2.59e-05,12.393822393822393,-1,-1,FAIL,
ev1_ec1_n95_s2_gs,190,0.0,6.5,6.5,7.52e-16,0.000547,1.6e-05,34.1875,-1,-1,FAIL,
ev1_ec4_n65_s0_gs,130,0.0,6.5,6.5,3.77e-16,0.000304,1.22e-05,24.91803278688525,-1,-1,FAIL,
ev1_ec4_n100_s2_gs,200,0.0,6.5,6.5,5.11e-16,0.000511,1.56e-05,32.756410256410255,-1,-1,FAIL,
ev2_ec4_n64_s3,64,0.1,6.5,6.5,2.16e-16,0.000365,6.7e-06,54.4776119402985,-1,-1,FAIL,
ev3_ec1_n22_s0,22,0.1,6.5,6.5,0.0,5.96e-05,1.36e-05,4.38235294117647,-1,-1,FAIL,
ev3_ec1_n36_s3,36,0.1,6.5,6.5,0.0,0.000134,2.89e-05,4.6366782006920415,-1,-1,FAIL,
ev3_ec1_n44_s0,44,0.1,6.5,6.5,0.0,0.00023,7.17e-05,3.2078103207810322,-1,-1,FAIL,
ev3_ec1_n48_s0,48,0.1,6.4,6.5,0.0,0.000261,8.24e-05,3.16747572815534,-1,-1,FAIL,
ev3_ec1_n68_s2,68,0.1,6.5,6.5,0.0,0.000486,0.000132,3.6818181818181817,-1,-1,FAIL,
ev3_ec1_n78_s3,78,0.1,6.5,6.5,0.0,0.000644,0.000173,3.722543352601156,-1,-1,FAIL,
ev3_ec4_n14_s3_gm,42,0.1,6.5,6.4,0.0,0.000897,5.42e-05,16.54981549815498,-1,-1,FAIL,
ev3_ec4_n16_s3_gm,48,0.1,6.5,6.5,0.0,0.00107,4.1e-05,26.097560975609756,-1,-1,FAIL,
ev3_ec4_n30_s0,30,0.1,6.5,6.5,0.0,0.000125,1.47e-05,8.503401360544219,-1,-1,FAIL,
ev3_ec4_n42_s3,42,0.1,6.4,6.5,0.0,0.000272,6.3e-05,4.317460317460317,-1,-1,FAIL,
ev3_ec4_n93_s2,93,0.0,6.5,6.5,0.0,0.00105,9.66e-05,10.869565217391303,-1,-1,FAIL,
ev4_ec1_n15_s3_gs,30,0.1,6.5,6.4,0.0,0.000316,2.31e-05,13.67965367965368,-1,-1,FAIL,
ev4_ec1_n66_s0_gm,198,0.1,6.5,6.5,0.0,0.012,0.00114,10.526315789473685,-1,-1,FAIL,
ev4_ec4_n10_s3_gs,20,0.1,6.4,6.5,0.0,0.00014,1.22e-05,11.475409836065573,-1,-1,FAIL,
ev4_ec4_n48_s2_gm,144,0.0,6.5,6.5,0.0,0.00563,0.000616,9.13961038961039,-1,-1,FAIL,
ev4_ec4_n67_s1_gm,201,0.0,6.5,6.5,0.0,0.0123,0.00115,10.695652173913043,-1,-1,FAIL,
ev4_ec4_n74_s1,74,0.2,6.5,6.5,0.0,0.000438,0.000185,2.367567567567568,-1,-1,FAIL,
ev4_ec4_n97_s1_gs,194,0.0,6.5,6.5,0.0,0.0205,0.000607,33.77265238879737,-1,-1,FAIL,
ev5_ec1_n7_s3,7,0.5,6.5,6.4,0.0,1.31e-05,5.24e-06,2.5,-1,-1,FAIL,
ev5_ec1_n18_s3,18,0.1,6.5,6.5,0.0,5.05e-05,1.17e-05,4.316239316239316,-1,-1,FAIL,
ev5_ec1_n34_s3,34,0.1,6.5,6.5,0.0,0.000154,2.6e-05,5.923076923076923,-1,-1,FAIL,
ev5_ec1_n51_s2,51,0.1,6.5,6.5,0.0,0.000287,7.81e-05,3.6747759282970547,-1,-1,FAIL,
ev5_ec1_n63_s1,63,0.1,6.5,6.5,0.0,0.000411,6.32e-05,6.503164556962025,-1,-1,FAIL,
ev5_ec1_n69_s3,69,0.1,6.5,6.5,0.0,0.000606,0.000135,4.488888888888889,-1,-1,FAIL,
ev5_ec1_n73_s1_gm,219,0.0,6.5,6.5,0.0,0.0214,0.000692,30.924855491329478,-1,-1,FAIL,
ev5_ec1_n82_s2,82,0.1,6.5,6.4,0.0,0.000741,0.000161,4.60248447204969,-1,-1,FAIL,
ev5_ec4_n72_s1,72,0.1,6.5,6.5,0.0,0.00058,5.34e-05,10.861423220973784,-1,-1,FAIL,
ev5_ec4_n91_s1,91,0.1,6.5,6.5,0.0,0.00089,8.34e-05,10.67146282973621,-1,-1,FAIL,
ev5_ec4_n92_s0_gm,276,0.0,6.5,6.5,0.0,0.0359,0.000381,94.22572178477691,-1,-1,FAIL,
ev6_ec1_n13_s2,13,0.4,6.3,6.5,0.0,2.23e-05,1.05e-05,2.123809523809524,-1,-1,FAIL,
ev6_ec1_n15_s0,15,0.1,6.5,6.4,0.0,2.56e-05,1.48e-05,1.7297297297297296,-1,-1,FAIL,
ev6_ec1_n33_s2,33,0.2,6.5,6.5,0.0,0.000146,4.01e-05,3.6408977556109727,-1,-1,FAIL,
ev6_ec1_n76_s3_gm,228,0.0,6.5,6.5,0.0,0.0224,0.00159,14.088050314465407,-1,-1,FAIL,
ev6_ec1_n90_s0,90,0.1,6.5,6.5,0.0,0.000875,0.000297,2.946127946127946,-1,-1,FAIL,
ev6_ec1_n93_s2,93,0.1,6.5,6.5,0.0,0.00104,0.000264,3.9393939393939386,-1,-1,FAIL,
ev7_ec1_n16_s2_gs,32,0.3,6.5,6.5,0.0,0.000296,4.57e-06,64.7702407002188,-1,-1,FAIL,
ev7_ec1_n44_s2_gs,88,0.2,6.5,6.5,0.0,0.00221,9.93e-06,222.55790533736155,-1,-1,FAIL,
ev9_ec1_n21_s0_gs,42,0.1,6.5,6.4,0.0,0.000666,6.68e-05,9.970059880239521,-1,-1,FAIL,
ev9_ec1_n43_s3_gm,129,0.1,6.5,6.5,0.0,0.00661,0.00069,9.579710144927537,-1,-1,FAIL,
ev9_ec1_n45_s0_gm,135,0.0,6.5,6.5,0.0,0.00658,0.000252,26.11111111111111,-1,-1,FAIL,
ev9_ec1_n94_s2_gm,282,0.0,6.5,6.5,0.0,0.0334,0.00133,25.112781954887218,-1,-1,FAIL,
tri2_n95,95,0.2,6.5,6.5,0.0,0.0006,0.000173,3.4682080924855487,-1,-1,FAIL,
tri5_n23,23,0.3,6.5,6.5,0.0,5e-05,2.13e-05,2.347417840375587,-1,-1,FAIL,
tri5_n96,96,0.2,6.5,6.5,0.0,0.00062,0.000188,3.297872340425532,-1,-1,FAIL,
ev1_ec4_n57_s0_gs,114,0.0,6.3,6.4,1.18e-16,0.000253,9.69e-06,26.109391124871003,-1,-1,FAIL,
ev3_ec1_n79_s2,79,0.1,6.4,6.4,0.0,0.000649,0.000184,3.527173913043478,-1,-1,FAIL,
ev3_ec1_n90_s2,90,0.1,6.4,6.4,0.0,0.000841,0.000225,3.7377777777777776,-1,-1,FAIL,
ev3_ec4_n9_s1_gm,27,0.2,6.4,6.4,0.0,0.000346,3.38e-05,10.236686390532544,-1,-1,FAIL,
ev3_ec4_n17_s2,17,0.1,6.4,6.3,0.0,4.51e-05,7.23e-06,6.23789764868603,-1,-1,FAIL,
ev3_ec4_n43_s2,43,0.0,6.4,6.4,0.0,0.000219,2.61e-05,8.39080459770115,-1,-1,FAIL,
ev3_ec4_n55_s0,55,0.1,6.4,6.4,0.0,0.000382,4.17e-05,9.160671462829738,-1,-1,FAIL,
ev3_ec4_n70_s1,70,0.1,6.4,6.4,0.0,0.0006,5.86e-05,10.238907849829351,-1,-1,FAIL,
ev3_ec4_n87_s0,87,0.2,6.4,6.4,0.0,0.000933,9.18e-05,10.163398692810459,-1,-1,FAIL,
ev3_ec4_n91_s3_gm,273,0.0,6.4,6.4,0.0,0.0356,0.000515,69.126213592233,-1,-1,FAIL,
ev4_ec1_n51_s3,51,0.3,6.4,6.4,0.0,0.000221,9.59e-05,2.3044838373305527,-1,-1,FAIL,
ev4_ec1_n73_s2_gm,219,0.1,6.4,6.4,0.0,0.0152,0.00139,10.93525179856115,-1,-1,FAIL,
ev4_ec1_n89_s3_gs,178,0.0,6.4,6.4,0.0,0.0167,0.000453,36.86534216335541,-1,-1,FAIL,
ev4_ec4_n40_s3_gm,120,0.1,6.4,6.4,0.0,0.00374,0.000451,8.292682926829269,-1,-1,FAIL,
ev5_ec1_n12_s3_gs,24,0.2,6.4,6.4,0.0,0.000306,1.5e-05,20.4,-1,-1,FAIL,
ev5_ec1_n49_s1,49,0.1,6.4,6.4,0.0,0.000251,4.44e-05,5.653153153153152,-1,-1,FAIL,
ev5_ec1_n69_s0,69,0.1,6.4,6.4,0.0,0.000566,0.000134,4.223880597014925,-1,-1,FAIL,
ev5_ec1_n72_s3,72,0.1,6.4,6.4,0.0,0.00065,0.000144,4.513888888888888,-1,-1,FAIL,
ev5_ec4_n18_s2,18,0.1,6.4,6.2,0.0,5.47e-05,9.54e-06,5.733752620545073,-1,-1,FAIL,
ev5_ec4_n36_s1_gs,72,0.1,6.4,6.4,0.0,0.00246,6.56e-05,37.5,-1,-1,FAIL,
ev5_ec4_n74_s3,74,0.1,6.4,6.4,0.0,0.000608,5.31e-05,11.45009416195857,-1,-1,FAIL,
ev5_ec4_n75_s2,75,0.2,6.4,6.4,0.0,0.000765,5.34e-05,14.325842696629213,-1,-1,FAIL,
ev6_ec1_n14_s1,14,0.3,6.3,6.4,0.0,2.27e-05,1.02e-05,2.225490196078431,-1,-1,FAIL,
ev6_ec1_n95_s2_gm,285,0.1,6.4,6.4,0.0,0.0297,0.00233,12.746781115879829,-1,-1,FAIL,
ev7_ec1_n44_s0_gs,88,0.2,6.3,6.4,0.0,0.00226,8.14e-06,277.6412776412776,-1,-1,FAIL,
ev7_ec1_n59_s3_gs,118,0.2,6.4,6.4,0.0,0.00386,1.28e-05,301.5625,-1,-1,FAIL,
ev8_ec1_n59_s0,59,0.0,6.4,6.4,0.0,0.00049,0.000109,4.4954128440366965,-1,-1,FAIL,
ev9_ec1_n37_s3_gs,74,0.2,6.4,6.4,0.0,0.00214,0.000185,11.567567567567568,-1,-1,FAIL,
ev9_ec1_n61_s3_gm,183,0.1,6.4,6.4,0.0,0.0136,0.00129,10.54263565891473,-1,-1,FAIL,
tri2_n43_gs,86,0.2,6.4,6.4,0.0,0.00236,9.03e-05,26.135105204872648,-1,-1,FAIL,
tri4_n65,65,0.2,6.4,6.4,0.0,0.000296,0.000105,2.819047619047619,-1,-1,FAIL,
tri4_n100_gm,300,0.0,6.4,6.4,0.0,0.031,0.00221,14.027149321266966,-1,-1,FAIL,
tri5_n25,25,0.3,6.4,6.4,0.0,5.37e-05,2.1e-05,2.5571428571428574,-1,-1,FAIL,
tri5_n63,63,0.3,6.4,6.4,0.0,0.000286,8.54e-05,3.348946135831382,-1,-1,FAIL,
tri5_n71_gs,142,0.1,6.4,6.4,0.0,0.00648,0.000224,28.928571428571427,-1,-1,FAIL,
tri5_n85,85,0.1,6.4,6.4,0.0,0.000505,0.000154,3.2792207792207795,-1,-1,FAIL,
tri5_n91_gs,182,0.1,6.3,6.4,0.0,0.0107,0.000339,31.563421828908552,-1,-1,FAIL,
tri7_n57_gs,114,0.0,6.4,6.4,0.0,0.00646,0.00015,43.06666666666667,-1,-1,FAIL,
tri7_n100_gm,300,0.0,6.4,6.4,0.0,0.0319,0.00216,14.768518518518517,-1,-1,FAIL,
bid2_n250_s0,250,0.1,6.4,6.4,0.0,0.00405,0.00136,2.977941176470588,-1,-1,FAIL,
ev2_ec4_n51_s3,51,0.1,6.3,6.2,0.0,0.000313,4.78e-06,65.48117154811716,-1,-1,FAIL,
ev3_ec1_n3_s2_gs,6,0.7,6.3,6.2,0.0,2.53e-05,2.92e-06,8.664383561643834,-1,-1,FAIL,
ev3_ec1_n22_s3_gm,66,0.1,6.3,6.3,0.0,0.00178,0.000134,13.283582089552237,-1,-1,FAIL,
ev3_ec1_n25_s3,25,0.2,6.3,6.3,0.0,7.13e-05,1.71e-05,4.169590643274854,-1,-1,FAIL,
ev3_ec1_n35_s0,35,0.1,6.2,6.3,0.0,0.000129,2.56e-05,5.0390625,-1,-1,FAIL,
ev3_ec1_n39_s0,39,0.1,6.3,6.3,0.0,0.000156,3.32e-05,4.698795180722891,-1,-1,FAIL,
ev3_ec1_n47_s3,47,0.1,6.2,6.3,0.0,0.000262,8.26e-05,3.1719128329297823,-1,-1,FAIL,
ev3_ec1_n56_s0,56,0.1,6.3,6.3,0.0,0.000306,5.8e-05,5.275862068965518,-1,-1,FAIL,
ev3_ec1_n70_s3,70,0.1,6.3,6.2,0.0,0.000537,0.000155,3.4645161290322584,-1,-1,FAIL,
ev3_ec1_n90_s1,90,0.1,6.3,6.3,0.0,0.000752,0.000147,5.115646258503401,-1,-1,FAIL,
ev3_ec1_n97_s1,97,0.1,6.3,6.3,0.0,0.000977,0.000251,3.8924302788844627,-1,-1,FAIL,
ev3_ec1_n98_s2,98,0.1,6.3,6.3,0.0,0.000985,0.000238,4.1386554621848735,-1,-1,FAIL,
ev3_ec1_n99_s1,99,0.2,6.3,6.3,0.0,0.00101,0.000264,3.8257575757575757,-1,-1,FAIL,
ev3_ec1_n100_s1,100,0.2,6.3,6.3,0.0,0.000939,0.000174,5.396551724137931,-1,-1,FAIL,
ev3_ec4_n18_s0_gm,54,0.1,6.3,6.3,0.0,0.00138,4.59e-05,30.065359477124183,-1,-1,FAIL,
ev4_ec1_n43_s3_gm,129,0.0,6.3,6.3,0.0,0.00461,0.000529,8.714555765595465,-1,-1,FAIL,
ev4_ec1_n51_s1_gm,153,0.0,6.3,6.3,0.0,0.00669,0.00074,9.04054054054054,-1,-1,FAIL,
ev4_ec4_n83_s0_gs,166,0.0,6.3,6.3,0.0,0.0149,0.000448,33.25892857142857,-1,-1,FAIL,
ev4_ec4_n93_s3,93,0.2,6.3,6.3,0.0,0.000654,0.000273,2.395604395604395,-1,-1,FAIL,
ev5_ec1_n41_s0,41,0.1,6.3,6.3,0.0,0.000188,3.41e-05,5.513196480938416,-1,-1,FAIL,
ev5_ec1_n45_s2,45,0.2,6.3,6.3,0.0,0.000231,6.73e-05,3.432392273402675,-1,-1,FAIL,
ev5_ec1_n49_s2,49,0.2,6.3,6.2,0.0,0.00027,7.52e-05,3.5904255319148937,-1,-1,FAIL,
ev5_ec1_n81_s3_gs,162,0.0,6.3,6.3,0.0,0.0125,0.00056,22.321428571428573,-1,-1,FAIL,
ev5_ec1_n85_s2,85,0.1,6.3,6.3,0.0,0.000788,0.000166,4.746987951807228,-1,-1,FAIL,
ev5_ec4_n27_s3_gm,81,0.1,6.3,6.3,0.0,0.00322,9.87e-05,32.62411347517731,-1,-1,FAIL,
ev5_ec4_n34_s2,34,0.4,6.2,6.3,0.0,0.000157,1.55e-05,10.129032258064516,-1,-1,FAIL,
ev5_ec4_n43_s0_gm,129,0.0,6.3,6.3,0.0,0.00733,0.000258,28.410852713178297,-1,-1,FAIL,
ev5_ec4_n48_s2_gm,144,0.1,6.3,6.3,4.98e-16,0.0012,0.000195,6.153846153846153,-1,-1,FAIL,
ev5_ec4_n82_s1_gm,246,0.0,6.3,6.3,0.0,0.028,0.000354,79.09604519774012,-1,-1,FAIL,
ev5_ec4_n97_s2,97,0.1,6.3,6.3,0.0,0.00126,8.25e-05,15.272727272727273,-1,-1,FAIL,
ev6_ec1_n67_s2,67,0.1,6.3,6.3,0.0,0.000548,0.000139,3.942446043165468,-1,-1,FAIL,
ev6_ec1_n79_s2,79,0.2,6.3,6.3,0.0,0.000729,0.000183,3.9836065573770494,-1,-1,FAIL,
ev6_ec1_n81_s2,81,0.1,6.3,6.3,0.0,0.000793,0.000258,3.0736434108527133,-1,-1,FAIL,
ev6_ec1_n83_s2,83,0.1,6.3,6.2,0.0,0.000886,0.000275,3.2218181818181817,-1,-1,FAIL,
ev6_ec1_n99_s0,99,0.1,6.3,6.3,0.0,0.00109,0.000353,3.087818696883853,-1,-1,FAIL,
ev7_ec1_n17_s0_gm,51,0.2,6.3,6.3,0.0,0.00101,7.11e-06,142.05344585091422,-1,-1,FAIL,
ev7_ec1_n32_s3_gm,96,0.2,6.3,6.3,0.0,0.0039,9.56e-06,407.94979079497904,-1,-1,FAIL,
ev7_ec1_n78_s2_gm,234,0.0,6.3,6.3,0.0,0.0244,0.000625,39.04,-1,-1,FAIL,
ev7_ec1_n87_s0_gm,261,0.0,6.3,6.3,0.0,0.0299,0.000424,70.5188679245283,-1,-1,FAIL,
ev7_ec1_n88_s0_gm,264,0.0,6.3,6.3,0.0,0.0327,0.000774,42.248062015503876,-1,-1,FAIL,
ev7_ec1_n100_s3_gs,200,0.0,6.3,6.3,0.0,0.0127,0.00128,9.921874999999998,-1,-1,FAIL,
ev8_ec1_n69_s1_gm,207,0.1,6.3,6.3,0.0,0.0155,0.00157,9.872611464968152,-1,-1,FAIL,
ev9_ec1_n10_s0_gs,20,0.8,6.1,6.3,0.0,0.000118,1.63e-05,7.2392638036809815,-1,-1,FAIL,
ev9_ec1_n46_s2_gs,92,0.1,6.3,6.3,0.0,0.00311,0.000267,11.647940074906368,-1,-1,FAIL,
ev9_ec1_n47_s3_gm,141,0.1,6.3,6.3,0.0,0.00773,0.000778,9.935732647814909,-1,-1,FAIL,
ev9_ec1_n71_s1_gm,213,0.1,6.3,6.3,0.0,0.0193,0.00167,11.556886227544911,-1,-1,FAIL,
ev9_ec1_n77_s0_gm,231,0.0,6.3,6.3,0.0,0.0237,0.00199,11.909547738693467,-1,-1,FAIL,
tri5_n86_gs,172,0.0,6.3,6.3,0.0,0.0095,0.000314,30.254777070063696,-1,-1,FAIL,
tri5_n100,100,0.1,6.3,6.3,0.0,0.000673,0.000201,3.3482587064676617,-1,-1,FAIL,
tri6_n66_gm,198,0.0,6.3,6.3,0.0,0.0114,0.00108,10.555555555555555,-1,-1,FAIL,
ev1_ec1_n77_s2_gs,154,0.0,6.2,6.2,6.92e-16,0.000397,1.57e-05,25.28662420382166,-1,-1,FAIL,
ev1_ec4_n66_s0_gs,132,0.0,6.2,6.2,6.98e-16,0.000335,1.3e-05,25.76923076923077,-1,-1,FAIL,
ev1_ec4_n73_s2_gs,146,0.0,6.2,6.1,0.0,0.00025,1.22e-05,20.491803278688526,-1,-1,FAIL,
ev3_ec1_n20_s3_gm,60,0.1,6.1,6.2,0.0,0.00144,0.000114,12.631578947368421,-1,-1,FAIL,
ev3_ec1_n25_s0_gm,75,0.1,6.1,6.2,0.0,0.00235,0.000158,14.873417721518988,-1,-1,FAIL,
ev3_ec1_n44_s3,44,0.1,6.2,6.2,0.0,0.000226,7.39e-05,3.0581867388362656,-1,-1,FAIL,
ev3_ec1_n51_s0,51,0.1,6.2,6.2,0.0,0.000252,5e-05,5.04,-1,-1,FAIL,
ev3_ec4_n6_s3,6,0.2,6.1,6.2,0.0,1.55e-05,3.54e-06,4.378531073446328,-1,-1,FAIL,
ev3_ec4_n22_s2,22,0.1,6.2,6.2,0.0,6.93e-05,1e-05,6.93,-1,-1,FAIL,
ev3_ec4_n26_s0_gs,52,0.1,6.2,6.1,0.0,0.0013,2.49e-05,52.208835341365464,-1,-1,FAIL,
ev3_ec4_n26_s2_gm,78,0.1,6.2,6.2,0.0,0.00286,4.92e-05,58.130081300813,-1,-1,FAIL,
ev3_ec4_n34_s3_gm,102,0.1,6.2,6.2,0.0,0.00488,0.000102,47.84313725490196,-1,-1,FAIL,
ev3_ec4_n51_s0,51,0.1,6.1,6.2,0.0,0.000338,3.59e-05,9.415041782729805,-1,-1,FAIL,
ev4_ec1_n26_s0_gs,52,0.1,6.2,6.2,0.0,0.00115,5.01e-05,22.954091816367267,-1,-1,FAIL,
ev4_ec1_n46_s0,46,0.3,6.2,6.1,0.0,0.00018,7.41e-05,2.4291497975708505,-1,-1,FAIL,
ev4_ec1_n46_s1_gm,138,0.0,6.2,6.2,0.0,0.00515,0.000587,8.773424190800682,-1,-1,FAIL,
ev4_ec1_n75_s0,75,0.2,6.2,6.2,0.0,0.000415,0.000166,2.5,-1,-1,FAIL,
ev4_ec1_n76_s0_gs,152,0.0,6.2,6.1,0.0,0.012,0.00034,35.29411764705882,-1,-1,FAIL,
ev4_ec1_n79_s2,79,0.2,6.2,6.2,0.0,0.000459,0.000181,2.5359116022099446,-1,-1,FAIL,
ev4_ec1_n92_s3_gm,276,0.0,6.2,6.2,0.0,0.0264,0.0021,12.571428571428573,-1,-1,FAIL,
ev4_ec4_n47_s2,47,0.3,6.1,6.2,0.0,0.000181,7.74e-05,2.3385012919896644,-1,-1,FAIL,
ev4_ec4_n82_s3_gs,164,0.0,6.2,6.1,0.0,0.0142,0.000391,36.31713554987212,-1,-1,FAIL,
ev4_ec4_n93_s1,93,0.2,6.2,6.2,0.0,0.000667,0.00028,2.382142857142857,-1,-1,FAIL,
ev5_ec1_n8_s2_gm,24,0.1,5.9,6.2,0.0,0.000213,2.65e-05,8.037735849056604,-1,-1,FAIL,
ev5_ec1_n9_s1_gm,27,0.2,6.2,6.2,0.0,0.000229,2.21e-05,10.361990950226245,-1,-1,FAIL,
ev5_ec1_n12_s3,12,0.1,6.1,6.2,0.0,2.8e-05,1.02e-05,2.7450980392156863,-1,-1,FAIL,
ev5_ec1_n28_s2,28,0.1,6.1,6.2,0.0,0.000108,3.7e-05,2.918918918918919,-1,-1,FAIL,
ev5_ec1_n31_s2_gm,93,0.1,6.2,6.2,0.0,0.00366,0.000147,24.89795918367347,-1,-1,FAIL,
ev5_ec1_n55_s0,55,0.1,6.2,6.2,0.0,0.000364,9.67e-05,3.7642192347466388,-1,-1,FAIL,
ev5_ec1_n57_s3,57,0.1,6.2,6.2,0.0,0.0004,5.55e-05,7.207207207207207,-1,-1,FAIL,
ev5_ec1_n75_s2,75,0.1,6.2,6.2,0.0,0.000608,0.000142,4.28169014084507,-1,-1,FAIL,
ev5_ec4_n41_s1,41,0.1,6.2,6.2,0.0,0.000185,2.35e-05,7.872340425531915,-1,-1,FAIL,
ev5_ec4_n48_s0,48,0.1,6.2,6.2,0.0,0.000319,2.9e-05,11.0,-1,-1,FAIL,
ev6_ec1_n6_s2,6,0.6,6.2,5.7,0.0,1.03e-05,5.03e-06,2.0477137176938367,-1,-1,FAIL,
ev6_ec1_n8_s2,8,0.7,6.2,5.5,0.0,1.34e-05,6.89e-06,1.9448476052249637,-1,-1,FAIL,
ev6_ec1_n10_s2_gs,20,0.2,6.2,6.2,0.0,0.000152,1.22e-05,12.459016393442624,-1,-1,FAIL,
ev6_ec1_n43_s1_gs,86,0.0,6.2,6.2,0.0,0.00412,0.000164,25.121951219512198,-1,-1,FAIL,
ev6_ec1_n45_s2,45,0.1,6.2,6.2,0.0,0.000285,9.91e-05,2.875882946518668,-1,-1,FAIL,
ev6_ec1_n46_s3_gs,92,0.1,6.2,6.2,0.0,0.00488,0.000146,33.42465753424658,-1,-1,FAIL,
ev6_ec1_n51_s1,51,0.1,6.2,6.2,0.0,0.000276,0.000111,2.4864864864864864,-1,-1,FAIL,
ev6_ec1_n84_s3_gs,168,0.0,6.2,6.2,0.0,0.0176,0.000409,43.0317848410758,-1,-1,FAIL,
ev6_ec1_n86_s0_gm,258,0.2,6.2,6.2,0.0,0.023,0.00197,11.6751269035533,-1,-1,FAIL,
ev7_ec1_n34_s2_gm,102,0.2,6.2,6.2,0.0,0.00449,1e-05,448.99999999999994,-1,-1,FAIL,
ev7_ec1_n47_s0_gm,141,0.1,6.2,6.2,0.0,0.00907,9.95e-05,91.15577889447236,-1,-1,FAIL,
ev7_ec1_n65_s2_gs,130,0.2,6.2,6.2,0.0,0.00474,1.34e-05,353.7313432835821,-1,-1,FAIL,
ev7_ec1_n69_s1_gm,207,0.0,6.2,6.2,0.0,0.0194,0.000396,48.989898989899,-1,-1,FAIL,
ev8_ec1_n5_s0_gm,15,0.3,6.1,6.2,0.0,8.63e-05,1.33e-05,6.488721804511278,-1,-1,FAIL,
ev8_ec1_n24_s1_gm,72,0.0,6.2,6.1,0.0,0.00147,0.000237,6.2025316455696204,-1,-1,FAIL,
ev8_ec1_n31_s0_gm,93,0.0,6.2,6.2,0.0,0.00287,0.000355,8.084507042253522,-1,-1,FAIL,
ev8_ec1_n55_s0,55,0.0,6.2,6.2,0.0,0.000429,9.61e-05,4.464099895941727,-1,-1,FAIL,
ev9_ec1_n58_s0_gm,174,0.1,6.2,6.2,0.0,0.0125,0.00117,10.683760683760685,-1,-1,FAIL,
ev9_ec1_n94_s0_gm,282,0.0,6.2,6.2,0.0,0.0334,0.0029,11.517241379310345,-1,-1,FAIL,
tri4_n79,79,0.2,6.2,6.2,0.0,0.000413,0.000142,2.908450704225352,-1,-1,FAIL,
tri5_n77_gs,154,0.0,6.2,6.2,0.0,0.00749,0.000253,29.60474308300395,-1,-1,FAIL,
ev1_ec1_n61_s3_gs,122,0.0,6.0,6.1,4.16e-16,0.000331,1.28e-05,25.859375000000004,-1,-1,FAIL,
ev3_ec1_n3_s2_gm,9,0.1,6.0,6.1,0.0,2.81e-05,5.66e-06,4.964664310954063,-1,-1,FAIL,
ev3_ec1_n6_s1_gs,12,0.5,6.0,6.1,0.0,8.42e-05,6.63e-06,12.699849170437405,-1,-1,FAIL,
ev3_ec1_n9_s0,9,0.1,6.0,6.1,0.0,1.85e-05,4.79e-06,3.8622129436325676,-1,-1,FAIL,
ev3_ec1_n24_s3,24,0.1,6.1,6.0,0.0,6.59e-05,1.55e-05,4.251612903225807,-1,-1,FAIL,
ev3_ec4_n13_s1_gm,39,0.1,6.1,6.1,0.0,0.000733,3.38e-05,21.68639053254438,-1,-1,FAIL,
ev3_ec4_n37_s1_gm,111,0.0,6.1,6.1,0.0,0.00583,0.000114,51.14035087719298,-1,-1,FAIL,
ev3_ec4_n47_s2,47,0.1,6.1,6.1,0.0,0.000268,3.06e-05,8.758169934640524,-1,-1,FAIL,
ev4_ec1_n47_s0_gs,94,0.0,6.1,6.1,0.0,0.00408,0.000134,30.44776119402985,-1,-1,FAIL,
ev4_ec1_n94_s1_gs,188,0.0,6.1,6.1,0.0,0.0188,0.000486,38.68312757201646,-1,-1,FAIL,
ev4_ec1_n95_s2,95,0.2,6.1,6.0,0.0,0.000631,0.000252,2.503968253968254,-1,-1,FAIL,
ev4_ec4_n37_s1,37,0.3,6.1,6.0,0.0,0.000115,4.73e-05,2.431289640591966,-1,-1,FAIL,
ev4_ec4_n45_s1_gs,90,0.0,6.1,6.1,0.0,0.00385,0.000127,30.314960629921263,-1,-1,FAIL,
ev4_ec4_n51_s1,51,0.2,6.1,6.1,0.0,0.000204,8.1e-05,2.5185185185185186,-1,-1,FAIL,
ev4_ec4_n58_s1_gm,174,0.0,6.1,6.0,0.0,0.00879,0.000923,9.52329360780065,-1,-1,FAIL,
ev4_ec4_n68_s2_gm,204,0.0,6.1,6.1,0.0,0.0129,0.00117,11.025641025641026,-1,-1,FAIL,
ev4_ec4_n74_s3_gm,222,0.1,6.1,6.1,0.0,0.0166,0.00145,11.448275862068966,-1,-1,FAIL,
ev5_ec1_n16_s0,16,0.2,6.1,6.0,0.0,3.74e-05,9.32e-06,4.012875536480687,-1,-1,FAIL,
ev5_ec1_n17_s2,17,0.2,6.1,6.1,0.0,6.01e-05,2.32e-05,2.59051724137931,-1,-1,FAIL,
ev5_ec1_n23_s2,23,0.2,6.1,6.1,0.0,8.3e-05,2.97e-05,2.7946127946127945,-1,-1,FAIL,
ev5_ec1_n24_s2,24,0.1,6.1,6.0,0.0,7.24e-05,1.93e-05,3.7512953367875643,-1,-1,FAIL,
ev5_ec1_n27_s0,27,0.2,6.0,6.1,0.0,8.3e-05,1.99e-05,4.1708542713567835,-1,-1,FAIL,
ev5_ec1_n78_s1,78,0.1,6.1,6.1,0.0,0.000642,0.00015,4.28,-1,-1,FAIL,
ev5_ec1_n92_s3,92,0.0,6.1,6.1,0.0,0.00104,0.000202,5.148514851485148,-1,-1,FAIL,
ev5_ec1_n94_s3_gs,188,0.0,6.1,6.1,0.0,0.017,0.000676,25.147928994082843,-1,-1,FAIL,
ev5_ec4_n37_s2,37,0.3,6.1,6.1,0.0,0.000181,2.02e-05,8.96039603960396,-1,-1,FAIL,
ev5_ec4_n38_s2,38,0.3,6.1,6.0,0.0,0.000185,1.89e-05,9.78835978835979,-1,-1,FAIL,
ev5_ec4_n40_s1_gm,120,0.1,6.1,6.0,0.0,0.0066,0.000277,23.82671480144404,-1,-1,FAIL,
ev5_ec4_n42_s0,42,0.0,6.1,6.1,0.0,0.000236,2.51e-05,9.40239043824701,-1,-1,FAIL,
ev5_ec4_n50_s0,50,0.1,6.1,6.0,0.0,0.000353,2.96e-05,11.925675675675675,-1,-1,FAIL,
ev5_ec4_n61_s2_gm,183,0.0,6.1,6.1,0.0,0.0157,0.000196,80.10204081632652,-1,-1,FAIL,
ev6_ec1_n15_s3,15,0.2,6.1,6.1,0.0,2.59e-05,1.25e-05,2.072,-1,-1,FAIL,
ev6_ec1_n16_s1,16,0.2,6.1,6.1,0.0,2.8e-05,1.43e-05,1.958041958041958,-1,-1,FAIL,
ev6_ec1_n18_s3,18,0.2,6.1,6.1,0.0,3.53e-05,1.69e-05,2.088757396449704,-1,-1,FAIL,
ev6_ec1_n29_s2_gm,87,0.1,6.1,6.1,0.0,0.0027,0.000248,10.887096774193548,-1,-1,FAIL,
ev6_ec1_n30_s1,30,0.1,6.0,6.1,0.0,8.61e-05,4.03e-05,2.1364764267990077,-1,-1,FAIL,
ev6_ec1_n33_s3_gs,66,0.1,6.1,6.1,0.0,0.00254,7.4e-05,34.32432432432433,-1,-1,FAIL,
ev6_ec1_n55_s2,55,0.2,6.1,6.1,0.0,0.000393,0.000102,3.8529411764705883,-1,-1,FAIL,
ev6_ec1_n56_s3_gm,168,0.1,6.1,6.1,0.0,0.0116,0.000855,13.567251461988304,-1,-1,FAIL,
ev6_ec1_n100_s1,100,0.1,6.1,6.1,0.0,0.00113,0.000298,3.791946308724832,-1,-1,FAIL,
ev6_ec1_n100_s3,100,0.1,6.1,6.1,0.0,0.00108,0.00028,3.8571428571428577,-1,-1,FAIL,
ev7_ec1_n29_s3_gm,87,0.1,6.1,6.1,0.0,0.00342,0.000111,30.81081081081081,-1,-1,FAIL,
ev7_ec1_n75_s0_gs,150,0.0,6.1,6.1,0.0,0.00698,0.000351,19.886039886039885,-1,-1,FAIL,
ev7_ec1_n91_s2_gm,273,0.0,6.1,6.1,0.0,0.0349,0.000808,43.193069306930695,-1,-1,FAIL,
ev7_ec1_n96_s0_gm,288,0.0,6.1,6.1,0.0,0.0375,0.000963,38.940809968847354,-1,-1,FAIL,
ev7_ec1_n100_s1_gs,200,0.0,6.1,6.1,0.0,0.0133,0.00125,10.639999999999999,-1,-1,FAIL,
ev9_ec1_n45_s1_gm,135,0.2,6.1,6.1,0.0,0.00738,0.000726,10.165289256198347,-1,-1,FAIL,
ev9_ec1_n79_s2_gs,158,0.2,6.0,6.1,0.0,0.0102,0.000775,13.161290322580646,-1,-1,FAIL,
ev9_ec1_n99_s2_gm,297,0.1,6.1,6.1,0.0,0.0383,0.00313,12.236421725239618,-1,-1,FAIL,
tri4_n18_gs,36,0.1,6.1,6.0,0.0,0.000432,2.59e-05,16.679536679536678,-1,-1,FAIL,
tri6_n21_gs,42,0.1,6.1,6.1,0.0,0.000824,5.12e-05,16.09375,-1,-1,FAIL,
ev2_ec4_n71_s3_gs,142,0.2,6.0,6.0,2.19e-16,0.000612,1.26e-05,48.57142857142858,-1,-1,FAIL,
ev2_ec4_n84_s3,84,0.1,6.0,6.0,2.2e-16,0.000579,7.34e-06,78.88283378746594,-1,-1,FAIL,
ev3_ec1_n8_s2_gs,16,0.2,6.0,5.7,0.0,0.000144,1.09e-05,13.211009174311926,-1,-1,FAIL,
ev3_ec1_n43_s1_gm,129,0.0,6.0,6.0,0.0,0.00706,0.000378,18.677248677248677,-1,-1,FAIL,
ev3_ec1_n72_s0,72,0.1,6.0,6.0,0.0,0.000484,9.05e-05,5.348066298342541,-1,-1,FAIL,
ev3_ec1_n87_s3,87,0.1,6.0,6.0,0.0,0.000787,0.000209,3.7655502392344498,-1,-1,FAIL,
ev3_ec1_n89_s0,89,0.2,6.0,6.0,0.0,0.000821,0.000216,3.800925925925926,-1,-1,FAIL,
ev3_ec1_n89_s3,89,0.1,6.0,6.0,0.0,0.000825,0.000221,3.733031674208145,-1,-1,FAIL,
ev3_ec1_n94_s3,94,0.1,6.0,6.0,0.0,0.000829,0.000152,5.453947368421052,-1,-1,FAIL,
ev3_ec4_n25_s0,25,0.1,6.0,5.9,0.0,8.88e-05,1.15e-05,7.721739130434783,-1,-1,FAIL,
ev3_ec4_n42_s0,42,0.2,5.9,6.0,0.0,0.000231,2.44e-05,9.467213114754099,-1,-1,FAIL,
ev3_ec4_n53_s2_gm,159,0.0,6.0,6.0,0.0,0.0118,0.000176,67.04545454545455,-1,-1,FAIL,
ev3_ec4_n58_s2_gm,174,0.0,6.0,6.0,0.0,0.0145,0.000207,70.04830917874396,-1,-1,FAIL,
ev4_ec1_n4_s3_gs,8,0.5,5.9,6.0,0.0,3.24e-05,6.73e-06,4.814264487369986,-1,-1,FAIL,
ev4_ec1_n58_s3_gs,116,0.0,5.9,6.0,0.0,0.00665,0.00021,31.666666666666664,-1,-1,FAIL,
ev4_ec1_n68_s0_gm,204,0.1,5.9,6.0,0.0,0.0132,0.00122,10.819672131147541,-1,-1,FAIL,
ev4_ec1_n70_s2_gs,140,0.0,6.0,6.0,0.0,0.00977,0.000298,32.785234899328856,-1,-1,FAIL,
ev4_ec1_n85_s1_gm,255,0.0,6.0,6.0,0.0,0.0227,0.0018,12.611111111111112,-1,-1,FAIL,
ev4_ec4_n53_s1_gm,159,0.1,6.0,6.0,0.0,0.00727,0.000767,9.478487614080835,-1,-1,FAIL,
ev4_ec4_n59_s3_gs,118,0.0,6.0,6.0,0.0,0.00701,0.00021,33.38095238095238,-1,-1,FAIL,
ev4_ec4_n59_s3_gm,177,0.0,6.0,6.0,0.0,0.0093,0.000944,9.851694915254237,-1,-1,FAIL,
ev4_ec4_n78_s1,78,0.2,6.0,6.0,0.0,0.000478,0.000205,2.331707317073171,-1,-1,FAIL,
ev4_ec4_n94_s3,94,0.2,6.0,5.9,0.0,0.00068,0.000289,2.3529411764705888,-1,-1,FAIL,
ev4_ec4_n96_s2_gm,288,0.0,6.0,6.0,0.0,0.0285,0.00225,12.666666666666668,-1,-1,FAIL,
ev4_ec4_n99_s3,99,0.2,6.0,6.0,0.0,0.00075,0.000316,2.3734177215189876,-1,-1,FAIL,
ev5_ec1_n11_s3,11,0.1,5.9,6.0,0.0,2.78e-05,1.05e-05,2.647619047619048,-1,-1,FAIL,
ev5_ec1_n76_s1,76,0.1,6.0,6.0,0.0,0.000581,9.23e-05,6.29469122426869,-1,-1,FAIL,
ev5_ec1_n89_s3_gs,178,0.0,6.0,6.0,0.0,0.0152,0.000636,23.89937106918239,-1,-1,FAIL,
ev5_ec1_n92_s2,92,0.1,6.0,6.0,0.0,0.000984,0.000193,5.098445595854923,-1,-1,FAIL,
ev5_ec4_n30_s0,30,0.1,6.0,6.0,0.0,0.000131,1.46e-05,8.972602739726028,-1,-1,FAIL,
ev5_ec4_n85_s2,85,0.1,6.0,6.0,0.0,0.00105,0.000165,6.363636363636363,-1,-1,FAIL,
ev5_ec4_n85_s2_gm,255,0.1,6.0,6.0,0.0,0.031,0.00043,72.09302325581396,-1,-1,FAIL,
ev5_ec4_n95_s3_gm,285,0.0,6.0,6.0,0.0,0.00458,0.000374,12.245989304812834,-1,-1,FAIL,
ev5_ec4_n99_s1_gm,297,0.0,6.0,6.0,0.0,0.0409,0.000569,71.8804920913884,-1,-1,FAIL,
ev6_ec1_n34_s2_gm,102,0.0,5.9,6.0,0.0,0.0037,0.000333,11.11111111111111,-1,-1,FAIL,
ev6_ec1_n35_s2,35,0.1,6.0,5.9,0.0,0.000181,6.38e-05,2.8369905956112853,-1,-1,FAIL,
ev6_ec1_n36_s0_gm,108,0.0,6.0,6.0,0.0,0.00315,0.000371,8.49056603773585,-1,-1,FAIL,
ev6_ec1_n76_s2_gm,228,0.1,6.0,6.0,0.0,0.02,0.00149,13.422818791946309,-1,-1,FAIL,
ev6_ec1_n96_s0_gs,192,0.1,6.0,6.0,0.0,0.0208,0.00116,17.93103448275862,-1,-1,FAIL,
ev7_ec1_n39_s1_gs,78,0.3,6.0,6.0,0.0,0.00171,1.17e-05,146.15384615384616,-1,-1,FAIL,
ev7_ec1_n54_s2_gm,162,0.1,6.0,6.0,0.0,0.0118,0.000136,86.76470588235294,-1,-1,FAIL,
ev7_ec1_n76_s0_gs,152,0.0,6.0,6.0,0.0,0.00624,0.000383,16.29242819843342,-1,-1,FAIL,
ev8_ec1_n26_s2_gm,78,0.1,6.0,6.0,0.0,0.00175,0.000284,6.161971830985915,-1,-1,FAIL,
ev8_ec1_n81_s3_gm,243,0.1,6.0,6.0,0.0,0.0204,0.00203,10.049261083743842,-1,-1,FAIL,
ev9_ec1_n22_s3_gm,66,0.1,6.0,6.0,0.0,0.00165,8.22e-05,20.072992700729927,-1,-1,FAIL,
ev9_ec1_n23_s0_gm,69,0.1,6.0,6.0,0.0,0.00186,8.5e-05,21.88235294117647,-1,-1,FAIL,
tri2_n73_gs,146,0.2,6.0,6.0,0.0,0.00699,0.000486,14.382716049382715,-1,-1,FAIL,
tri2_n75,75,0.2,6.0,5.9,0.0,0.000385,0.000117,3.2905982905982905,-1,-1,FAIL,
tri2_n81_gs,162,0.1,6.0,6.0,0.0,0.00865,0.000612,14.133986928104575,-1,-1,FAIL,
tri4_n97,97,0.1,6.0,5.9,0.0,0.000601,0.000202,2.9752475247524752,-1,-1,FAIL,
tri5_n15,15,0.4,6.0,6.0,0.0,2.77e-05,1.09e-05,2.5412844036697244,-1,-1,FAIL,
tri5_n46,46,0.2,6.0,6.0,0.0,0.000151,5.12e-05,2.9492187500000004,-1,-1,FAIL,
tri7_n65_gm,195,0.0,6.0,6.0,0.0,0.0116,0.000977,11.87308085977482,-1,-1,FAIL,
ev2_ec1_n43_s3,43,0.1,5.9,5.9,2.22e-16,0.000154,5.32e-06,28.947368421052634,-1,-1,FAIL,
ev2_ec1_n64_s2_gs,128,0.2,5.9,5.9,2.15e-16,0.000839,1.04e-05,80.67307692307692,-1,-1,FAIL,
ev3_ec1_n13_s0_gs,26,0.1,5.9,5.7,0.0,0.000372,1.3e-05,28.615384615384617,-1,-1,FAIL,
ev3_ec1_n36_s3_gm,108,0.1,5.8,5.9,0.0,0.00488,0.000282,17.30496453900709,-1,-1,FAIL,
ev3_ec1_n78_s0,78,0.1,5.9,5.9,0.0,0.000636,0.000177,3.5932203389830506,-1,-1,FAIL,
ev3_ec4_n10_s3_gs,20,0.2,5.9,5.9,0.0,0.000219,7.96e-06,27.512562814070353,-1,-1,FAIL,
ev3_ec4_n28_s2_gm,84,0.0,5.9,5.9,0.0,0.00326,8.13e-05,40.09840098400984,-1,-1,FAIL,
ev3_ec4_n56_s3,56,0.1,5.9,5.9,0.0,0.000392,3.89e-05,10.077120822622108,-1,-1,FAIL,
ev3_ec4_n68_s3,68,0.1,5.9,5.9,0.0,0.000575,5.65e-05,10.176991150442477,-1,-1,FAIL,
ev3_ec4_n83_s2,83,0.1,5.9,5.9,0.0,0.000831,8.16e-05,10.183823529411764,-1,-1,FAIL,
ev3_ec4_n84_s3,84,0.0,5.9,5.9,0.0,0.000843,8.07e-05,10.446096654275093,-1,-1,FAIL,
ev4_ec1_n48_s1,48,0.3,5.9,5.9,0.0,0.000184,7.39e-05,2.4898511502029774,-1,-1,FAIL,
ev4_ec1_n54_s2_gs,108,0.0,5.9,5.9,0.0,0.00558,0.000221,25.248868778280542,-1,-1,FAIL,
ev4_ec1_n60_s0_gm,180,0.0,5.9,5.9,0.0,0.00983,0.00098,10.03061224489796,-1,-1,FAIL,
ev4_ec1_n72_s3_gm,216,0.0,5.9,5.9,0.0,0.0146,0.00134,10.895522388059701,-1,-1,FAIL,
ev4_ec1_n77_s0_gm,231,0.0,5.9,5.9,0.0,0.0172,0.00152,11.31578947368421,-1,-1,FAIL,
ev4_ec1_n82_s2_gm,246,0.0,5.9,5.9,0.0,0.0206,0.00168,12.261904761904761,-1,-1,FAIL,
ev4_ec1_n89_s1_gm,267,0.0,5.9,5.9,0.0,0.0246,0.00195,12.615384615384617,-1,-1,FAIL,
ev4_ec1_n95_s1,95,0.2,5.8,5.9,0.0,0.000672,0.000286,2.3496503496503496,-1,-1,FAIL,
ev4_ec4_n38_s0_gm,114,0.1,5.9,5.9,0.0,0.00337,0.000411,8.199513381995134,-1,-1,FAIL,
ev4_ec4_n71_s3_gm,213,0.1,5.9,5.9,0.0,0.0141,0.00134,10.522388059701491,-1,-1,FAIL,
ev4_ec4_n83_s1,83,0.2,5.9,5.9,0.0,0.000534,0.000229,2.331877729257642,-1,-1,FAIL,
ev4_ec4_n85_s3,85,0.2,5.8,5.9,0.0,0.000561,0.000241,2.3278008298755184,-1,-1,FAIL,
ev4_ec4_n90_s1_gm,270,0.0,5.9,5.9,0.0,0.0252,0.00199,12.663316582914574,-1,-1,FAIL,
ev5_ec1_n25_s2_gm,75,0.1,5.9,5.8,0.0,0.00246,0.00014,17.571428571428573,-1,-1,FAIL,
ev5_ec1_n33_s2,33,0.1,5.9,5.9,0.0,0.000118,2.42e-05,4.87603305785124,-1,-1,FAIL,
ev5_ec1_n48_s0,48,0.1,5.9,5.9,0.0,0.000248,4.61e-05,5.379609544468547,-1,-1,FAIL,
ev5_ec1_n52_s0,52,0.1,5.9,5.9,0.0,0.000309,8.31e-05,3.71841155234657,-1,-1,FAIL,
ev5_ec1_n59_s3,59,0.0,5.9,5.9,0.0,0.000468,0.000106,4.415094339622641,-1,-1,FAIL,
ev5_ec1_n76_s0,76,0.1,5.9,5.9,0.0,0.000588,9.03e-05,6.511627906976744,-1,-1,FAIL,
ev5_ec4_n19_s1_gm,57,0.1,5.8,5.9,0.0,0.00157,0.000113,13.893805309734514,-1,-1,FAIL,
ev5_ec4_n46_s0,46,0.1,5.9,5.9,0.0,0.000289,2.68e-05,10.783582089552237,-1,-1,FAIL,
ev5_ec4_n74_s0,74,0.0,5.9,5.9,0.0,0.000857,0.000153,5.601307189542483,-1,-1,FAIL,
ev6_ec1_n43_s1,43,0.2,5.9,5.9,0.0,0.000188,8.36e-05,2.248803827751196,-1,-1,FAIL,
ev6_ec1_n49_s2,49,0.1,5.9,5.9,0.0,0.000319,8.37e-05,3.8112305854241337,-1,-1,FAIL,
ev6_ec1_n59_s1_gm,177,0.0,5.9,5.9,0.0,0.0118,0.000966,12.215320910973086,-1,-1,FAIL,
ev6_ec1_n75_s3_gm,225,0.1,5.8,5.9,0.0,0.0221,0.00154,14.350649350649352,-1,-1,FAIL,
ev6_ec1_n77_s0_gm,231,0.0,5.9,5.9,0.0,0.0155,0.00151,10.264900662251655,-1,-1,FAIL,
ev7_ec1_n12_s2_gs,24,0.3,5.8,5.9,0.0,0.000177,3.81e-06,46.45669291338582,-1,-1,FAIL,
ev7_ec1_n58_s2_gs,116,0.1,5.9,5.9,0.0,0.00376,8.66e-05,43.41801385681293,-1,-1,FAIL,
ev7_ec1_n59_s2_gm,177,0.0,5.8,5.9,0.0,0.0136,0.000367,37.05722070844687,-1,-1,FAIL,
ev7_ec1_n84_s0_gs,168,0.0,5.9,5.9,0.0,0.00905,0.000402,22.512437810945276,-1,-1,FAIL,
ev7_ec1_n87_s0_gs,174,0.1,5.9,5.9,0.0,0.00952,0.000284,33.521126760563384,-1,-1,FAIL,
ev9_ec1_n37_s1_gm,111,0.1,5.8,5.9,0.0,0.00459,0.000522,8.793103448275863,-1,-1,FAIL,
tri3_n5,5,0.6,5.9,5.8,0.0,7.18e-06,3.41e-06,2.1055718475073313,-1,-1,FAIL,
tri4_n53_gs,106,0.0,5.9,5.9,0.0,0.00524,0.000139,37.697841726618705,-1,-1,FAIL,
tri4_n92,92,0.1,5.9,5.8,0.0,0.00055,0.000194,2.8350515463917527,-1,-1,FAIL,
tri5_n33,33,0.2,5.9,5.9,0.0,8.83e-05,3.27e-05,2.7003058103975537,-1,-1,FAIL,
tri5_n99,99,0.2,5.9,5.9,0.0,0.000678,0.000202,3.3564356435643563,-1,-1,FAIL,
ev1_ec1_n90_s0_gs,180,0.0,5.8,5.8,5.54e-16,0.000535,1.67e-05,32.035928143712574,-1,-1,FAIL,
ev3_ec1_n10_s1,10,0.3,5.8,5.8,0.0,2.7e-05,5.89e-06,4.584040747028862,-1,-1,FAIL,
ev3_ec1_n17_s1,17,0.1,5.7,5.8,0.0,3.72e-05,9.17e-06,4.0567066521265,-1,-1,FAIL,
ev3_ec1_n25_s1,25,0.1,5.8,5.8,0.0,7.11e-05,1.59e-05,4.471698113207546,-1,-1,FAIL,
ev3_ec1_n32_s1_gm,96,0.0,5.7,5.8,0.0,0.00387,0.000235,16.46808510638298,-1,-1,FAIL,
ev3_ec1_n48_s2,48,0.1,5.8,5.8,0.0,0.000263,8.36e-05,3.145933014354067,-1,-1,FAIL,
ev3_ec1_n49_s2,49,0.1,5.8,5.8,0.0,0.00023,4.91e-05,4.684317718940937,-1,-1,FAIL,
ev3_ec1_n65_s2,65,0.1,5.7,5.8,0.0,0.000454,0.000133,3.413533834586466,-1,-1,FAIL,
ev3_ec1_n88_s2,88,0.1,5.8,5.8,0.0,0.000779,0.00021,3.7095238095238092,-1,-1,FAIL,
ev3_ec4_n9_s1_gs,18,0.2,5.8,5.7,0.0,0.000163,6.81e-06,23.93538913362702,-1,-1,FAIL,
ev3_ec4_n45_s0,45,0.2,5.7,5.8,0.0,0.000254,2.89e-05,8.788927335640137,-1,-1,FAIL,
ev3_ec4_n48_s2_gm,144,0.1,5.8,5.8,0.0,0.00973,0.000158,61.582278481012665,-1,-1,FAIL,
ev3_ec4_n55_s0_gm,165,0.0,5.8,5.8,0.0,0.0129,0.000195,66.15384615384616,-1,-1,FAIL,
ev3_ec4_n57_s1,57,0.1,5.7,5.8,0.0,0.000469,0.000115,4.078260869565217,-1,-1,FAIL,
ev3_ec4_n75_s3_gm,225,0.1,5.8,5.8,0.0,0.0241,0.000403,59.8014888337469,-1,-1,FAIL,
ev4_ec1_n58_s2_gm,174,0.0,5.8,5.8,0.0,0.00917,0.000896,10.234375,-1,-1,FAIL,
ev4_ec1_n68_s3,68,0.2,5.8,5.8,0.0,0.000355,0.000142,2.5,-1,-1,FAIL,
ev4_ec1_n87_s0,87,0.2,5.8,5.8,0.0,0.000536,0.000213,2.516431924882629,-1,-1,FAIL,
ev4_ec1_n100_s3,100,0.1,5.8,5.7,0.0,0.000702,0.000278,2.525179856115108,-1,-1,FAIL,
ev4_ec4_n40_s3,40,0.4,5.8,5.8,0.0,0.000127,5.17e-05,2.4564796905222437,-1,-1,FAIL,
ev5_ec1_n4_s2_gm,12,0.2,5.8,5.6,0.0,4.42e-05,8.64e-06,5.1157407407407405,-1,-1,FAIL,
ev5_ec1_n37_s0,37,0.1,5.8,5.8,0.0,0.00014,2.84e-05,4.929577464788732,-1,-1,FAIL,
ev5_ec1_n70_s0,70,0.1,5.8,5.8,0.0,0.000567,0.000132,4.295454545454545,-1,-1,FAIL,
ev5_ec1_n79_s3,79,0.1,5.8,5.8,0.0,0.000764,0.000118,6.474576271186441,-1,-1,FAIL,
ev5_ec1_n87_s1,87,0.1,5.8,5.8,0.0,0.000734,0.000111,6.612612612612612,-1,-1,FAIL,
ev5_ec4_n17_s1_gm,51,0.1,5.7,5.8,0.0,0.00127,0.000103,12.330097087378642,-1,-1,FAIL,
ev5_ec4_n44_s2_gm,132,0.1,5.8,5.8,3.9e-16,0.00102,0.000121,8.429752066115704,-1,-1,FAIL,
ev5_ec4_n71_s1,71,0.0,5.7,5.8,0.0,0.000554,5.25e-05,10.552380952380952,-1,-1,FAIL,
ev5_ec4_n75_s3,75,0.1,5.8,5.8,1.61e-16,0.000653,5.23e-05,12.485659655831741,-1,-1,FAIL,
ev5_ec4_n90_s1,90,0.1,5.8,5.8,0.0,0.000998,0.000193,5.170984455958549,-1,-1,FAIL,
ev6_ec1_n8_s2_gs,16,0.2,5.8,5.8,0.0,9.26e-05,1.2e-05,7.716666666666667,-1,-1,FAIL,
ev6_ec1_n44_s2,44,0.2,5.8,5.8,0.0,0.000273,9.63e-05,2.8348909657320878,-1,-1,FAIL,
ev6_ec1_n56_s2_gm,168,0.0,5.8,5.8,0.0,0.00991,0.00086,11.523255813953488,-1,-1,FAIL,
ev6_ec1_n98_s2,98,0.1,5.8,5.8,0.0,0.00117,0.000289,4.048442906574395,-1,-1,FAIL,
ev7_ec1_n23_s0_gs,46,0.3,5.8,5.8,0.0,0.00062,5.76e-06,107.63888888888889,-1,-1,FAIL,
ev7_ec1_n29_s1_gs,58,0.2,5.8,5.8,0.0,0.000941,6.03e-06,156.0530679933665,-1,-1,FAIL,
ev7_ec1_n34_s2_gs,68,0.3,5.8,5.7,0.0,0.00133,7.36e-06,180.70652173913044,-1,-1,FAIL,
ev7_ec1_n93_s0_gm,279,0.0,5.8,5.8,0.0,0.0366,0.000556,65.82733812949641,-1,-1,FAIL,
ev8_ec1_n8_s1_gm,24,0.2,5.8,5.8,0.0,0.000183,4.12e-05,4.441747572815534,-1,-1,FAIL,
ev8_ec1_n14_s3_gm,42,0.2,5.7,5.8,0.0,0.000539,7.51e-05,7.177097203728362,-1,-1,FAIL,
ev8_ec1_n71_s1_gm,213,0.0,5.8,5.8,0.0,0.0158,0.00167,9.461077844311378,-1,-1,FAIL,
ev9_ec1_n31_s3_gm,93,0.1,5.7,5.8,0.0,0.00327,0.000139,23.52517985611511,-1,-1,FAIL,
ev9_ec1_n64_s0_gm,192,0.0,5.8,5.8,0.0,0.0145,0.00135,10.74074074074074,-1,-1,FAIL,
ev9_ec1_n98_s0_gm,294,0.0,5.8,5.8,0.0,0.0377,0.00314,12.006369426751592,-1,-1,FAIL,
tri5_n18_gs,36,0.1,5.8,5.8,0.0,0.00041,2.58e-05,15.891472868217054,-1,-1,FAIL,
tri6_n92_gs,184,0.0,5.8,5.8,0.0,0.0194,0.000807,24.039653035935565,-1,-1,FAIL,
tri7_n11_gs,22,0.2,5.8,5.8,0.0,0.000165,1.44e-05,11.458333333333334,-1,-1,FAIL,
ev1_ec1_n36_s3_gs,72,0.0,5.7,5.6,0.0,0.000102,8.71e-06,11.710677382319174,-1,-1,FAIL,
ev1_ec1_n52_s0_gs,104,0.0,5.7,5.7,1.47e-16,0.00022,1.38e-05,15.942028985507246,-1,-1,FAIL,
ev2_ec4_n94_s0,94,0.0,5.7,5.7,2.12e-16,0.00088,7.57e-06,116.24834874504623,-1,-1,FAIL,
ev3_ec1_n7_s1_gs,14,0.2,5.7,5.7,0.0,0.000112,7.66e-06,14.621409921671018,-1,-1,FAIL,
ev3_ec1_n27_s1,27,0.1,5.7,5.7,0.0,8.07e-05,1.84e-05,4.385869565217391,-1,-1,FAIL,
ev3_ec1_n37_s1,37,0.1,5.7,5.7,0.0,0.000138,3.06e-05,4.509803921568627,-1,-1,FAIL,
ev3_ec1_n45_s1,45,0.1,5.7,5.7,0.0,0.000231,7.3e-05,3.164383561643836,-1,-1,FAIL,
ev3_ec1_n63_s3,63,0.1,5.7,5.7,0.0,0.000384,7.33e-05,5.238744884038199,-1,-1,FAIL,
ev3_ec1_n69_s0,69,0.1,5.7,5.6,0.0,0.000442,8.35e-05,5.293413173652695,-1,-1,FAIL,
ev3_ec1_n82_s3,82,0.1,5.7,5.7,0.0,0.000624,0.000116,5.379310344827586,-1,-1,FAIL,
ev3_ec1_n84_s3,84,0.1,5.7,5.7,0.0,0.00073,0.000192,3.802083333333333,-1,-1,FAIL,
ev3_ec1_n93_s3,93,0.1,5.7,5.7,0.0,0.000889,0.000222,4.004504504504505,-1,-1,FAIL,
ev3_ec4_n14_s0_gm,42,0.1,5.7,5.7,0.0,0.000855,5.59e-05,15.295169946332738,-1,-1,FAIL,
ev3_ec4_n41_s0_gm,123,0.2,5.7,5.7,4.11e-16,0.000881,0.000127,6.937007874015748,-1,-1,FAIL,
ev3_ec4_n62_s1_gm,186,0.1,5.7,5.7,0.0,0.0162,0.000234,69.23076923076923,-1,-1,FAIL,
ev3_ec4_n65_s3,65,0.1,5.6,5.7,0.0,0.000522,4.83e-05,10.807453416149068,-1,-1,FAIL,
ev3_ec4_n85_s3,85,0.1,5.7,5.7,0.0,0.000877,7.77e-05,11.287001287001285,-1,-1,FAIL,
ev4_ec1_n14_s2_gs,28,0.1,5.7,5.6,0.0,0.00027,1.97e-05,13.705583756345177,-1,-1,FAIL,
ev4_ec1_n72_s1_gm,216,0.0,5.7,5.7,0.0,0.0153,0.00136,11.249999999999998,-1,-1,FAIL,
ev4_ec4_n44_s1_gm,132,0.1,5.6,5.7,0.0,0.00468,0.000528,8.863636363636363,-1,-1,FAIL,
ev4_ec4_n52_s1_gm,156,0.0,5.7,5.7,0.0,0.00692,0.000746,9.276139410187668,-1,-1,FAIL,
ev4_ec4_n81_s3_gm,243,0.0,5.7,5.7,0.0,0.0199,0.0017,11.705882352941178,-1,-1,FAIL,
ev5_ec1_n3_s2_gs,6,0.5,5.7,5.3,0.0,2.29e-05,2.71e-06,8.450184501845019,-1,-1,FAIL,
ev5_ec1_n12_s0_gs,24,0.2,5.7,5.6,0.0,0.000333,1.42e-05,23.450704225352116,-1,-1,FAIL,
ev5_ec1_n72_s2,72,0.1,5.7,5.7,0.0,0.00056,0.000131,4.274809160305343,-1,-1,FAIL,
ev5_ec1_n90_s0_gm,270,0.0,5.7,5.7,0.0,0.0338,0.00108,31.296296296296294,-1,-1,FAIL,
ev5_ec4_n18_s0_gs,36,0.1,5.7,5.6,0.0,0.000572,1.28e-05,44.68750000000001,-1,-1,FAIL,
ev5_ec4_n44_s3,44,0.1,5.7,5.7,0.0,0.00024,2.37e-05,10.126582278481013,-1,-1,FAIL,
ev5_ec4_n59_s1_gs,118,0.0,5.7,5.7,0.0,0.0065,0.000145,44.82758620689655,-1,-1,FAIL,
ev5_ec4_n60_s3,60,0.1,5.7,5.7,0.0,0.00041,3.49e-05,11.747851002865328,-1,-1,FAIL,
ev5_ec4_n66_s2,66,0.1,5.7,5.7,0.0,0.000549,4.21e-05,13.040380047505938,-1,-1,FAIL,
ev5_ec4_n79_s0_gs,158,0.0,5.7,5.7,0.0,0.0112,0.000175,64.0,-1,-1,FAIL,
ev6_ec1_n45_s3_gs,90,0.1,5.7,5.7,0.0,0.00476,0.000132,36.06060606060606,-1,-1,FAIL,
ev6_ec1_n62_s2_gm,186,0.1,5.7,5.7,0.0,0.0135,0.00105,12.857142857142858,-1,-1,FAIL,
ev6_ec1_n71_s3,71,0.1,5.7,5.7,0.0,0.000533,0.000148,3.6013513513513518,-1,-1,FAIL,
ev6_ec1_n76_s3_gs,152,0.0,5.7,5.7,0.0,0.0143,0.000337,42.433234421364986,-1,-1,FAIL,
ev6_ec1_n77_s3_gs,154,0.0,5.7,5.7,0.0,0.0147,0.00036,40.83333333333333,-1,-1,FAIL,
ev6_ec1_n86_s0_gs,172,0.0,5.7,5.7,0.0,0.0167,0.000454,36.784140969163,-1,-1,FAIL,
ev6_ec1_n93_s3,93,0.1,5.7,5.7,0.0,0.000936,0.00024,3.9,-1,-1,FAIL,
ev7_ec1_n36_s1_gm,108,0.1,5.7,5.6,0.0,0.005,7e-05,71.42857142857143,-1,-1,FAIL,
ev7_ec1_n37_s2_gs,74,0.2,5.7,5.7,0.0,0.00163,8.53e-06,191.09026963657678,-1,-1,FAIL,
ev7_ec1_n58_s2,58,0.2,5.7,5.7,0.0,0.000857,3.95e-05,21.69620253164557,-1,-1,FAIL,
ev7_ec1_n65_s1_gs,130,0.1,5.6,5.7,0.0,0.00526,0.00028,18.78571428571429,-1,-1,FAIL,
ev8_ec1_n32_s0_gm,96,0.0,5.7,5.7,0.0,0.00269,0.000369,7.289972899728997,-1,-1,FAIL,
ev8_ec1_n44_s1_gm,132,0.1,5.7,5.7,0.0,0.00584,0.00067,8.71641791044776,-1,-1,FAIL,
ev8_ec1_n49_s0_gm,147,0.1,5.7,5.7,0.0,0.00666,0.000781,8.52752880921895,-1,-1,FAIL,
ev9_ec1_n17_s1,17,0.1,5.7,5.7,0.0,5.81e-05,1.52e-05,3.822368421052632,-1,-1,FAIL,
tri2_n62_gs,124,0.1,5.7,5.7,0.0,0.00503,0.000361,13.933518005540165,-1,-1,FAIL,
tri2_n93,93,0.1,5.7,5.7,0.0,0.000563,0.000165,3.412121212121212,-1,-1,FAIL,
tri4_n77,77,0.2,5.7,5.7,0.0,0.000389,0.000136,2.860294117647059,-1,-1,FAIL,
tri5_n28_gs,56,0.0,5.7,5.6,0.0,0.00099,4.97e-05,19.919517102615693,-1,-1,FAIL,
tri5_n41_gs,82,0.0,5.7,5.7,0.0,0.00216,8.71e-05,24.799081515499424,-1,-1,FAIL,
tri5_n71,71,0.3,5.7,5.7,0.0,0.000357,0.000113,3.1592920353982303,-1,-1,FAIL,
tri5_n76_gs,152,0.0,5.7,5.7,0.0,0.00739,0.000251,29.442231075697215,-1,-1,FAIL,
tri5_n95_gs,190,0.0,5.7,5.7,0.0,0.0116,0.000367,31.607629427792915,-1,-1,FAIL,
ev2_ec1_n63_s1,63,0.1,5.6,5.6,2.06e-16,0.000296,6.28e-06,47.13375796178344,-1,-1,FAIL,
ev2_ec1_n70_s3,70,0.1,5.6,5.6,2.13e-16,0.000392,6.86e-06,57.14285714285714,-1,-1,FAIL,
ev2_ec1_n80_s1,80,0.1,5.6,5.5,0.0,0.000425,6.88e-06,61.77325581395348,-1,-1,FAIL,
ev3_ec1_n62_s2,62,0.1,5.6,5.6,0.0,0.000364,7.04e-05,5.170454545454545,-1,-1,FAIL,
ev3_ec4_n11_s3_gm,33,0.4,5.6,5.6,0.0,0.000549,4.22e-05,13.00947867298578,-1,-1,FAIL,
ev3_ec4_n18_s1_gs,36,0.1,5.5,5.6,0.0,0.000642,2.48e-05,25.887096774193548,-1,-1,FAIL,
ev3_ec4_n38_s3_gm,114,0.0,5.6,5.5,0.0,0.00608,0.000116,52.41379310344828,-1,-1,FAIL,
ev3_ec4_n40_s0_gm,120,0.2,5.6,5.6,0.0,0.00676,0.000126,53.65079365079365,-1,-1,FAIL,
ev3_ec4_n68_s0_gs,136,0.1,5.6,5.6,0.0,0.0086,0.000238,36.134453781512605,-1,-1,FAIL,
ev3_ec4_n70_s1_gm,210,0.0,5.6,5.6,0.0,0.0211,0.000284,74.29577464788733,-1,-1,FAIL,
ev3_ec4_n80_s1_gm,240,0.0,5.6,5.6,0.0,0.0275,0.000353,77.90368271954674,-1,-1,FAIL,
ev3_ec4_n98_s2,98,0.1,5.6,5.6,0.0,0.00128,0.000222,5.765765765765766,-1,-1,FAIL,
ev4_ec1_n53_s3_gs,106,0.0,5.6,5.6,0.0,0.00547,0.000199,27.487437185929647,-1,-1,FAIL,
ev4_ec1_n69_s1,69,0.2,5.6,5.5,0.0,0.000363,0.000144,2.520833333333333,-1,-1,FAIL,
ev4_ec1_n77_s2,77,0.2,5.6,5.6,0.0,0.000433,0.000175,2.474285714285714,-1,-1,FAIL,
ev4_ec4_n21_s3,21,0.4,5.5,5.6,0.0,4.31e-05,1.88e-05,2.2925531914893615,-1,-1,FAIL,
ev4_ec4_n64_s2,64,0.2,5.6,5.6,0.0,0.000341,0.000151,2.258278145695364,-1,-1,FAIL,
ev4_ec4_n66_s3_gm,198,0.0,5.6,5.6,0.0,0.012,0.00114,10.526315789473685,-1,-1,FAIL,
ev5_ec1_n30_s3,30,0.0,5.6,5.6,0.0,0.000116,2.18e-05,5.321100917431193,-1,-1,FAIL,
ev5_ec1_n41_s0_gm,123,0.0,5.6,5.6,0.0,0.00666,0.000325,20.492307692307694,-1,-1,FAIL,
ev5_ec1_n45_s0,45,0.1,5.6,5.6,0.0,0.000255,7e-05,3.6428571428571432,-1,-1,FAIL,
ev5_ec1_n71_s1,71,0.1,5.6,5.6,0.0,0.000503,8.43e-05,5.966785290628707,-1,-1,FAIL,
ev5_ec1_n71_s2_gs,142,0.1,5.6,5.6,0.0,0.0105,0.000297,35.35353535353536,-1,-1,FAIL,
ev5_ec4_n22_s0_gs,44,0.2,5.6,5.6,0.0,0.000904,2.23e-05,40.53811659192825,-1,-1,FAIL,
ev5_ec4_n46_s2_gm,138,0.1,5.6,5.6,5.29e-16,0.00114,0.00014,8.142857142857144,-1,-1,FAIL,
ev5_ec4_n47_s0_gm,141,0.0,5.6,5.6,0.0,0.00918,0.000269,34.12639405204462,-1,-1,FAIL,
ev5_ec4_n49_s1_gm,147,0.0,5.6,5.6,0.0,0.0101,0.000288,35.06944444444444,-1,-1,FAIL,
ev5_ec4_n56_s3,56,0.1,5.5,5.6,1.43e-16,0.000364,3.22e-05,11.304347826086959,-1,-1,FAIL,
ev5_ec4_n72_s0,72,0.0,5.6,5.6,0.0,0.000787,0.000136,5.786764705882353,-1,-1,FAIL,
ev5_ec4_n74_s2_gm,222,0.0,5.6,5.6,0.0,0.0232,0.000269,86.2453531598513,-1,-1,FAIL,
ev6_ec1_n8_s1,8,0.4,5.6,5.5,0.0,1.35e-05,6.66e-06,2.027027027027027,-1,-1,FAIL,
ev6_ec1_n11_s0,11,0.4,5.5,5.6,0.0,1.54e-05,8.97e-06,1.7168338907469343,-1,-1,FAIL,
ev6_ec1_n18_s1,18,0.2,5.6,5.6,0.0,3.58e-05,1.76e-05,2.034090909090909,-1,-1,FAIL,
ev6_ec1_n48_s1_gs,96,0.0,5.6,5.5,0.0,0.00504,0.000191,26.387434554973822,-1,-1,FAIL,
ev6_ec1_n76_s0,76,0.1,5.6,5.6,0.0,0.000602,0.000176,3.4204545454545454,-1,-1,FAIL,
ev6_ec1_n89_s0_gm,267,0.2,5.6,5.6,0.0,0.0249,0.002,12.45,-1,-1,FAIL,
ev6_ec1_n100_s0,100,0.1,5.6,5.6,0.0,0.00112,0.000366,3.060109289617486,-1,-1,FAIL,
ev7_ec1_n52_s3_gs,104,0.0,5.6,5.6,0.0,0.00331,0.000378,8.756613756613756,-1,-1,FAIL,
ev7_ec1_n66_s1_gm,198,0.0,5.6,5.6,0.0,0.0177,0.000646,27.399380804953562,-1,-1,FAIL,
ev7_ec1_n68_s1_gs,136,0.0,5.6,5.6,0.0,0.00544,0.000264,20.606060606060606,-1,-1,FAIL,
ev7_ec1_n78_s3_gs,156,0.0,5.6,5.6,0.0,0.00785,0.00039,20.128205128205128,-1,-1,FAIL,
ev8_ec1_n29_s1_gm,87,0.1,5.6,5.6,0.0,0.00221,0.000304,7.269736842105264,-1,-1,FAIL,
ev9_ec1_n28_s1_gs,56,0.2,5.6,5.6,0.0,0.00121,0.000112,10.803571428571429,-1,-1,FAIL,
ev9_ec1_n76_s3_gm,228,0.2,5.6,5.6,0.0,0.0222,0.000607,36.57331136738056,-1,-1,FAIL,
ev9_ec1_n83_s0_gm,249,0.1,5.6,5.5,0.0,0.0261,0.00226,11.548672566371684,-1,-1,FAIL,
ev9_ec1_n100_s3_gm,300,0.0,5.6,5.6,0.0,0.0368,0.00316,11.645569620253164,-1,-1,FAIL,
tri2_n21,21,0.3,5.6,5.6,0.0,4.01e-05,1.69e-05,2.3727810650887573,-1,-1,FAIL,
tri2_n27,27,0.2,5.5,5.6,0.0,6.02e-05,2.41e-05,2.4979253112033195,-1,-1,FAIL,
tri2_n56,56,0.3,5.6,5.6,0.0,0.00021,6.81e-05,3.0837004405286343,-1,-1,FAIL,
tri2_n83,83,0.1,5.6,5.6,0.0,0.00046,0.000142,3.2394366197183095,-1,-1,FAIL,
tri5_n85_gs,170,0.0,5.6,5.6,0.0,0.0095,0.000307,30.944625407166125,-1,-1,FAIL,
tri6_n67_gm,201,0.0,5.6,5.5,0.0,0.0118,0.00108,10.925925925925926,-1,-1,FAIL,
tri7_n72_gm,216,0.0,5.6,5.6,0.0,0.0147,0.00116,12.672413793103448,-1,-1,FAIL,
ev1_ec1_n64_s0_gs,128,0.0,5.5,5.4,0.0,0.000301,1.05e-05,28.666666666666668,-1,-1,FAIL,
ev1_ec4_n83_s2_gs,166,0.0,5.5,5.5,3.19e-16,0.000327,1.34e-05,24.402985074626862,-1,-1,FAIL,
ev2_ec4_n19_s1_gm,57,0.1,5.4,5.5,0.0,0.000233,6.41e-06,36.349453978159126,-1,-1,FAIL,
ev2_ec4_n86_s2_gs,172,0.3,5.5,5.5,0.0,0.00194,1.33e-05,145.86466165413535,-1,-1,FAIL,
ev3_ec1_n21_s1_gs,42,0.1,5.4,5.5,0.0,0.000981,4.73e-05,20.739957716701905,-1,-1,FAIL,
ev3_ec1_n21_s2,21,0.1,5.5,5.5,0.0,5.49e-05,1.43e-05,3.839160839160839,-1,-1,FAIL,
ev3_ec1_n61_s3,61,0.1,5.5,5.5,0.0,0.000412,0.000125,3.296,-1,-1,FAIL,
ev3_ec1_n89_s2,89,0.1,5.5,5.5,0.0,0.000804,0.00021,3.8285714285714287,-1,-1,FAIL,
ev3_ec4_n23_s0,23,0.2,5.5,5.5,0.0,7.92e-05,1.11e-05,7.135135135135135,-1,-1,FAIL,
ev3_ec4_n45_s0_gs,90,0.1,5.5,5.5,0.0,0.00376,8.55e-05,43.9766081871345,-1,-1,FAIL,
ev3_ec4_n78_s1_gm,234,0.0,5.5,5.5,0.0,0.0258,0.000323,79.87616099071208,-1,-1,FAIL,
ev4_ec1_n41_s1_gm,123,0.0,5.5,5.5,0.0,0.00397,0.000467,8.501070663811563,-1,-1,FAIL,
ev4_ec1_n60_s3_gm,180,0.0,5.5,5.5,0.0,0.00995,0.000983,10.122075279755851,-1,-1,FAIL,
ev4_ec1_n73_s3,73,0.2,5.5,5.5,0.0,0.000409,0.000176,2.3238636363636367,-1,-1,FAIL,
ev4_ec1_n81_s1_gm,243,0.0,5.5,5.4,0.0,0.0209,0.0017,12.294117647058822,-1,-1,FAIL,
ev4_ec4_n34_s2_gm,102,0.1,5.5,5.5,0.0,0.00263,0.000343,7.667638483965015,-1,-1,FAIL,
ev4_ec4_n55_s0_gs,110,0.0,5.5,5.5,0.0,0.00582,0.000183,31.80327868852459,-1,-1,FAIL,
ev4_ec4_n69_s0,69,0.2,5.5,5.5,0.0,0.000364,0.000144,2.5277777777777777,-1,-1,FAIL,
ev4_ec4_n76_s0,76,0.2,5.5,5.5,0.0,0.000437,0.000174,2.5114942528735633,-1,-1,FAIL,
ev4_ec4_n84_s3,84,0.1,5.5,5.5,0.0,0.000548,0.000231,2.3722943722943723,-1,-1,FAIL,
ev4_ec4_n92_s3,92,0.2,5.5,5.4,0.0,0.000658,0.000284,2.316901408450704,-1,-1,FAIL,
ev4_ec4_n96_s1,96,0.2,5.5,5.5,0.0,0.000676,0.000262,2.580152671755725,-1,-1,FAIL,
ev4_ec4_n100_s1_gm,300,0.0,5.5,5.5,0.0,0.0327,0.00246,13.292682926829269,-1,-1,FAIL,
ev5_ec1_n7_s0,7,0.1,5.5,5.4,0.0,1.7e-05,7.1e-06,2.3943661971830985,-1,-1,FAIL,
ev5_ec1_n17_s0,17,0.1,5.5,5.5,0.0,3.58e-05,1.14e-05,3.140350877192983,-1,-1,FAIL,
ev5_ec1_n33_s0,33,0.1,5.5,5.4,0.0,0.000132,4.05e-05,3.2592592592592595,-1,-1,FAIL,
ev5_ec1_n33_s3,33,0.0,5.5,5.5,0.0,0.000143,2.5e-05,5.72,-1,-1,FAIL,
ev5_ec1_n39_s1,39,0.1,5.4,5.5,0.0,0.000177,3.12e-05,5.673076923076923,-1,-1,FAIL,
ev5_ec1_n60_s2_gs,120,0.0,5.5,5.5,0.0,0.00741,0.000283,26.18374558303887,-1,-1,FAIL,
ev5_ec4_n11_s3_gm,33,0.1,5.2,5.5,0.0,0.000538,4.3e-05,12.511627906976743,-1,-1,FAIL,
ev5_ec4_n40_s3_gs,80,0.1,5.4,5.5,0.0,0.000453,8.32e-05,5.444711538461538,-1,-1,FAIL,
ev5_ec4_n42_s2_gm,126,0.1,5.5,5.5,4.88e-16,0.000916,0.000127,7.212598425196851,-1,-1,FAIL,
ev5_ec4_n45_s3,45,0.1,5.4,5.5,0.0,0.000257,2.58e-05,9.96124031007752,-1,-1,FAIL,
ev5_ec4_n63_s3_gm,189,0.0,5.5,5.5,0.0,0.0174,0.000349,49.85673352435529,-1,-1,FAIL,
ev6_ec1_n8_s3,8,0.4,5.5,5.5,0.0,1.13e-05,6.69e-06,1.6890881913303437,-1,-1,FAIL,
ev6_ec1_n28_s2,28,0.1,5.5,5.5,0.0,0.0001,2.74e-05,3.649635036496351,-1,-1,FAIL,
ev6_ec1_n52_s2_gs,104,0.0,5.5,5.5,0.0,0.00603,0.00018,33.5,-1,-1,FAIL,
ev6_ec1_n66_s1_gs,132,0.0,5.5,5.5,0.0,0.011,0.000265,41.50943396226415,-1,-1,FAIL,
ev6_ec1_n67_s3_gs,134,0.0,5.5,5.5,0.0,0.011,0.000265,41.50943396226415,-1,-1,FAIL,
ev6_ec1_n80_s2_gs,160,0.0,5.5,5.5,0.0,0.0154,0.000494,31.174089068825914,-1,-1,FAIL,
ev6_ec1_n81_s2_gm,243,0.0,5.5,5.5,0.0,0.0215,0.00168,12.797619047619046,-1,-1,FAIL,
ev6_ec1_n84_s3,84,0.1,5.5,5.5,0.0,0.000771,0.000206,3.7427184466019416,-1,-1,FAIL,
ev6_ec1_n100_s2_gs,200,0.0,5.5,5.5,0.0,0.0236,0.000765,30.84967320261438,-1,-1,FAIL,
ev7_ec1_n16_s2_gm,48,0.2,5.5,5.5,0.0,0.000886,6.56e-06,135.0609756097561,-1,-1,FAIL,
ev7_ec1_n92_s0_gm,276,0.0,5.5,5.5,0.0,0.0354,0.000392,90.3061224489796,-1,-1,FAIL,
ev7_ec1_n92_s1_gm,276,0.0,5.5,5.4,0.0,0.0356,0.000475,74.94736842105263,-1,-1,FAIL,
ev9_ec1_n8_s0_gs,16,0.8,5.5,5.3,0.0,7.38e-05,1.17e-05,6.307692307692308,-1,-1,FAIL,
ev9_ec1_n28_s0_gs,56,0.6,5.5,5.5,0.0,0.00117,0.000114,10.263157894736842,-1,-1,FAIL,
ev9_ec1_n59_s0_gm,177,0.2,5.5,5.5,0.0,0.0129,0.000399,32.330827067669176,-1,-1,FAIL,
ev9_ec1_n80_s3_gm,240,0.1,5.5,5.5,0.0,0.023,0.000647,35.54868624420402,-1,-1,FAIL,
tri2_n22,22,0.4,5.5,5.3,0.0,4.33e-05,1.71e-05,2.532163742690059,-1,-1,FAIL,
tri5_n78,78,0.1,5.5,5.5,0.0,0.000425,0.000129,3.294573643410853,-1,-1,FAIL,
tri5_n82_gs,164,0.0,5.5,5.5,0.0,0.00856,0.000287,29.825783972125436,-1,-1,FAIL,
tri6_n95_gm,285,0.0,5.5,5.5,0.0,0.0246,0.00214,11.495327102803738,-1,-1,FAIL,
tri7_n47_gm,141,0.0,5.5,5.5,0.0,0.00575,0.000544,10.569852941176471,-1,-1,FAIL,
tri7_n56_gm,168,0.0,5.5,5.5,0.0,0.00873,0.000758,11.517150395778364,-1,-1,FAIL,
ev1_ec1_n46_s3_gs,92,0.0,5.4,5.4,3.35e-16,0.00013,1.08e-05,12.037037037037036,-1,-1,FAIL,
ev2_ec1_n46_s3_gm,138,0.0,5.4,5.4,1.88e-16,0.000544,1.42e-05,38.309859154929576,-1,-1,FAIL,
ev2_ec1_n85_s0,85,0.1,5.4,5.4,0.0,0.00085,8.24e-06,103.15533980582522,-1,-1,FAIL,
ev2_ec1_n99_s0_gs,198,0.2,5.4,5.4,1.78e-16,0.00112,1.55e-05,72.25806451612902,-1,-1,FAIL,
ev3_ec1_n8_s3_gm,24,0.1,5.4,5.4,0.0,0.000203,1.88e-05,10.797872340425533,-1,-1,FAIL,
ev3_ec1_n10_s3,10,0.2,5.4,5.2,0.0,2.1e-05,5.69e-06,3.6906854130052724,-1,-1,FAIL,
ev3_ec1_n42_s1,42,0.2,5.3,5.4,0.0,0.000175,3.41e-05,5.131964809384164,-1,-1,FAIL,
ev3_ec1_n44_s1,44,0.1,5.4,5.4,0.0,0.000192,4.01e-05,4.788029925187033,-1,-1,FAIL,
ev3_ec1_n46_s2,46,0.1,5.4,5.4,0.0,0.000203,4.16e-05,4.8798076923076925,-1,-1,FAIL,
ev3_ec1_n49_s0,49,0.1,5.4,5.4,0.0,0.000276,8.68e-05,3.1797235023041477,-1,-1,FAIL,
ev3_ec4_n20_s0,20,0.2,5.3,5.4,0.0,6.22e-05,9.3e-06,6.688172043010751,-1,-1,FAIL,
ev3_ec4_n44_s0_gm,132,0.0,5.4,5.4,0.0,0.00819,0.000135,60.666666666666664,-1,-1,FAIL,
ev3_ec4_n55_s2_gm,165,0.0,5.4,5.3,0.0,0.0132,0.000262,50.38167938931297,-1,-1,FAIL,
ev3_ec4_n70_s0,70,0.2,5.4,5.4,0.0,0.000613,5.66e-05,10.830388692579506,-1,-1,FAIL,
ev3_ec4_n83_s3_gm,249,0.0,5.4,5.4,0.0,0.0296,0.000347,85.30259365994237,-1,-1,FAIL,
ev3_ec4_n84_s1,84,0.1,5.4,5.4,0.0,0.000869,8.18e-05,10.623471882640587,-1,-1,FAIL,
ev3_ec4_n94_s0_gs,188,0.0,5.4,5.4,0.0,0.00247,0.000259,9.536679536679536,-1,-1,FAIL,
ev4_ec1_n39_s3_gm,117,0.1,5.4,5.4,0.0,0.00355,0.000445,7.977528089887642,-1,-1,FAIL,
ev4_ec1_n45_s0,45,0.2,5.3,5.4,0.0,0.000173,7.18e-05,2.4094707520891365,-1,-1,FAIL,
ev4_ec1_n61_s2_gm,183,0.0,5.4,5.4,0.0,0.0099,0.000978,10.122699386503069,-1,-1,FAIL,
ev4_ec1_n82_s0,82,0.2,5.4,5.4,0.0,0.00049,0.000196,2.5,-1,-1,FAIL,
ev4_ec1_n94_s3,94,0.2,5.4,5.3,0.0,0.000642,0.000252,2.5476190476190474,-1,-1,FAIL,
ev4_ec1_n98_s1_gm,294,0.0,5.4,5.4,0.0,0.031,0.00237,13.080168776371307,-1,-1,FAIL,
ev4_ec4_n9_s1_gs,18,0.1,5.4,5.3,0.0,0.000118,1.11e-05,10.63063063063063,-1,-1,FAIL,
ev4_ec4_n52_s3_gm,156,0.1,5.4,5.4,0.0,0.00678,0.000748,9.064171122994653,-1,-1,FAIL,
ev4_ec4_n56_s2_gm,168,0.0,5.4,5.4,0.0,0.0082,0.000848,9.669811320754718,-1,-1,FAIL,
ev4_ec4_n71_s1,71,0.2,5.4,5.3,0.0,0.000407,0.000177,2.299435028248588,-1,-1,FAIL,
ev4_ec4_n83_s2_gm,249,0.0,5.4,5.4,0.0,0.0202,0.00174,11.60919540229885,-1,-1,FAIL,
ev4_ec4_n94_s3_gm,282,0.0,5.4,5.4,0.0,0.0278,0.00215,12.930232558139535,-1,-1,FAIL,
ev5_ec1_n6_s1_gs,12,0.3,5.4,5.4,0.0,8.08e-05,6.13e-06,13.181076672104405,-1,-1,FAIL,
ev5_ec1_n34_s2,34,0.2,5.4,5.4,0.0,0.000126,2.39e-05,5.2719665271966525,-1,-1,FAIL,
ev5_ec1_n42_s2,42,0.1,5.4,5.4,0.0,0.000182,3.32e-05,5.481927710843373,-1,-1,FAIL,
ev5_ec1_n44_s2,44,0.1,5.3,5.4,0.0,0.000196,3.97e-05,4.937027707808563,-1,-1,FAIL,
ev5_ec1_n97_s3,97,0.1,5.4,5.4,0.0,0.00115,0.000212,5.4245283018867925,-1,-1,FAIL,
ev5_ec4_n15_s0_gm,45,0.1,5.4,5.4,0.0,0.000988,7e-05,14.114285714285714,-1,-1,FAIL,
ev5_ec4_n22_s3_gm,66,0.1,5.4,5.3,0.0,0.00208,5.73e-05,36.30017452006981,-1,-1,FAIL,
ev5_ec4_n37_s3,37,0.2,5.4,5.4,0.0,0.000182,1.98e-05,9.191919191919192,-1,-1,FAIL,
ev5_ec4_n38_s0_gs,76,0.1,5.4,5.4,0.0,0.00258,4.52e-05,57.07964601769911,-1,-1,FAIL,
ev5_ec4_n42_s2_gs,84,0.2,5.4,5.4,1.38e-16,0.000478,4.47e-05,10.693512304250559,-1,-1,FAIL,
ev5_ec4_n48_s3,48,0.1,5.4,5.4,0.0,0.000331,7.05e-05,4.695035460992908,-1,-1,FAIL,
ev5_ec4_n56_s2_gs,112,0.1,5.4,5.3,0.0,0.00575,8.17e-05,70.3794369645043,-1,-1,FAIL,
ev5_ec4_n63_s2,63,0.1,5.4,5.4,0.0,0.000484,4.06e-05,11.921182266009852,-1,-1,FAIL,
ev5_ec4_n73_s0,73,0.1,5.3,5.4,0.0,0.000742,4.75e-05,15.621052631578948,-1,-1,FAIL,
ev5_ec4_n78_s2,78,0.1,5.4,5.4,0.0,0.000766,5.61e-05,13.654188948306594,-1,-1,FAIL,
ev6_ec1_n16_s0,16,0.2,5.4,5.3,0.0,2.61e-05,1.19e-05,2.19327731092437,-1,-1,FAIL,
ev6_ec1_n45_s2_gm,135,0.0,5.4,5.4,0.0,0.00668,0.000559,11.949910554561717,-1,-1,FAIL,
ev6_ec1_n49_s2_gs,98,0.1,5.4,5.4,0.0,0.00568,0.000168,33.80952380952381,-1,-1,FAIL,
ev6_ec1_n96_s3,96,0.1,5.4,5.3,0.0,0.00097,0.000252,3.8492063492063493,-1,-1,FAIL,
ev7_ec1_n60_s0_gm,180,0.1,5.4,5.4,0.0,0.0143,3.39e-05,421.8289085545723,-1,-1,FAIL,
ev7_ec1_n77_s3_gs,154,0.0,5.4,5.4,0.0,0.00726,0.000417,17.41007194244604,-1,-1,FAIL,
ev9_ec1_n63_s0_gm,189,0.0,5.4,5.4,0.0,0.0147,0.0014,10.5,-1,-1,FAIL,
ev9_ec1_n67_s1_gm,201,0.1,5.4,5.4,0.0,0.0174,0.00151,11.52317880794702,-1,-1,FAIL,
tri4_n10_gs,20,0.2,5.3,5.4,0.0,0.000134,1.19e-05,11.260504201680673,-1,-1,FAIL,
tri4_n48,48,0.3,5.4,5.3,0.0,0.000163,6.07e-05,2.6853377265238882,-1,-1,FAIL,
tri5_n49_gs,98,0.0,5.4,5.4,0.0,0.00305,0.000113,26.991150442477878,-1,-1,FAIL,
tri5_n51,51,0.3,5.4,5.4,0.0,0.000183,6.12e-05,2.9901960784313726,-1,-1,FAIL,
tri5_n69,69,0.2,5.4,5.4,0.0,0.000343,0.000108,3.175925925925926,-1,-1,FAIL,
tri6_n78_gs,156,0.0,5.4,5.4,0.0,0.0138,0.000562,24.555160142348754,-1,-1,FAIL,
tri6_n95_gs,190,0.0,5.4,5.4,0.0,0.0211,0.000838,25.178997613365155,-1,-1,FAIL,
ev1_ec1_n2_s2_gs,4,0.8,4.3,5.3,0.0,1.32e-05,2.69e-06,4.907063197026022,-1,-1,FAIL,
ev1_ec1_n45_s3_gs,90,0.0,5.3,5.3,8.41e-16,0.000126,9.88e-06,12.753036437246964,-1,-1,FAIL,
ev1_ec1_n47_s0_gs,94,0.0,5.3,5.2,4.31e-16,0.000144,1.01e-05,14.257425742574258,-1,-1,FAIL,
ev1_ec4_n26_s0_gs,52,0.0,5.3,5.3,0.0,6.81e-05,6.65e-06,10.240601503759398,-1,-1,FAIL,
ev1_ec4_n54_s0_gs,108,0.0,5.3,5.3,9.34e-16,0.000157,1.23e-05,12.764227642276422,-1,-1,FAIL,
ev3_ec1_n18_s3,18,0.1,5.2,5.3,0.0,4.3e-05,1.09e-05,3.944954128440367,-1,-1,FAIL,
ev3_ec1_n23_s2,23,0.1,5.2,5.3,0.0,6.21e-05,1.71e-05,3.6315789473684217,-1,-1,FAIL,
ev3_ec1_n26_s1,26,0.2,5.2,5.3,0.0,7.91e-05,1.75e-05,4.5200000000000005,-1,-1,FAIL,
ev3_ec1_n39_s3,39,0.1,5.3,5.3,0.0,0.000152,3.26e-05,4.662576687116565,-1,-1,FAIL,
ev3_ec1_n66_s2,66,0.1,5.3,5.3,0.0,0.000476,0.000133,3.5789473684210527,-1,-1,FAIL,
ev3_ec1_n71_s0,71,0.1,5.3,5.3,0.0,0.000535,0.000144,3.7152777777777777,-1,-1,FAIL,
ev3_ec1_n95_s2,95,0.1,5.3,5.2,0.0,0.000932,0.000252,3.6984126984126986,-1,-1,FAIL,
ev3_ec4_n27_s1,27,0.1,5.3,5.2,0.0,9.72e-05,1.45e-05,6.703448275862069,-1,-1,FAIL,
ev3_ec4_n32_s2,32,0.1,5.2,5.3,0.0,0.000132,1.83e-05,7.213114754098361,-1,-1,FAIL,
ev3_ec4_n34_s2,34,0.1,5.3,5.3,0.0,0.000152,1.84e-05,8.260869565217392,-1,-1,FAIL,
ev3_ec4_n59_s0,59,0.0,5.3,5.3,0.0,0.000419,4.18e-05,10.023923444976077,-1,-1,FAIL,
ev3_ec4_n62_s1,62,0.2,5.3,5.3,0.0,0.000465,4.71e-05,9.872611464968154,-1,-1,FAIL,
ev4_ec1_n9_s2_gs,18,0.2,5.3,5.3,0.0,0.000116,1.48e-05,7.837837837837838,-1,-1,FAIL,
ev4_ec1_n13_s3,13,0.7,5.3,5.3,0.0,2.35e-05,1.05e-05,2.238095238095238,-1,-1,FAIL,
ev4_ec1_n65_s0,65,0.2,5.3,5.3,0.0,0.000342,0.000144,2.375,-1,-1,FAIL,
ev4_ec1_n76_s3_gm,228,0.0,5.3,5.3,0.0,0.0166,0.00148,11.216216216216216,-1,-1,FAIL,
ev4_ec4_n60_s2,60,0.2,5.3,5.3,0.0,0.000297,0.000128,2.3203125,-1,-1,FAIL,
ev4_ec4_n65_s2,65,0.2,5.2,5.3,0.0,0.000342,0.000142,2.408450704225352,-1,-1,FAIL,
ev4_ec4_n75_s1_gs,150,0.0,5.3,5.3,0.0,0.0117,0.000369,31.70731707317073,-1,-1,FAIL,
ev4_ec4_n86_s2_gs,172,0.0,5.2,5.3,0.0,0.0157,0.000419,37.47016706443914,-1,-1,FAIL,
ev4_ec4_n98_s1,98,0.2,5.3,5.3,0.0,0.000742,0.000306,2.4248366013071894,-1,-1,FAIL,
ev5_ec1_n18_s1_gm,54,0.1,5.3,5.3,0.0,0.00119,0.000119,10.0,-1,-1,FAIL,
ev5_ec1_n27_s1,27,0.1,5.3,5.3,0.0,9.77e-05,2e-05,4.885,-1,-1,FAIL,
ev5_ec1_n42_s3,42,0.1,5.3,5.3,0.0,0.00025,6.9e-05,3.6231884057971016,-1,-1,FAIL,
ev5_ec1_n71_s0,71,0.0,5.3,5.3,0.0,0.000528,8.35e-05,6.323353293413175,-1,-1,FAIL,
ev5_ec1_n93_s3,93,0.1,5.3,5.3,0.0,0.00102,0.000145,7.03448275862069,-1,-1,FAIL,
ev5_ec1_n99_s1,99,0.1,5.3,5.3,0.0,0.00102,0.000144,7.083333333333334,-1,-1,FAIL,
ev5_ec4_n5_s0_gs,10,0.5,5.3,5.3,0.0,5.13e-05,4.89e-06,10.49079754601227,-1,-1,FAIL,
ev5_ec4_n51_s3,51,0.1,5.3,5.2,0.0,0.000304,2.84e-05,10.704225352112678,-1,-1,FAIL,
ev5_ec4_n53_s2_gm,159,0.1,5.3,5.3,2.63e-16,0.00143,0.000167,8.562874251497007,-1,-1,FAIL,
ev5_ec4_n61_s2,61,0.1,5.2,5.3,0.0,0.00052,3.68e-05,14.130434782608694,-1,-1,FAIL,
ev5_ec4_n71_s3_gm,213,0.0,5.3,5.3,0.0,0.0215,0.000255,84.31372549019606,-1,-1,FAIL,
ev5_ec4_n78_s0_gm,234,0.0,5.3,5.3,0.0,0.0259,0.000294,88.0952380952381,-1,-1,FAIL,
ev5_ec4_n80_s0,80,0.1,5.3,5.3,0.0,0.000835,5.82e-05,14.347079037800688,-1,-1,FAIL,
ev5_ec4_n90_s2,90,0.1,5.3,5.3,1.15e-15,0.00119,0.000164,7.25609756097561,-1,-1,FAIL,
ev6_ec1_n19_s1,19,0.2,5.3,5.3,0.0,3.95e-05,1.9e-05,2.078947368421052,-1,-1,FAIL,
ev6_ec1_n21_s0_gs,42,0.1,5.3,5.3,0.0,0.000645,3.79e-05,17.01846965699208,-1,-1,FAIL,
ev6_ec1_n48_s2_gm,144,0.0,5.3,5.3,0.0,0.00784,0.000629,12.46422893481717,-1,-1,FAIL,
ev6_ec1_n49_s1_gm,147,0.0,5.3,5.2,0.0,0.00689,0.00067,10.283582089552239,-1,-1,FAIL,
ev6_ec1_n93_s0_gm,279,0.0,5.3,5.3,0.0,0.0274,0.00215,12.744186046511627,-1,-1,FAIL,
ev6_ec1_n100_s1_gs,200,0.0,5.3,5.3,0.0,0.0243,0.000593,40.97807757166947,-1,-1,FAIL,
ev7_ec1_n22_s1_gs,44,0.1,5.3,5.3,0.0,0.000568,2.6e-05,21.84615384615385,-1,-1,FAIL,
ev7_ec1_n58_s3_gm,174,0.0,5.3,5.3,0.0,0.014,0.000339,41.29793510324484,-1,-1,FAIL,
ev7_ec1_n90_s2_gs,180,0.0,5.3,5.3,0.0,0.0101,0.000538,18.773234200743495,-1,-1,FAIL,
ev8_ec1_n35_s2_gm,105,0.1,5.2,5.3,0.0,0.00352,0.000422,8.341232227488153,-1,-1,FAIL,
ev8_ec1_n69_s3_gm,207,0.0,5.3,5.3,0.0,0.015,0.00158,9.493670886075948,-1,-1,FAIL,
ev9_ec1_n25_s2_gs,50,0.6,5.3,5.3,0.0,0.000964,9.37e-05,10.288153681963713,-1,-1,FAIL,
ev9_ec1_n55_s3_gm,165,0.1,5.2,5.3,0.0,0.011,0.00106,10.377358490566037,-1,-1,FAIL,
ev9_ec1_n68_s1_gm,204,0.1,5.3,5.3,0.0,0.0174,0.00161,10.807453416149066,-1,-1,FAIL,
ev9_ec1_n95_s3_gm,285,0.1,5.3,5.3,0.0,0.0363,0.00288,12.604166666666666,-1,-1,FAIL,
tri2_n78_gs,156,0.2,5.3,5.3,0.0,0.00803,0.000562,14.288256227758009,-1,-1,FAIL,
tri3_n35,35,0.1,5.3,5.3,0.0,0.000332,5.02e-05,6.613545816733067,-1,-1,FAIL,
tri4_n44_gm,132,0.0,5.3,5.3,0.0,0.00438,0.000491,8.920570264765784,-1,-1,FAIL,
tri4_n96,96,0.1,5.3,5.3,0.0,0.000581,0.000196,2.9642857142857144,-1,-1,FAIL,
tri5_n66_gs,132,0.0,5.3,5.3,0.0,0.00546,0.000194,28.144329896907216,-1,-1,FAIL,
tri7_n43_gm,129,0.1,5.3,5.3,0.0,0.0046,0.000471,9.766454352441613,-1,-1,FAIL,
bid2_n125_s0,125,0.1,5.3,5.3,0.0,0.000987,0.000365,2.704109589041096,-1,-1,FAIL,
ev2_ec1_n84_s2,84,0.1,5.2,5.2,2.18e-16,0.000502,8.21e-06,61.14494518879415,-1,-1,FAIL,
ev2_ec1_n90_s0_gs,180,0.2,5.1,5.2,3.32e-16,0.000879,1.27e-05,69.21259842519684,-1,-1,FAIL,
ev3_ec1_n33_s2,33,0.1,5.2,5.2,0.0,0.000115,2.61e-05,4.406130268199234,-1,-1,FAIL,
ev3_ec1_n50_s3,50,0.1,5.2,5.2,0.0,0.000246,4.86e-05,5.061728395061729,-1,-1,FAIL,
ev3_ec1_n55_s2,55,0.1,5.2,5.2,0.0,0.00033,9.52e-05,3.466386554621849,-1,-1,FAIL,
ev3_ec1_n77_s1,77,0.1,5.2,5.2,0.0,0.000609,0.000164,3.713414634146341,-1,-1,FAIL,
ev3_ec1_n85_s1,85,0.1,5.2,5.2,0.0,0.000749,0.000201,3.72636815920398,-1,-1,FAIL,
ev3_ec4_n7_s2_gs,14,0.3,5.2,4.9,0.0,9.62e-05,5.44e-06,17.683823529411764,-1,-1,FAIL,
ev3_ec4_n11_s0_gs,22,0.2,5.2,4.9,0.0,0.000233,7.89e-06,29.531051964512038,-1,-1,FAIL,
ev3_ec4_n17_s2_gm,51,0.1,5.2,5.2,0.0,0.00123,4.37e-05,28.14645308924485,-1,-1,FAIL,
ev4_ec1_n2_s0_gs,4,0.8,5.2,4.2,0.0,1.41e-05,2.28e-06,6.184210526315789,-1,-1,FAIL,
ev4_ec1_n44_s0,44,0.3,5.2,5.2,0.0,0.000162,6.98e-05,2.320916905444126,-1,-1,FAIL,
ev4_ec1_n82_s0_gm,246,0.0,5.2,5.2,0.0,0.0199,0.00169,11.775147928994082,-1,-1,FAIL,
ev4_ec1_n86_s0,86,0.2,5.2,5.2,0.0,0.000563,0.000246,2.2886178861788617,-1,-1,FAIL,
ev4_ec1_n95_s0_gm,285,0.0,5.2,5.2,0.0,0.0283,0.00221,12.805429864253393,-1,-1,FAIL,
ev4_ec4_n44_s1,44,0.2,5.2,5.1,0.0,0.000159,6.64e-05,2.3945783132530116,-1,-1,FAIL,
ev4_ec4_n53_s0_gs,106,0.0,5.2,5.2,0.0,0.00537,0.000179,30.0,-1,-1,FAIL,
ev4_ec4_n65_s0_gm,195,0.0,5.2,5.2,0.0,0.0118,0.0011,10.727272727272727,-1,-1,FAIL,
ev4_ec4_n70_s0,70,0.1,5.2,5.2,0.0,0.000374,0.000152,2.4605263157894735,-1,-1,FAIL,
ev4_ec4_n88_s0,88,0.1,5.2,5.1,0.0,0.000569,0.000228,2.495614035087719,-1,-1,FAIL,
ev5_ec1_n12_s1_gs,24,0.2,5.1,5.2,0.0,0.000277,1.53e-05,18.104575163398696,-1,-1,FAIL,
ev5_ec1_n15_s0_gm,45,0.2,5.2,5.2,0.0,0.000863,5.08e-05,16.988188976377952,-1,-1,FAIL,
ev5_ec1_n22_s2_gm,66,0.1,5.2,5.1,0.0,0.0018,0.000109,16.513761467889907,-1,-1,FAIL,
ev5_ec1_n24_s0,24,0.1,5.1,5.2,0.0,6.75e-05,1.82e-05,3.708791208791209,-1,-1,FAIL,
ev5_ec1_n38_s3,38,0.0,5.2,5.1,0.0,0.000212,5.61e-05,3.7789661319073082,-1,-1,FAIL,
ev5_ec1_n55_s2_gs,110,0.0,5.2,5.2,0.0,0.00624,0.000244,25.57377049180328,-1,-1,FAIL,
ev5_ec1_n66_s3,66,0.0,5.2,5.2,0.0,0.00055,0.000117,4.700854700854701,-1,-1,FAIL,
ev5_ec1_n82_s3_gm,246,0.0,5.2,5.2,0.0,0.0285,0.000863,33.02433371958285,-1,-1,FAIL,
ev5_ec1_n91_s3,91,0.0,5.2,5.2,0.0,0.00104,0.000205,5.073170731707317,-1,-1,FAIL,
ev5_ec1_n94_s0,94,0.1,5.2,5.2,0.0,0.000986,0.000206,4.786407766990291,-1,-1,FAIL,
ev5_ec4_n18_s3_gm,54,0.1,5.2,5.2,0.0,0.00144,6.12e-05,23.529411764705884,-1,-1,FAIL,
ev5_ec4_n51_s2_gs,102,0.1,5.2,5.2,0.0,0.00478,5.77e-05,82.842287694974,-1,-1,FAIL,
ev5_ec4_n79_s0,79,0.0,5.2,5.2,0.0,0.000827,5.72e-05,14.458041958041958,-1,-1,FAIL,
ev5_ec4_n87_s3,87,0.1,5.2,5.2,0.0,0.000877,7.11e-05,12.334739803094234,-1,-1,FAIL,
ev5_ec4_n92_s3_gm,276,0.0,5.1,5.2,0.0,0.0359,0.000343,104.66472303206997,-1,-1,FAIL,
ev6_ec1_n9_s1,9,0.3,5.1,5.2,0.0,1.58e-05,8e-06,1.9750000000000003,-1,-1,FAIL,
ev6_ec1_n45_s2_gs,90,0.0,5.2,5.2,0.0,0.00484,0.000194,24.948453608247423,-1,-1,FAIL,
ev6_ec1_n48_s3_gm,144,0.0,5.2,5.2,0.0,0.00781,0.000621,12.576489533011271,-1,-1,FAIL,
ev6_ec1_n85_s1_gm,255,0.1,5.2,5.2,0.0,0.0267,0.00186,14.35483870967742,-1,-1,FAIL,
ev6_ec1_n87_s0_gs,174,0.0,5.2,5.2,0.0,0.0173,0.000568,30.457746478873236,-1,-1,FAIL,
ev7_ec1_n25_s2_gm,75,0.2,5.2,5.1,0.0,0.00244,8.92e-06,273.542600896861,-1,-1,FAIL,
ev7_ec1_n39_s3_gm,117,0.1,5.2,5.1,0.0,0.00553,0.000202,27.37623762376238,-1,-1,FAIL,
ev7_ec1_n47_s1_gm,141,0.1,5.2,5.2,0.0,0.00872,2.15e-05,405.5813953488372,-1,-1,FAIL,
ev7_ec1_n48_s3_gm,144,0.2,5.2,5.2,0.0,0.00924,1.56e-05,592.3076923076923,-1,-1,FAIL,
ev7_ec1_n52_s0,52,0.0,5.2,5.2,0.0,0.000632,9.27e-05,6.817691477885652,-1,-1,FAIL,
ev7_ec1_n95_s0_gs,190,0.0,5.2,5.2,0.0,0.0119,0.000598,19.899665551839465,-1,-1,FAIL,
ev9_ec1_n65_s3_gm,195,0.0,5.2,5.2,0.0,0.0158,0.00145,10.896551724137932,-1,-1,FAIL,
ev9_ec1_n86_s1_gm,258,0.0,5.2,5.2,0.0,0.0279,0.000738,37.80487804878049,-1,-1,FAIL,
tri3_n36,36,0.1,5.1,5.2,0.0,0.000328,4.99e-05,6.573146292585171,-1,-1,FAIL,
tri4_n56_gm,168,0.0,5.2,5.2,0.0,0.00783,0.000783,10.0,-1,-1,FAIL,
tri5_n56,56,0.2,5.2,5.2,0.0,0.000234,7.08e-05,3.305084745762712,-1,-1,FAIL,
tri5_n64_gs,128,0.0,5.2,5.2,0.0,0.0053,0.000173,30.63583815028902,-1,-1,FAIL,
tri6_n70_gs,140,0.0,5.2,5.2,0.0,0.0111,0.000463,23.97408207343413,-1,-1,FAIL,
ev3_ec1_n6_s3,6,0.2,5.1,5.0,0.0,1.21e-05,5.73e-06,2.1116928446771377,-1,-1,FAIL,
ev3_ec1_n34_s2_gm,102,0.1,5.1,5.1,0.0,0.00439,0.000265,16.566037735849058,-1,-1,FAIL,
ev3_ec1_n35_s0_gm,105,0.1,5.1,5.1,0.0,0.00457,0.000265,17.245283018867926,-1,-1,FAIL,
ev3_ec1_n54_s2,54,0.1,5.1,5.1,0.0,0.000283,5.56e-05,5.089928057553957,-1,-1,FAIL,
ev3_ec1_n99_s3,99,0.1,5.1,5.1,0.0,0.000998,0.000238,4.193277310924369,-1,-1,FAIL,
ev3_ec4_n8_s1_gs,16,0.4,5.0,5.1,0.0,0.000145,2.31e-05,6.2770562770562774,-1,-1,FAIL,
ev3_ec4_n17_s2_gs,34,0.1,5.1,5.1,0.0,0.000538,1.46e-05,36.84931506849315,-1,-1,FAIL,
ev3_ec4_n24_s0_gm,72,0.1,5.1,5.1,0.0,0.00245,6.66e-05,36.786786786786784,-1,-1,FAIL,
ev3_ec4_n24_s2_gm,72,0.1,5.1,5.1,0.0,0.0024,6.95e-05,34.53237410071942,-1,-1,FAIL,
ev3_ec4_n30_s3_gm,90,0.0,5.1,5.0,0.0,0.00388,8.52e-05,45.53990610328639,-1,-1,FAIL,
ev3_ec4_n46_s0,46,0.1,5.1,5.1,0.0,0.000268,2.82e-05,9.50354609929078,-1,-1,FAIL,
ev3_ec4_n66_s3_gm,198,0.0,5.1,5.1,0.0,0.0186,0.000419,44.39140811455847,-1,-1,FAIL,
ev3_ec4_n67_s2_gm,201,0.0,5.1,5.1,0.0,0.019,0.000253,75.098814229249,-1,-1,FAIL,
ev3_ec4_n69_s0,69,0.1,5.1,5.1,0.0,0.00059,5.97e-05,9.882747068676718,-1,-1,FAIL,
ev3_ec4_n79_s3,79,0.1,5.1,5.1,0.0,0.000771,7.08e-05,10.889830508474576,-1,-1,FAIL,
ev3_ec4_n95_s0,95,0.1,5.1,5.0,0.0,0.00125,0.00022,5.681818181818182,-1,-1,FAIL,
ev3_ec4_n99_s3,99,0.1,5.1,5.1,0.0,0.00135,0.000227,5.9471365638766525,-1,-1,FAIL,
ev4_ec1_n2_s2_gs,4,0.9,5.1,3.6,0.0,1.4e-05,2.2e-06,6.363636363636363,-1,-1,FAIL,
ev4_ec1_n33_s2,33,0.3,5.1,5.0,0.0,0.0001,4.48e-05,2.232142857142857,-1,-1,FAIL,
ev4_ec1_n44_s3,44,0.2,5.0,5.1,0.0,0.000162,6.65e-05,2.43609022556391,-1,-1,FAIL,
ev4_ec1_n83_s2,83,0.1,5.1,5.0,0.0,0.000514,0.000202,2.5445544554455446,-1,-1,FAIL,
ev4_ec4_n45_s3_gm,135,0.1,5.1,5.1,0.0,0.00506,0.000565,8.955752212389381,-1,-1,FAIL,
ev4_ec4_n50_s0,50,0.2,5.1,5.1,0.0,0.000204,8.74e-05,2.334096109839817,-1,-1,FAIL,
ev4_ec4_n57_s3,57,0.2,5.1,5.1,0.0,0.000274,0.000118,2.3220338983050848,-1,-1,FAIL,
ev4_ec4_n58_s2,58,0.2,5.1,5.1,0.0,0.000279,0.000116,2.4051724137931036,-1,-1,FAIL,
ev4_ec4_n60_s0_gm,180,0.0,5.1,5.1,0.0,0.00944,0.000955,9.884816753926701,-1,-1,FAIL,
ev4_ec4_n73_s2,73,0.2,5.0,5.1,0.0,0.000416,0.000181,2.298342541436464,-1,-1,FAIL,
ev4_ec4_n73_s3,73,0.2,5.1,5.1,0.0,0.000415,0.000175,2.3714285714285714,-1,-1,FAIL,
ev5_ec1_n22_s2,22,0.2,5.1,5.1,0.0,8.08e-05,2.71e-05,2.9815498154981546,-1,-1,FAIL,
ev5_ec1_n39_s0,39,0.1,5.1,5.1,0.0,0.000168,2.95e-05,5.694915254237288,-1,-1,FAIL,
ev5_ec1_n65_s3,65,0.0,5.1,5.1,0.0,0.000547,0.000118,4.635593220338983,-1,-1,FAIL,
ev5_ec1_n93_s3_gs,186,0.0,5.1,5.1,0.0,0.0165,0.000551,29.94555353901997,-1,-1,FAIL,
ev5_ec1_n99_s2,99,0.1,5.1,5.1,0.0,0.0011,0.000212,5.188679245283019,-1,-1,FAIL,
ev5_ec4_n32_s1_gs,64,0.1,5.1,5.1,0.0,0.00198,8.36e-05,23.68421052631579,-1,-1,FAIL,
ev5_ec4_n68_s1_gm,204,0.0,5.1,5.1,0.0,0.0196,0.000206,95.14563106796116,-1,-1,FAIL,
ev5_ec4_n79_s2,79,0.1,5.1,5.1,0.0,0.000802,5.63e-05,14.245115452930728,-1,-1,FAIL,
ev5_ec4_n83_s1_gm,249,0.0,5.1,5.1,0.0,0.029,0.000354,81.92090395480227,-1,-1,FAIL,
ev6_ec1_n21_s1,21,0.2,5.0,5.1,0.0,4.49e-05,2.19e-05,2.050228310502283,-1,-1,FAIL,
ev6_ec1_n34_s0_gm,102,0.0,5.1,5.1,0.0,0.00263,0.000337,7.804154302670623,-1,-1,FAIL,
ev6_ec1_n47_s3_gm,141,0.0,5.1,5.1,0.0,0.00707,0.000599,11.803005008347245,-1,-1,FAIL,
ev6_ec1_n50_s2_gs,100,0.1,5.1,5.1,0.0,0.00588,0.00017,34.588235294117645,-1,-1,FAIL,
ev6_ec1_n74_s2,74,0.1,5.1,5.0,0.0,0.000639,0.000163,3.920245398773006,-1,-1,FAIL,
ev6_ec1_n89_s2,89,0.1,5.1,5.1,0.0,0.000947,0.000226,4.190265486725664,-1,-1,FAIL,
ev6_ec1_n99_s3_gm,297,0.0,5.1,5.1,0.0,0.0372,0.0026,14.307692307692307,-1,-1,FAIL,
ev7_ec1_n26_s2_gm,78,0.2,5.1,5.0,0.0,0.00255,7.59e-06,335.9683794466403,-1,-1,FAIL,
ev7_ec1_n42_s0_gs,84,0.1,5.1,5.1,0.0,0.00217,8.66e-05,25.05773672055427,-1,-1,FAIL,
ev7_ec1_n49_s2_gs,98,0.2,5.1,5.1,0.0,0.00271,9.32e-06,290.7725321888412,-1,-1,FAIL,
ev7_ec1_n58_s2_gm,174,0.1,5.1,5.1,0.0,0.0133,0.000124,107.25806451612902,-1,-1,FAIL,
ev7_ec1_n66_s3,66,0.0,5.1,5.1,0.0,0.00109,0.000157,6.9426751592356695,-1,-1,FAIL,
ev7_ec1_n81_s0_gs,162,0.0,5.1,5.0,0.0,0.00819,0.000442,18.52941176470588,-1,-1,FAIL,
ev9_ec1_n24_s2_gs,48,0.4,5.1,5.1,0.0,0.000875,8.35e-05,10.479041916167665,-1,-1,FAIL,
ev9_ec1_n47_s0_gm,141,0.0,5.1,5.1,0.0,0.00797,0.000261,30.53639846743295,-1,-1,FAIL,
ev9_ec1_n77_s1_gm,231,0.0,5.1,5.0,0.0,0.0221,0.00191,11.570680628272251,-1,-1,FAIL,
ev9_ec1_n96_s2,96,0.1,5.1,5.1,0.0,0.00138,0.000275,5.018181818181818,-1,-1,FAIL,
tri2_n68,68,0.2,5.1,5.1,0.0,0.000315,9.64e-05,3.2676348547717846,-1,-1,FAIL,
tri4_n73,73,0.1,5.1,5.1,0.0,0.00036,0.000129,2.790697674418605,-1,-1,FAIL,
tri5_n73,73,0.1,5.1,5.1,0.0,0.000381,0.000115,3.3130434782608695,-1,-1,FAIL,
tri5_n98,98,0.1,5.1,5.1,0.0,0.000648,0.000195,3.3230769230769233,-1,-1,FAIL,
tri7_n82_gm,246,0.0,5.1,5.1,0.0,0.0197,0.00147,13.401360544217686,-1,-1,FAIL,
tri7_n89_gm,267,0.0,5.1,5.1,0.0,0.0242,0.00176,13.749999999999998,-1,-1,FAIL,
